book_id,isbn,title,original_title,original_publication_year,language_code,genre
216,1554681723,The Art of Racing in the Rain,The Art of Racing in the Rain,2006.0,eng,Ficción
324,9781250030962,Fangirl,,2013.0,eng,Juvenil
499,0679735771,American Psycho,American Psycho,1991.0,eng,Ficción
566,,"After You (Me Before You, #2)",After You,2015.0,eng,Romántica
1003,2266079999,Contact,Contact,1985.0,eng,Ciencia ficción
1047,0061992259,The One and Only Ivan,The One and Only Ivan,2012.0,eng,Infantil
1208,0450542882,Four Past Midnight ,Four Past Midnight,1990.0,eng,Terror
1411,006083756X,Native Son,Native Son ,1940.0,eng,Clásicos
1522,1439138311,Brooklyn,Brooklyn,2009.0,eng,Ficción histórica
1658,,"Tangled (Tangled, #1)",Tangled,2013.0,eng,Romántica
1685,0743418719,Salem Falls,Salem Falls,2001.0,eng,Ficción
1931,0345335708,"Castle of Wizardry (The Belgariad, #4)",Castle of Wizardry,1984.0,eng,Fantasía
2105,0441014895,"Magic Bites (Kate Daniels, #1)",Magic Bites,2007.0,eng,Fantasía
2160,031607991X,"The Blinding Knife (Lightbringer, #2)",The Blinding Knife,2012.0,eng,Fantasía
2251,0312595670,Still Missing,Still Missing,2010.0,eng,Thriller
2606,0345503821,"The Daylight War (Demon Cycle, #3)",The Daylight War,2013.0,eng,Fantasía
2901,042519485X,"Undead and Unwed (Undead, #1)",Undead and Unwed,2004.0,eng,Fantasía
3057,0062208195,"Destroy Me (Shatter Me, #1.5)",Destroy Me,2012.0,eng,Juvenil
3263,0802720870,"Chain Reaction (Perfect Chemistry, #3)",Chain Reaction,2011.0,eng,Juvenil
3397,0140013083,The Chrysalids,The Chrysalids,1955.0,eng,Ciencia ficción
3449,0671023187,Term Limits,Term Limits,1997.0,eng,Thriller
3462,038561926X,"Snuff (Discworld, #39; City Watch #8)",Snuff,2011.0,eng,Fantasía
3529,0449016196,The End of Eternity,The End of Eternity,1955.0,eng,Ciencia ficción
3620,1568650949,Bloodline,Bloodline,1977.0,,Thriller
3666,,"Just for Now (Sea Breeze, #4)",Just for Now,2012.0,eng,Romántica
3702,0778325342,"Fire Study (Study, #3)",Fire Study,2008.0,eng,Fantasía
3790,006440630X,The Midwife's Apprentice,The Midwife's Apprentice,1995.0,eng,Infantil
3899,034525855X,A Spell for Chameleon (Xanth #1),A Spell for Chameleon,1977.0,,Fantasía
3945,0446604844,Total Control,Total Control,1996.0,eng,Thriller
3971,0440132940,Evergreen,Evergreen,1978.0,eng,Ficción
3993,034554692X,First Comes Love,,2016.0,eng,Romántica
4098,9780857208187,The Next Best Thing,The Next Best Thing,2012.0,,Ficción
4450,,"If You Stay (Beautifully Broken, #1)",If You Stay,2013.0,eng,Romántica
4540,9781469298955,14,14,2012.0,eng,Terror
4606,849759388X,Paula,Paula,1994.0,spa,Memorias
4652,,"Devoured (Devoured, #1)",Devoured,2012.0,eng,Romántica
4674,1476727910,The Humans,The Humans,2013.0,eng,Ciencia ficción
4697,1451664125,In One Person,In One Person,2012.0,,Ficción
4829,9781469228006,The One That Got Away,The One That Got Away,2015.0,eng,Thriller
4918,,"The Score (Off-Campus, #3)",The Score,2016.0,eng,Romántica
4963,0552150215,The Analyst,The Analyst,2002.0,eng,Thriller
5009,1933480092,Oblomov,Обломов,1859.0,eng,Clásicos
5031,1594204993,Redeployment,Redeployment,2014.0,eng,Ficción
5141,0345414004,Friday,Friday,1982.0,eng,Ciencia ficción
5187,0679753338,Nobody's Fool,Nobody's Fool,1993.0,eng,Ficción
5230,0062331159,The Bees,The Bees,2014.0,eng,Ficción
5472,1439187312,"The Walk (The Walk, #1)",The Walk,2010.0,eng,Ficción
5563,0345487133,Earth Abides,Earth Abides,1949.0,eng,Ciencia ficción
5969,0743454162,Turning Angel,Turning Angel,2005.0,eng,Thriller
6111,,"Defiance (Significance, #3)",Defiance,2011.0,eng,Juvenil
6152,0765328542,Fuzzy Nation,Fuzzy Nation,2011.0,eng,Ciencia ficción
6194,0374280967,The Uncommon Reader,The Uncommon Reader ,2007.0,eng,Ficción
6221,9781490505770,"A Castle of Sand (A Shade of Vampire, #3)",,2013.0,eng,Fantasía
6283,0099468387,The Cement Garden,The Cement Garden,1978.0,eng,Ficción
6394,0316231053,The Fever,The Fever,2014.0,,Thriller
6436,1409113965,Minding Frankie,Minding Frankie,2010.0,eng,Ficción
6458,0345516109,Juliet,Juliet,2010.0,eng,Ficción histórica
6596,,"Murder of Crows (The Others, #2)",Murder of Crows,2014.0,eng,Fantasía
6614,0425268780,"Prince of Fools (The Red Queen''s War, #1)",Prince of Fools,2014.0,eng,Fantasía
6679,1455503061,"Pure (Pure, #1)",Pure,2012.0,eng,Ciencia ficción
6771,,"Fairest (An Unfortunate Fairy Tale, #2)",,2012.0,eng,Juvenil
6794,0340881542,"Class A (Cherub, #2)",Class A (Cherub #2),2004.0,eng,Juvenil
6837,0374281092,Someone,Someone,2013.0,eng,Ficción
7038,0886773687,Armor,Armor,1984.0,eng,Ciencia ficción
7092,0743417321,Cabal,Cabal,1988.0,eng,Terror
7126,0752815393,"Guilty as Sin  (Deer Lake, #2)",Guilty as Sin (Deer Lake #2),1996.0,eng,Thriller
7333,0141185465,All My Sons,All My Sons,1947.0,eng,Clásicos
7354,0425127583,The Mask,The Mask,1981.0,eng,Terror
7382,0393081508,Heft,Heft,2012.0,,Ficción
7400,0545169178,The List,The List,2012.0,eng,Juvenil
7532,1476766665,"Rusty Nailed (Cocktail, #2)",,2014.0,eng,Romántica
7600,0345495969,"Divine Misdemeanors (Merry Gentry, #8)",Divine Misdemeanors ,2009.0,eng,Fantasía
7691,,"Timeless (Parasol Protectorate, #5)",Timeless,2012.0,eng,Fantasía
7726,9781503934153,The House by the Lake,,2016.0,eng,Ficción histórica
7782,9781953262066,Under Locke,Under Locke,2014.0,eng,Romántica
7805,0439829127,"A Killing Frost (Tomorrow, #3)","The Third Day, The Frost",1995.0,,Juvenil
7897,0062060759,"Incarnate (Newsoul, #1)",Incarnate,2012.0,eng,Fantasía
8110,,"Rock Chick Regret (Rock Chick, #7)",,2011.0,eng,Romántica
8273,1451655789,The Orchid House,Hothouse Flower,2010.0,eng,Ficción histórica
8525,0307270742,Commencement ,Commencement,2009.0,eng,Ficción
8546,0061131644,"Firestar''s Quest (Warriors Super Edition, #1)",Firestar's Quest,2007.0,eng,Juvenil
8683,0307394999,The Night Strangers,,2011.0,eng,Terror
8859,0060653205,The Weight of Glory,The Weight of Glory,1949.0,eng,Religión y espiritualidad
9037,1401219217,Y: The Last Man - The Deluxe Edition Book One,Y: The Last Man - The Deluxe Edition Book One,2008.0,eng,Cómic y novela gráfica
9128,0312546602,"Retribution (Dark-Hunter, #19)",Retribution,2011.0,eng,Fantasía
9304,0140446362,Poetics,Περὶ ποιητικῆς,-335.0,eng,Clásicos
9557,0694004928,The Carrot Seed,The Carrot Seed,1945.0,,Infantil
9578,1593070209,"Berserk, Vol. 1 (Berserk, #1)",ベルセルク 1,1990.0,eng,Cómic y novela gráfica
9693,,"Forever You (Forever, #2)",,2013.0,eng,Romántica
9889,,"Overruled (The Legal Briefs, #1)",Overruled,2015.0,eng,Romántica
9980,0764200739,The Measure of a Lady,The Measure of a Lady,2006.0,eng,Ficción histórica
1,0439023483,"The Hunger Games (The Hunger Games, #1)",The Hunger Games,2008.0,eng,Juvenil
2,0439554934,"Harry Potter and the Sorcerer''s Stone (Harry Potter, #1)",Harry Potter and the Philosopher's Stone,1997.0,eng,Juvenil
3,0316015849,"Twilight (Twilight, #1)",Twilight,2005.0,eng,Juvenil
4,0061120081,To Kill a Mockingbird,To Kill a Mockingbird,1960.0,eng,Clásicos
5,0743273567,The Great Gatsby,The Great Gatsby,1925.0,eng,Clásicos
6,0525478817,The Fault in Our Stars,The Fault in Our Stars,2012.0,eng,Juvenil
7,0618260307,The Hobbit,The Hobbit or There and Back Again,1937.0,eng,Fantasía
8,0316769177,The Catcher in the Rye,The Catcher in the Rye,1951.0,eng,Clásicos
9,1416524797,"Angels & Demons  (Robert Langdon, #1)",Angels & Demons ,2000.0,eng,Thriller
10,0679783261,Pride and Prejudice,Pride and Prejudice,1813.0,eng,Clásicos
11,1594480001,The Kite Runner,The Kite Runner ,2003.0,eng,Ficción
12,0062024035,"Divergent (Divergent, #1)",Divergent,2011.0,eng,Juvenil
13,0451524934,1984,Nineteen Eighty-Four,1949.0,eng,Clásicos
14,0452284244,Animal Farm,Animal Farm: A Fairy Story,1945.0,eng,Clásicos
15,0553296981,The Diary of a Young Girl,Het Achterhuis: Dagboekbrieven 14 juni 1942 - 1 augustus 1944,1947.0,eng,Memorias
16,0307269752,"The Girl with the Dragon Tattoo (Millennium, #1)",Män som hatar kvinnor,2005.0,eng,Thriller
17,0439023491,"Catching Fire (The Hunger Games, #2)",Catching Fire,2009.0,eng,Juvenil
18,043965548X,"Harry Potter and the Prisoner of Azkaban (Harry Potter, #3)",Harry Potter and the Prisoner of Azkaban,1999.0,eng,Fantasía
19,0618346252,"The Fellowship of the Ring (The Lord of the Rings, #1)", The Fellowship of the Ring,1954.0,eng,Clásicos
20,0439023513,"Mockingjay (The Hunger Games, #3)",Mockingjay,2010.0,eng,Juvenil
21,0439358078,"Harry Potter and the Order of the Phoenix (Harry Potter, #5)",Harry Potter and the Order of the Phoenix,2003.0,eng,Fantasía
22,0316166685,The Lovely Bones,The Lovely Bones,2002.0,eng,Ficción
23,0439064864,"Harry Potter and the Chamber of Secrets (Harry Potter, #2)",Harry Potter and the Chamber of Secrets,1998.0,eng,Fantasía
24,0439139600,"Harry Potter and the Goblet of Fire (Harry Potter, #4)",Harry Potter and the Goblet of Fire,2000.0,eng,Fantasía
25,0545010225,"Harry Potter and the Deathly Hallows (Harry Potter, #7)",Harry Potter and the Deathly Hallows,2007.0,eng,Fantasía
26,0307277674,"The Da Vinci Code (Robert Langdon, #2)",The Da Vinci Code,2003.0,eng,Thriller
27,0439785960,"Harry Potter and the Half-Blood Prince (Harry Potter, #6)",Harry Potter and the Half-Blood Prince,2005.0,eng,Fantasía
28,0140283331,Lord of the Flies,Lord of the Flies ,1954.0,eng,Clásicos
29,0743477111,Romeo and Juliet,An Excellent conceited Tragedie of Romeo and Juliet,1595.0,eng,Clásicos
30,0297859382,Gone Girl,Gone Girl,2012.0,eng,Thriller
31,0399155341,The Help,The Help,2009.0,eng,Ficción histórica
32,0142000671,Of Mice and Men,Of Mice and Men ,1937.0,eng,Clásicos
33,0739326228,Memoirs of a Geisha,Memoirs of a Geisha,1997.0,eng,Ficción histórica
34,1612130291,"Fifty Shades of Grey (Fifty Shades, #1)",Fifty Shades of Grey,2011.0,eng,Romántica
35,0061122416,The Alchemist,O Alquimista,1988.0,eng,Ficción
36,0385732554,"The Giver (The Giver, #1)",The Giver,1993.0,eng,Juvenil
37,0060764899,"The Lion, the Witch, and the Wardrobe (Chronicles of Narnia, #1)","The Lion, the Witch and the Wardrobe",1950.0,eng,Fantasía
38,0965818675,The Time Traveler's Wife,The Time Traveler's Wife,2003.0,eng,Romántica
39,0553588486,"A Game of Thrones (A Song of Ice and Fire, #1)",A Game of Thrones,1996.0,eng,Fantasía
40,0143038419,"Eat, Pray, Love","Eat, pray, love: one woman''s search for everything across Italy, India and Indonesia",2006.0,eng,Memorias
41,0786838655,"The Lightning Thief (Percy Jackson and the Olympians, #1)",The Lightning Thief,2005.0,eng,Juvenil
42,0451529308,"Little Women (Little Women, #1)",Little Women,1868.0,eng,Clásicos
43,0142437204,Jane Eyre,Jane Eyre,1847.0,eng,Clásicos
44,0553816713,"The Notebook (The Notebook, #1)",The Notebook,1996.0,eng,Romántica
45,0770430074,Life of Pi,Life of Pi,2001.0,,Ficción
46,1565125606,Water for Elephants,Water for Elephants,2006.0,eng,Ficción histórica
47,0375831002,The Book Thief,The Book Thief,2005.0,eng,Ficción histórica
48,0307347974,Fahrenheit 451,Fahrenheit 451,1953.0,spa,Ciencia ficción
49,0316160199,"New Moon (Twilight, #2)","New Moon (Twilight, #2)",2006.0,eng,Juvenil
50,0060513039,Where the Sidewalk Ends,Where the Sidewalk Ends: The Poems and Drawings of Shel Silverstein,1974.0,eng,Poesía
51,1416914285,"City of Bones (The Mortal Instruments, #1)",City of Bones,2007.0,eng,Juvenil
52,0316160202,"Eclipse (Twilight, #3)",Eclipse,2007.0,eng,Juvenil
53,0375826696,"Eragon (The Inheritance Cycle, #1)",Eragon,2002.0,eng,Juvenil
54,0345391802,"The Hitchhiker''s Guide to the Galaxy (Hitchhiker''s Guide to the Galaxy, #1)",The Hitchhiker's Guide to the Galaxy,1979.0,eng,Ciencia ficción
55,0060929871,Brave New World,Brave New World,1932.0,eng,Clásicos
56,031606792X,"Breaking Dawn (Twilight, #4)",Breaking Dawn,2008.0,eng,Juvenil
57,0142001740,The Secret Life of Bees,The Secret Life of Bees,2001.0,eng,Ficción
58,0142437174,The Adventures of Huckleberry Finn,The Adventures of Huckleberry Finn,1884.0,eng,Clásicos
59,0064410935,Charlotte's Web,Charlotte's Web,1952.0,eng,Infantil
60,1400032717,The Curious Incident of the Dog in the Night-Time,The Curious Incident of the Dog in the Night-Time,2003.0,eng,Ficción
61,1594633665,The Girl on the Train,The Girl on the Train,2015.0,eng,Thriller
62,0679879242,"The Golden Compass (His Dark Materials, #1)",Northern Lights,1995.0,eng,Fantasía
63,0393978893,Wuthering Heights,Wuthering Heights,1847.0,eng,Clásicos
64,0743454537,My Sister's Keeper,My Sister's Keeper,2004.0,eng,Ficción
65,0385333846,Slaughterhouse-Five,"Slaughterhouse-Five, or The Children''s Crusade: A Duty-Dance with Death ",1969.0,eng,Clásicos
66,0446675539,Gone with the Wind,Gone with the Wind,1936.0,eng,Ficción histórica
67,1594489505,A Thousand Splendid Suns,A Thousand Splendid Suns,2007.0,eng,Ficción histórica
68,0671027344,The Perks of Being a Wallflower,The Perks of Being a Wallflower,1999.0,eng,Juvenil
69,0007442912,"Insurgent (Divergent, #2)",Insurgent,2012.0,eng,Juvenil
70,0812550706,"Ender''s Game (Ender''s Saga, #1)",Ender's Game,1985.0,eng,Ciencia ficción
71,0141439475,Frankenstein,"Frankenstein; or, The Modern Prometheus",1818.0,eng,Clásicos
72,0450040186,The Shining (The Shining #1),The Shining,1977.0,eng,Terror
73,0316068047,"The Host (The Host, #1)",The Host,2008.0,eng,Ciencia ficción
74,0142402516,Looking for Alaska,Looking for Alaska,2005.0,eng,Juvenil
75,014028009X,"Bridget Jones''s Diary (Bridget Jones, #1)",,1996.0,eng,Romántica
76,0141439661,Sense and Sensibility,Sense and Sensibility,1811.0,eng,Clásicos
77,0439244196,"Holes (Holes, #1)",Holes,1998.0,eng,Juvenil
78,0307275558,"The Devil Wears Prada (The Devil Wears Prada, #1)",The Devil Wears Prada,2003.0,eng,Ficción
79,0143039954,The Odyssey,Ὀδύσσεια,-720.0,eng,Clásicos
80,0156012197,The Little Prince,Le Petit Prince,1946.0,eng,Infantil
81,074324754X,The Glass Castle,The Glass Castle,2005.0,eng,Memorias
82,0385486804,Into the Wild,Into the Wild,1996.0,eng,No ficción
83,0141439602,A Tale of Two Cities,A Tale of Two Cities,1859.0,eng,Clásicos
84,030734813X,"Jurassic Park (Jurassic Park, #1)",Jurassic Park,1990.0,spa,Ciencia ficción
85,0060256656,The Giving Tree,The Giving Tree,1964.0,eng,Infantil
86,0385338600,A Time to Kill,A Time to Kill,1989.0,eng,Thriller
87,0374500010,Night (The Night Trilogy #1),Un di Velt Hot Geshvign,1958.0,eng,Memorias
88,014241493X,Paper Towns,Paper Towns,2008.0,eng,Juvenil
89,0345418263,The Princess Bride ,The Princess Bride,1973.0,eng,Aventura
90,014038572X,The Outsiders,The Outsiders,1967.0,eng,Juvenil
91,0385737947,"The Maze Runner (Maze Runner, #1)",The Maze Runner,2009.0,eng,Juvenil
92,0061234001,"Freakonomics: A Rogue Economist Explores the Hidden Side of Everything (Freakonomics, #1)",Freakonomics: A Rogue Economist Explores the Hidden Side of Everything,2005.0,eng,Ensayo
93,0517189607,The Secret Garden,The Secret Garden,1911.0,eng,Infantil
94,0060531045,One Hundred Years of Solitude,Cien años de soledad,1967.0,eng,Clásicos
95,0375751513,The Picture of Dorian Gray,The Picture of Dorian Gray,1891.0,eng,Clásicos
96,0345803507,"Fifty Shades Freed (Fifty Shades, #3)",Fifty Shades Freed,2012.0,eng,Romántica
97,0393970124,Dracula,Dracula,1897.0,eng,Clásicos
98,0307269981,"The Girl Who Played with Fire (Millennium, #2)",Flickan som lekte med elden,2006.0,eng,Thriller
99,1612130585,"Fifty Shades Darker (Fifty Shades, #2)",Fifty Shades Darker,2011.0,eng,Romántica
100,0060786507,The Poisonwood Bible,The Poisonwood Bible,1998.0,eng,Ficción histórica
101,0349113912,Me Talk Pretty One Day,Me Talk Pretty One Day,2000.0,eng,Memorias
102,0099408392,Where the Wild Things Are,Where the Wild Things Are,1963.0,eng,Infantil
103,0140449264,The Count of Monte Cristo,Le Comte de Monte-Cristo,1844.0,eng,Clásicos
104,0307265439,The Road,The Road,2006.0,eng,Ficción
105,0007524277,"Allegiant (Divergent, #3)",Allegiant,2013.0,eng,Juvenil
106,9781847445193,Bossypants,Bossypants,2011.0,eng,Memorias
107,0446693804,A Walk to Remember,A Walk to Remember,1999.0,eng,Romántica
108,0440241413,"Confessions of a Shopaholic (Shopaholic, #1)",Confessions of a Shopaholic,2000.0,eng,Romántica
109,0451525264,Les Misérables,Les Misérables,1862.0,eng,Clásicos
110,0553381695,"A Clash of Kings  (A Song of Ice and Fire, #2)",A Clash of Kings,1998.0,eng,Fantasía
111,0143037145,The Memory Keeper's Daughter,The Memory Keeper's Daughter,2005.0,eng,Ficción
112,0670026603,"Me Before You (Me Before You, #1)",Me Before You,2012.0,eng,Romántica
113,0684833395,Catch-22,Catch-22,1961.0,eng,Clásicos
114,0751529818,Tuesdays with Morrie,Tuesdays with Morrie,1997.0,eng,Memorias
115,0312422156,Middlesex,Middlesex,2002.0,eng,Ficción
116,0143039563,The Adventures of Tom Sawyer,The Adventures of Tom Sawyer,1876.0,eng,Clásicos
117,0440498058,"A Wrinkle in Time (A Wrinkle in Time Quintet, #1)",A Wrinkle in Time,1962.0,eng,Ciencia ficción
118,0143038095,The Joy Luck Club,The Joy Luck Club,1989.0,eng,Ficción
119,038549081X,The Handmaid's Tale,The Handmaid's Tale,1985.0,eng,Ciencia ficción
120,0385729332,"The Sisterhood of the Traveling Pants (Sisterhood, #1)",The Sisterhood of the Traveling Pants,2001.0,eng,Juvenil
121,,Lolita,Lolita,1955.0,eng,Clásicos
122,0060987103,"Wicked: The Life and Times of the Wicked Witch of the West (The Wicked Years, #1)",Wicked: The Life and Times of the Wicked Witch of the West,1995.0,eng,Fantasía
123,0582418275,"The Firm (Penguin Readers, Level 5)",The Firm,1991.0,eng,Thriller
124,0316098337,Room,Room,2010.0,eng,Ficción
125,0521618746,Hamlet,"The Tragicall Historie of Hamlet, Prince of Denmark",1600.0,eng,Clásicos
126,0340839937,Dune (Dune Chronicles #1),Dune,1965.0,eng,Ciencia ficción
127,0316346624,The Tipping Point: How Little Things Can Make a Big Difference,The Tipping Point: How Little Things Can Make a Big Difference,2000.0,eng,Ensayo
128,1451648537,Steve Jobs,Steve Jobs,2011.0,eng,Biografía
129,0451163966,One Flew Over the Cuckoo's Nest,One Flew Over the Cuckoo's Nest,1962.0,eng,Clásicos
130,0684830493,The Old Man and the Sea,The Old Man and the Sea,1952.0,eng,Clásicos
131,0142000663,The Grapes of Wrath,The Grapes of Wrath,1939.0,eng,Clásicos
132,1401308589,The Five People You Meet in Heaven,The Five People You Meet in Heaven,2003.0,,Ficción
133,0451528824,"Anne of Green Gables (Anne of Green Gables, #1)",Anne of Green Gables,1908.0,eng,Clásicos
134,1416914307,"City of Glass (The Mortal Instruments, #3)",City of Glass,2009.0,eng,Juvenil
135,055357342X,"A Storm of Swords (A Song of Ice and Fire, #3)",A Storm of Swords,2000.0,eng,Fantasía
136,006075995X,Divine Secrets of the Ya-Ya Sisterhood,Divine Secrets of the Ya-Ya Sisterhood,1996.0,eng,Ficción
137,0440242940,"Outlander (Outlander, #1)",Outlander,1991.0,eng,Ficción histórica
138,0142437263,The Scarlet Letter,The Scarlet Letter,1850.0,eng,Clásicos
139,1594744769,"Miss Peregrine’s Home for Peculiar Children (Miss Peregrine’s Peculiar Children, #1)",Miss Peregrine’s Home for Peculiar Children,2011.0,eng,Juvenil
140,030726999X,"The Girl Who Kicked the Hornet''s Nest (Millennium, #3)",Luftslottet som sprängdes,2007.0,eng,Thriller
141,0804139024,The Martian,The Martian,2012.0,eng,Ciencia ficción
142,0451207149,"The Pillars of the Earth (The Kingsbridge Series, #1)",The Pillars of the Earth,1989.0,eng,Ficción histórica
143,1476746583,All the Light We Cannot See,,2014.0,eng,Ficción histórica
144,1400064163,"Unbroken: A World War II Story of Survival, Resilience, and Redemption","Unbroken: A World War II Story of Survival, Resilience, and Redemption",2010.0,eng,Biografía
145,0671027387,Deception Point,Deception Point,2001.0,eng,Thriller
146,0316055433,The Goldfinch,The Goldfinch,2013.0,eng,Ficción
147,1595141715,Thirteen Reasons Why,Thirteen Reasons Why,2007.0,eng,Juvenil
148,0452287022,Girl with a Pearl Earring,Girl with a Pearl Earring,1999.0,eng,Ficción histórica
149,0525421033,"If I Stay (If I Stay, #1)",If I Stay,2009.0,eng,Juvenil
150,0312353766,The Red Tent,The Red Tent,1997.0,eng,Ficción histórica
151,0786856866,"The Sea of Monsters (Percy Jackson and the Olympians, #2)",The Sea of Monsters,2006.0,eng,Juvenil
152,0446528056,Dear John,Dear John,2006.0,eng,Romántica
153,1416914293,"City of Ashes (The Mortal Instruments, #2)",City of Ashes,2008.0,eng,Juvenil
154,0743477103,Macbeth,The Tragedy of Macbeth,1606.0,eng,Clásicos
155,0618346260,"The Two Towers (The Lord of the Rings, #2)",The Two Towers,1954.0,eng,Fantasía
156,031232118X,"Something Borrowed (Darcy & Rachel, #1)",Something Borrowed,2004.0,eng,Romántica
157,0394800168,Green Eggs and Ham,Green Eggs and Ham,1960.0,eng,Infantil
158,0142403881,"Charlie and the Chocolate Factory (Charlie Bucket, #1)",Charlie and the Chocolate Factory,1964.0,eng,Infantil
159,1423101464,"The Battle of the Labyrinth (Percy Jackson and the Olympians, #4)",The Battle of the Labyrinth,2008.0,eng,Juvenil
160,0192833596,Great Expectations,Great Expectations,1860.0,eng,Clásicos
161,0345339738,"The Return of the King (The Lord of the Rings, #3)",The Return of the King,1955.0,eng,Fantasía
162,,The Stranger,L’Étranger,1942.0,eng,Clásicos
163,142311339X,"The Lost Hero (The Heroes of Olympus, #1)",The Lost Hero,2010.0,eng,Juvenil
164,1250012570,Eleanor & Park,Eleanor & Park,2013.0,eng,Juvenil
165,055358202X,"A Feast for Crows (A Song of Ice and Fire, #4)",A Feast for Crows,2005.0,eng,Fantasía
166,0525423648,"Matched (Matched, #1)",Matched,2010.0,eng,Juvenil
167,0747263744,"American Gods (American Gods, #1)",American Gods,2001.0,eng,Fantasía
168,0385199570,The Stand,The Stand,1978.0,eng,Terror
169,0446547565,The Last Song,The Last Song,2008.0,eng,Romántica
170,0552151696,Digital Fortress,Digital Fortress,1998.0,eng,Thriller
171,0141439580,Emma,Emma,1815.0,eng,Clásicos
172,0345803922,Anna Karenina,Анна Каренина,1877.0,eng,Clásicos
173,0393312836,A Clockwork Orange,A Clockwork Orange,1962.0,eng,Clásicos
174,0964729237,The Shack,The Shack: Where Tragedy Confronts Eternity,2007.0,eng,Religión y espiritualidad
175,0739380338,"The Last Olympian (Percy Jackson and the Olympians, #5)",The Last Olympian,2009.0,eng,Juvenil
176,0451169514,It,It,1986.0,eng,Terror
177,0143058142,Crime and Punishment,Преступление и наказание,1866.0,eng,Clásicos
178,0061148512,The Bell Jar,The Bell Jar,1963.0,eng,Clásicos
179,0007205236,"Angela''s Ashes (Frank McCourt, #1)",Angela's Ashes: A Memoir,1996.0,eng,Memorias
180,0553208845,Siddhartha,Siddhartha,1922.0,eng,Clásicos
181,0679745580,In Cold Blood,In Cold Blood,1965.0,eng,No ficción
182,0316042676,"Beautiful Creatures (Caster Chronicles, #1)",Beautiful Creatures,2009.0,eng,Juvenil
183,1416975861,"Clockwork Angel (The Infernal Devices, #1)",Clockwork Angel,2010.0,eng,Juvenil
184,0141301066,Matilda,Matilda,1988.0,eng,Infantil
185,0385534639,The Night Circus,The Night Circus,2011.0,eng,Fantasía
186,0743227441,"The Other Boleyn Girl (The Plantagenet and Tudor Novels, #9)",The Other Boleyn Girl,2001.0,eng,Ficción histórica
187,0689865384,"Uglies (Uglies, #1)",Uglies,2005.0,eng,Juvenil
188,,"A Dance with Dragons (A Song of Ice and Fire, #5)",A Dance with Dragons,2011.0,eng,Fantasía
189,0618640150,"The Lord of the Rings (The Lord of the Rings, #1-3)",The Lord of the Rings,1955.0,eng,Fantasía
190,0307592731,Wild: From Lost to Found on the Pacific Crest Trail,Wild: From Lost to Found on the Pacific Crest Trail ,2012.0,eng,Memorias
191,0930289234,Watchmen,Watchmen,1987.0,eng,Cómic y novela gráfica
192,075640407X,"The Name of the Wind (The Kingkiller Chronicle, #1)",The Name of the Wind,2007.0,eng,Fantasía
193,0316017922,Outliers: The Story of Success,Outliers: The Story of Success,2008.0,eng,Ensayo
194,0142437247,"Moby-Dick or, The Whale","Moby Dick; or, The Whale",1851.0,eng,Clásicos
195,0385340990,The Guernsey Literary and Potato Peel Pie Society,The Guernsey Literary and Potato Peel Pie Society,2008.0,eng,Ficción histórica
196,0393327345,Fight Club,Fight Club,1996.0,eng,Ficción
197,0441008534,"Dead Until Dark (Sookie Stackhouse, #1)",Dead Until Dark,2001.0,eng,Fantasía
198,0671727796,The Color Purple,The Color Purple,1982.0,eng,Clásicos
199,0739461192,Marley and Me: Life and Love With the World's Worst Dog,Marley & Me: Life and Love with the World's Worst Dog,2005.0,eng,Memorias
200,0312330871,And Then There Were None,Ten Little Niggers,1939.0,eng,Misterio
201,0385504225,"The Lost Symbol (Robert Langdon, #3)",The Lost Symbol,2009.0,eng,Thriller
202,1416989412,"Hush, Hush (Hush, Hush, #1)","Hush, Hush",2009.0,eng,Juvenil
203,9782290064948,"Beautiful Disaster (Beautiful, #1)",Beautiful Disaster,2011.0,eng,Romántica
204,1561797464,A Christmas Carol,A Christmas Carol,1843.0,,Clásicos
205,0345476875,"Interview with the Vampire (The Vampire Chronicles, #1)",Interview with the Vampire,1976.0,eng,Terror
206,0062059939,"The Selection (The Selection, #1)",The Selection,2012.0,eng,Juvenil
207,0312362080,"One for the Money (Stephanie Plum, #1)",One for the Money,1994.0,eng,Misterio
208,1400052173,The Immortal Life of Henrietta Lacks,The Immortal Life of Henrietta Lacks,2010.0,eng,No ficción
209,0099446782,"The Silence of the Lambs  (Hannibal Lecter, #2)",The Silence of the Lambs,1988.0,eng,Thriller
210,159514174X,"Vampire Academy (Vampire Academy, #1)",,2007.0,eng,Juvenil
211,0316010669,Blink: The Power of Thinking Without Thinking,Blink: The Power of Thinking Without Thinking,2005.0,eng,Ensayo
212,038572179X,Atonement,Atonement,2001.0,eng,Ficción
213,0553213695,The Metamorphosis,Die Verwandlung,1915.0,eng,Clásicos
214,0141382899,"The Titan''s Curse (Percy Jackson and the Olympians, #3)",The Titan's Curse,2007.0,eng,Juvenil
215,030788743X,Ready Player One,,2011.0,eng,Ciencia ficción
217,0739303406,"The Devil in the White City: Murder, Magic, and Madness at the Fair That Changed America","The Devil in the White City: Murder, Magic, and Madness at the Fair that Changed America",2003.0,eng,Historia
218,0425263908,"Bared to You (Crossfire, #1)",Bared to You,2012.0,eng,Romántica
219,0066238501,"The Chronicles of Narnia (Chronicles of Narnia, #1-7)",The Chronicles of Narnia,1956.0,eng,Fantasía
220,0316043133,Twilight: The Complete Illustrated Movie Companion,Twilight: The Complete Illustrated Movie Companion,,eng,Desconocido
221,1558743669,"A Child Called 'It'"" (Dave Pelzer #1)""","A Child Called 'It'"": One Child''s Courage to Survive""",1995.0,eng,Memorias
222,0752864327,"The Bourne Identity (Jason Bourne, #1)",The Bourne Identity,1980.0,eng,Thriller
223,0786817879,"Artemis Fowl (Artemis Fowl, #1)",Artemis Fowl,2001.0,eng,Juvenil
224,0385738935,"Fallen (Fallen, #1)",Fallen,2009.0,eng,Juvenil
225,0142000655,East of Eden,East of Eden  ,1952.0,eng,Clásicos
226,0307341569,Dark Places,Dark Places,2009.0,eng,Thriller
227,0385339089,The Client,The Client,1993.0,eng,Thriller
228,0312291639,"The Nanny Diaries (Nanny, #1)",The Nanny Diaries,2002.0,eng,Ficción
229,0451527747,Alice's Adventures in Wonderland & Through the Looking-Glass,Alice's Adventures in Wonderland,1865.0,eng,Clásicos
230,0192802631,Persuasion,Persuasion,1817.0,eng,Clásicos
231,0312370830,Sarah's Key,Elle s'appelait Sarah,2007.0,eng,Ficción histórica
232,0452284694,"The Gunslinger (The Dark Tower, #1)",The Gunslinger,1982.0,eng,Fantasía
233,140003468X,Love in the Time of Cholera,El amor en los tiempos del cólera,1985.0,eng,Clásicos
234,014131088X,Speak,Speak,1999.0,eng,Juvenil
235,0399159347,The Husband's Secret,The Husband's Secret ,2013.0,eng,Ficción
236,0385494785,Into Thin Air: A Personal Account of the Mount Everest Disaster,Into Thin Air: A Personal Account of the Mt. Everest Disaster,1997.0,eng,Memorias
237,1416524304,Carrie,Carrie,1974.0,,Terror
238,031242227X,Running with Scissors,Running with Scissors,2002.0,eng,Memorias
239,0307346609,World War Z: An Oral History of the Zombie War,World War Z: An Oral History of the Zombie War,2006.0,eng,Terror
240,0385537859,"Inferno (Robert Langdon, #4)",Inferno,2013.0,eng,Thriller
241,0440227534,Number the Stars,Number the Stars,1989.0,eng,Infantil
242,0446692638,"Along Came a Spider (Alex Cross, #1)",Along Came a Spider,1993.0,eng,Thriller
243,0450417395,Misery,Misery,1987.0,eng,Terror
244,0307341542,Sharp Objects,Sharp Objects,2006.0,eng,Thriller
245,0439366771,Bridge to Terabithia,Bridge to Terabithia,1977.0,eng,Infantil
246,0312360266,"Marked (House of Night, #1)",Marked,2007.0,eng,Juvenil
247,0743269519,The 7 Habits of Highly Effective People: Powerful Lessons in Personal Change,The 7 Habits of Highly Effective People,1989.0,eng,Autoayuda
248,0743477545,A Midsummer Night's Dream,A Midsummer Night's Dream,1595.0,eng,Clásicos
249,0618711651,Extremely Loud and Incredibly Close,Extremely Loud and Incredibly Close,2005.0,eng,Ficción
250,0375869026,Wonder,Wonder,2012.0,eng,Juvenil
251,039480001X,The Cat in the Hat,The Cat in the Hat,1957.0,eng,Infantil
252,0312641893,"Cinder (The Lunar Chronicles, #1)",Cinder,2012.0,eng,Ciencia ficción
253,0316206849,"The Cuckoo''s Calling (Cormoran Strike, #1)",The Cuckoo's Calling,2013.0,eng,Misterio
254,0545123267,"Shiver (The Wolves of Mercy Falls, #1)",Shiver,2009.0,eng,Juvenil
255,0452011876,Atlas Shrugged,Atlas Shrugged,1957.0,eng,Ficción
256,0143038257,Three Cups of Tea: One Man's Mission to Promote Peace ... One School at a Time,Three Cups of Tea ,2006.0,eng,Memorias
257,0517223627,Alice in Wonderland,,1865.0,eng,Infantil
258,0143034901,"The Shadow of the Wind (The Cemetery of Forgotten Books,  #1)",La sombra del viento,2001.0,eng,Ficción
259,0385738757,"The Scorch Trials (Maze Runner, #2)",The Scorch Trials,2010.0,eng,Ciencia ficción
260,9788192910994,How to Win Friends and Influence People,How to Win Friends and Influence People,1936.0,eng,Autoayuda
261,0767900383,Under the Tuscan Sun,Under the Tuscan Sun,1996.0,eng,Memorias
262,0399167064,Big Little Lies,Big Little Lies,2014.0,eng,Misterio
263,0590920685,Ella Enchanted,Ella Enchanted,1997.0,eng,Juvenil
264,0743297334,The Sun Also Rises,The Sun Also Rises,1926.0,eng,Clásicos
265,0061120073,A Tree Grows in Brooklyn,A Tree Grows In Brooklyn ,1943.0,eng,Clásicos
266,0446677388,"Kiss the Girls (Alex Cross, #2)",Kiss the Girls,1995.0,eng,Thriller
267,0312577222,The Nightingale,The Nightingale,2015.0,eng,Ficción histórica
268,1400078776,Never Let Me Go,Never Let Me Go,2005.0,eng,Ciencia ficción
269,0786890754,P.S. I Love You,"PS, I Love You",2003.0,eng,Romántica
270,1844080382,Rebecca,Rebecca,1938.0,eng,Clásicos
271,0156030306,Flowers for Algernon,Flowers for Algernon,1966.0,eng,Ciencia ficción
272,0552995878,Like Water for Chocolate,Como agua para chocolate,1989.0,eng,Ficción
273,0812968069,Snow Flower and the Secret Fan,Snow Flower and the Secret Fan,2005.0,eng,Ficción histórica
274,0451205766,The Godfather,The Godfather,1969.0,eng,Ficción
275,0525476881,An Abundance of Katherines,An Abundance of Katherines,2006.0,eng,Juvenil
276,0553803719,Foundation (Foundation #1),Foundation,1951.0,eng,Ciencia ficción
277,0062255657,The Ocean at the End of the Lane,The Ocean at the End of the Lane,2013.0,eng,Fantasía
278,0060513063,A Light in the Attic,A Light in the Attic,1981.0,eng,Poesía
279,0751565350,"Harry Potter and the Cursed Child - Parts One and Two (Harry Potter, #8)","Harry Potter and the Cursed Child, Parts One and Two",2016.0,eng,Fantasía
280,0061726834,"Delirium (Delirium, #1)",Delirium,2011.0,eng,Juvenil
281,0385339704,The Pelican Brief,The Pelican Brief,1992.0,eng,Thriller
282,0061139378,Coraline,Coraline,2002.0,eng,Juvenil
283,0060853980,"Good Omens: The Nice and Accurate Prophecies of Agnes Nutter, Witch","Good Omens: The Nice and Accurate Prophecies of Agnes Nutter, Witch",1990.0,eng,Fantasía
284,0140042598,On the Road,On the Road,1955.0,eng,Clásicos
285,1476729085,"The Rosie Project (Don Tillman, #1)",The Rosie Project,2013.0,eng,Romántica
286,0446579939,The Lucky One,The Lucky One,2008.0,eng,Romántica
287,0451191153,The Fountainhead,The Fountainhead,1943.0,eng,Ficción
288,0425172902,"The Hunt for Red October (Jack Ryan Universe, #4)",The Hunt for Red October,1984.0,,Thriller
289,038039586X,"Watership Down (Watership Down, #1)",Watership Down,1972.0,eng,Fantasía
290,0307886263,Is Everyone Hanging Out Without Me? (And Other Concerns),Is Everyone Hanging Out Without Me? (And Other Concerns),2011.0,eng,Memorias
291,0375414495,Cutting for Stone,Cutting for Stone,2009.0,eng,Ficción
292,006112527X,"The Voyage of the Dawn Treader (Chronicles of Narnia, #3)",The Voyage of the Dawn Treader,1951.0,eng,Fantasía
293,0753453800,Treasure Island,Treasure Island,1882.0,eng,Clásicos
294,1423140591,"The Son of Neptune (The Heroes of Olympus, #2)",The Son of Neptune ,2011.0,eng,Juvenil
295,1451627289,11/22/63,11/22/63,2011.0,eng,Ciencia ficción
296,0241003008,The Very Hungry Caterpillar Board Book,The Very Hungry Caterpillar,1969.0,eng,Infantil
297,0140285601,Cat's Cradle,Cat's Cradle,1963.0,eng,Ciencia ficción
298,0451528557,The Time Machine,The Time Machine,1895.0,eng,Clásicos
299,0849946158,Heaven is for Real: A Little Boy's Astounding Story of His Trip to Heaven and Back,,2010.0,eng,Religión y espiritualidad
300,0385751060,The Boy in the Striped Pajamas,The Boy in the Striped Pyjamas,2006.0,eng,Juvenil
301,1892295490,Heart of Darkness,Heart of Darkness,1899.0,eng,Clásicos
302,044654759X,Safe Haven,Safe Haven,2010.0,eng,Romántica
303,1582701709,"The Secret (The Secret, #1)",The Secret,2006.0,eng,Autoayuda
304,0060987561,I Know This Much Is True,I Know This Much Is True ,1998.0,eng,Ficción
305,1416524347,Pet Sematary,Pet Sematary,1983.0,eng,Terror
306,0671021001,She's Come Undone,She's Come Undone,1992.0,eng,Ficción
307,0756404738,"The Wise Man''s Fear (The Kingkiller Chronicle, #2)",The Wise Man's Fear,2011.0,eng,Fantasía
308,0440241901,Can You Keep a Secret?,Can You Keep a Secret?,2003.0,eng,Romántica
309,1442403543,"City of Fallen Angels (The Mortal Instruments, #4)",City of Fallen Angels,2011.0,eng,Juvenil
310,0743418174,"Good in Bed (Cannie Shapiro, #1)",Good in Bed,2001.0,eng,Ficción
311,0380018179,The Thorn Birds,The Thorn Birds,1977.0,eng,Ficción histórica
312,0060530928,The Graveyard Book,The Graveyard Book,2008.0,eng,Juvenil
313,1451681739,The Light Between Oceans,The Light Between Oceans,2012.0,eng,Ficción histórica
575,0099244721,Timeline,Timeline,1999.0,eng,Ciencia ficción
314,0439709105,"Inkheart (Inkworld, #1)",Tintenherz,2003.0,eng,Juvenil
315,0091883768,Who Moved My Cheese?,Who Moved My Cheese?,1998.0,eng,Autoayuda
316,0307279464,A Walk in the Woods,A Walk in the Woods,1997.0,eng,Viajes
317,0553279378,I Know Why the Caged Bird Sings,I Know Why the Caged Bird Sings,1969.0,eng,Memorias
318,0061950726,Orphan Train,Orphan Train,2013.0,eng,Ficción histórica
319,1442416866,"City of Lost Souls (The Mortal Instruments, #5)",City of Lost Souls,2012.0,eng,Juvenil
320,0316204277,"Where''d You Go, Bernadette","Where''d You Go, Bernadette",2012.0,eng,Ficción
321,0375806814,Where the Red Fern Grows,Where the Red Fern Grows,1961.0,,Infantil
322,0060557818,Neverwhere,Neverwhere,1996.0,eng,Fantasía
323,0571224385,The Unbearable Lightness of Being,Nesnesitelná lehkost bytí,1984.0,eng,Ficción
325,0552135399,A Prayer for Owen Meany,A Prayer for Owen Meany,1989.0,eng,Ficción
326,0316182540,White Oleander,White Oleander,1999.0,eng,Ficción
327,039925675X,"Legend (Legend, #1)",Legend,2011.0,eng,Juvenil
328,0743496728,Nineteen Minutes,Nineteen Minutes,2007.0,eng,Ficción
329,1401323251,The Last Lecture,The Last Lecture,2008.0,eng,Memorias
330,0812511816,"The Eye of the World (Wheel of Time, #1)",The Eye of the World,1990.0,eng,Fantasía
331,0061150142,The Pact,The Pact,1998.0,eng,Ficción
332,0060764902,"The Magician''s Nephew (Chronicles of Narnia, #6)",The magician's nephew,1953.0,eng,Infantil
333,0595440096,Still Alice,Still Alice,2007.0,eng,Ficción
334,0425263916,"Reflected in You (Crossfire, #2)",Reflected in You,2012.0,eng,Romántica
335,0375814248,James and the Giant Peach,James and the Giant Peach,1961.0,eng,Infantil
336,0446696617,"1st to Die (Women''s Murder Club, #1)",1st To Die,2001.0,eng,Thriller
337,0345453743,The Ultimate Hitchhiker's Guide to the Galaxy,The Ultimate Hitchhiker's Guide: Five Complete Novels and One Story,1996.0,eng,Ciencia ficción
338,0340896965,One Day,One Day,2009.0,eng,Romántica
339,0060775858,Goodnight Moon,,1947.0,eng,Infantil
340,0061969559,"I Am Number Four (Lorien Legacies, #1)",I Am Number Four,2010.0,eng,Juvenil
341,0140275363,The Iliad,Ἰλιάς,-750.0,eng,Clásicos
342,0316228532,The Casual Vacancy,The Casual Vacancy,2012.0,eng,Ficción
343,0385339690,The Runaway Jury,The Runaway Jury,1996.0,eng,Thriller
344,0316777730,Naked,Naked,1997.0,eng,Memorias
345,0375840400,"Eldest (The Inheritance Cycle, #2)",Eldest,2005.0,eng,Juvenil
346,0140621679,"The Wonderful Wizard of Oz (Oz, #1)",The Wonderful Wizard of Oz,1900.0,eng,Clásicos
347,000720230X,"Prince Caspian (Chronicles of Narnia, #2)",Prince Caspian: The Return to Narnia,1951.0,eng,Infantil
348,9781525255571,We Were Liars,We Were Liars,2014.0,eng,Juvenil
349,0450031063,'Salem's Lot,Salem's Lot,1975.0,eng,Terror
350,0679785892,Fear and Loathing in Las Vegas,Fear and Loathing in Las Vegas: A Savage Journey to the Heart of the American Dream,1971.0,eng,Memorias
351,1416975888,"Clockwork Prince (The Infernal Devices, #2)",Clockwork Prince,2011.0,eng,Juvenil
352,0062268341,Yes Please,Yes Please,2014.0,eng,Memorias
353,0743477553,Othello,"The Tragedy of Othello, The Moor of Venice",1603.0,eng,Clásicos
354,1400033411,Beloved,Beloved,1987.0,eng,Ficción
355,015206396X,"Graceling (Graceling Realm, #1)",Graceling,2008.0,eng,Juvenil
356,0439206472,"The Bad Beginning (A Series of Unfortunate Events, #1)",The Bad Beginning,1999.0,eng,Infantil
357,0449213943,All Quiet on the Western Front,Im Westen nichts Neues,1929.0,eng,Clásicos
358,0679805273,"Oh, The Places You''ll Go!","Oh, the Places You''ll Go!",1990.0,eng,Infantil
359,159463176X,And the Mountains Echoed,And The Mountains Echoed,2012.0,eng,Ficción
360,0345404475,Do Androids Dream of Electric Sheep?,Do Androids Dream of Electric Sheep?,1968.0,eng,Ciencia ficción
361,0141439742,Oliver Twist,Oliver Twist,1838.0,eng,Clásicos
362,0060652896,The Screwtape Letters,A Grief Observed,1942.0,eng,Religión y espiritualidad
363,0525423273,"Anna and the French Kiss (Anna and the French Kiss, #1)",Anna and the French Kiss,2010.0,eng,Romántica
364,0007173040,How the Grinch Stole Christmas!,How the Grinch Stole Christmas!,1957.0,eng,Infantil
365,1401207928,V for Vendetta,V for Vendetta,1990.0,eng,Cómic y novela gráfica
366,0743223136,John Adams,John Adams,2001.0,eng,Biografía
367,0553384287,"Odd Thomas (Odd Thomas, #1)",Odd Thomas,2003.0,eng,Terror
368,0679879250,"The Subtle Knife (His Dark Materials, #2)",The Subtle Knife,1997.0,eng,Fantasía
369,0439488400,"Stargirl (Stargirl, #1)",Stargirl,2000.0,eng,Juvenil
370,1423113381,"The Red Pyramid (Kane Chronicles, #1)",The Red Pyramid,2010.0,eng,Juvenil
371,0441788386,Stranger in a Strange Land,Stranger in a Strange Land,1961.0,eng,Ciencia ficción
372,0965904830,Dress Your Family in Corduroy and Denim,Dress Your Family in Corduroy and Denim,2004.0,eng,Memorias
373,0141311371,The BFG,The BFG,1982.0,eng,Infantil
374,076790818X,A Short History of Nearly Everything,A Short History of Nearly Everything,2003.0,eng,Ciencia
375,0439227143,The Call of the Wild,The Call of the Wild,1903.0,eng,Clásicos
376,0385738773,"The Death Cure (Maze Runner, #3)",The Death Cure,2011.0,eng,Juvenil
377,0061142026,Stardust,Stardust,1999.0,eng,Fantasía
378,0618485228,The Namesake,The Namesake,2003.0,eng,Ficción
379,0670022411,"A Discovery of Witches (All Souls Trilogy, #1)",A Discovery of Witches,2011.0,eng,Fantasía
380,0375704027,Norwegian Wood,ノルウェイの森 [Noruwei no Mori],1987.0,eng,Ficción
381,0446672211,Where the Heart Is,Where the Heart Is,1995.0,eng,Ficción
382,0525421580,"Will Grayson, Will Grayson","Will Grayson, Will Grayson",2010.0,eng,Juvenil
383,0307276902,A Million Little Pieces,A Million Little Pieces,2003.0,eng,Memorias
384,1595141758,"Frostbite (Vampire Academy, #2)",Frostbite,2008.0,eng,Juvenil
385,0307352145,Quiet: The Power of Introverts in a World That Can't Stop Talking,Quiet: The Power of Introverts in a World that Can't Stop Talking,2012.0,eng,Psicología
386,0440439884,"Island of the Blue Dolphins (Island of the Blue Dolphins, #1)",Island of the Blue Dolphins,1960.0,eng,Juvenil
387,0142437336,The Crucible,The Crucible,1953.0,eng,Clásicos
388,0689840926,"Hatchet (Brian''s Saga, #1)",Hatchet,1986.0,eng,Juvenil
389,076531178X,"The Final Empire (Mistborn, #1)",Mistborn : The Final Empire,2006.0,eng,Fantasía
390,0451528956,The Strange Case of Dr. Jekyll and Mr. Hyde,The Strange Case of Dr Jekyll and Mr Hyde,1886.0,eng,Clásicos
391,0679889108,The Lorax,The Lorax,1971.0,eng,Infantil
392,0810993139,"Diary of a Wimpy Kid (Diary of a Wimpy Kid, #1)",Greg Heffley's Journal,2004.0,eng,Infantil
393,1599906953,"Throne of Glass (Throne of Glass, #1)",Throne of Glass,2012.0,eng,Fantasía
394,1595141979,"Shadow Kiss (Vampire Academy, #3)",Shadow Kiss,2008.0,eng,Juvenil
395,0684803356,For Whom the Bell Tolls,For Whom the Bell Tolls,1940.0,eng,Clásicos
396,0345505336,Hotel on the Corner of Bitter and Sweet,Hotel on the Corner of Bitter and Sweet,2009.0,eng,Ficción histórica
397,0140120831,Perfume: The Story of a Murderer,Das Parfum. Die Geschichte eines Mörders,1985.0,eng,Ficción
398,0060838582,Fast Food Nation: The Dark Side of the All-American Meal,Fast Food Nation : The Dark Side of the All-American Meal ,2001.0,eng,No ficción
399,0747599874,The Tales of Beedle the Bard,The Tales of Beedle the Bard,2007.0,eng,Fantasía
400,0441569595,Neuromancer,Neuromancer,1984.0,eng,Ciencia ficción
401,0099910101,A Farewell to Arms,A Farewell to Arms,1929.0,eng,Clásicos
402,0553212281,The Tell-Tale Heart and Other Writings,The Tell-Tale Heart,1843.0,eng,Clásicos
403,1590302257,The Art of War,孫子兵法 [Sūnzi bīngfǎ],-500.0,eng,Clásicos
404,0385344228,Defending Jacob,Defending Jacob,2012.0,eng,Thriller
405,0385334206,Breakfast of Champions,Breakfast of Champions,1973.0,eng,Ficción
406,0874774241,The New Drawing on the Right Side of the Brain,Drawing on the Right Side of the Brain,1979.0,eng,Arte
407,0060838728,Bel Canto,Bel Canto,2001.0,eng,Ficción
408,0739467352,"Guns, Germs, and Steel: The Fates of Human Societies","Guns, Germs, and Steel: The Fates of Human Societies",1997.0,eng,Historia
409,0375508414,Fried Green Tomatoes at the Whistle Stop Cafe,Fried Green Tomatoes at the Whistle Stop Cafe,1987.0,,Ficción
410,0385474547,"Things Fall Apart (The African Trilogy, #1)",Things Fall Apart,1958.0,eng,Clásicos
411,0385338694,The Undomestic Goddess,The Undomestic Goddess,2005.0,eng,Romántica
412,1881273156,The Five Love Languages: How to Express Heartfelt Commitment to Your Mate,The Five Love Languages: How to Express Heartfelt Commitment to Your Mate,1990.0,eng,Autoayuda
413,9789620830150,The Three Musketeers,Les Trois Mousquetaires,1844.0,,Clásicos
414,1416589643,Little Bee,The Other Hand,2008.0,eng,Ficción
415,031253275X,"Evermore (The Immortals, #1)",Evermore,2009.0,eng,Juvenil
416,0590032496,The Witches,The Witches,1983.0,eng,Infantil
417,0743298020,The Thirteenth Tale,The Thirteenth Tale,2006.0,eng,Misterio
418,1595142509,"Spirit Bound (Vampire Academy, #5)",Spirit Bound,2010.0,eng,Juvenil
419,1595141987,"Blood Promise (Vampire Academy, #4)",Blood Promise,2009.0,eng,Juvenil
420,0446676071,Message in a Bottle,Message in a Bottle,1998.0,eng,Romántica
421,0345521307,The Paris Wife,The Paris Wife,2011.0,eng,Ficción histórica
422,0545044251,"Harry Potter Boxset (Harry Potter, #1-7)",Complete Harry Potter Boxed Set,1998.0,eng,Juvenil
423,0062059963,"The Elite (The Selection, #2)",The Elite,2013.0,eng,Juvenil
424,0156001314,The Name of the Rose,Il nome della rosa,1980.0,eng,Misterio
425,1416914633,Go Ask Alice,Go Ask Alice,1971.0,eng,Juvenil
426,0802130208,A Confederacy of Dunces,A Confederacy of Dunces,1980.0,eng,Ficción
427,158049580X,The Importance of Being Earnest,The Importance of Being Earnest,1895.0,eng,Clásicos
428,1423140605,"The Mark of Athena (The Heroes of Olympus, #3)",The Mark of Athena,2012.0,eng,Juvenil
429,0060855924,"The Color of Magic (Discworld, #1; Rincewind #1)",The Colour of Magic,1983.0,eng,Fantasía
430,1400079276,Kafka on the Shore,海辺のカフカ [Umibe no Kafuka],2002.0,eng,Ficción
431,0525945563,"Red Dragon (Hannibal Lecter, #1)",Red Dragon,1981.0,eng,Thriller
432,0553803700,"I, Robot (Robot #0.1)","I, Robot",1950.0,eng,Ciencia ficción
433,0451216954,"Dark Lover (Black Dagger Brotherhood, #1)",Dark Lover,2005.0,eng,Romántica
434,1416989439,"Crescendo (Hush, Hush, #2)",Crescendo,2010.0,eng,Juvenil
435,0061726818,Before I Fall,Before I Fall,2010.0,eng,Juvenil
436,0679457313,The God of Small Things,The God of Small Things,1997.0,eng,Ficción
437,0670024783,The Invention of Wings,The Invention of Wings,2014.0,eng,Ficción histórica
438,0141043768,What Alice Forgot,What Alice Forgot,2009.0,eng,Ficción
439,0553380168,A Brief History of Time,A Brief History of Time: From the Big Bang to Black Holes,1987.0,eng,Ciencia
440,0525951652,"Fall of Giants (The Century Trilogy, #1)",Fall of Giants,2010.0,eng,Ficción histórica
441,1439148503,Under the Dome,Under the Dome,2009.0,eng,Thriller
442,0553380958,Snow Crash,Snow Crash,1992.0,eng,Ciencia ficción
443,0670061050,Just Listen,Just Listen,2006.0,eng,Juvenil
444,0525467564,"Winnie-the-Pooh (Winnie-the-Pooh, #1)",Winnie-the-Pooh,1926.0,eng,Infantil
445,0062060554,Before I Go to Sleep,Before I Go to Sleep,2011.0,eng,Thriller
446,1420925539,A Study in Scarlet,A Study in Scarlet,1887.0,eng,Clásicos
447,0375826726,"Brisingr (The Inheritance Cycle, #3)",Brisingr,2008.0,eng,Juvenil
448,0310276993,The Purpose Driven Life: What on Earth Am I Here for?,The Purpose Driven Life: What on Earth am I Here For?,2002.0,eng,Religión y espiritualidad
449,0312360282,"Betrayed (House of Night, #2)",Betrayed: a House of Night Novel,2007.0,eng,Juvenil
450,0451457811,"Storm Front (The Dresden Files, #1)",Storm Front,2000.0,eng,Fantasía
451,1593082649,Northanger Abbey,Northanger Abbey,1817.0,eng,Clásicos
452,0399162410,"The 5th Wave (The 5th Wave, #1)",The 5th Wave,2013.0,eng,Juvenil
453,0802142842,Cold Mountain,Cold Mountain,1997.0,eng,Ficción histórica
454,0060245867,If You Give a Mouse a Cookie,If You Give a Mouse a Cookie,1985.0,eng,Infantil
455,0312323867,"Something Blue (Darcy & Rachel, #2)",Something Blue,2005.0,eng,Romántica
456,0822210894,A Streetcar Named Desire,A Streetcar Named Desire,1947.0,eng,Clásicos
457,0751537284,The Historian,The Historian,2005.0,eng,Thriller
458,0385353308,Station Eleven,Station Eleven,2014.0,eng,Ciencia ficción
459,1476738017,A Man Called Ove,En man som heter Ove,2012.0,eng,Ficción
460,1406321346,"Clockwork Princess (The Infernal Devices, #3)",Clockwork Princess,2013.0,eng,Juvenil
461,1416500189,"The Good Earth (House of Earth, #1)",The Good Earth,1931.0,eng,Clásicos
462,0140135154,Ways of Seeing,Ways of Seeing,1972.0,eng,Arte
463,0385335970,"Dragonfly in Amber (Outlander, #2)",Dragonfly in Amber,1992.0,eng,Romántica
464,9780452000414,Holy Bible: King James Version,,1611.0,eng,Religión y espiritualidad
465,0743495667,In Her Shoes,In Her Shoes,2002.0,,Ficción
466,0345368584,The Hobbit: Graphic Novel,The Hobbit,1989.0,eng,Cómic y novela gráfica
467,1594489580,The Brief Wondrous Life of Oscar Wao,The Brief Wondrous Life of Oscar Wao,2007.0,eng,Ficción
468,0061120065,Their Eyes Were Watching God,Their Eyes Were Watching God,1937.0,eng,Clásicos
469,0439321603,Fantastic Beasts and Where to Find Them,Fantastic Beasts and Where to Find Them,2001.0,eng,Fantasía
470,0316322407,I Am Malala: The Story of the Girl Who Stood Up for Education and Was Shot by the Taliban,I Am Malala: The Girl Who Stood Up for Education and Was Shot by the Taliban,2012.0,eng,Memorias
471,0141439807,Mansfield Park,Mansfield Park,1814.0,eng,Clásicos
472,080701429X,Man's Search for Meaning,…trotzdem Ja zum Leben sagen: Ein Psychologe erlebt das Konzentrationslager,1946.0,eng,Psicología
473,0670038601,"In the Woods (Dublin Murder Squad, #1)",In the Woods,2007.0,eng,Misterio
474,0618680004,The God Delusion,The God Delusion,2006.0,eng,Ensayo
475,0525422943,"Where She Went (If I Stay, #2)",Where She Went,2011.0,eng,Juvenil
476,0345915593,The World According to Garp,The World According to Garp,1978.0,eng,Ficción
477,0515141429,"Killing Floor (Jack Reacher, #1)",Killing Floor,1997.0,eng,Thriller
478,0375757325,Robinson Crusoe,"The Life and Strange Surprising Adventures of Robinson Crusoe of York, Mariner",1719.0,eng,Clásicos
479,0937832383,The Prince,Il Principe,1513.0,eng,Clásicos
480,0440238153,"The Amber Spyglass (His Dark Materials, #3)",The Amber Spyglass,2000.0,eng,Fantasía
481,0765346524,"Wizard''s First Rule (Sword of Truth, #1)",Wizard's First Rule,1994.0,eng,Fantasía
482,1439153663,The Kitchen House,The Kitchen House,2010.0,eng,Ficción histórica
483,0316769029,Franny and Zooey,Franny and Zooey,1961.0,eng,Ficción
484,0385720920,Choke,Choke,2001.0,eng,Ficción
485,0374528373,The Brothers Karamazov,Братья Карамазовы,1880.0,eng,Clásicos
486,0375822747,"The City of Ember (Book of Ember, #1)",The City of Ember,2003.0,eng,Juvenil
487,0060541814,The Andromeda Strain,The Andromeda Strain,1969.0,,Ciencia ficción
488,0451933028,The Green Mile,The Green Mile,1996.0,eng,Terror
489,000100039X,The Prophet,The Prophet,1923.0,eng,Religión y espiritualidad
490,0394541553,"Maus I: A Survivor''s Tale: My Father Bleeds History (Maus, #1)",Maus: A Survivor's Tale : My Father Bleeds History,1985.0,eng,Cómic y novela gráfica
491,0312379838,"Untamed (House of Night, #4)",Untamed: A House of Night Novel,2008.0,eng,Juvenil
492,0812550757,"Speaker for the Dead (Ender''s Saga, #2)",Speaker for the Dead,1986.0,eng,Ciencia ficción
493,0684823780,Mere Christianity,Mere Christianity,1952.0,eng,Religión y espiritualidad
494,1400031702,The Secret History,The Secret History,1992.0,eng,Ficción
495,0375725784,A Heartbreaking Work of Staggering Genius,A Heartbreaking Work of Staggering Genius,2000.0,eng,Memorias
496,0553381679,"The Clan of the Cave Bear (Earth''s Children, #1)",The Clan of the Cave Bear,1980.0,eng,Ficción histórica
497,0439228905,Black Beauty,Black Beauty,1877.0,eng,Clásicos
498,0192833987,War and Peace,Война и миръ,1869.0,eng,Clásicos
500,0613371658,"The Princess Diaries (The Princess Diaries, #1)",The Princess Diaries,2000.0,eng,Juvenil
501,1400034779,"The No. 1 Ladies'' Detective Agency  (No. 1 Ladies'' Detective Agency, #1)",The No. 1 Ladies' Detective Agency ,1998.0,eng,Misterio
502,1582406723,"The Walking Dead, Vol. 01: Days Gone Bye","The Walking Dead, Vol. 1: Days Gone Bye",2004.0,eng,Cómic y novela gráfica
503,0451457994,"2001: A Space Odyssey (Space Odyssey, #1)",2001: A Space Odyssey,1968.0,eng,Ciencia ficción
504,1590525132,Redeeming Love,,1991.0,eng,Romántica
576,0486266893,Candide,Candide,1759.0,eng,Clásicos
505,0842342702,"Left Behind (Left Behind, #1)",Left Behind:  A Novel of the Earth's Last Days,1995.0,eng,Ficción
506,0062059998,"The One (The Selection, #3)",The One,2014.0,eng,Juvenil
507,0545265355,"The Hunger Games Trilogy Boxset (The Hunger Games, #1-3)",The Hunger Games Box Set,2010.0,eng,Juvenil
508,0805063897,Nickel and Dimed: On (Not) Getting By in America,Nickel and Dimed: On (Not) Getting By in America,2001.0,eng,Ensayo
509,0593053893,Remember Me?,Remember Me?,2008.0,eng,Romántica
510,0812517725,"The Great Hunt (Wheel of Time, #2)",The Great Hunt,1990.0,eng,Fantasía
511,0743477154,"Postmortem (Kay Scarpetta, #1)",Post-Mortem:  A Mystery Introducing Dr. Kay Scarpetta,1990.0,eng,Thriller
512,0385074077,The Complete Stories and Poems,The Complete Tales of Edgar Allan Poe,1849.0,eng,Clásicos
513,0553256696,The Hiding Place: The Triumphant True Story of Corrie Ten Boom,The Hiding Place,1971.0,eng,Biografía
514,0192835084,The Adventures of Sherlock Holmes,The Adventures of Sherlock Holmes,1892.0,eng,Clásicos
515,0553381547,The Prince of Tides,The Prince of Tides,1986.0,eng,Ficción
516,0312282990,The Amazing Adventures of Kavalier & Clay,The Amazing Adventures of Kavalier & Clay,2000.0,eng,Ficción histórica
517,0802798233,"Perfect Chemistry (Perfect Chemistry, #1)",Perfect Chemistry,2008.0,eng,Juvenil
518,0805072454,Peter Pan,Peter Pan,1904.0,eng,Clásicos
519,0689865392,"Pretties (Uglies, #2)",Pretties,2005.0,eng,Juvenil
520,0965341984,The Wind-Up Bird Chronicle,ねじまき鳥クロニクル [Nejimakidori kuronikuru],1994.0,eng,Ficción
521,0739465511,"The Lincoln Lawyer (Mickey Haller, #1; Harry Bosch Universe, #16)",The Lincoln Lawyer ,2005.0,eng,Thriller
522,0375507256,Cloud Atlas,Cloud Atlas,2004.0,eng,Ficción
523,0767902890,The Things They Carried,The Things They Carried,1990.0,eng,Ficción
524,1844137872,Wall and Piece,Wall and Piece,1988.0,eng,Arte
525,006197806X,"Pandemonium (Delirium, #2)",Pandemonium,2012.0,eng,Juvenil
526,0307277887,"Darkly Dreaming Dexter (Dexter, #1)",Darkly Dreaming Dexter,2004.0,eng,Thriller
527,1841493007,"Living Dead in Dallas (Sookie Stackhouse, #2)",Living Dead in Dallas,2002.0,eng,Fantasía
528,0765305119,"The Dragon Reborn (Wheel of Time, #3)",The Dragon Reborn ,1991.0,eng,Fantasía
529,0141439491,Gulliver's Travels,Gulliver’s Travels,1726.0,eng,Clásicos
530,0743482751,Much Ado About Nothing,Much Ado About Nothing,1598.0,eng,Clásicos
531,0393320979,Beowulf,Beowulf,975.0,eng,Clásicos
532,1401207529,Batman: Year One,Batman: Year One,1987.0,eng,Cómic y novela gráfica
533,0062409859,Go Set a Watchman,Go Set a Watchman,2015.0,eng,Ficción
534,0316143472,When You Are Engulfed in Flames,When You Are Engulfed in Flames,2008.0,eng,Memorias
535,0316134023,"Daughter of Smoke & Bone (Daughter of Smoke & Bone, #1)",Daughter of Smoke & Bone,2011.0,eng,Fantasía
536,1409151174,"Red Queen (Red Queen, #1)",Red Queen,2015.0,eng,Juvenil
537,1400069289,The Power of Habit: Why We Do What We Do in Life and Business,The Power of Habit,2011.0,eng,Psicología
538,0679751521,Midnight in the Garden of Good and Evil,Midnight in the Garden of Good and Evil,1994.0,eng,No ficción
539,1301949825,"Hopeless (Hopeless, #1)",Hopeless,2012.0,eng,Juvenil
540,0142437018,A Little Princess,A Little Princess,1905.0,eng,Infantil
541,0142406252,The Truth About Forever,The Truth About Forever,2004.0,eng,Juvenil
542,0439861365,"The Horse and His Boy (Chronicles of Narnia, #5)",The horse and his boy,1954.0,eng,Infantil
543,1595143068,"Last Sacrifice (Vampire Academy, #6)",Last Sacrifice ,2010.0,eng,Juvenil
544,0064400026,"Little House on the Prairie (Little House, #2)",Little House on the Prairie,1935.0,eng,Infantil
545,0380002558,The Velveteen Rabbit,The Velveteen Rabbit,1922.0,eng,Infantil
546,0060589469,Zen and the Art of Motorcycle Maintenance: An Inquiry Into Values,Zen and the Art of Motorcycle Maintenance,1974.0,eng,Ensayo
547,0375759239,The War of the Worlds,The War of the Worlds,1897.0,eng,Clásicos
548,0060887303,"Pretty Little Liars (Pretty Little Liars, #1)",Pretty Little Liars,2006.0,eng,Juvenil
549,0670241334,Corduroy,Corduroy,1948.0,eng,Infantil
550,1594200823,The Omnivore's Dilemma: A Natural History of Four Meals,The Omnivore's Dilemma,2006.0,eng,No ficción
551,0316176486,Life After Life,Life After Life,2013.0,eng,Ficción
552,0446696129,The Rescue,The Rescue,2000.0,eng,Romántica
553,045057458X,Needful Things,Needful Things,1991.0,,Terror
554,0385335997,"Voyager (Outlander, #3)",Voyager,1993.0,eng,Ficción histórica
555,0393315053,"Hamlet: Screenplay, Introduction And Film Diary",,1996.0,eng,Clásicos
556,0307348245,Cujo,Cujo,1981.0,spa,Terror
557,0747560595,The Virgin Suicides,The Virgin Suicides,1993.0,eng,Ficción
558,0441012183,"Dead to the World (Sookie Stackhouse, #4)",Dead to the World,2004.0,eng,Fantasía
559,0141439599,Tess of the D'Urbervilles,Tess of the d'Urbervilles: A Pure Woman Faithfully Presented,1891.0,eng,Clásicos
560,0192840398,Madame Bovary,Madame Bovary,1856.0,eng,Clásicos
561,0394820371,The Phantom Tollbooth,The Phantom Tollbooth,1961.0,eng,Infantil
562,0765326353,"The Way of Kings (The Stormlight Archive, #1)",The Way of Kings,2010.0,eng,Fantasía
563,1841493015,"Club Dead (Sookie Stackhouse, #3)",Club Dead,2003.0,eng,Fantasía
564,078685197X,It's Kind of a Funny Story,It's Kind of a Funny Story,2006.0,eng,Juvenil
565,0765316889,"The Well of Ascension (Mistborn, #2)",,2007.0,eng,Fantasía
567,034552554X,The Language of Flowers,The Language of Flowers,2011.0,eng,Ficción
568,156389341X,"Batman: The Dark Knight Returns (The Dark Knight Saga, #1)",Batman: The Dark Knight Returns,1986.0,eng,Cómic y novela gráfica
569,0446617792,"The Angel Experiment (Maximum Ride, #1)",The Angel Experiment,2005.0,eng,Juvenil
570,1573225517,High Fidelity,High Fidelity,1995.0,eng,Ficción
571,0446696110,The Guardian,The Guardian,2003.0,eng,Romántica
572,0385721676,"Oryx and Crake (MaddAddam, #1)",Oryx and Crake,2003.0,eng,Ciencia ficción
573,0060574216,"Men Are from Mars, Women Are from Venus","Men Are from Mars, Women Are from Venus Book of Days: 365 Inspirations to Enrich Your Relationships",1998.0,eng,Autoayuda
574,0060899220,Kitchen Confidential: Adventures in the Culinary Underbelly,Kitchen Confidential: Adventures in the Culinary Underbelly,2000.0,eng,Memorias
577,0374480095,Tuck Everlasting,Tuck Everlasting,1975.0,eng,Infantil
578,2253147699,Christine,Christine,1983.0,fre,Terror
579,0001713221,Are You My Mother?,Are You My Mother?,1960.0,eng,Infantil
580,071483355X,The Story of Art,The Story of Art,1950.0,eng,Arte
581,0312642962,"Scarlet (The Lunar Chronicles, #2)",Scarlet,2013.0,eng,Ciencia ficción
582,0751532711,"Rich Dad, Poor Dad","Rich Dad , Poor Dad",1997.0,eng,Negocios
583,1442426640,"Silence (Hush, Hush, #3)",Silence ,2011.0,eng,Juvenil
584,0670020559,The Magicians (The Magicians #1),The Magicians,2009.0,eng,Fantasía
585,1421501686,"Death Note, Vol. 1: Boredom (Death Note, #1)",デスノート #1 (Desu Nōto) Taikutsu (退屈),2004.0,eng,Cómic y novela gráfica
586,0689875347,"A Great and Terrible Beauty (Gemma Doyle, #1)",A Great and Terrible Beauty,2003.0,eng,Juvenil
587,0060529709,Everything Is Illuminated,Everything Is Illuminated,2002.0,eng,Ficción
588,0752863886,"The Bourne Supremacy (Jason Bourne, #2)",The Bourne Supremacy,1986.0,eng,Thriller
589,0425266745,"Easy (Contours of the Heart, #1)",Easy,2012.0,eng,Romántica
590,0140439447,David Copperfield,David Copperfield,1849.0,eng,Clásicos
591,0316013684,The Absolutely True Diary of a Part-Time Indian,The Absolutely True Diary of a Part-Time Indian,2007.0,eng,Juvenil
592,0679760806,The Master and Margarita,Мастер и Маргарита,1967.0,eng,Clásicos
593,0553383043,"A Wizard of Earthsea (Earthsea Cycle, #1)",A Wizard of Earthsea,1968.0,eng,Fantasía
594,0763616052,Because of Winn-Dixie,Because of Winn-Dixie,2000.0,eng,Infantil
595,0743253973,A Separate Peace,A Separate Peace,1959.0,eng,Clásicos
596,0385339607,The Rainmaker,The Rainmaker,1995.0,eng,Thriller
597,0142437239,Don Quixote,Don Quijote de La Mancha,1605.0,eng,Clásicos
598,0006480098,"Assassin''s Apprentice (Farseer Trilogy, #1)",Assassin's Apprentice,1995.0,eng,Fantasía
599,0345418921,"The Restaurant at the End of the Universe (Hitchhiker''s Guide, #2)",The Restaurant at the End of the Universe,1980.0,eng,Ciencia ficción
600,0385739141,"Torment (Fallen, #2)",Torment,2010.0,eng,Juvenil
601,0723247706,The Tale of Peter Rabbit,The Tale of Peter Rabbit,1901.0,eng,Infantil
602,0064405044,"The Silver Chair (Chronicles of Narnia, #4)",The Silver Chair,1953.0,eng,Fantasía
603,0765316897,"The Hero of Ages (Mistborn, #3)",The Hero of Ages,2008.0,eng,Fantasía
604,0679746048,"Girl, Interrupted","Girl, Interrupted",1993.0,eng,Memorias
605,0061173398,"Are You There, Vodka? It''s Me, Chelsea","Are You There, Vodka? It''s Me, Chelsea",2007.0,,Memorias
606,0743278909,Jonathan Livingston Seagull,Jonathan Livingston Seagull,1970.0,eng,Ficción
607,1481426303,"City of Heavenly Fire (The Mortal Instruments, #6)",City of Heavenly Fire,2014.0,eng,Juvenil
608,0920668372,Love You Forever,Love You Forever,1986.0,eng,Infantil
609,1416524517,Cell,Cell,2006.0,eng,Terror
610,067002581X,The Boys in the Boat: Nine Americans and Their Epic Quest for Gold at the 1936 Berlin Olympics,The Boys in the Boat: Nine Americans and Their Epic Quest for Gold at the 1936 Berlin Olympics,2013.0,eng,Deportes
611,0618391118,The Silmarillion (Middle-Earth Universe),The Silmarillion,1977.0,eng,Fantasía
612,0451210859,"The Drawing of the Three (The Dark Tower, #2)",The Drawing of the Three,1987.0,eng,Fantasía
613,0330449605,The Forgotten Garden,The Forgotten Garden,2008.0,eng,Misterio
614,0099428644,The Trial,Der Prozeß,1925.0,eng,Clásicos
615,0142501557,This Lullaby,This Lullaby,2002.0,eng,Juvenil
616,0743275012,Plain Truth,Plain Truth,2000.0,eng,Ficción
617,0385523386,Orange Is the New Black,Orange Is the New Black: My Year in a Women's Prison,2010.0,eng,Memorias
618,0451528018,The Hound of the Baskervilles,The Hound of the Baskervilles,1902.0,eng,Misterio
619,0374275637,"Thinking, Fast and Slow","Thinking, Fast and Slow",2011.0,eng,Psicología
620,0345350499,"The Mists of Avalon (Avalon, #1)",The Mists of Avalon,1982.0,eng,Fantasía
621,0689841582,"Are You There God? It''s Me, Margaret","Are You There God? It''s Me, Margaret",1970.0,eng,Juvenil
622,0446612707,Nights in Rodanthe,Nights in Rodanthe,2002.0,eng,Romántica
623,1476754454,"Mr. Mercedes (Bill Hodges Trilogy, #1)",Mr. Mercedes,2014.0,eng,Thriller
624,0441014941,"All Together Dead (Sookie Stackhouse, #7)",All Together Dead,2007.0,eng,Fantasía
625,0375706771,Midwives,Midwives,1997.0,eng,Ficción
626,0395389496,The Polar Express,The Polar Express,1985.0,eng,Infantil
627,0140544518,The True Story of the 3 Little Pigs,The True Story of the Three Little Pigs,1989.0,eng,Infantil
628,0425134350,"Patriot Games (Jack Ryan Universe, #2)",Patriot Games,1987.0,eng,Thriller
629,0061124265,Veronika Decides to Die,Veronika decide morrer,1998.0,eng,Ficción
630,0385349947,"Lean In: Women, Work, and the Will to Lead","Lean In: Women, Work, and the Will to Lead",2013.0,eng,Negocios
631,0441013333,"Dead as a Doornail (Sookie Stackhouse, #5)",Dead as a Doornail ,2005.0,eng,Fantasía
632,0062085484,"Shatter Me (Shatter Me, #1)","Shatter Me (Shatter Me, #1)",2011.0,eng,Juvenil
633,0441783589,Starship Troopers,Starship Troopers,1959.0,eng,Ciencia ficción
634,0385342063,I've Got Your Number,I've Got Your Number,2011.0,eng,Romántica
635,1857993284,Sophie's World,Sofies Verden,1991.0,eng,Ficción
636,0316134112,"The Twilight Saga Breaking Dawn Part 1: The Official Illustrated Movie Companion (The Twilight Saga: The Official Illustrated Movie Companion, #4)",,2011.0,eng,Cómic y novela gráfica
637,0553278223,The Martian Chronicles,The Martian Chronicles,1950.0,eng,Ciencia ficción
638,0307592839,A Visit from the Goon Squad,A Visit From the Goon Squad,2010.0,eng,Ficción
639,0753454947,Heidi,Heidi,1880.0,eng,Clásicos
640,0061015725,Prey,Prey,2002.0,,Ciencia ficción
641,0007202326,"The Last Battle (Chronicles of Narnia, #7)",The Last Battle,1956.0,eng,Fantasía
642,0525950079,"World Without End (The Kingsbridge Series, #2)",World Without End,2007.0,eng,Ficción histórica
643,0312360304,"Chosen (House of Night, #3)",Chosen: A House of Night Novel,2008.0,eng,Juvenil
644,,"Slammed (Slammed, #1)",Slammed,2012.0,eng,Romántica
645,0060874163,"Beastly (Beastly, #1; Kendra Chronicles, #1)","Beastly (Beastly, #1, Kendra Chronicles, #1)",2007.0,eng,Juvenil
646,0140424385,The Canterbury Tales,Tales of Caunterbury,1390.0,eng,Clásicos
647,0312348649,Baby Proof,Baby Proof,2006.0,eng,Romántica
648,0375856110,"Inheritance (The Inheritance Cycle, #4)",Inheritance,2011.0,eng,Fantasía
649,0307593312,1Q84,いちきゅうはちよん [Ichi-Kyū-Hachi-Yon],2009.0,eng,Ficción
650,1840224029,Uncle Tom's Cabin,Uncle Tom's Cabin or Life Among the Lowly,1852.0,eng,Clásicos
651,0060809248,The Phantom of the Opera,Le Fantôme de l'Opéra,1909.0,eng,Clásicos
652,0441014917,"Definitely Dead (Sookie Stackhouse, #6)","Definitely Dead (Sookie Stackhouse, #6)",2006.0,eng,Fantasía
653,0156007754,Blindness,Ensaio Sobre a Cegueira,1995.0,eng,Ficción
654,0374158460,Freedom,Freedom,2010.0,eng,Ficción
655,0142421715,"Crossed (Matched, #2)",Crossed,2011.0,eng,Juvenil
656,1423100034,"I''d Tell You I Love You, But Then I''d Have to Kill You (Gallagher Girls, #1)","I''d Tell You I Love You, But Then I''d Have to Kill You",2006.0,eng,Juvenil
657,1416562591,The White Tiger,The White Tiger,2008.0,eng,Ficción
658,1841156736,The Corrections,The Corrections,2001.0,eng,Ficción
659,1921351438,Dreams from My Father: A Story of Race and Inheritance,Dreams from My Father,1995.0,eng,Memorias
660,0060541830,Congo,Congo,1980.0,eng,Thriller
661,0689711735,"Alexander and the Terrible, Horrible, No Good, Very Bad Day","Alexander and the Terrible, Horrible, No Good, Very Bad Day",1972.0,eng,Infantil
662,0618101365,Interpreter of Maladies,Interpreter of Maladies,1999.0,eng,Ficción
663,0060838655,A People's History of the United States,A People's History of the United States: 1492 to Present ,1980.0,eng,Historia
664,0679745653,Breakfast at Tiffany's,Breakfast at Tiffany's,1958.0,eng,Ficción
665,0345504968,"The Passage (The Passage, #1)",The Passage,2010.0,eng,Terror
666,0060515198,Anansi Boys,Anansi Boys,2005.0,eng,Fantasía
667,0670011940,Along for the Ride,Along for the Ride,2009.0,eng,Juvenil
668,159420571X,Everything I Never Told You,Everything I Never Told You,2014.0,eng,Ficción
669,0553383809,The House of the Spirits,La casa de los espíritus,1982.0,eng,Ficción
670,0451155750,The Dead Zone,The Dead Zone,1979.0,eng,Terror
671,0646418432,"The Mysterious Affair at Styles (Hercule Poirot, #1)",The Mysterious Affair at Styles,1920.0,eng,Misterio
672,0425200450,"Murder on the Orient Express (Hercule Poirot, #10)",Murder in the Calais Coach,1934.0,eng,Misterio
673,0307271080,Americanah,Americanah,2013.0,eng,Ficción
674,0446611085,Suzanne's Diary for Nicholas,Suzanne's Diary for Nicholas,2001.0,eng,Ficción
675,0451167805,Firestarter,Firestarter,1980.0,eng,Terror
676,0425263924,"Entwined with You (Crossfire, #3)",Entwined with You,2013.0,eng,Romántica
677,0307266303,"Born to Run: A Hidden Tribe, Superathletes, and the Greatest Race the World Has Never Seen","Born to Run: A Hidden Tribe, Superathletes, and the Greatest Race the World Has Never Seen",2009.0,eng,Deportes
678,1616203218,The Storied Life of A.J. Fikry,The Storied Life of A.J. Fikry,2014.0,eng,Ficción
679,0590133373,Madeline,Mad About Madeline,1939.0,eng,Infantil
680,1585424331,Think and Grow Rich: The Landmark Bestseller - Now Revised and Updated for the 21st Century,Think and Grow Rich,1937.0,eng,Autoayuda
681,0060885378,"Little House in the Big Woods (Little House, #1)",Little House In The Big Woods,1932.0,eng,Infantil
682,0765356155,Jonathan Strange & Mr Norrell,Jonathan Strange & Mr Norrell,2004.0,eng,Fantasía
683,0446696137,A Bend in the Road,A Bend in the Road,2001.0,eng,Romántica
684,1423146727,"The House of Hades (The Heroes of Olympus, #4)",The House of Hades,2013.0,eng,Juvenil
685,0061448761,"Gone (Gone, #1)",Gone,2008.0,eng,Juvenil
686,0446615862,"The Wedding (The Notebook, #2)",The Wedding,2003.0,eng,Romántica
687,0743226720,1776,1776,2005.0,eng,Historia
688,0330419129,Under the Banner of Heaven: A Story of Violent Faith,Under the Banner of Heaven: A Story of Violent Faith,2003.0,eng,Religión y espiritualidad
689,0061928127,Beautiful Ruins,Beautiful Ruins,2012.0,eng,Ficción
690,0307237699,The Audacity of Hope: Thoughts on Reclaiming the American Dream,The Audacity of Hope: Thoughts on Reclaiming the American Dream,2006.0,eng,Memorias
691,0743455967,On Writing: A Memoir of the Craft,On Writing: A Memoir of the Craft,1999.0,eng,Memorias
692,0312364083,"Firefly Lane (Firefly Lane, #1)",Firefly Lane,2008.0,eng,Ficción
693,0345418972,Sphere,Sphere,1987.0,eng,Ciencia ficción
694,0312348673,Love the One You're With,Love the One You're With,2008.0,eng,Romántica
695,0316206873,"The Silkworm (Cormoran Strike, #2)",The Silkworm,2014.0,eng,Misterio
696,0345476883,"The Vampire Lestat (The Vampire Chronicles, #2)",The Vampire Lestat,1985.0,eng,Terror
697,0062049801,State of Wonder,State of Wonder,2011.0,eng,Ficción
698,0374533571,The Silver Linings Playbook,The Silver Linings Playbook,2008.0,eng,Ficción
699,076072850X,Twenty Thousand Leagues Under the Sea,Vingt Mille Lieues Sous les Mers,1869.0,eng,Clásicos
700,0743272498,"The Constant Princess (The Plantagenet and Tudor Novels, #6)",The Constant Princess,2005.0,eng,Ficción histórica
701,0151009988,Mrs. Dalloway,Mrs Dalloway,1925.0,eng,Clásicos
702,1843913720,The Hundred-Year-Old Man Who Climbed Out of the Window and Disappeared,Hundraåringen som klev ut genom fönstret och försvann,2009.0,eng,Ficción
703,067102423X,Bag of Bones,Bag of Bones,1998.0,eng,Terror
704,0786226749,The Cider House Rules,The Cider House Rules,1985.0,eng,Ficción
705,0451190750,Thinner,Thinner,1984.0,eng,Terror
706,014044906X,Around the World in Eighty Days,Le tour du monde en quatre-vingts jours,1872.0,eng,Clásicos
707,0060739495,Walk Two Moons,Walk Two Moons,1994.0,eng,Juvenil
708,0060589280,Eleven Minutes,Onze minutos,2003.0,eng,Ficción
709,0316767727,Nine Stories,Nine Stories,1953.0,eng,Ficción
710,031610969X,"Julie and Julia: 365 Days, 524 Recipes, 1 Tiny Apartment Kitchen: How One Girl Risked Her Marriage, Her Job, and Her Sanity to Master the Art of Living","Julie & Julia: 365 Days, 524 Recipes, 1 Tiny Apartment Kitchen",2005.0,eng,Memorias
711,1416912045,"Unwind (Unwind, #1)",Unwind,2007.0,eng,Juvenil
712,0385335989,"Drums of Autumn (Outlander, #4)","Drums of Autumn (Outlander, #4)",1996.0,eng,Ficción histórica
713,0399256768,"Prodigy (Legend, #2)",Prodigy,2013.0,eng,Juvenil
714,074348276X,King Lear,The Tragedie of King Lear,1603.0,eng,Clásicos
715,0435233076,Death of a Salesman,Death of a Salesman,1949.0,eng,Clásicos
716,0446579920,The Choice,The Choice,2007.0,eng,Romántica
717,0545422906,The Hunger Games: Official Illustrated Movie Companion,,2012.0,eng,No ficción
718,9784061330405,The Sound and the Fury,The Sound and the Fury,1929.0,eng,Clásicos
719,0452287588,A New Earth: Awakening to Your Life's Purpose,A New Earth: Awakening to Your Life's Purpose,2005.0,eng,Autoayuda
720,1591164419,"Bleach, Volume 01",BLEACH―ブリーチ―　1,2002.0,eng,Cómic y novela gráfica
721,1451666179,"Hyperbole and a Half: Unfortunate Situations, Flawed Coping Mechanisms, Mayhem, and Other Things That Happened",,2013.0,eng,Cómic y novela gráfica
722,0812513738,"The Shadow Rising (Wheel of Time, #4)",The Shadow Rising ,1992.0,eng,Fantasía
723,192076920X,Shantaram,Shantaram,2003.0,eng,Ficción
724,0441015891,"From Dead to Worse (Sookie Stackhouse, #8)",From Dead to Worse,2008.0,eng,Fantasía
725,0670032565,"The Waste Lands (The Dark Tower, #3)",The Waste Lands,1991.0,eng,Fantasía
726,0451188454,"The Bone Collector (Lincoln Rhyme, #1)",The Bone Collector,1997.0,eng,Thriller
727,0375408266,The Reader,Der Vorleser,1995.0,eng,Ficción
728,0805047905,"Brown Bear, Brown Bear, What Do You See?","Brown Bear, Brown Bear, What Do You See?",1967.0,eng,Infantil
729,0553283685,"Hyperion (Hyperion Cantos, #1)",Hyperion,1989.0,eng,Ciencia ficción
730,0142000698,The Pearl,The Pearl of the World,1947.0,eng,Clásicos
731,0061007226,The Exorcist,The Exorcist,1971.0,eng,Terror
732,031612558X,"The Short Second Life of Bree Tanner: An Eclipse Novella (Twilight, #3.5)",The Short Second Life of Bree Tanner,2009.0,eng,Juvenil
733,067976402X,Snow Falling on Cedars,Snow Falling on Cedars,1994.0,eng,Ficción histórica
734,0440174643,Roots: The Saga of an American Family,Roots,1976.0,eng,Ficción histórica
735,0930289455,Batman: The Killing Joke,Batman: The Killing Joke ,1988.0,eng,Cómic y novela gráfica
736,0679732764,Invisible Man,Invisible Man,1952.0,eng,Clásicos
737,0374105235,A Long Way Gone: Memoirs of a Boy Soldier,A Long Way Gone. Memoirs of a Boy Soldier,2007.0,eng,Memorias
738,0689862202,"Mrs. Frisby and the Rats of NIMH (Rats of NIMH, #1)",Mrs. Frisby and the Rats of NIMH,1971.0,,Infantil
739,0751514624,Different Seasons,Different Seasons,1982.0,eng,Ficción
740,0060529962,"The Little House Collection (Little House, #1-9)",The Little House Collection,1953.0,,Infantil
741,0143035479,The Girls' Guide to Hunting and Fishing,The Girls' Guide to Hunting and Fishing,1998.0,,Ficción
742,,"Wool Omnibus (Silo, #1)",Wool Omnibus,2012.0,eng,Ciencia ficción
743,0380813815,"Lamb: The Gospel According to Biff, Christ''s Childhood Pal","Lamb: The Gospel According to Biff, Christ''s Childhood Pal",2002.0,eng,Ficción
744,1577314808,The Power of Now: A Guide to Spiritual Enlightenment,The Power of Now,1997.0,eng,Autoayuda
745,0399159010,Let's Pretend This Never Happened: A Mostly True Memoir,Let's Pretend This Never Happened (A Mostly True Memoir),2012.0,eng,Memorias
746,0553804677,"The Lies of Locke Lamora (Gentleman Bastard, #1)",The Lies of Locke Lamora,2006.0,eng,Fantasía
747,0064471837,"Sabriel (Abhorsen,  #1)",Sabriel,1995.0,eng,Fantasía
748,0441017150,"Dead and Gone (Sookie Stackhouse, #9)",Dead and Gone,2009.0,eng,Fantasía
749,1439102767,The Storyteller,The Storyteller,2013.0,eng,Ficción
750,1620610078,"Obsidian (Lux, #1)",Obsidian,2011.0,eng,Juvenil
751,0345418905,"Life, the Universe and Everything (Hitchhiker''s Guide, #3)","Life, the Universe and Everything",1982.0,eng,Ciencia ficción
752,1619630621,"Crown of Midnight (Throne of Glass, #2)",Crown of Midnight,2013.0,eng,Juvenil
753,1932664084,"Scott Pilgrim, Volume 1: Scott Pilgrim''s Precious Little Life","Scott Pilgrim, Volume 1: Scott Pilgrim''s Precious Little Life",2004.0,eng,Cómic y novela gráfica
754,1416586288,Half Broke Horses,Half Broke Horses: A True Life Novel,2008.0,eng,Biografía
755,0061020680,"Mort (Death, #1; Discworld, #4)",Mort,1987.0,eng,Fantasía
756,0373210086,"The Iron King (The Iron Fey, #1)","The Iron King (The Iron Fey, #1) ",2010.0,eng,Juvenil
757,067168390X,Lonesome Dove,Lonesome Dove,1985.0,eng,Ficción histórica
758,0393324826,Stiff: The Curious Lives of Human Cadavers,Stiff: The Curious Lives of Human Cadavers,2003.0,eng,No ficción
759,1595143173,"Bloodlines (Bloodlines, #1)",Bloodlines,2011.0,eng,Juvenil
760,0765342405,"Ender''s Shadow (Ender''s Shadow, #1)",Ender's Shadow,1998.0,eng,Ciencia ficción
761,0385342020,Twenties Girl,Twenties Girl,2009.0,eng,Romántica
762,0340606517,Schindler's List,Schindler's Ark,1982.0,eng,Ficción histórica
763,0452287065,The Bluest Eye,The Bluest Eye,1970.0,eng,Clásicos
764,1416563687,"The White Queen (The Plantagenet and Tudor Novels, #2)",The White Queen,2009.0,eng,Ficción histórica
765,0345350685,The Autobiography of Malcolm X,The Autobiography of Malcolm X,1965.0,eng,Biografía
766,1563892278,Preludes & Nocturnes (The Sandman #1),Preludes & Nocturnes,1989.0,eng,Cómic y novela gráfica
767,0345465083,Seabiscuit: An American Legend,Seabiscuit,1999.0,eng,Deportes
768,038073186X,Shutter Island,Shutter Island,2003.0,eng,Thriller
769,0553328255,The Complete Sherlock Holmes,The Complete Sherlock Holmes,1894.0,eng,Clásicos
770,0198320272,Julius Caesar,The Tragedy of Julius Caesar,1599.0,eng,Clásicos
771,0307408841,"In the Garden of Beasts: Love, Terror, and an American Family in Hitler''s Berlin","In the Garden of Beasts: Love, Terror, and an American Family in Hitler''s Berlin",2011.0,eng,Historia
772,0140449140,The Republic,Πολιτεία,-380.0,eng,Clásicos
773,074347757X,The Taming of the Shrew,The Taming of the Shrew,1593.0,eng,Clásicos
774,0312642970,"Cress (The Lunar Chronicles, #3)",Cress,2014.0,eng,Juvenil
775,006621131X,Just Kids,Just Kids,2010.0,eng,Memorias
776,0714836257,The Art Book,,1997.0,eng,Arte
777,0767905180,Jemima J,Jemima J,2001.0,eng,Romántica
778,0451527887,The Hunchback of Notre-Dame,Notre-Dame de Paris,1831.0,eng,Clásicos
779,140003065X,A Fine Balance,A Fine Balance,1996.0,eng,Ficción
780,0836220889,Calvin and Hobbes,Calvin and Hobbes,1987.0,eng,Cómic y novela gráfica
781,0689865406,"Specials (Uglies, #3)",Specials,2006.0,eng,Juvenil
782,0543898083,The Awakening,The Awakening,1899.0,eng,Clásicos
783,031237982X,"Hunted (House of Night, #5)",Hunted,2009.0,eng,Juvenil
784,1401303277,For One More Day,For One More Day,2006.0,eng,Ficción
785,0425144372,"Clear and Present Danger (Jack Ryan Universe, #6)",Clear and Present Danger,1989.0,eng,Thriller
786,0060513098,Falling Up,Falling Up,1996.0,eng,Infantil
787,0061992704,Sh*t My Dad Says,Sh*t My Dad Says,2010.0,,No ficción
788,2020336464,Trainspotting,Trainspotting,1993.0,fre,Ficción
789,0553803727,Foundation and Empire (Foundation #2),Foundation and Empire,1952.0,eng,Ciencia ficción
790,1878424505,The Four Agreements: A Practical Guide to Personal Freedom,"The Four Agreements: A Practical Guide to Personal Freedom, A Toltec Wisdom Book",1997.0,,Autoayuda
791,0743296435,House Rules,House Rules,2010.0,eng,Ficción
792,0394709306,The Complete Grimm's Fairy Tales,Brüder Grimm: Kinder- und Hausmärchen,1812.0,eng,Clásicos
793,0744583276,From the Mixed-Up Files of Mrs. Basil E. Frankweiler,From the Mixed-Up Files of Mrs. Basil E. Frankweiler,1967.0,eng,Infantil
794,1476727651,"Doctor Sleep (The Shining, #2)",Doctor Sleep,2013.0,eng,Terror
795,0140285679,About a Boy,About a Boy,1998.0,eng,Ficción
796,,"On Dublin Street (On Dublin Street, #1)",On Dublin Street,2012.0,eng,Romántica
797,1434768511,Crazy Love: Overwhelmed by a Relentless God,Crazy Love: Overwhelmed by a Relentless God,2008.0,eng,Religión y espiritualidad
798,0007173687,"One Fish, Two Fish, Red Fish, Blue Fish","One Fish, Two Fish, Red Fish, Blue Fish",1960.0,,Infantil
799,9784167136130,Watchers,Watchers,1987.0,,Terror
800,0553213873,The Story of My Life,The Story of My Life,1902.0,eng,Biografía
801,052595127X,This is Where I Leave You,This Is Where I Leave You,2009.0,eng,Ficción
802,0446563080,Abraham Lincoln: Vampire Hunter,Abraham Lincoln: Vampire Hunter,2010.0,eng,Ficción histórica
803,1591826039,"Fruits Basket, Vol. 1",フルーツバスケット 1,1999.0,eng,Cómic y novela gráfica
804,0743482832,The Tempest,The Tempest,1623.0,eng,Clásicos
805,1905654944,"Burned (House of Night, #7)",Burned: A House of Night Novel,2010.0,eng,Juvenil
806,0340829788,"Wizard and Glass (The Dark Tower, #4)",Wizard and Glass,1997.0,eng,Fantasía
807,0385351399,The Circle,The Circle,2013.0,eng,Ficción
808,0439813786,The Invention of Hugo Cabret,The Invention of Hugo Cabret,2007.0,eng,Infantil
809,0060776099,Brave New World / Brave New World Revisited,Brave New World/Brave New World Revisited,1932.0,eng,Clásicos
810,1591169151,"Ouran High School Host Club, Vol. 1 (Ouran High School Host Club, #1)",桜蘭高校ホスト部 1,2003.0,eng,Cómic y novela gráfica
811,0778316556,The Good Girl,The Good Girl,2014.0,eng,Thriller
812,9780988301313,"Fallen Too Far (Rosemary Beach, #1; Too Far, #1)","Fallen Too Far (Too Far, #1)",2012.0,eng,Romántica
813,1250049377,Landline,Landline,2014.0,eng,Romántica
814,1905654588,"Tempted (House of Night, #6)",Tempted,2008.0,eng,Juvenil
815,0375706674,No Country for Old Men,No Country for Old Men,2005.0,eng,Ficción
816,0007230206,"Wolf Hall (Thomas Cromwell, #1)",Wolf Hall,2009.0,eng,Ficción histórica
817,006441034X,"Howl''s Moving Castle (Howl''s Moving Castle, #1)",Howl's Moving Castle,1986.0,eng,Fantasía
818,2226131906,Dreamcatcher,Dreamcatcher,2001.0,fre,Terror
819,0691096120,Walden,Walden; or Life in the Woods,1854.0,eng,Clásicos
820,0571225381,The Remains of the Day,The Remains of the Day,1989.0,eng,Ficción
821,0446547654,The Best of Me,The Best of Me,2010.0,eng,Romántica
822,0224094157,The Sense of an Ending,The Sense of an Ending,2011.0,eng,Ficción
823,0312938993,"A is for Alibi (Kinsey Millhone, #1)",A is for Alibi,1982.0,eng,Misterio
824,1580495931,"Oedipus Rex  (The Theban Plays, #1)",Οἰδίπους Τύραννος,-430.0,eng,Clásicos
825,1400067111,Shanghai Girls (Shanghai Girls #1),Shanghai Girls,2009.0,eng,Ficción histórica
826,0143039091,The Wind in the Willows,The Wind in the Willows,1908.0,eng,Clásicos
827,,"To All the Boys I''ve Loved Before (To All the Boys I''ve Loved Before, #1)",To All the Boys I've Loved Before,2014.0,eng,Juvenil
828,037571457X,"Persepolis: The Story of a Childhood (Persepolis, #1)",Persepolis,2000.0,eng,Cómic y novela gráfica
829,1420925431,A Room with a View,A Room with a View,1908.0,eng,Clásicos
853,0590452037,Maniac Magee,Maniac Magee,1990.0,eng,Juvenil
830,0316084239,The DUFF: Designated Ugly Fat Friend,The DUFF: Designated Ugly Fat Friend,2010.0,eng,Juvenil
831,067001088X,Lock and Key,Lock and Key,2008.0,eng,Juvenil
832,0399151575,"Naked in Death (In Death, #1)",Naked in Death,1995.0,eng,Thriller
833,0385339666,The Chamber,The Chamber,1994.0,eng,Thriller
834,,"Midnight Sun (Twilight, #1.5)",Midnight Sun (Partial Draft),2008.0,eng,Juvenil
835,1569319006,"Naruto, Vol. 01: The Tests of the Ninja (Naruto, #1)",NARUTO -ナルト- 巻ノ一 ,1999.0,eng,Cómic y novela gráfica
836,0812993292,"The Unlikely Pilgrimage of Harold Fry (Harold Fry, #1)",The Unlikely Pilgrimage of Harold Fry,2012.0,eng,Ficción
837,0307931889,"Every Day (Every Day, #1)",Every Day,2012.0,eng,Juvenil
838,0312861877,"Xenocide (Ender''s Saga, #3)",Xenocide,1991.0,eng,Ciencia ficción
839,0743477561,The Merchant of Venice,The Merchant of Venice,1596.0,eng,Clásicos
840,0440178002,"Shōgun (Asian Saga, #1)",Shōgun,1975.0,eng,Ficción histórica
841,0451219368,"Lover Awakened (Black Dagger Brotherhood, #3)","Lover Awakened (Black Dagger Brotherhood, #3)",2006.0,eng,Romántica
842,1619634449,"A Court of Thorns and Roses (A Court of Thorns and Roses, #1)",A Court of Thorns and Roses,2015.0,eng,Fantasía
843,0345803574,"Fifty Shades Trilogy (Fifty Shades, #1-3)",,2012.0,,Romántica
844,068983568X,Chicka Chicka Boom Boom,Chicka Chicka Boom Boom,1989.0,eng,Infantil
845,0545132053,Smile,Smile,2009.0,eng,Cómic y novela gráfica
846,0151010269,Animal Farm / 1984, Animal Farm & 1984,1950.0,eng,Clásicos
847,0140286276,"The Deep End of the Ocean (Cappadora Family, #1)",The Deep End of the Ocean,1996.0,eng,Ficción
848,0345457374,The Bonesetter's Daughter,The Bonesetter's Daughter,2001.0,eng,Ficción
849,0060288140,"Angus, Thongs and Full-Frontal Snogging (Confessions of Georgia Nicolson, #1)","Angus, Thongs and Full-Frontal Snogging",1999.0,eng,Juvenil
850,0374214913,"Mr. Penumbra''s 24-Hour Bookstore (Mr. Penumbra''s 24-Hour Bookstore, #1)",Mr. Penumbra's 24-Hour Bookstore,2012.0,eng,Misterio
851,0743496310,"Flowers in the Attic (Dollanganger, #1)",Flowers in the Attic,1979.0,eng,Ficción
852,9789048854370,When Breath Becomes Air,When Breath Becomes Air,2016.0,eng,Memorias
854,0099285444,Invisible Monsters,Invisible Monsters,1999.0,eng,Ficción
855,0743482778,Twelfth Night,"Twelfth Night; or, What You Will",1601.0,eng,Clásicos
856,0385732562,"Gathering Blue (The Giver, #2)",Gathering Blue,2000.0,eng,Juvenil
857,014240120X,The Westing Game,The Westing Game,1978.0,eng,Juvenil
858,0345539788,"Red Rising (Red Rising, #1)",Red Rising,2014.0,eng,Ciencia ficción
859,0316033677,"The Way of Shadows (Night Angel, #1)",The Way of Shadows,2008.0,eng,Fantasía
860,0812474945,"The Bean Trees (Greer Family, #1)",The Bean Trees,1988.0,eng,Ficción
861,1476712980,"Walking Disaster (Beautiful, #2)",Walking Disaster,2013.0,eng,Romántica
862,0765326361,"Words of Radiance (The Stormlight Archive, #2)",Words of Radiance,2014.0,eng,Fantasía
863,076360013X,Guess How Much I Love You,Guess How Much I Love You,1988.0,eng,Infantil
864,0440221668,"The Fiery Cross (Outlander, #5)",The Fiery Cross,2001.0,eng,Ficción histórica
865,0450042685,Night Shift,Night Shift,1978.0,eng,Terror
866,1400064562,Jaws,Jaws,1974.0,eng,Thriller
867,0393328627,The History of Love,The History of Love,2005.0,eng,Ficción
868,0142402494,Pippi Longstocking,Pippi Långstrump,1945.0,eng,Infantil
869,1933372605,The Elegance of the Hedgehog,L'élégance du hérisson,2006.0,eng,Ficción
870,0743270754,Team of Rivals: The Political Genius of Abraham Lincoln,Team of Rivals: The Political Genius of Abraham Lincoln,2005.0,eng,Biografía
871,0441018645,"Dead in the Family (Sookie Stackhouse, #10)",Dead in the Family,2010.0,eng,Fantasía
872,0679720219,The Plague,La peste,1947.0,eng,Clásicos
873,0439206480,"The Reptile Room (A Series of Unfortunate Events, #2)",The Reptile Room,1999.0,eng,Infantil
874,145162137X,Brain on Fire: My Month of Madness,Brain on Fire,2012.0,eng,Memorias
875,0061214655,"Wicked Lovely (Wicked Lovely, #1)",Wicked Lovely ,2007.0,eng,Fantasía
876,039515023X,Curious George,Curious George,1941.0,eng,Infantil
877,0525457585,The Neverending Story,Die unendliche Geschichte,1979.0,eng,Fantasía
878,0571212921,A Beautiful Mind,A Beautiful Mind,1998.0,eng,Biografía
879,1884365302,The Jungle,The Jungle,1906.0,eng,Clásicos
880,0061662690,"The Summoning (Darkest Powers, #1)",The Summoning,2008.0,eng,Juvenil
881,0684853949,The Man Who Mistook His Wife for a Hat and Other Clinical Tales,The Man Who Mistook His Wife for a Hat and Other Clinical Tales,1985.0,eng,Psicología
882,006074815X,Eye of the Needle,Storm Island,1978.0,eng,Thriller
883,1860498809,The Blind Assassin,The Blind Assassin,2000.0,eng,Ficción
884,1594747350,"Hollow City (Miss Peregrine’s Peculiar Children, #2)",Hollow City,2014.0,eng,Juvenil
885,0375727345,House of Sand and Fog,House of Sand and Fog,1999.0,eng,Ficción
886,0356500152,The Girl with All the Gifts,The Girl with All the Gifts,2014.0,eng,Ciencia ficción
887,067973225X,As I Lay Dying,As I Lay Dying,1930.0,eng,Clásicos
888,0747532036,Harold and the Purple Crayon,Harold and the Purple Crayon,1955.0,eng,Infantil
889,0451218043,"Lover Eternal (Black Dagger Brotherhood, #2)","Lover Eternal (Black Dagger Brotherhood, #2)",2006.0,eng,Romántica
890,0553803735,Second Foundation (Foundation #3),,1953.0,eng,Ciencia ficción
891,0451458125,"Fool Moon (The Dresden Files, #2)",Fool Moon ,2001.0,eng,Fantasía
892,0316204366,"David and Goliath: Underdogs, Misfits, and the Art of Battling Giants",David and Goliath,2011.0,eng,Ensayo
893,1591169208,"Fullmetal Alchemist, Vol. 1 (Fullmetal Alchemist, #1)",鋼の錬金術師 1,2002.0,eng,Cómic y novela gráfica
894,0061020648,"Guards! Guards! (Discworld, #8)",Guards! Guards!,1989.0,eng,Fantasía
895,1400078431,The Year of Magical Thinking,The Year of Magical Thinking,2005.0,eng,Memorias
896,006112429X,We Need to Talk About Kevin,We Need to Talk About Kevin,2003.0,eng,Ficción
897,1857231589,"Rendezvous with Rama (Rama, #1)",Rendezvous with Rama,1973.0,eng,Ciencia ficción
898,0345419626,"The Queen of the Damned (The Vampire Chronicles, #3)",The Queen of the Damned,1988.0,eng,Terror
899,159308143X,The Age of Innocence,The Age of Innocence,1920.0,eng,Clásicos
900,0199291152,The Selfish Gene,The Selfish Gene,1976.0,eng,Ciencia
901,0142001430,Year of Wonders,Year of Wonders: A Novel of the Plague,2001.0,eng,Ficción histórica
902,0446612731,"The Black Echo (Harry Bosch, #1; Harry Bosch Universe, #1)",The Black Echo,1992.0,eng,Misterio
903,0452281253,Anthem,Anthem,1938.0,eng,Ciencia ficción
904,1936305623,"Gabriel''s Inferno (Gabriel''s Inferno, #1)",Gabriel's Inferno,2011.0,eng,Romántica
905,0689707495,Cloudy With a Chance of Meatballs,Cloudy with a Chance of Meatballs,1978.0,eng,Infantil
906,1400068932,Major Pettigrew's Last Stand,Major Pettigrew's Last Stand,2010.0,eng,Ficción
907,0425227510,"Vision in White (Bride Quartet, #1)",Vision in White,2009.0,eng,Romántica
908,074349671X,The Tenth Circle,The Tenth Circle,2006.0,eng,Ficción
909,1423140567,"The Throne of Fire (Kane Chronicles, #2)",The Throne of Fire,2011.0,eng,Juvenil
910,0765348276,"Old Man''s War (Old Man''s War, #1)",Old Man's War,2005.0,eng,Ciencia ficción
911,0831727527,Gerald's Game,Gerald's Game,1992.0,eng,Terror
912,0140255559,"Two for the Dough (Stephanie Plum, #2)",Two for the Dough,1996.0,eng,Misterio
913,0684818701,The Joy of Cooking,The Joy of Cooking,1931.0,,Cocina
914,0060510862,"The Forever War (The Forever War, #1)",The Forever War,1974.0,eng,Ciencia ficción
915,8497597729,Insomnia,Insomnia,1994.0,spa,Terror
916,0812971060,Reading Lolita in Tehran,Reading Lolita in Tehran: A Memoir in Books,2003.0,eng,Memorias
917,0575079797,"The Blade Itself (The First Law, #1)",The Blade Itself,2006.0,eng,Fantasía
918,0786851473,"The Arctic Incident (Artemis Fowl, #2)",The Arctic Incident,2002.0,eng,Juvenil
919,0743225422,The Shipping News,The Shipping News,1993.0,eng,Ficción
920,1607747308,The Life-Changing Magic of Tidying Up: The Japanese Art of Decluttering and Organizing,人生がときめく片づけの魔法,2011.0,eng,Autoayuda
921,0385755880,All the Bright Places,All the Bright Places,2015.0,eng,Juvenil
922,0671011367,"Déjà Dead (Temperance Brennan, #1)",Déjà Dead,1997.0,eng,Misterio
923,0552562521,"The Alchemyst (The Secrets of the Immortal Nicholas Flamel, #1)",The Alchemyst: The Secrets of The Immortal Nicholas Flamel,2007.0,eng,Juvenil
924,0374203059,The Marriage Plot,The Marriage Plot,2011.0,eng,Ficción
925,0061120251,Daughter of Fortune,Hija de la fortuna,1998.0,eng,Ficción histórica
926,1476789630,Luckiest Girl Alive,Luckiest Girl Alive,2015.0,eng,Thriller
927,0689865198,"Crank (Crank, #1)","Crank (Crank, #1)",2004.0,eng,Juvenil
928,0545424925,"The Raven Boys (The Raven Cycle, #1)",The Raven Boys,2012.0,eng,Juvenil
929,031286504X,I Am Legend and Other Stories,I Am Legend and Other Stories,1954.0,eng,Ciencia ficción
930,140006208X,Olive Kitteridge,Olive Kitteridge,2008.0,eng,Ficción
931,081299499X,"Not That Kind of Girl: A Young Woman Tells You What She''s 'Learned'""""",Not that Kind of Girl,2014.0,eng,Memorias
932,0066620996,Good to Great: Why Some Companies Make the Leap... and Others Don't,Good to Great: Why Some Companies Make the Leap... and Others Don't,2001.0,eng,Negocios
933,0803734611,"Fire (Graceling Realm, #2)",Fire,2009.0,eng,Fantasía
934,9780571329656,Waiting for Godot,En attendant Godot,1952.0,eng,Clásicos
935,0439236193,White Fang,White Fang,1906.0,eng,Clásicos
936,141651693X,"Wolves of the Calla (The Dark Tower, #5)",Wolves of the Calla,2003.0,eng,Fantasía
937,0440238609,His Dark Materials (His Dark Materials #1-3),His Dark Materials,2000.0,eng,Fantasía
938,1480095532,"The Edge of Never (The Edge of Never, #1)",The Edge of Never,2012.0,eng,Romántica
939,006222543X,Reconstructing Amelia,Reconstructing Amelia,2013.0,eng,Thriller
940,0525426582,One Plus One,The One Plus One,2014.0,eng,Romántica
941,0312305060,The Hours,The Hours,1998.0,eng,Ficción
942,1623420024,"Wallbanger (Cocktail, #1)",Wallbanger,2012.0,eng,Romántica
943,0316191299,Holidays on Ice,Holidays on Ice,1997.0,eng,No ficción
944,0451188462,Desperation,Desperation,1996.0,eng,Terror
945,0385739168,"Passion (Fallen, #3)",Passion,2011.0,eng,Juvenil
946,0385742886,"The Kill Order (Maze Runner, #0.5)",The Kill Order,2012.0,eng,Juvenil
947,144477851X,"Angelfall (Penryn & the End of Days, #1)",Angelfall,2011.0,eng,Juvenil
948,0375726403,Empire Falls,Empire Falls,2001.0,eng,Ficción
949,1857232097,"The Fires of Heaven (Wheel of Time, #5)",The Fires of Heaven,1993.0,eng,Fantasía
950,0803734964,I'll Give You the Sun,I'll Give You the Sun,2014.0,eng,Juvenil
951,009928264X,Survivor,Survivor,1999.0,eng,Ficción
952,0385338708,"Shopaholic & Baby (Shopaholic, #5)",Shopaholic and Baby,2007.0,eng,Romántica
953,1416524525,"The Dark Tower (The Dark Tower, #7)",The Dark Tower,2004.0,eng,Fantasía
954,0316070521,Twilight Director's Notebook : The Story of How We Made the Movie Based on the Novel by Stephenie Meyer,Twilight Director's Notebook,2009.0,eng,No ficción
955,0440241812,"Shopaholic Takes Manhattan (Shopaholic, #2)",Shopaholic Abroad,2001.0,eng,Romántica
956,0393316041,"Surely You''re Joking, Mr. Feynman!: Adventures of a Curious Character","Surely You''re Joking, Mr. Feynman! Adventures of a Curious Character",1984.0,eng,Memorias
957,0545123283,"Linger (The Wolves of Mercy Falls, #2)",Linger,2010.0,eng,Juvenil
958,0553609416,"The Complete Anne of Green Gables Boxed Set (Anne of Green Gables, #1-8)",The Complete Anne of Green Gables Boxed Set,1908.0,,Clásicos
959,0142437344,A Portrait of the Artist as a Young Man,A Portrait of the Artist as a Young Man,1916.0,eng,Clásicos
960,0765302306,"The Gathering Storm (Wheel of Time, #12)",The Gathering Storm,2009.0,eng,Fantasía
961,0451529170,Middlemarch,Middlemarch,1871.0,eng,Clásicos
962,,"Point of Retreat (Slammed, #2)",Point of Retreat,2012.0,eng,Romántica
963,0385339100,The Partner,The Partner,1997.0,,Thriller
964,0345538374,J.R.R. Tolkien 4-Book Boxed Set: The Hobbit and The Lord of the Rings,The Hobbit and The Lord of the Rings,1973.0,eng,Fantasía
965,146109111X,"Thoughtless (Thoughtless, #1)",Thoughtless,2009.0,eng,Romántica
966,0446350982,Presumed Innocent,Presumed Innocent,1986.0,,Thriller
967,045052468X,The Dark Half,The Dark Half,1989.0,eng,Terror
968,0316001929,Cleopatra: A Life,Cleopatra: A Life,2006.0,eng,Biografía
969,0374292795,The World Is Flat: A Brief History of the Twenty-first Century,The World Is Flat: A Brief History of the Twenty-first Century,2005.0,eng,Ensayo
970,0385743564,"Steelheart (The Reckoners, #1)",Steelheart,2013.0,eng,Ciencia ficción
971,1558580093,The Rainbow Fish,,1995.0,eng,Infantil
1017,0670026611,The Girl You Left Behind,The Girl You Left Behind,2012.0,eng,Romántica
972,0553213970,"Journey to the Center of the Earth (Extraordinary Voyages, #3)",Voyage au centre de la Terre,1864.0,eng,Clásicos
973,0061583251,"The Happiness Project: Or Why I Spent a Year Trying to Sing in the Morning, Clean My Closets, Fight Right, Read Aristotle, and Generally Have More Fun",The Happiness Project,2009.0,eng,Autoayuda
974,0679740678,The Man in the High Castle,The Man in the High Castle,1962.0,eng,Ciencia ficción
975,0393322238,Helter Skelter: The True Story of the Manson Murders,Helter Skelter: The True Story of The Manson Murders,1974.0,eng,No ficción
976,0793551617,"Dr. Seuss''s Green Eggs and Ham: For Soprano, Boy Soprano, and Orchestra",,,,Infantil
977,0812970063,Inferno (The Divine Comedy #1),Inferno,1320.0,,Clásicos
978,0670023485,"Shadow of Night (All Souls Trilogy, #2)",Shadow of Night,2012.0,eng,Fantasía
979,0345544927,Leaving Time,Leaving Time,2014.0,eng,Ficción
980,0441013813,"Moon Called (Mercy Thompson, #1)",Moon Called,2006.0,eng,Fantasía
981,0786838922,"Blue Bloods (Blue Bloods, #1)",Blue Bloods,2006.0,eng,Juvenil
982,0812976142,"The Alienist (Dr. Laszlo Kreizler, #1)",The Alienist,1994.0,eng,Ficción histórica
983,0812993543,Between the World and Me,Between the World and Me,2015.0,eng,Ensayo
984,0140424393,Paradise Lost,Paradise Lost,1667.0,eng,Clásicos
985,0393072231,The Big Short: Inside the Doomsday Machine,The Big Short: Inside the Doomsday Machine,2009.0,eng,No ficción
986,1416524290,The Girl Who Loved Tom Gordon,The Girl Who Loved Tom Gordon,1999.0,,Terror
987,1406311529,A Monster Calls, A Monster Calls ,2011.0,eng,Juvenil
988,0765325942,"Towers of Midnight (Wheel of Time, #13)",Towers of Midnight,2010.0,eng,Fantasía
989,0553266306,The Day of the Jackal,The Day of the Jackal,1971.0,eng,Thriller
990,0307463745,Rework,Rework,2010.0,eng,Negocios
991,0525951989,Attachments,Attachments,2011.0,eng,Romántica
992,0739352350,"The Twilight Saga (Twilight, #1-4)",The Twilight Saga,2005.0,,Juvenil
993,0679644199,Tell the Wolves I'm Home,Tell the Wolves I'm Home,2012.0,eng,Ficción
1018,0006480101,"Royal Assassin (Farseer Trilogy, #2)",Royal Assassin,1996.0,eng,Fantasía
994,0312965788,"All Creatures Great and Small (All Creatures Great and Small, #1-2)",All Creatures Great And Small,1972.0,eng,Memorias
995,,"The Unbecoming of Mara Dyer (Mara Dyer, #1)",The Unbecoming of Mara Dyer,2011.0,eng,Juvenil
996,0312966091,"Three to Get Deadly (Stephanie Plum, #3)",Three to Get Deadly,1997.0,eng,Misterio
997,1576469239,The Scarlet Pimpernel,The Scarlet Pimpernel,1905.0,eng,Clásicos
998,037582913X,The Monster at the End of this Book,The Monster at the End of This Book,1971.0,eng,Infantil
999,0425193799,"Tales of a Fourth Grade Nothing (Fudge, #1)",Tales of a Fourth Grade Nothing,1972.0,eng,Infantil
1000,0805094598,"Shadow and Bone (Shadow and Bone, #1)",Shadow and Bone,2012.0,eng,Fantasía
1001,0770437850,The Dinner,Het diner,2009.0,eng,Ficción
1002,0399256776,"Champion (Legend, #3)",Champion,2013.0,eng,Juvenil
1004,0525423281,"Lola and the Boy Next Door (Anna and the French Kiss, #2)",Lola and the Boy Next Door,2011.0,eng,Juvenil
1005,0375703861,White Teeth,White Teeth,1999.0,eng,Ficción
1006,0062107062,American Sniper: The Autobiography of the Most Lethal Sniper in U.S. Military History,American Sniper: The Autobiography of the Most Lethal Sniper in U.S. Military History,2012.0,eng,Biografía
1007,1582346186,My Horizontal Life: A Collection of One-Night Stands,My Horizontal Life: A Collection of One-Night Stands,2004.0,eng,Memorias
1008,0061974552,"The Power of Six (Lorien Legacies, #2)",The Power of Six,2011.0,eng,Juvenil
1009,1594488398,The Interestings,The Interestings,2013.0,eng,Ficción
1010,0836218051,The Essential Calvin and Hobbes: A Calvin and Hobbes Treasury,The Essential Calvin and Hobbes: A Calvin and Hobbes Treasury,1988.0,eng,Cómic y novela gráfica
1011,067001821X,People of the Book,People of the Book,2008.0,eng,Ficción histórica
1012,1439152802,The Secret Keeper,The Secret Keeper,2012.0,,Misterio
1013,0696215322,Better Homes and Gardens New Cook Book  ,Better Homes & Gardens New Cook Book,1953.0,,Cocina
1014,0330491237,"So Long, and Thanks for All the Fish (Hitchhiker''s Guide to the Galaxy, #4)","So Long, and Thanks for All the Fish",1984.0,eng,Ciencia ficción
1015,0140282580,Steppenwolf,Der Steppenwolf: Erzählung,1927.0,eng,Clásicos
1016,055381706X,"The Surgeon (Rizzoli & Isles, #1)",The Surgeon,2001.0,eng,Thriller
1019,0345347951,Childhood's End,Childhood's End,1953.0,eng,Ciencia ficción
1020,0763625299,The Tale of Despereaux, The Tale of Despereaux,2004.0,eng,Infantil
1021,0060852550,"Animal, Vegetable, Miracle: A Year of Food Life","Animal, Vegetable, Miracle: A Year of Food Life",2007.0,eng,No ficción
1022,1619630656,"Heir of Fire (Throne of Glass, #3)",Heir of Fire,2014.0,eng,Fantasía
1023,0812513754,"Lord of Chaos (Wheel of Time, #6)",,1994.0,eng,Fantasía
1024,0385342306,"The Sweetness at the Bottom of the Pie (Flavia de Luce, #1)",The Sweetness at the Bottom of the Pie,2009.0,eng,Misterio
1025,0785263705,Blue Like Jazz: Nonreligious Thoughts on Christian Spirituality,Blue Like Jazz: Nonreligious Thoughts on Christian Spirituality,2003.0,eng,Religión y espiritualidad
1026,0385340397,"A Breath of Snow and Ashes (Outlander, #6)",A Breath of Snow and Ashes,2005.0,eng,Ficción histórica
1027,1484724917,"The Blood of Olympus (The Heroes of Olympus, #5)",The Blood of Olympus,2014.0,eng,Juvenil
1028,1250069793,Truly Madly Guilty,Truly Madly Guilty,2016.0,eng,Ficción
1029,1607066017,"Saga, Vol. 1 (Saga, #1)","Saga, Volume One",2012.0,eng,Cómic y novela gráfica
1030,0316126691,The Art of Fielding,The Art of Fielding,2011.0,eng,Ficción
1031,0099285045,A Moveable Feast,A Moveable Feast,1964.0,eng,Memorias
1032,1590385810,"Fablehaven (Fablehaven, #1)",Fablehaven,2006.0,eng,Juvenil
1033,0064407683,"The Wide Window (A Series of Unfortunate Events, #3)",The Wide Window,2000.0,eng,Infantil
1034,0451458443,"Grave Peril (The Dresden Files, #3)",Grave Peril,2001.0,eng,Fantasía
1035,0743264738,Einstein: His Life and Universe,Einstein. His Life and Universe,2007.0,eng,Biografía
1036,1476717486,"Effortless (Thoughtless, #2)",Effortless,2011.0,eng,Romántica
1037,0385339097,The Street Lawyer,The Street Lawyer,1998.0,eng,Thriller
1038,014034893X,"Roll of Thunder, Hear My Cry (Logans, #4)","Roll of Thunder, Hear My Cry",1976.0,eng,Juvenil
1039,1594743347,"Pride and Prejudice and Zombies (Pride and Prejudice and Zombies, #1)",Pride and Prejudice and Zombies,2009.0,eng,Terror
1040,0316154695,Let's Explore Diabetes with Owls,Lets Explore Diabetes with Owls,2013.0,eng,Ensayo
1132,0553116606,The Amityville Horror,The Amityville Horror,1977.0,eng,Terror
1041,0679642420,The Idiot,Идиот,1868.0,eng,Clásicos
1042,0671746723,Dirk Gently's Holistic Detective Agency (Dirk Gently #1),Dirk Gently's Holistic Detective Agency,1987.0,eng,Misterio
1043,0810994739,"Rodrick Rules (Diary of a Wimpy Kid, #2)",Rodrick Rules,2008.0,eng,Infantil
1044,0804138141,Why Not Me?,Why Not Me?,2015.0,eng,Memorias
1045,0062285688,"Four: A Divergent Story Collection (Divergent, #0.1 - 0.4)",Four: A Divergent Collection,2014.0,eng,Juvenil
1046,1594206279,Modern Romance,Modern Romance,2015.0,eng,No ficción
1048,0393050327,The Perfect Storm: A True Story of Men Against the Sea,The Perfect Storm: A True Story of Men Against the Sea,1997.0,eng,No ficción
1049,0765350378,"Elantris (Elantris, #1)",Elantris,2005.0,eng,Fantasía
1050,1406310255,"The Knife of Never Letting Go (Chaos Walking, #1)",The Knife of Never Letting Go,2008.0,eng,Juvenil
1051,0312199430,One Thousand White Women: The Journals of May Dodd (One Thousand White Women#1),One Thousand White Women: The Journals of May Dodd,1998.0,eng,Ficción histórica
1052,0743296419,Handle with Care,Handle with Care,2009.0,eng,Ficción
1053,1416521496,"Song of Susannah (The Dark Tower, #6)",Song of Susannah,2004.0,eng,Fantasía
1054,0525423664,"Reached (Matched, #3)",Reached,2012.0,,Juvenil
1055,0099578514,Midnight's Children,Midnight's Children,1981.0,eng,Ficción
1056,1400049628,The Zombie Survival Guide: Complete Protection from the Living Dead,The Zombie Survival Guide: Complete Protection from the Living Dead,2004.0,eng,Terror
1057,0440234743,The Testament,The Testament,1999.0,,Thriller
1058,1579126251,"Murder at the Vicarage (Miss Marple, #1)",Murder at the Vicarage,1930.0,eng,Misterio
1059,1416924981,"Among the Hidden (Shadow Children, #1)",Among the Hidden ,1998.0,eng,Juvenil
1060,1594201455,In Defense of Food: An Eater's Manifesto,In Defense of Food: An Eater's Manifesto,2007.0,eng,No ficción
1061,0440995779,The Witch of Blackbird Pond,The Witch of Blackbird Pond,1958.0,eng,Juvenil
1062,9788499189949,"The Heir (The Selection, #4)",The Heir,2015.0,eng,Juvenil
1063,0440241898,"Shopaholic Ties the Knot (Shopaholic, #3)",Shopaholic Ties the Knot,2002.0,eng,Romántica
1064,0141439610,The Woman in White,The Woman in White,1859.0,eng,Clásicos
1065,0316349933,"Career of Evil (Cormoran Strike, #3)",Career of Evil,2015.0,eng,Misterio
1066,1416968237,"The Summer I Turned Pretty (Summer, #1)",The Summer I Turned Pretty,2009.0,eng,Juvenil
1067,0312966970,"Four to Score (Stephanie Plum, #4)",Four to Score ,1998.0,eng,Misterio
1068,1573225789,The Color of Water: A Black Man's Tribute to His White Mother,The Color of Water: A Black Man's Tribute to His White Mother,1996.0,eng,Memorias
1069,0060889578,"SuperFreakonomics: Global Cooling, Patriotic Prostitutes And Why Suicide Bombers Should Buy Life Insurance","SuperFreakonomics: Global Cooling, Patriotic Prostitutes, and Why Suicide Bombers Should Buy Life Insurance",2009.0,eng,Ensayo
1070,0385339151,"Darkfever (Fever, #1)",Darkfever,2006.0,eng,Fantasía
1071,0312857063,"Stone of Tears (Sword of Truth, #2)",Stone of Tears,1995.0,eng,Fantasía
1072,0312554168,Heart of the Matter,Heart of the Matter,2010.0,eng,Romántica
1073,0141439831,Vanity Fair,Vanity Fair: A Novel Without a Hero,1847.0,eng,Clásicos
1074,1857988841,The Sirens of Titan,The Sirens of Titan,1959.0,eng,Ciencia ficción
1075,2266047426,Dolores Claiborne,Dolores Claiborne,1992.0,fre,Terror
1076,0062414216,The Nest,The Nest,2016.0,eng,Ficción
1077,1563899426,"Fables, Vol. 1: Legends in Exile","Fables, Volume 1: Legends in Exile",2001.0,eng,Cómic y novela gráfica
1078,0142000280,Getting Things Done: The Art of Stress-Free Productivity,Getting Things Done: How To Achieve Stress-free Productivity,2001.0,eng,Autoayuda
1079,0446671002,"The Celestine Prophecy (Celestine Prophecy, #1)",The Celestine Prophecy,1993.0,eng,Religión y espiritualidad
1080,0803736991,My Life Next Door,My Life Next Door ,2012.0,eng,Juvenil
1081,0525952926,Winter of the World (The Century Trilogy #2),Winter of the World,2012.0,eng,Ficción histórica
1082,0385352107,Colorless Tsukuru Tazaki and His Years of Pilgrimage,"色彩を持たない多崎つくると、彼の巡礼の年 [Shikisai o motanai Tazaki Tsukuru to, kare no junrei no toshi]",2013.0,eng,Ficción
1083,033041836X,Lucky,Lucky,1999.0,eng,Memorias
1084,140679239X,To the Lighthouse,To The Lighthouse ,1927.0,eng,Clásicos
1085,8129104598,Five Point Someone,Five Point Someone: What Not to Do at IIT,2004.0,eng,Ficción
1086,0425197549,"Guilty Pleasures (Anita Blake, Vampire Hunter, #1)",Guilty Pleasures,1993.0,eng,Fantasía
1087,0375836675,I Am the Messenger,The Messenger,2002.0,eng,Juvenil
1088,0141439653,Far from the Madding Crowd,Far from the Madding Crowd,1874.0,eng,Clásicos
1089,0060855908,"Equal Rites (Discworld, #3; Witches #1)",Equal Rites,1987.0,eng,Fantasía
1090,038560310X,House of Leaves,House of Leaves,2000.0,eng,Terror
1091,0380718340,"Cruel & Unusual (Kay Scarpetta, #4)",Cruel & Unusual,1993.0,nl,Thriller
1092,0385537131,Sycamore Row,Sycamore Row,2013.0,eng,Thriller
1093,0312650248,"Awakened (House of Night, #8)",Awakened,2011.0,eng,Juvenil
1094,1583485090,My Ántonia,My Ántonia,1918.0,eng,Clásicos
1095,0152061548,"Life As We Knew It (Last Survivors, #1)",Life As We Knew It,2006.0,eng,Juvenil
1096,0713998946,America (The Book): A Citizen's Guide to Democracy Inaction,America (The Book): A Citizen's Guide to Democracy Inaction,2004.0,eng,No ficción
1097,0800759494,90 Minutes in Heaven: A True Story of Death and Life,90 Minutes in Heaven,2004.0,,Religión y espiritualidad
1098,1455520659,The Longest Ride,The Longest Ride,2012.0,eng,Romántica
1099,0679776192,Tao Te Ching,道德經 [dào dé jīng],-300.0,eng,Religión y espiritualidad
1100,0312995059,"Kane and Abel (Kane and Abel, #1)",Kane and Abel,1979.0,eng,Ficción
1101,0743496744,Change of Heart,Change of Heart,2008.0,eng,Ficción
1102,0312423799,Dry,Dry: A Memoir,2003.0,eng,Memorias
1103,0446613347,Sam's Letters to Jennifer,Sam's Letters To Jennifer,2001.0,,Romántica
1104,1101946342,"Grey (Fifty Shades, #4)",Grey,2015.0,eng,Romántica
1105,0441172695,Dune Messiah (Dune Chronicles #2),Dune Messiah ,1969.0,eng,Ciencia ficción
1106,0006280560,The Great Divorce,The Great Divorce,1945.0,eng,Religión y espiritualidad
1107,1416528636,Little Earthquakes,Little Earthquakes,2004.0,,Ficción
1108,0517092913,The Complete Fairy Tales,Eventyr og historier,1835.0,eng,Infantil
1133,0771068719,The English Patient,The English Patient,1992.0,,Ficción histórica
1109,0316075809,"New Moon: The Complete Illustrated Movie Companion (The Twilight Saga: The Official Illustrated Movie Companion, #2)",New Moon: The Complete Illustrated Movie Companion,2009.0,eng,No ficción
1110,,"Maybe Someday (Maybe, #1)",Maybe Someday,2014.0,eng,Romántica
1111,0767905202,Mr. Maybe,Mr Maybe,1999.0,eng,Romántica
1112,0553213172,"Anne of the Island (Anne of Green Gables, #3)",Anne of the Island,1915.0,eng,Clásicos
1113,0140047484,Thus Spoke Zarathustra,Also sprach Zarathustra,1883.0,eng,Clásicos
1114,0140620192,North and South,North and South,1854.0,eng,Clásicos
1115,1451629184,A Stolen Life,A Stolen Life,2011.0,eng,Memorias
1116,,"The Immortals of Meluha (Shiva Trilogy, #1)",The Immortals of Meluha,2010.0,eng,Fantasía
1117,0752224417,"The Lost World (Jurassic Park, #2)",The Lost World,1995.0,eng,Ciencia ficción
1118,0062014536,"Requiem (Delirium, #3)",Requiem,2013.0,eng,Ciencia ficción
1119,0812550285,"A Crown of Swords (Wheel of Time, #7)",A Crown of Swords,1996.0,eng,Fantasía
1120,0192840509,Aesop's Fables,Aesopica,-560.0,eng,Clásicos
1121,0679728759,"Blood Meridian, or the Evening Redness in the West",Blood Meridian: Or the Evening Redness in the West,1985.0,eng,Ficción
1122,1442426675,"Finale (Hush, Hush, #4)",Finale,2012.0,eng,Juvenil
1123,0751504386,Skeleton Crew,Skeleton Crew,1985.0,eng,Terror
1124,0099437961,Lullaby,Lullaby,2002.0,,Ficción
1125,8129115301,2 States: The Story of My Marriage,Two States,2009.0,eng,Ficción
1126,1421508222,"Vampire Knight, Vol. 1 (Vampire Knight, #1)",ヴァンパイア騎士 1,2005.0,eng,Cómic y novela gráfica
1127,0451458923,"Summer Knight (The Dresden Files, #4)",Summer Knight,2002.0,eng,Fantasía
1128,0345484266,"Dragonflight (Dragonriders of Pern, #1)",Dragonflight,1968.0,eng,Ciencia ficción
1129,0618968474,"The History of the Hobbit, Part One: Mr. Baggins","The History of the Hobbit, Part One: Mr. Baggins",2007.0,eng,Ensayo
1130,9788501105738,Ugly Love,Ugly Love,2014.0,eng,Romántica
1131,014100018X,"Chocolat (Chocolat, #1)",Chocolat,1998.0,eng,Ficción
1134,1936305550,"Gabriel''s Rapture (Gabriel''s Inferno, #2)",Gabriel's Rapture,2012.0,eng,Romántica
1135,0192839993,Dubliners,Dubliners,1914.0,eng,Clásicos
1136,1400063736,Let the Great World Spin,Let the Great World Spin,2009.0,eng,Ficción
1137,0141321318,"The Eternity Code (Artemis Fowl, #3)",The Eternity Code,2003.0,eng,Juvenil
1138,0440236703,Tell No One,Tell No One,2001.0,eng,Thriller
1139,9785170835966,The Tommyknockers,The Tommyknockers,1987.0,eng,Terror
1140,1423121309,"Hex Hall (Hex Hall, #1)",Hex Hall,2010.0,eng,Juvenil
1141,0761169253,Steal Like an Artist: 10 Things Nobody Told You About Being Creative,Steal Like an Artist,2010.0,eng,Autoayuda
1142,0060512806,Cryptonomicon,Cryptonomicon,1999.0,eng,Ciencia ficción
1143,1476730105,"Beautiful Bastard (Beautiful Bastard, #1)",Beautiful Bastard,2013.0,eng,Romántica
1144,0060959037,Prodigal Summer,Prodigal Summer,2000.0,eng,Ficción
1145,0452282829,We Were the Mulvaneys,We Were the Mulvaneys,1996.0,eng,Ficción
1146,006097625X,Understanding Comics: The Invisible Art,Understanding Comics: The Invisible Art,1993.0,eng,Ensayo
1147,0316077054,"Beautiful Darkness (Caster Chronicles, #2)",Beautiful Darkness,2010.0,eng,Juvenil
1148,1594485755,The Psychopath Test: A Journey Through the Madness Industry,The Psychopath Test,2011.0,eng,Psicología
1149,0743454553,Vanishing Acts,Vanishing Acts,2005.0,eng,Ficción
1150,0330419641,Absolute Power,Absolute Power,1995.0,eng,Thriller
1151,0312976275,"Hot Six (Stephanie Plum, #6)",Hot Six,2000.0,eng,Misterio
1152,1401322786,The Time Keeper,The Time Keeper,2012.0,eng,Ficción
1153,0060590270,"A Dirty Job (Grim Reaper, #1)",A Dirty Job,2006.0,eng,Fantasía
1154,0393324818,Moneyball: The Art of Winning an Unfair Game,Moneyball: The Art of Winning an Unfair Game,2003.0,eng,Deportes
1155,078681859X,"The Amulet of Samarkand (Bartimaeus, #1)",The Amulet of Samarkand,2003.0,eng,Juvenil
1156,0446580503,I Am America (And So Can You!),I Am America (And So Can You!),2007.0,eng,No ficción
1226,0312980140,"Seven Up (Stephanie Plum, #7)",Seven Up,2001.0,eng,Misterio
1157,0688014291,The One Minute Manager,The One Minute Manager,1981.0,eng,Negocios
1158,0553258478,Exodus,Exodus,1958.0,eng,Ficción histórica
1159,068484477X,Stones from the River,Stones from the River,1994.0,eng,Ficción histórica
1160,0394758285,"The Big Sleep (Philip Marlowe, #1)",The Big Sleep,1939.0,eng,Misterio
1161,014200068X,Cannery Row,Cannery Row ,1945.0,eng,Clásicos
1162,0446585025,Seriously... I'm Kidding,Seriously...I'm Kidding,2011.0,eng,No ficción
1163,0439272637,"The Miserable Mill (A Series of Unfortunate Events, #4)",The Miserable Mill,2000.0,eng,Infantil
1164,0316175676,The Snow Child,The Snow Child,2012.0,eng,Ficción
1165,,"Wait for You (Wait for You, #1)",Wait for You,2013.0,eng,Romántica
1166,0810970686,"The Last Straw (Diary of a Wimpy Kid, #3)",The Last Straw,2009.0,eng,Infantil
1167,0679433139,The Divine Comedy,La Divina Commedia,1308.0,eng,Clásicos
1168,1405204265,The Tao of Pooh,The Tao of Pooh,1982.0,eng,Autoayuda
1169,1620610116,"Onyx (Lux, #2)",Onyx,2012.0,eng,Ciencia ficción
1170,0062085530,"Unravel Me (Shatter Me, #2)","Unravel Me (Shatter Me, #2)",2013.0,eng,Ciencia ficción
1171,0812968972,The Birth of Venus,The Birth of Venus,2003.0,eng,Ficción histórica
1172,,"The Opal Deception  (Artemis Fowl, #4)",The Opal Deception,2005.0,eng,Juvenil
1173,0385354282,"The Girl in the Spider''s Web (Millennium, #4)",Det som inte dödar oss,2015.0,eng,Thriller
1174,081299860X,The Girls,The Girls,2016.0,eng,Ficción
1175,1582349908,"The Goose Girl (The Books of Bayern, #1)",The Goose Girl,2003.0,eng,Fantasía
1176,0060584750,Mystic River,Mystic River,2001.0,eng,Misterio
1177,0099549344,"Warm Bodies (Warm Bodies, #1)",Warm Bodies,2010.0,,Ciencia ficción
1178,0451528352,The Prince and the Pauper,The Prince and the Pauper,1881.0,eng,Clásicos
1179,0340837942,The Moon is a Harsh Mistress,The Moon is a Harsh Mistress,1966.0,eng,Ciencia ficción
1180,0670021458,The Forty Rules of Love,The Forty Rules of Love,2010.0,eng,Ficción
1181,0330371231,"High Five (Stephanie Plum, #5)",High Five,1999.0,eng,Misterio
1182,1781162646,Joyland,Joyland,2013.0,eng,Misterio
1183,1612620248,"Attack on Titan, Vol. 1 (Attack on Titan, #1)",進撃の巨人 1,2010.0,eng,Cómic y novela gráfica
1184,068480154X,Tender Is the Night,Tender Is the Night,1933.0,eng,Clásicos
1185,038531258X,Cold Sassy Tree,Cold Sassy Tree,1984.0,,Ficción
1186,0811214044,The Glass Menagerie,The Glass Menagerie,1945.0,eng,Clásicos
1187,1609450787,My Brilliant Friend (The Neapolitan Novels #1),L'amica geniale,2011.0,eng,Ficción
1188,0307353133,The 4-Hour Workweek,"The 4-Hour Workweek: Escape 9-5, Live Anywhere, and Join the New Rich",2007.0,eng,Negocios
1189,0062515675,The Monk Who Sold His Ferrari: A Fable About Fulfilling Your Dreams  Reaching Your Destiny,The Monk Who Sold His Ferrari: A Fable About Fulfilling Your Dreams & Reaching Your Destiny,1996.0,eng,Autoayuda
1190,0670022691,Rules of Civility,Rules of Civility,2011.0,eng,Ficción histórica
1191,0575077026,"Ringworld (Ringworld, #1)",Ringworld,1970.0,eng,Ciencia ficción
1192,0399254129,Between Shades of Gray,Between Shades of Gray,2011.0,eng,Ficción histórica
1193,0689818769,Frindle,Frindle,1996.0,eng,Infantil
1194,0810983915,"Dog Days (Diary of a Wimpy Kid, #4)",Dog Days,2009.0,eng,Infantil
1195,0062065246,The Round House,The Round House,2012.0,eng,Ficción
1196,,"A Wind in the Door (A Wrinkle in Time Quintet, #2)",A Wind in the Door,1973.0,eng,Juvenil
1197,006223742X,"Free Four: Tobias Tells the Divergent Knife-Throwing Scene (Divergent, #1.5)",Free Four: Tobias Tells the Divergent Story,2012.0,eng,Juvenil
1198,0385539258,A Little Life,A Little Life,2015.0,eng,Ficción
1199,1563899809,"Y: The Last Man, Vol. 1: Unmanned","Y: The Last Man, Vol. 1: Unmanned",2003.0,eng,Cómic y novela gráfica
1200,0765330423,"The Alloy of Law (Mistborn, #4)",The Alloy of Law,2011.0,eng,Fantasía
1201,,"Dead Reckoning (Sookie Stackhouse, #11)",Dead Reckoning,2011.0,eng,Fantasía
1202,0345452003,The Accidental Tourist,The Accidental Tourist,1985.0,eng,Ficción
1203,1442408928,"Aristotle and Dante Discover the Secrets of the Universe (Aristotle and Dante Discover the Secrets of the Universe, #1)",Aristotle and Dante Discover the Secrets of the Universe,2012.0,,Juvenil
1204,0451528522,The Invisible Man,The Invisible Man,1897.0,eng,Clásicos
1205,,Hard-Boiled Wonderland and the End of the World,世界の終りとハードボイルド・ワンダーランド [Sekai no owari to hādoboirudo wandārando],1985.0,eng,Ficción
1206,0061122092,By the River Piedra I Sat Down and Wept,Na margem do rio Piedra eu sentei e chorei,1994.0,eng,Ficción
1207,1402726023,The Swiss Family Robinson  ,Der Schweizerische Robinson,1812.0,eng,Clásicos
1209,1937044963,"The Marriage Bargain (Marriage to a Billionaire, #1)",The Marriage Bargain,2012.0,eng,Romántica
1210,0553213148,"Anne of Avonlea (Anne of Green Gables, #2)",Anne of Avonlea,1909.0,eng,Clásicos
1211,0448405202,The Little Engine That Could,The Little Engine That Could,1930.0,eng,Infantil
1212,0399162097,We Are All Completely Beside Ourselves,We Are All Completely Beside Ourselves,2013.0,eng,Ficción
1213,0765304740,"Children of the Mind (Ender''s Saga, #4)",Children of the Mind,1996.0,eng,Ciencia ficción
1214,0679722769,Ulysses,Ulysses,1922.0,eng,Clásicos
1215,0142401773,Someone Like You,Someone Like You,1998.0,eng,Juvenil
1216,0312304358,Moloka'i,Moloka'i,2003.0,eng,Ficción histórica
1217,0099471426,"The Witching Hour (Lives of the Mayfair Witches, #1)",The Witching Hour,1990.0,eng,Terror
1218,1581345283,"This Present Darkness (Darkness, #1)",This Present Darkness,1986.0,eng,Terror
1219,,"The Coincidence of Callie & Kayden (The Coincidence, #1)",The Coincidence of Callie & Kayden,2012.0,eng,Romántica
1220,1594634475,Fates and Furies,Fates and Furies,2015.0,eng,Ficción
1221,0440243750,Summer Sisters,Summer Sisters,1998.0,,Ficción
1222,0064400565,Stuart Little,Stuart Little,1945.0,eng,Infantil
1223,0380508567,"The Foundation Trilogy (Foundation, #1-3)",The Foundation Trilogy,1953.0,eng,Ciencia ficción
1224,0375708111,"The Elegant Universe: Superstrings, Hidden Dimensions, and the Quest for the Ultimate Theory","The Elegant Universe: Superstrings, Hidden Dimensions, and the Quest for the Ultimate Theory",1999.0,eng,Ciencia
1225,0064408639,"The Austere Academy (A Series of Unfortunate Events, #5)",The Austere Academy,2000.0,eng,Infantil
1227,0061662763,"The Awakening (Darkest Powers, #2)",The Awakening,2009.0,eng,Juvenil
1228,0451459407,"Death Masks (The Dresden Files, #5)",Death Masks,2003.0,eng,Fantasía
1229,0152802177,Stellaluna,Stellaluna,1993.0,eng,Infantil
1230,0575077883,Before They Are Hanged (The First Law #2),Before They Are Hanged,2007.0,eng,Fantasía
1231,0345494997,Loving Frank,Loving Frank,2007.0,eng,Ficción histórica
1232,0312983867,"Hard Eight (Stephanie Plum, #8)",Hard Eight,2002.0,eng,Misterio
1233,0060566221,"The Vile Village (A Series of Unfortunate Events, #7)",The Vile Village,2001.0,eng,Infantil
1234,0446359408,Sybil: The Classic True Story of a Woman Possessed by Sixteen Personalities,Sybil,1973.0,eng,Psicología
1235,0375508325,Cosmos,Cosmos,1980.0,eng,Ciencia
1236,1400032822,Haunted,Haunted: A Novel of Stories,2005.0,eng,Terror
1237,051722285X,The Shell Seekers,The Shell Seekers,1987.0,eng,Ficción
1238,1932416641,What Is the What,What Is the What: The Autobiography of Valentino Achak Deng,2006.0,eng,Biografía
1239,140003471X,Chronicle of a Death Foretold,Crónica de una muerte anunciada,1981.0,eng,Clásicos
1240,0582416396,"A Scandal in Bohemia (The Adventures of Sherlock Holmes, #1)",A Scandal in Bohemia,1891.0,,Misterio
1241,0805093079,Killing Lincoln: The Shocking Assassination that Changed America Forever,Killing Lincoln: The Shocking Assassination that Changed America Forever,2011.0,eng,Historia
1242,0307265749,The Lowland,The Lowland,2013.0,eng,Ficción
1243,0142406635,"The Ruins of Gorlan (Ranger''s Apprentice, #1)",The Ruins of Gorlan,2004.0,eng,Juvenil
1244,067001110X,Wintergirls,Wintergirls,2009.0,eng,Juvenil
1245,0385339674,The Brethren,The Brethren,2000.0,,Thriller
1246,0553565699,"Assassin''s Quest (Farseer Trilogy, #3)",Assassin's Quest,1997.0,eng,Fantasía
1247,0451194004,Rosemary's Baby,Rosemary's Baby,1967.0,eng,Terror
1248,0375507779,"The Talisman (The Talisman, #1)",The Talisman,1984.0,eng,Fantasía
1249,0812550293,"The Path of Daggers (Wheel of Time, #8)",The Path of Daggers,1998.0,eng,Fantasía
1250,0140042520,The Dharma Bums,The Dharma Bums,1958.0,eng,Clásicos
1251,1841497126,"The Reckoning (Darkest Powers, #3)",The Reckoning,2010.0,eng,Juvenil
1252,1400067553,"Behind the Beautiful Forevers: Life, Death, and Hope in a Mumbai Undercity","Behind the Beautiful Forevers: Life, Death, and Hope in a Mumbai Undercity",2012.0,eng,No ficción
1253,0152058109,"Mary Poppins (Mary Poppins, #1)",Mary Poppins,1934.0,eng,Infantil
1254,0553804685,"Red Seas Under Red Skies (Gentleman Bastard, #2)",Red Seas Under Red Skies,2007.0,eng,Fantasía
1255,0679734775,The House on Mango Street,The House on Mango Street,1984.0,eng,Ficción
1256,0670018708,City of Thieves,City of Thieves,2008.0,eng,Ficción histórica
1257,0061245089,"Halfway to the Grave (Night Huntress, #1)",Halfway to the Grave,2007.0,eng,Fantasía
1258,0141318309,The Twits,The Twits,1980.0,eng,Infantil
1259,0060278250,"Abhorsen (Abhorsen, #3)",Abhorsen,2003.0,eng,Fantasía
1260,0446612545,The Beach House,The Beach House,2002.0,eng,Thriller
1261,0751504572,The Eyes of the Dragon,Eyes of the Dragon,1987.0,eng,Fantasía
1262,0441104029,Children of Dune (Dune Chronicles #3),Children of Dune,1976.0,eng,Ciencia ficción
1263,1841499889,"Leviathan Wakes (The Expanse, #1)",Leviathan Wakes,2011.0,eng,Ciencia ficción
1264,1619636042,"Queen of Shadows (Throne of Glass, #4)",Queen of Shadows,2015.0,eng,Fantasía
1265,0679729771,"Maus II: A Survivor''s Tale: And Here My Troubles Began (Maus, #2)",Maus II : And Here My Troubles Began ,1991.0,eng,Cómic y novela gráfica
1266,0140501827,The Snowy Day,The Snowy Day,1962.0,eng,Infantil
1267,0747267634,"To the Nines (Stephanie Plum, #9)",To the Nines,2003.0,eng,Misterio
1268,0312554192,Where We Belong,Where We Belong,2012.0,eng,Ficción
1269,0385495226,The Hot Zone: The Terrifying True Story of the Origins of the Ebola Virus,The Hot Zone: The Terrifying True Story of the Origins of the Ebola Virus,1994.0,eng,No ficción
1270,0099448475,Sputnik Sweetheart,スプートニクの恋人 [Supūtoniku no Koibito],1999.0,eng,Ficción
1271,0670024856,The Signature of All Things,The Signature of All Things,2012.0,eng,Ficción histórica
1272,1592402038,"Eats, Shoots & Leaves: The Zero Tolerance Approach to Punctuation","Eats, Shoots and Leaves",2003.0,eng,Ensayo
1273,0060572965,"Dead Witch Walking (The Hollows, #1)",Dead Witch Walking,2004.0,eng,Fantasía
1274,0399231900,The Night Before Christmas,,1986.0,eng,Infantil
1275,0752898477,"An Echo in the Bone (Outlander, #7)",An Echo in the Bone,2009.0,eng,Ficción histórica
1276,0061996165,"Unearthly (Unearthly, #1)",Unearthly,2011.0,eng,Juvenil
1277,0310226058,The Case for Christ,The Case for Christ,1988.0,,Religión y espiritualidad
1278,0812577566,"Knife of Dreams (Wheel of Time, #11)",Knife of Dreams,2005.0,eng,Fantasía
1279,0440421705,Hoot,Hoot,2002.0,eng,Juvenil
1280,0679729526,The Aeneid,Æneis,-17.0,eng,Clásicos
1281,1594487367,This Is How You Lose Her,This is How You Lose Her,2012.0,eng,Ficción
1282,0307265838,After Dark,アフターダーク [Afutā dāku],2004.0,eng,Ficción
1283,0553375407,Ishmael:A Novel,Ishmael: An Adventure of the Mind and Spirit,1992.0,eng,Ficción
1284,1416995552,"It''s Not Summer Without You (Summer, #2)",It's Not Summer Without You,2010.0,eng,Juvenil
1285,0373210493,"Pushing the Limits (Pushing the Limits, #1)",Pushing the Limits,2012.0,eng,Juvenil
1286,0439321611,Quidditch Through the Ages,Quidditch Through the Ages,2001.0,eng,Fantasía
1287,0395401461,"Miss Nelson Is Missing! (Miss Nelson, #1)",Miss Nelson Is Missing!,1977.0,eng,Infantil
1288,0451196716,The Long Walk,The Long Walk,1979.0,eng,Ciencia ficción
1289,0060566213,"The Ersatz Elevator (A Series of Unfortunate Events, #6)",The Ersatz Elevator,2001.0,eng,Infantil
1290,0385732538,"Messenger (The Giver, #3)",Messenger ,2004.0,eng,Juvenil
1291,0451412354,"Lover Revealed (Black Dagger Brotherhood, #4)",Lover Revealed,2007.0,eng,Romántica
1292,0385516487,'Salem's Lot,'Salem's Lot The Illustrated Edition,2005.0,eng,Terror
1293,0316057770,"The Mysterious Benedict Society (The Mysterious Benedict Society, #1)",The Mysterious Benedict Society,2007.0,eng,Infantil
1294,0446579807,god is Not Great: How Religion Poisons Everything,God is Not Great: How Religion Poisons Everything,2007.0,eng,Ensayo
1295,1301627445,"Never Too Far (Rosemary Beach, #2; Too Far, #2)","Never Too Far (Too Far, #2)",2013.0,eng,Romántica
1296,0061015733,State of Fear,State of Fear,2004.0,eng,Thriller
1297,0316122386,The Statistical Probability of Love at First Sight,The Statistical Probability of Love at First Sight,2012.0,eng,Juvenil
1298,0786836547,"The Golem''s Eye (Bartimaeus, #2)",The Golem's Eye,2004.0,eng,Juvenil
1299,184243022X,Still Life with Woodpecker,Still Life with Woodpecker,1980.0,eng,Ficción
1300,0156031663,Those Who Save Us,Those Who Save Us,2004.0,eng,Ficción histórica
1301,0385340540,The Broker,The Broker,2005.0,eng,Thriller
1302,1595143971,"Across the Universe (Across the Universe, #1)",Across the Universe,2011.0,eng,Ciencia ficción
1303,0671250671,"The Road Less Traveled: A New Psychology of Love, Traditional Values, and Spiritual Growth","The Road Less Traveled:  A New Psychology of Love, Traditional Values, and Spiritual Growth",1978.0,eng,Psicología
1304,0451459873,"Blood Rites (The Dresden Files, #6)",Blood Rites,2004.0,eng,Fantasía
1305,0807508527,"The Boxcar Children (The Boxcar Children, #1)",The Boxcar Children,1942.0,eng,Infantil
1306,0143123238,The Silent Wife,The Silent Wife,2013.0,eng,Thriller
1307,0091940737,How to Be a Woman,How to Be a Woman,2011.0,eng,Memorias
1308,,"A Court of Mist and Fury (A Court of Thorns and Roses, #2)",A Court of Mist and Fury,2016.0,eng,Fantasía
1309,0297854399,Life,Life,2010.0,eng,Biografía
1310,0676979343,Unaccustomed Earth,Unaccustomed Earth,2008.0,eng,Ficción
1311,0316601950,The Pilot's Wife,The Pilot's Wife,1998.0,eng,Ficción
1312,0140283307,White Noise,White Noise,1985.0,eng,Ficción
1313,0743464117,"Band of Brothers: E Company, 506th Regiment, 101st Airborne from Normandy to Hitler''s Eagle''s Nest","Band of Brothers: E Company, 506th Regiment, 101st Airborne from Normandy to Hitler''s Eagle''s Nest",1992.0,eng,Historia
1314,0785819118,The Origin of Species,On the Origin of Species by Means of Natural Selection or the Preservation of Favoured Races in the Struggle for Life,1859.0,eng,Ciencia
1315,1891830430,Blankets,Blankets,2003.0,eng,Cómic y novela gráfica
1316,0061374229,The Story of Edgar Sawtelle,The Story of Edgar Sawtelle,2008.0,eng,Ficción
1317,0345439104,Drowning Ruth,Drowning Ruth,2000.0,eng,Ficción
1318,0876850867,Post Office,Post Office,1971.0,eng,Ficción
1319,0679744398,"All the Pretty Horses (The Border Trilogy, #1)",All the Pretty Horses,1992.0,eng,Ficción
1320,1593082045,"The Complete Sherlock Holmes, Vol 2","Sherlock Holmes: The Complete Novels and Stories, Vol 2",1914.0,,Misterio
1321,1569319014,"One Piece, Volume 01: Romance Dawn (One Piece, #1)","One Piece, Volume 01",1997.0,eng,Cómic y novela gráfica
1322,0451450523,"The Last Unicorn (The Last Unicorn, #1)",The Last Unicorn,1968.0,eng,Fantasía
1323,0060577312,"Magyk (Septimus Heap, #1)",Magyk,2005.0,eng,Juvenil
1324,0689848919,Fever 1793,Fever 1793,2000.0,eng,Ficción histórica
1325,0670018864,"The Likeness (Dublin Murder Squad, #2)",The Likeness,2008.0,eng,Misterio
1326,0307408868,Dead Wake: The Last Crossing of the Lusitania,Dead Wake: The Last Crossing of the Lusitania,2015.0,eng,Historia
1327,0812504690,The Jungle Book,The Jungle Book,1894.0,eng,Clásicos
1328,1439177724,"I Am Pilgrim (Pilgrim, #1)",I Am Pilgrim,2013.0,eng,Thriller
1329,0872863107,Howl and Other Poems,Howl and Other Poems ,1956.0,eng,Poesía
1330,073380084X,Don't Sweat the Small Stuff ... and it's all small stuff: Simple Ways to Keep the Little Things from Taking Over Your Life,Don't Sweat the Small Stuff,1997.0,eng,Autoayuda
1331,1617750255,Go the Fuck to Sleep,Go the Fuck to Sleep,2011.0,eng,Ficción
1332,0345418778,"Mostly Harmless (Hitchhiker''s Guide to the Galaxy, #5)",Mostly Harmless,1992.0,eng,Ciencia ficción
1333,074325807X,Benjamin Franklin: An American Life,Benjamin Franklin: An American Life,2003.0,eng,Biografía
1334,0385343833,The Tiger's Wife,The Tiger's Wife,2011.0,eng,Ficción
1335,0778324338,"Poison Study (Study, #1)",Poison Study,2005.0,eng,Fantasía
1336,0451222350,"Lover Unbound (Black Dagger Brotherhood, #5)",Lover Unbound,2007.0,eng,Romántica
1337,0060502932,"Going Postal (Discworld, #33; Moist von Lipwig, #1)",Going Postal,2004.0,eng,Fantasía
1338,0967686563,The Book of Mormon: Another Testament of Jesus Christ,The Book of Mormon,1830.0,eng,Religión y espiritualidad
1339,0451223292,The Mist,The Mist,1980.0,eng,Terror
1340,045146091X,"Dead Beat (The Dresden Files, #7)",Dead Beat,2005.0,eng,Fantasía
1341,0345539826,"Golden Son (Red Rising, #2)",Golden Son,2015.0,eng,Ciencia ficción
1342,055215430X,"Night Watch (Discworld, #29; City Watch, #6)",Night Watch,2002.0,eng,Fantasía
1343,0061020702,"The Light Fantastic (Discworld, #2; Rincewind #2)",The Light Fantastic,1986.0,eng,Fantasía
1344,0316078573,What the Dog Saw and Other Adventures,What the Dog Saw and Other Adventures,2009.0,eng,Ensayo
1345,0062430874,Pretty Girls,Pretty Girls,2015.0,eng,Thriller
1346,0575077905,"Last Argument of Kings (The First Law, #3)",Last Argument of Kings,2008.0,eng,Fantasía
1347,1476770387,Revival,Revival,2014.0,eng,Terror
1348,0679800034,Horton Hears a Who!,Horton Hears a Who!,1954.0,eng,Infantil
1349,0393330478,The Blind Side: Evolution of a Game,The Blind Side: Evolution of a Game,2006.0,eng,Deportes
1350,0060590165,"Lirael (Abhorsen, #2)",Lirael,2001.0,eng,Fantasía
1351,0316155594,"School''s Out—Forever (Maximum Ride, #2)",School's Out Forever,2006.0,eng,Juvenil
1352,0316080845,"Black Butler, Vol. 1 (Black Butler, #1)",黒執事 I [Kuroshitsuji I],2007.0,eng,Cómic y novela gráfica
1353,0312642989,"Winter (The Lunar Chronicles, #4)",Winter,2015.0,eng,Ciencia ficción
1354,0141439734,The Strange Case of Dr. Jekyll and Mr. Hyde and Other Tales of Terror,The Strange Case of Dr. Jekyll and Mr. Hyde and Other Tales of Terror ,1886.0,eng,Clásicos
1355,0545457823,The Hunger Games Tribute Guide,,2012.0,eng,No ficción
1356,0345503805,"The Warded Man (Demon Cycle, #1)",The Painted Man,2008.0,eng,Fantasía
1357,0486426750,The Pilgrim's Progress,,1678.0,,Clásicos
1358,0440241022,"One Shot (Jack Reacher, #9)",One Shot,2005.0,eng,Thriller
1359,1423140575,"The Serpent''s Shadow (Kane Chronicles, #3)",The Serpent's Shadow,2012.0,eng,Juvenil
1360,1416552510,Duma Key,Duma Key,2008.0,eng,Terror
1361,0330448447,The House at Riverton,The Shifting Fog,2006.0,eng,Ficción histórica
1362,081257558X,"Winter''s Heart (Wheel of Time, #9)",,2000.0,eng,Fantasía
1363,0451461037,"Proven Guilty (The Dresden Files, #8)",Proven Guilty,2006.0,eng,Fantasía
1364,0451529553,"Notes from Underground, White Nights, The Dream of a Ridiculous Man, and Selections from The House of the Dead",Записки из подполья,1864.0,eng,Clásicos
2485,0671741039,Swan Song,Swan Song,1987.0,eng,Terror
1365,0618084746,The Heart is a Lonely Hunter,The Heart is a Lonely Hunter,1940.0,eng,Clásicos
1366,,"The Infinite Sea (The 5th Wave, #2)",The Infinite Sea,2014.0,eng,Ciencia ficción
1367,0441627404,The Once and Future King (The Once and Future King #1-4),The Once and Future King,1958.0,eng,Fantasía
1368,0552152978,"Small Gods (Discworld, #13)",Small Gods,1992.0,eng,Fantasía
1369,0385323069,"Bud, Not Buddy","Bud, Not Buddy",1999.0,eng,Infantil
1370,0618477942,Fun Home: A Family Tragicomic,,2006.0,eng,Cómic y novela gráfica
1371,006135323X,Predictably Irrational: The Hidden Forces That Shape Our Decisions,Predictably Irrational: The Hidden Forces that Shape Our Decisions,2007.0,eng,Psicología
1372,,الفيل الأزرق,الفيل الأزرق,2012.0,ara,Ficción
1373,0007148984,"The Indian in the Cupboard (The Indian in the Cupboard, #1)",The Indian in the Cupboard,1980.0,eng,Infantil
1374,0765325950,"A Memory of Light (Wheel of Time, #14)",A Memory of Light,2012.0,eng,Fantasía
1375,1419701762,Me and Earl and the Dying Girl,Me and Earl and the Dying Girl,2012.0,eng,Juvenil
1376,0810984911,"The Ugly Truth (Diary of a Wimpy Kid, #5)",The Ugly Truth,2010.0,eng,Infantil
1377,0312990227,"Janet Evanovich Three and Four Two-Book Set (Stephanie Plum, #3-4)","Janet Evanovich Three and Four Two-Book Set (Stephanie Plum, #3-4)",2002.0,,Misterio
1378,0060839783,"The Professor and the Madman: A Tale of Murder, Insanity and the Making of the Oxford English Dictionary","The Surgeon of Crowthorne: a tale of murder, madness & the love of words",1998.0,eng,No ficción
1379,0446696633,"2nd Chance (Women''s Murder Club, #2)",2nd Chance,2002.0,eng,Thriller
1380,0141014083,"The Complete Maus (Maus, #1-2)",The Complete Maus,1986.0,eng,Cómic y novela gráfica
1381,0142001805,"The Eyre Affair (Thursday Next, #1)",The Eyre Affair,2001.0,eng,Ciencia ficción
1382,0345373944,Anne Rice's The Vampire Lestat: A Graphic Novel,Anne Rice's The Vampire Lestat: The Graphic Novel,1989.0,eng,Cómic y novela gráfica
1383,0747571775,Sideways Stories from Wayside School (Wayside School #1),,1978.0,eng,Infantil
1384,1573221112,The Art of Happiness,The Art of Happiness: A Handbook for Living,1998.0,eng,Religión y espiritualidad
1385,1400065674,The Bone Clocks,The Bone Clocks,2014.0,eng,Fantasía
1386,0385333137,Black and Blue,Black and Blue,1998.0,eng,Ficción
1387,0062003933,"Origins (The Vampire Diaries: Stefan''s Diaries, #1)",,2010.0,eng,Juvenil
1388,0385339682,The Last Juror,The Last Juror,2004.0,eng,Thriller
1389,1400032814,Diary,Diary,2003.0,eng,Ficción
1390,0312985347,"Eleven on Top (Stephanie Plum, #11)",Eleven on Top,2005.0,eng,Misterio
1391,0439554004,"Inkspell (Inkworld, #2)",Tintenblut,2005.0,eng,Juvenil
1392,0743236017,"Sex, Drugs, and Cocoa Puffs: A Low Culture Manifesto","Sex, Drugs, and Cocoa Puffs: A Low Culture Manifesto",2003.0,eng,Ensayo
1393,0316926345,Brideshead Revisited: The Sacred and Profane Memories of Captain Charles Ryder,Brideshead Revisited: The Sacred and Profane Memories of Captain Charles Ryder,1945.0,eng,Clásicos
1394,0451461401,"White Night (The Dresden Files, #9)",White Night,2007.0,eng,Fantasía
1395,0062306812,The Miniaturist,The Miniaturist,2014.0,eng,Ficción histórica
1396,0786915749,"Dragons of Autumn Twilight  (Dragonlance: Chronicles, #1)",Dragons of Autumn Twilight,1984.0,eng,Fantasía
1397,0786849568,"The Lost Colony (Artemis Fowl, #5)",The Lost Colony,2006.0,eng,Juvenil
1398,1416951172,"Extras (Uglies, #4)",Extras,2006.0,eng,Ciencia ficción
1399,0399244557,"The Burning Bridge (Ranger''s Apprentice, #2)",The Burning Bridge,2005.0,eng,Juvenil
1400,0670025593,"The Book of Life (All Souls Trilogy, #3)",The Book of Life,2014.0,eng,Fantasía
1401,1585421464,The Artist's Way: A Spiritual Path to Higher Creativity,The Artist's Way: A Spiritual Path to Higher Creativity,1992.0,eng,Autoayuda
1402,067084487X,The Stinky Cheese Man and Other Fairly Stupid Tales,The Stinky Cheese Man and Other Fairly Stupid Tales,1992.0,eng,Infantil
1403,0061147958,Horns,Horns,2009.0,eng,Terror
1404,0679456724,Catherine the Great: Portrait of a Woman,Catherine the Great: Portrait of a Woman,2011.0,eng,Biografía
1405,0385528779,"The Year of the Flood  (MaddAddam, #2)",The Year of the Flood,2009.0,eng,Ciencia ficción
1406,0312364121,Winter Garden,Winter Garden,2009.0,eng,Ficción
1407,0385339658,The King of Torts,The King of Torts,2003.0,eng,Thriller
1408,0316067598,Lone Survivor: The Eyewitness Account of Operation Redwing and the Lost Heroes of SEAL Team 10,Lone Survivor: The Eyewitness Account of Operation Redwing and the Lost Heroes of SEAL Team 10,2006.0,eng,Memorias
1409,9788129113726,The 3 Mistakes of My Life,The 3 Mistakes of My Life,2008.0,eng,Ficción
1410,1579126278,"The Murder of Roger Ackroyd (Hercule Poirot, #4)",The Murder of Roger Ackroyd,1926.0,eng,Misterio
1412,0316033650,"Shadow''s Edge (Night Angel, #2)",Shadow's Edge,2008.0,eng,Fantasía
1413,1907411054,"Under the Never Sky (Under the Never Sky, #1)",Under the Never Sky,2011.0,eng,Juvenil
1414,044669651X,"True Believer (Jeremy Marsh & Lexie Darnell, #1)",True Believer,2003.0,eng,Romántica
1415,0307887898,The Lean Startup: How Today's Entrepreneurs Use Continuous Innovation to Create Radically Successful Businesses,The Lean Startup‎,2011.0,eng,Negocios
1416,1595143181,"The Golden Lily (Bloodlines, #2)",The Golden Lily,2012.0,eng,Juvenil
1417,0743290119,Chasing Harry Winston,Chasing Harry Winston,2008.0,eng,Romántica
1418,0345335457,"Magician''s Gambit (The Belgariad, #3)",Magician's Gambit,1983.0,,Fantasía
1419,0785136207,The Stand: Captain Trips,,2009.0,eng,Cómic y novela gráfica
1420,0671728687,The Rise and Fall of the Third Reich: A History of Nazi Germany,The Rise and Fall of the Third Reich: A History of Nazi Germany,1960.0,eng,Historia
1421,1594481938,A Long Way Down,A Long Way Down,2005.0,eng,Ficción
1422,0439706408,"Out from Boneville (Bone, #1)",Out from Boneville,1993.0,eng,Cómic y novela gráfica
1423,0340640146,Rose Madder,Rose Madder,1995.0,eng,Terror
1424,0515142247,"Die Trying (Jack Reacher, #2)","Die Trying (Jack Reacher, #2)",1998.0,eng,Thriller
1425,0316123528,"Beautiful Chaos (Caster Chronicles, #3)",Beautiful Chaos,2011.0,eng,Juvenil
1426,0060878061,Keeping Faith,Keeping Faith,1999.0,,Ficción
1427,0061147931,Heart-Shaped Box,Heart-Shaped Box,2007.0,eng,Terror
1428,1419702238,"Cabin Fever (Diary of a Wimpy Kid, #6)",Cabin Fever,2010.0,eng,Infantil
1429,0316033669,"Beyond the Shadows (Night Angel, #3)",,2008.0,eng,Fantasía
1430,1416543007,Everyone Worth Knowing,Everyone Worth Knowing,2005.0,eng,Romántica
1431,1862301387,"Redwall (Redwall, #1)",Redwall,1986.0,eng,Juvenil
1432,0140447571,The Communist Manifesto,Manifest der Kommunistischen Partei,1848.0,eng,Clásicos
1433,1501132938,The Woman in Cabin 10,The Woman in Cabin 10,2016.0,eng,Thriller
1434,0553213296,The Last of the Mohicans (The Leatherstocking Tales #2),The Last of the Mohicans: A Narrative of 1757,1826.0,eng,Clásicos
1435,0679736379,Sophie's Choice,Sophie's Choice,1979.0,eng,Ficción histórica
1436,044024191X,"Shopaholic and Sister (Shopaholic, #4)",Shopaholic and Sister,2004.0,eng,Romántica
1437,0373210132,The Iron Daughter,The Iron Daughter,2010.0,eng,Fantasía
1438,1576737330,The Prayer of Jabez:  Breaking Through to the Blessed Life,The Prayer of Jabez:  Breaking Through to the Blessed Life,2000.0,eng,Religión y espiritualidad
1439,0812983602,The Age of Miracles,The Age of Miracles,2012.0,eng,Ciencia ficción
1440,0786868724,Have a Little Faith: a True Story,Have a Little Faith: A True Story,2009.0,eng,Memorias
1441,1400043468,My Life in France,My Life in France,2006.0,eng,Memorias
1442,1922182109,"The Rosie Effect (Don Tillman, #2)",The Rosie Effect,2014.0,eng,Romántica
1443,9380658797,The Secret of the Nagas (Shiva Trilogy #2),The Secret of the Nagas.,2011.0,eng,Fantasía
1444,006117758X,Ham on Rye,Ham on Rye,1982.0,,Ficción
1445,0375825444,Flipped,Flipped,2001.0,eng,Juvenil
1446,0974320625,Emotional Intelligence 2.0,Emotional Intelligence 2.0,2003.0,,Psicología
1447,0670035386,Make Way for Ducklings,Make Way for Ducklings,1941.0,,Infantil
1448,0765354942,"Relic (Pendergast, #1)",Relic,1995.0,eng,Thriller
1449,0380727501,Notes from a Small Island,Notes from a Small Island,1995.0,eng,Viajes
1450,0451461894,"Small Favor (The Dresden Files, #10)",Small Favor,2008.0,eng,Fantasía
1451,1607060760,"The Walking Dead, Compendium 1",The Walking Dead Compendium Volume 1,2009.0,eng,Cómic y novela gráfica
1452,1599900734,"Princess Academy (Princess Academy, #1)",Princess Academy,2005.0,eng,Juvenil
1453,0553496646,"Everything, Everything","Everything, Everything",2015.0,eng,Juvenil
1454,0486282228,Pygmalion,Pygmalion,1912.0,eng,Clásicos
1455,0062124269,Flight Behavior,Flight Behavior,2012.0,eng,Ficción
1479,044101268X,"Furies of Calderon (Codex Alera, #1)",Furies of Calderon ,2004.0,eng,Fantasía
1456,1590388984,"Grip of the Shadow Plague (Fablehaven, #3)",Grip of the Shadow Plague,2008.0,eng,Juvenil
1457,0140298479,"Bridget Jones: The Edge of Reason (Bridget Jones, #2)",Bridget Jones: The Edge of Reason,1999.0,eng,Romántica
1458,067976397X,Corelli's Mandolin,Captain Corelli's Mandolin,1994.0,eng,Ficción histórica
1459,0446698466,"At First Sight (Jeremy Marsh & Lexie Darnell, #2)",At First Sight,2004.0,eng,Romántica
1460,0767903862,In a Sunburned Country,Down Under,2000.0,eng,Viajes
1461,0192123092,The Memoirs of Sherlock Holmes,The Memoirs of Sherlock Holmes,1894.0,eng,Clásicos
1462,0812992792,The Orphan Master's Son,The Orphan Master's Son,2012.0,eng,Ficción
1463,0345300785,"Enchanters'' End Game (The Belgariad, #5)",Enchanters' End Game,1984.0,eng,Fantasía
1464,0375714839,The Complete Persepolis,Persepolis,2003.0,eng,Cómic y novela gráfica
1465,0449213447,The Chosen,The Chosen,1967.0,eng,Ficción
1466,0451171357,The Agony and the Ecstasy,The Agony and the Ecstasy: A Biographical Novel of Michelangelo,1958.0,eng,Ficción histórica
1467,0385528701,"The Angel''s Game (The Cemetery of Forgotten Books, #2)",El juego del ángel,2008.0,eng,Misterio
1468,0786891084,"Love, Rosie",Where Rainbows End,2004.0,eng,Romántica
1469,0064441555,Amelia Bedelia  (Amelia Bedelia #1),Amelia Bedelia,1963.0,eng,Infantil
1470,,"This Man (This Man, #1)",This Man,2012.0,eng,Romántica
1471,0765326264,"A Dog''s Purpose (A Dog''s Purpose, #1)",A Dog's Purpose ,2010.0,eng,Ficción
1472,1595148035,"An Ember in the Ashes (An Ember in the Ashes, #1)",An Ember in the Ashes,2015.0,eng,Fantasía
1473,0451222725,"Lover Enshrined (Black Dagger Brotherhood, #6)","Lover Enshrined, part one",2008.0,eng,Romántica
1474,0062110837,"The Golem and the Jinni (The Golem and the Jinni, #1)",The Golem and the Jinni,2013.0,eng,Fantasía
1475,,الأسود يليق بك,الأسود يليق بك,2012.0,ara,Ficción
1476,0064410137,"The Slippery Slope (A Series of Unfortunate Events, #10)",The Slippery Slope,2003.0,eng,Juvenil
1477,0143037617,Bleak House,Bleak House,1853.0,eng,Clásicos
1478,0064431436,"Caps for Sale: A Tale of a Peddler, Some Monkeys and Their Monkey Business","Caps for sale: a tale of a peddler, some monkeys and their monkey business",1938.0,eng,Infantil
1480,0689878559,"Alanna: The First Adventure (Song of the Lioness, #1)",Alanna: The First Adventure,1983.0,eng,Fantasía
1481,0224085611,Her Fearful Symmetry,Her Fearful Symmetry,2009.0,eng,Ficción
1482,1439199353,The Boston Girl,The Boston Girl,2014.0,eng,Ficción histórica
1483,0451225856,"Lover Avenged (Black Dagger Brotherhood, #7)","Lover Enshrined, part two",2009.0,eng,Romántica
1484,0553288202,"The Fall of Hyperion (Hyperion Cantos, #2)",The Fall of Hyperion,1990.0,eng,Ciencia ficción
1485,0446698873,"The Black Dahlia (L.A. Quartet, #1)",The Black Dahlia,1987.0,eng,Misterio
1486,0688120490,"Through the Looking-Glass, and What Alice Found There","Through the Looking-Glass, and What Alice Found There",1871.0,eng,Clásicos
1487,0743246985,Wild Swans: Three Daughters of China,Wild Swans: Three Daughters of China,1991.0,eng,Memorias
1488,0394800206,"Go, Dog. Go!","Go, Dog. Go!",1961.0,eng,Infantil
1489,0060885408,"On the Banks of Plum Creek  (Little House, #4)",,1937.0,,Infantil
1490,1501100130,"Finders Keepers (Bill Hodges Trilogy, #2)",Finders Keepers,2015.0,eng,Thriller
1491,0061558230,"The Strain (The Strain Trilogy, #1)",The Strain,2009.0,eng,Terror
1492,0316184136,The Complete Poems of Emily Dickinson,The Complete Poems of Emily Dickinson,1890.0,eng,Poesía
1493,0060935472,"Old Yeller (Old Yeller, #1)",Old Yeller,1956.0,eng,Infantil
1494,1416553649,Born Standing Up: A Comic's Life,Born Standing Up: A Comic's Life,2007.0,eng,Memorias
1495,0060899190,PostSecret: Extraordinary Confessions from Ordinary Lives (PostSecret),PostSecret: Extraordinary Confessions from Ordinary Lives,2005.0,,No ficción
1496,0007119550,"A Storm of Swords: Blood and Gold (A Song of Ice and Fire, #3: Part 2 of 2)",A Storm of Swords: Part 2 Blood and Gold,2000.0,eng,Fantasía
1497,0152047379,"The Borrowers (The Borrowers, #1)",The Borrowers Afield,1952.0,,Infantil
1498,0340818670,Hearts in Atlantis,Hearts in Atlantis,1999.0,eng,Ficción
1499,0345544951,Small Great Things,,2016.0,eng,Ficción
1500,037571894X,"A Wild Sheep Chase (The Rat, #3)",羊をめぐる冒険 [Hitsujiwomegurubōken],1982.0,eng,Ficción
1501,0743246071,"The Queen''s Fool (The Plantagenet and Tudor Novels, #12)",The Queen's Fool,2003.0,eng,Ficción histórica
1594,0312987854,Bet Me,Bet Me,2004.0,eng,Romántica
1502,0316133973,"Days of Blood & Starlight (Daughter of Smoke & Bone, #2)",Days of Blood & Starlight,2012.0,eng,Fantasía
1503,1842430351,Jitterbug Perfume,Jitterbug Perfume,1984.0,eng,Ficción
1504,0399244573,"The Battle for Skandia (Ranger''s Apprentice, #4)","The Battle for Skandia (Ranger''s Apprentice, #4)",2006.0,eng,Juvenil
1505,1423157370,"The Darkest Minds (The Darkest Minds, #1)",The Darkest Minds,2012.0,eng,Juvenil
1506,0060832819,The Zahir,O Zahir,2005.0,eng,Ficción
1507,1416560610,The Power of Positive Thinking,The Power of Positive Thinking,1952.0,eng,Autoayuda
1508,1846558913,"In a Dark, Dark Wood","In a Dark, Dark Wood ",2015.0,eng,Thriller
1509,1844082938,The House of Mirth,The House of Mirth,1905.0,eng,Clásicos
1510,0345501330,"Fairy Tail, Vol. 1 (Fairy Tail, #1)",Fairy Tail 1,2006.0,eng,Cómic y novela gráfica
1511,0756410436,The Slow Regard of Silent Things (The Kingkiller Chronicle #2.5),The Slow Regard of Silent Things,2014.0,eng,Fantasía
1512,9781017018318,Twelve Years a Slave,Twelve Years a Slave,1853.0,eng,Memorias
1513,0451229851,"Lover Mine (Black Dagger Brotherhood, #8)","Lover Avenged, part one",2010.0,eng,Romántica
1514,0141001828,In the Heart of the Sea: The Tragedy of the Whaleship Essex,In the Heart of the Sea: The Tragedy of the Whaleship Essex,1999.0,eng,Historia
1515,0743289684,Infidel,Infidel,2006.0,eng,Memorias
1516,1400063515,The Black Swan: The Impact of the Highly Improbable,The Black Swan: The Impact of the Highly Improbable,2007.0,eng,Ensayo
1517,0345504984,"The Twelve (The Passage, #2)",The Twelve,2012.0,eng,Terror
1518,0374529523,One Day in the Life of Ivan Denisovich,Один день Ивана Денисовича,1962.0,eng,Clásicos
1519,0553380966,"The Diamond Age: or, A Young Lady''s Illustrated Primer",The Diamond Age,1995.0,eng,Ciencia ficción
1520,0060892994,A Canticle for Leibowitz,A Canticle for Leibowitz,1959.0,eng,Ciencia ficción
1521,1580493882,"Antigone (The Theban Plays, #3)",Ἀντιγόνη,-441.0,eng,Clásicos
1523,1442409053,"Wither (The Chemical Garden, #1)",Wither,2011.0,eng,Juvenil
1524,0062300547,Hillbilly Elegy: A Memoir of a Family and Culture in Crisis,Hillbilly Elegy. A Memoir of a Family and Culture in Crisis,2016.0,eng,Memorias
1525,0312864590,"Crossroads of Twilight (Wheel of Time, #10)",Crossroads of Twilight,2003.0,eng,Fantasía
1526,1580495869,The Red Badge of Courage,The Red Badge of Courage,1871.0,eng,Clásicos
1527,0544272994,What If?: Serious Scientific Answers to Absurd Hypothetical Questions,What If?: Serious Scientific Answers to Absurd Hypothetical Questions,2014.0,eng,Ciencia
1528,0765348780,"Gardens of the Moon (The Malazan Book of the Fallen, #1)",Gardens of the Moon,1999.0,eng,Fantasía
1529,0007251866,The Witch Of Portobello,A Bruxa de Portobello,2006.0,eng,Ficción
1530,0440401585,"A Swiftly Tilting Planet (A Wrinkle in Time Quintet, #3)",A Swiftly Tilting Planet,1978.0,eng,Juvenil
1531,043977134X,"Gregor the Overlander (Underland Chronicles, #1)",Gregor the Overlander,2003.0,eng,Juvenil
1532,1439102724,Sing You Home,Sing You Home,2011.0,eng,Ficción
1533,0345419634,"The Tale of the Body Thief (The Vampire Chronicles, #4)",The Tale of the Body Thief,1992.0,eng,Fantasía
1534,0446615625,"The Camel Club (Camel Club, #1)",The Camel Club,2005.0,eng,Thriller
1535,0316155608,"Saving the World and Other Extreme Sports (Maximum Ride, #3)",Saving The World and Other Extreme Sports,2006.0,eng,Juvenil
1536,0812551478,"Blood of the Fold (Sword of Truth, #3)",Blood of the Fold,1996.0,eng,Fantasía
1537,0743272501,"The Boleyn Inheritance (The Plantagenet and Tudor Novels, #10)",The Boleyn Inheritance,2006.0,eng,Ficción histórica
1538,0385683421,A Spool of Blue Thread,A Spool of Blue Thread,2015.0,eng,Ficción
1539,0385542364,The Underground Railroad,The Underground Railroad,2016.0,eng,Ficción histórica
1540,0786838930,"Masquerade (Blue Bloods, #2)",Masquerade,2007.0,eng,Juvenil
1541,0373210183,"The Iron Queen (The Iron Fey, #3)",The Iron Queen,2011.0,eng,Juvenil
1542,0988393506,"Losing It (Losing It, #1)",Losing It,2012.0,eng,Romántica
1543,0385535144,The Racketeer,The Racketeer,2012.0,,Thriller
1544,0143036378,Disgrace,Disgrace,1999.0,eng,Ficción
1545,0525444440,"The House at Pooh Corner (Winnie-the-Pooh, #2)",The House at Pooh Corner,1928.0,eng,Infantil
1546,0316075558,"The Black Prism (Lightbringer, #1)",The Black Prism,2010.0,eng,Fantasía
1547,0143036696,The Mermaid Chair,The Mermaid Chair,2004.0,eng,Ficción
1548,0064440206,"Frog and Toad Are Friends (Frog and Toad, #1)",Frog and Toad Are Friends,1970.0,eng,Infantil
1549,0064410129,"The Carnivorous Carnival (A Series of Unfortunate Events, #9)",The Carnivorous Carnival,2002.0,eng,Juvenil
1550,1423116399,"Heist Society (Heist Society, #1)",Heist Society,2010.0,eng,Juvenil
1551,1250121000,Behind Closed Doors,Behind Closed Doors,2016.0,eng,Thriller
1552,0345348109,"The Killer Angels (The Civil War Trilogy, #2)",The Killer Angels,1974.0,eng,Ficción histórica
1553,0425201392,"Circus of the Damned (Anita Blake, Vampire Hunter, #3)","Circus of the Damned (Anita Blake, Vampire Hunter, #3)",1995.0,eng,Fantasía
1554,0786818611,"Ptolemy''s Gate (Bartimaeus, #3)",Ptolemy's Gate,2006.0,eng,Juvenil
1555,0553214322,The Island of Dr. Moreau,The Island of Dr. Moreau,1896.0,eng,Clásicos
1556,1620610094,"Opal (Lux, #3)",Opal,2012.0,,Juvenil
1557,1934781630,Zeitoun,Zeitoun,2008.0,,No ficción
1558,141697170X,Out of My Mind,Out of My Mind,2010.0,eng,Juvenil
1559,,"Rapture (Fallen, #4)",Rapture,2012.0,eng,Juvenil
1560,1453688935,"Switched (Trylle, #1)",Switched,2010.0,eng,Juvenil
1561,0679774386,Doctor Zhivago,Доктор Живаго,1957.0,eng,Clásicos
1562,1476791457,Confess,,2015.0,eng,Romántica
1563,1469216000,"Pines (Wayward Pines, #1)",Pines,2012.0,,Thriller
1564,0099303744,Disclosure,Disclosure,1994.0,,Thriller
1565,0307959856,Death Comes to Pemberley,Death Comes to Pemberley,2012.0,eng,Misterio
1566,0142437808,Ethan Frome,Ethan Frome,1911.0,eng,Clásicos
1567,0385720106,A Map of the World,A Map of the World,1992.0,eng,Ficción
1568,9781804228203,It Ends with Us,It Ends with Us,2016.0,eng,Romántica
1569,141693586X,The Gift of the Magi,The Gift of the Magi,1905.0,eng,Clásicos
1570,0553380648,The Electric Kool-Aid Acid Test,The Electric Kool-Aid Acid Test,1968.0,eng,No ficción
1571,0802140181,Naked Lunch,The Naked Lunch,1959.0,eng,Ficción
1572,156389226X,Dream Country (The Sandman #3),The Sandman: Dream Country,1991.0,eng,Cómic y novela gráfica
1573,0385337930,A Painted House,A Painted House,2001.0,eng,Ficción
1574,0441007317,The Left Hand of Darkness,The Left Hand of Darkness,1969.0,eng,Ciencia ficción
1575,0142412147,Let It Snow: Three Holiday Romances,Let It Snow: Three Holiday Romances,2008.0,eng,Romántica
1576,1439192561,"Full Dark, No Stars","Full Dark, No Stars",2010.0,eng,Terror
1577,0805095152,Being Mortal: Medicine and What Matters in the End,Being Mortal: Medicine and What Matters in the End,2014.0,eng,No ficción
1578,0553582917,Intensity,Intensity,1987.0,eng,Thriller
1579,0446552445,Chelsea Chelsea Bang Bang,Chelsea Chelsea Bang Bang,2010.0,eng,Memorias
1580,1406914835,A Doll's House,Et dukkehjem,1879.0,eng,Clásicos
1581,0375760377,Hawaii,Hawaii,1959.0,eng,Ficción histórica
1582,0413757102,Revolutionary Road,Revolutionary Road,1961.0,eng,Ficción
1583,0375835318,Nick & Norah's Infinite Playlist,Nick & Norah's Infinite Playlist,2006.0,eng,Juvenil
1584,0802132758,Rosencrantz and Guildenstern Are Dead,Rosencrantz and Guildenstern are Dead,1966.0,eng,Clásicos
1585,0545259088,"Forever (The Wolves of Mercy Falls, #3)",Forever,2011.0,eng,Juvenil
1586,1573226521,The Beach,The Beach,1996.0,eng,Ficción
1587,0143145541,Saving CeeCee Honeycutt,Saving CeeCee Honeycutt,2010.0,eng,Ficción
1588,0575096578,"Deadlocked (Sookie Stackhouse, #12)",Deadlocked,2012.0,eng,Fantasía
1589,1416524355,Everything's Eventual: 14 Dark Tales,Everything's Eventual: 14 Dark Tales,2002.0,eng,Terror
1590,0192750968,"Beezus and Ramona (Ramona, #1)",Beezus and Ramona,1955.0,,Infantil
1591,141650964X,"The Farthest Shore (Earthsea Cycle, #3)",The Farthest Shore,1972.0,,Fantasía
1592,0099556316,Airframe,Airframe,1996.0,eng,Thriller
1593,0553564943,"Magician: Apprentice (The Riftwar Saga, #1)",Magician,1982.0,eng,Fantasía
1595,0316548189,Long Walk to Freedom,Long Walk to Freedom: The Autobiography of Nelson Mandela,1994.0,eng,Biografía
1596,038553714X,Gray Mountain,Gray Mountain,2014.0,eng,Thriller
1597,034541005X,"The Power of One (The Power of One, #1)",The Power of One,1989.0,eng,Ficción histórica
1598,0752865331,The Maltese Falcon,The Maltese Falcon,1930.0,eng,Misterio
1599,0312364423,Night Road,Night Road,2011.0,eng,Ficción
1600,0515128635,"Tripwire  (Jack Reacher, #3)",Tripwire,1999.0,eng,Thriller
1601,055380491X,Emotional Intelligence: Why It Can Matter More Than IQ,Emotional Intelligence,1995.0,eng,Psicología
1602,045146317X,"Changes (The Dresden Files, #12)",Changes,2010.0,eng,Fantasía
1603,0670674249,The Story of Ferdinand,The Story of Ferdinand,1936.0,,Infantil
1604,1416903569,"Impulse (Impulse, #1)",Impulse,2007.0,eng,Juvenil
1605,0140436588,Ivanhoe,Ivanhoe,1819.0,eng,Clásicos
1606,0312936222,"Ten Big Ones (Stephanie Plum, #10)",Ten Big Ones,2004.0,eng,Misterio
1607,0446690457,"The Poet (Jack McEvoy, #1; Harry Bosch Universe, #5)",The Poet,1996.0,eng,Thriller
1608,0061985848,"Paranormalcy (Paranormalcy, #1)",Paranormalcy,2010.0,eng,Juvenil
1609,0316087378,"Eclipse: The Complete Illustrated Movie Companion (The Twilight Saga: The Official Illustrated Movie Companion, #3)",Eclipse: The Official Illustrated Movie Companion,2010.0,eng,No ficción
1610,0061257095,The Shoemaker's Wife,The Shoemaker's Wife,2012.0,eng,Ficción histórica
1611,1590387422,"Rise of the Evening Star (Fablehaven, #2)",Rise of the Evening Star,2006.0,,Infantil
1612,1455806854,"The Next Always (Inn BoonsBoro, #1)",The Next Always,2011.0,,Romántica
1613,0307269191,What I Talk About When I Talk About Running,走ることについて語るときに僕の語ること [Hashiru koto ni tsuite kataru toki ni boku no kataru koto],2007.0,eng,Memorias
1614,1416995587,"We''ll Always Have Summer (Summer, #3)",We'll Always Have Summer,2011.0,eng,Juvenil
1615,0307268195,Open,Open: An Autobiography,2009.0,eng,Biografía
1616,014240165X,"Stormbreaker (Alex Rider, #1)",Alex Rider: Stormbreaker,2000.0,eng,Juvenil
1686,0345403959,Belgarath the Sorcerer,Belgarath the Sorcerer,1995.0,eng,Fantasía
1617,1590860624,"Without Fail (Jack Reacher, #6)",Without Fail ,2002.0,eng,Thriller
1618,0842377506,"A Voice in the Wind (Mark of the Lion, #1)",A Voice in the Wind,1993.0,eng,Ficción histórica
1619,031613290X,"The Twilight Saga Complete Collection  (Twilight, #1-4 + 3.5)",,2005.0,eng,Juvenil
1620,057507681X,A Scanner Darkly,A Scanner Darkly ,1977.0,eng,Ciencia ficción
1621,1594488843,Drive: The Surprising Truth About What Motivates Us,Drive: The Surprising Truth About What Motivates Us,2008.0,,Negocios
1622,1416534733,A Connecticut Yankee in King Arthur's Court,A Connecticut Yankee in King Arthur's Court,1889.0,eng,Clásicos
1623,1563894696,Batman: The Long Halloween,Batman: The Long Halloween,1997.0,eng,Cómic y novela gráfica
1624,0811201880,Nausea,La Nausée,1938.0,eng,Clásicos
1625,0785268839,Wild at Heart: Discovering the Secret of a Man's Soul,,2001.0,eng,Religión y espiritualidad
1626,1606410423,"Secrets of the Dragon Sanctuary (Fablehaven, #4)","Fablehaven: Secrets of the Dragon Sanctuary (Fablehaven, #4)",2009.0,eng,Juvenil
1627,0312349486,"Twelve Sharp (Stephanie Plum, #12)",Twelve Sharp,2006.0,eng,Misterio
1628,,"Wool (Wool, #1)",Wool,2011.0,eng,Ciencia ficción
1629,0689845367,"The Tombs of Atuan (Earthsea Cycle, #2)",The Tombs of Atuan,1970.0,eng,Fantasía
1630,0451462564,"Turn Coat (The Dresden Files, #11)",Turn Coat,2009.0,eng,Fantasía
1631,0140439072,The Sign of Four,The Sign of Four,1890.0,eng,Misterio
1632,039921920X,The Mitten,РУКАВИЧКА: Українська народна казка,1929.0,eng,Infantil
1633,096319254X,"Memnoch the Devil (The Vampire Chronicles, #5)",Memnoch The Devil,1995.0,eng,Terror
1634,0385733585,"The Magician (The Secrets of the Immortal Nicholas Flamel, #2)",The Magician: The Secrets of The Immortal Nicholas Flamel,2008.0,eng,Fantasía
1635,0689832133,"Click, Clack, Moo: Cows That Type","Click, Clack, Moo: Cows That Type",1999.0,eng,Infantil
1636,0441015662,"Iron Kissed (Mercy Thompson, #3)",Iron Kissed,2008.0,eng,Fantasía
1637,0765328658,"Anna Dressed in Blood (Anna, #1)",Anna Dressed in Blood,2011.0,eng,Terror
1638,1423321677,"Temple of the Winds (Sword of Truth, #4)","Temple of the Winds (Sword of Truth, #4)",1997.0,,Fantasía
1639,0380714752,The True Confessions of Charlotte Doyle,The True Confessions of Charlotte Doyle,1990.0,eng,Juvenil
1640,1565125967,A Reliable Wife,A Reliable Wife,2009.0,eng,Ficción histórica
1641,0380729407,"Something Wicked This Way Comes (Green Town, #2)",Something Wicked This Way Comes,1962.0,eng,Ciencia ficción
1642,140003342X,Song of Solomon,Song of Solomon,1977.0,eng,Ficción
1643,0394298667,Red Storm Rising,Red Storm Rising,1986.0,,Thriller
1644,0802139256,Peace Like a River,Peace Like a River,2001.0,eng,Ficción
1645,0385517874,Rant,Rant: An Oral Biography of Buster Casey,2007.0,eng,Ficción
1646,0812565959,"Shadow of the Hegemon (Ender''s Shadow, #2)",Shadow of the Hegemon,2000.0,eng,Ciencia ficción
1647,,تراب الماس,تراب الماس,2010.0,ara,Ficción
1648,0307021343,The Poky Little Puppy (A Little Golden Book),The Poky Little Puppy (a Little Golden Book),1942.0,eng,Infantil
1649,0440235596,Tara Road,Tara Road,1998.0,eng,Ficción
1650,1587263890,The Call of the Wild/White Fang,The Call of the Wild / White Fang,1906.0,eng,Clásicos
1651,,"Ignite Me (Shatter Me, #3)","Ignite Me (Shatter Me, #3)",2014.0,eng,Juvenil
1652,1423100050,"Cross My Heart and Hope to Spy (Gallagher Girls, #2)",Cross My Heart and Hope to Spy,2007.0,eng,Juvenil
1653,0441014739,"Blood Bound (Mercy Thompson, #2)",Blood Bound,2007.0,eng,Fantasía
1654,0451464400,"Cold Days (The Dresden Files, #14)",Cold Days,2012.0,eng,Fantasía
1655,0399154094,"The Friday Night Knitting Club (Friday Night Knitting Club, #1)",The Friday Night Knitting Club,2006.0,eng,Ficción
1656,0312330863,All Things Bright and Beautiful (All Creatures Great and Small),All Things Bright and Beautiful,1973.0,eng,Memorias
1657,0316921173,Infinite Jest,Infinite Jest,1996.0,eng,Ficción
1659,0812967127,The Day of the Triffids,The Day of the Triffids,1951.0,eng,Ciencia ficción
1660,0062041266,The Sisters Brothers,The Sisters Brothers,2011.0,eng,Ficción histórica
1661,0061922315,Secret Daughter,Secret Daughter,2010.0,eng,Ficción
1687,0575070706,The Great Dune Trilogy  ,The Great Dune Trilogy,1977.0,eng,Ciencia ficción
1662,0375822070,Fantastic Mr. Fox,Fantastic Mr Fox,1970.0,eng,Infantil
1663,9504915248,Brida,Brida,1990.0,por,Ficción
1664,0141183535,A Room of One's Own,A Room of One's Own,1929.0,eng,Ensayo
1665,,"Warbreaker (Warbreaker, #1)",Warbreaker,2009.0,eng,Fantasía
1666,1903436575,Shakespeare's Sonnets,Sonnets,1592.0,eng,Poesía
1667,0670012947,What Happened to Goodbye,What Happened to Goodbye,2011.0,eng,Juvenil
1668,1627792120,"Six of Crows (Six of Crows, #1)",Six of Crows,2015.0,eng,Fantasía
1669,0060541431,"13 Little Blue Envelopes (Little Blue Envelope, #1)",13 Little Blue Envelopes,2005.0,eng,Juvenil
1670,0849900417,Same Kind of Different as Me,Same Kind of Different as Me,2005.0,eng,Biografía
1671,1250049555,Carry On,Carry On,2015.0,eng,Fantasía
1672,0812973011,"Mountains Beyond Mountains: The Quest of Dr. Paul Farmer, A Man Who Would Cure the World","Mountains Beyond Mountains: The Quest of Dr. Paul Farmer, a Man Who Would Cure the World",2003.0,eng,Biografía
1673,,"Beneath This Man (This Man, #2)",Beneath This Man ,2013.0,eng,Romántica
1674,0007423292,"Prince of Thorns (The Broken Empire, #1)",Prince of Thorns,2011.0,eng,Fantasía
1675,0385265700,The Book of Ruth,The Book of Ruth,1988.0,eng,Ficción
1676,0385333870,Galápagos,Galápagos,1985.0,,Ciencia ficción
1677,0060872985,Next,Next,2006.0,eng,Ciencia ficción
1678,0689852231,"The House of the Scorpion (Matteo Alacran, #1)",,2002.0,eng,Ciencia ficción
1679,1416523715,Leaves of Grass,Leaves of Grass,1855.0,eng,Clásicos
1680,0749935332,"Blue Dahlia (In the Garden, #1)",Blue Dahlia,2004.0,eng,Romántica
1681,014303961X,Lady Chatterley's Lover,Lady Chatterley's Lover,1928.0,eng,Clásicos
1682,043402080X,"The Magician King (The Magicians, #2)",The Magician King,2011.0,eng,Fantasía
1683,0140143459,Liar's Poker,Liar's Poker: Rising Through the Wreckage on Wall Street,1989.0,eng,Memorias
1684,0451205367,The Richest Man in Babylon,,1926.0,eng,Negocios
1688,1400067693,My Name Is Lucy Barton,My Name Is Lucy Barton,2016.0,eng,Ficción
1689,0553805487,"Garden Spells (Waverley Family, #1)",Garden Spells,2007.0,eng,Romántica
1690,045146379X,"Ghost Story (The Dresden Files,  #13)",Ghost Story,2011.0,eng,Fantasía
1691,1580495761,Narrative of the Life of Frederick Douglass,Narrative of the Life of Frederick Douglass,1845.0,eng,Clásicos
1692,141694740X,He's Just Not That Into You: The No-Excuses Truth to Understanding Guys,He's Just Not That Into You: The No-Excuses Truth to Understanding Guys,2004.0,eng,Autoayuda
1693,0345468643,"Pawn of Prophecy (The Belgariad, #1)",Pawn of Prophecy,1982.0,eng,Fantasía
1694,0312349491,"Lean Mean Thirteen (Stephanie Plum, #13)",Lean Mean Thirteen,2007.0,eng,Misterio
1695,0451529758,The Jungle Books,The Jungle Books,1895.0,eng,Clásicos
1696,0451219945,"Glass Houses (The Morganville Vampires, #1)",Glass Houses,2006.0,eng,Juvenil
1697,0785264698,Captivating: Unveiling the Mystery of a Woman's Soul,,2004.0,eng,Religión y espiritualidad
1698,0785121447,The Dark Tower: The Gunslinger Born,The Dark Tower: The Gunslinger Born,2007.0,eng,Cómic y novela gráfica
1699,9780230759275,The Lake House,The Lake House,2015.0,eng,Misterio
1700,0670026638,A Tale for the Time Being,A Tale for the Time Being,2013.0,eng,Ficción
1701,0806527285,"I Hope They Serve Beer in Hell (Tucker Max, #1)",I Hope They Serve Beer in Hell,2006.0,,Memorias
1702,,"Rule (Marked Men, #1)",Rule,2012.0,eng,Romántica
1703,0099448572,"South of the Border, West of the Sun"," 国境の南、太陽の西 [Kokkyō no minami, taiyō no nishi]",1992.0,eng,Ficción
1704,0385334141,Mother Night,Mother Night,1961.0,eng,Ficción
1705,006124189X,Influence: The Psychology of Persuasion,Influence: The Psychology of Persuasion,1984.0,eng,Psicología
1706,0451526759,The Fall of the House of Usher and Other Tales ,The Fall of the House of Usher and Other Writings,1960.0,,Clásicos
1707,0440416795,Harriet the Spy (Harriet the Spy #1),Harriet the Spy,1964.0,eng,Infantil
1708,1594633118,The Paying Guests,The Paying Guests,2014.0,eng,Ficción histórica
1709,0553588265,"Forever Odd (Odd Thomas, #2)",Forever Odd,2005.0,eng,Thriller
1710,0767919386,At Home: A Short History of Private Life,At Home: A Short History of Private Life,2010.0,eng,No ficción
1711,0060555955,Sushi for Beginners,Sushi for Beginners,2000.0,,Romántica
1712,0312948557,"Still Life (Chief Inspector Armand Gamache, #1)",Still Life,2005.0,eng,Misterio
1713,0099489988,"Watermelon (Walsh Family, #1)",Watermelon,1995.0,,Romántica
1714,0143038109,The Kitchen God's Wife,The Kitchen God's Wife,1991.0,eng,Ficción
1715,1847241697,Let the Right One In,Låt den rätte komma in,2004.0,eng,Terror
1716,0061974587,"The Rise of Nine (Lorien Legacies, #3)",The Rise of Nine,2012.0,eng,Ciencia ficción
1717,1593080646,Essential Tales and Poems,,1849.0,eng,Clásicos
1718,0385731051,"The Second Summer of the Sisterhood (Sisterhood, #2)",The Second Summer of the Sisterhood,2003.0,eng,Juvenil
1719,0425181103,Phantoms,Phantoms,1983.0,eng,Terror
1720,1416990658,Amy & Roger's Epic Detour,,2010.0,eng,Juvenil
1721,1586608290,My Utmost for His Highest,My Utmost for His Highest,1926.0,eng,Religión y espiritualidad
1722,0060012382,"The Wee Free Men (Discworld, #30; Tiffany Aching, #1)",The Wee Free Men,2003.0,eng,Fantasía
1723,0385344430,"Written in My Own Heart''s Blood (Outlander, #8)",Written in My Own Heart's Blood,2014.0,eng,Ficción histórica
1724,039925482X,Nightshade (Nightshade #1; Nightshade World #4),Nightshade,2010.0,eng,Juvenil
1725,9780394905921,Alice's Adventures in Wonderland,,1865.0,eng,Clásicos
1726,190444248X,"Dragon Rider (Dragon Rider, #1)",Drachenreiter,1997.0,eng,Infantil
1727,0671742515,"The Long Dark Tea-Time of the Soul (Dirk Gently, #2)",The Long Dark Tea-Time of the Soul,1988.0,eng,Ciencia ficción
1728,0804179034,Uprooted,Uprooted,2015.0,eng,Fantasía
1729,9780008132521,Seveneves,Seveneves,2015.0,eng,Ciencia ficción
1730,0804137250,Armada,Armada,2015.0,eng,Ciencia ficción
1731,0345503813,"The Desert Spear (Demon Cycle, #2)",The Desert Spear,2010.0,eng,Fantasía
1732,0007151667,The Man in the Brown Suit,The Man in the Brown Suit,1924.0,eng,Misterio
1733,0385339593,The Summons,The Summons,2002.0,eng,Thriller
1734,078670621X,Endurance: Shackleton's Incredible Voyage,Endurance: Shackleton's incredible voyage,1959.0,eng,No ficción
1735,0060525118,"Size 12 Is Not Fat (Heather Wells, #1)","Size 12 Is Not Fat (Heather Wells, #1)",2005.0,eng,Misterio
1736,1101904224,Dark Matter,Dark Matter,2016.0,eng,Ciencia ficción
1737,0062310666,"Glass Sword (Red Queen, #2)",Glass Sword,2016.0,eng,Fantasía
1738,0385737424,When You Reach Me,When You Reach Me,2009.0,eng,Infantil
1739,0553381342,The Bonfire of the Vanities,The Bonfire of the Vanities,1987.0,eng,Ficción
1740,1101875046,In the Unlikely Event,In the Unlikely Event,2015.0,eng,Ficción
1741,0553119222,"Death on the Nile (Hercule Poirot, #17)",Death on the Nile,1937.0,eng,Misterio
1742,0689862229,"Shiloh (Shiloh, #1)",Shiloh,1991.0,eng,Infantil
1743,0805094601,"Siege and Storm (Shadow and Bone, #2)",Siege and Storm,2013.0,eng,Fantasía
1744,184343217X,"The Redbreast (Harry Hole, #3)","Rødstrupe (Harry Hole, #3) ",2000.0,eng,Thriller
1745,1416971734,"Leviathan (Leviathan, #1)",Leviathan,2009.0,eng,Ciencia ficción
1746,0006498523,Hide and Seek,Hide and Seek,1995.0,eng,Thriller
1747,0805448659,The Love Dare,,2008.0,eng,Religión y espiritualidad
1748,0743470125,Goodnight Nobody,Goodnight Nobody,2005.0,eng,Ficción
1749,0330488902,The Death and Life of Charlie St. Cloud,The Death and Life of Charlie St. Cloud,2004.0,eng,Ficción
1750,0671035975,How to Stop Worrying and Start Living,How to Stop Worrying and Start Living,1944.0,eng,Autoayuda
1751,0515114693,"Born in Fire (Born In Trilogy, #1)",Born in Fire ,1994.0,eng,Romántica
1752,0060921145,Animal Dreams,Animal Dreams,1990.0,eng,Ficción
1753,9780141348209,"Reason to Breathe (Breathing, #1)",Reason to Breathe,2011.0,eng,Juvenil
1754,1416997857,"The Mortal Instruments Boxed Set: City of Bones; City of Ashes; City of Glass (The Mortal Instruments, #1-3)",The Mortal Instruments Boxed Set: City of Bones; City of Ashes; City of Glass,2009.0,eng,Juvenil
1755,0006479677,"If Tomorrow Comes (Tracy Whitney Series, #1)",If Tomorrow Comes,1985.0,eng,Thriller
1756,3822858641,M.C. Escher: The Graphic Work,M.C. Escher: grafiek en tekeningen,1956.0,eng,Arte
1757,0345416260,Pope Joan,Pope Joan,1996.0,eng,Ficción histórica
1758,0679776818,Birdsong,Birdsong,1993.0,eng,Ficción histórica
1759,081257639X,"Faith of the Fallen (Sword of Truth, #6)","Faith of the Fallen  (Sword of Truth, #6)",2000.0,eng,Fantasía
1760,1606412388,"Keys to the Demon Prison (Fablehaven, #5)","Fablehaven: Keys to the Demon Prison (Fablehaven, #5)",2010.0,eng,Fantasía
1761,159420229X,Moonwalking with Einstein: The Art and Science of Remembering Everything,Moonwalking with Einstein: The Art and Science of Remembering Everything,2011.0,eng,No ficción
1762,0345443284,While I Was Gone,While I Was Gone,1998.0,eng,Ficción
1763,0446613363,"4th of July (Women''s Murder Club, #4)","4th of July (Women''s Murder Club, #4)",2005.0,eng,Thriller
1764,1423108361,"The Time Paradox (Artemis Fowl, #6)",The Time Paradox,2008.0,eng,Juvenil
1765,059044297X,Clifford the Big Red Dog,An Itchy Day,1963.0,,Infantil
1766,0803734735,"Bitterblue (Graceling Realm, #3)",Bitterblue,2012.0,eng,Fantasía
1767,0803734956,The Sky Is Everywhere,The Sky Is Everywhere,2010.0,eng,Juvenil
1768,0061020664,"Wyrd Sisters (Discworld, #6; Witches #2)",Wyrd Sisters,1988.0,eng,Fantasía
1769,1301347949,"Real (Real, #1)",Real,2013.0,eng,Romántica
1770,0062200577,NOS4A2,NOS4A2,2013.0,eng,Terror
1771,0140434747,The Tenant of Wildfell Hall,The Tenant of Wildfell Hall,1848.0,eng,Clásicos
1772,0965476022,"The Black Stallion (The Black Stallion, #1)",The Black Stallion,1941.0,eng,Infantil
1773,9781442362192,"Reckless (Thoughtless, #3)",Reckless,2013.0,eng,Romántica
1774,0064410145,"The Grim Grotto (A Series of Unfortunate Events, #11)",The Grim Grotto,2004.0,eng,Juvenil
1775,8424133498,Strega Nona,Strega Nona,1975.0,eng,Infantil
1776,0983212546,"Playing for Keeps (Neighbor from Hell, #1)",Playing for Keeps,2011.0,eng,Romántica
1777,0961454733,Art and Fear: Observations on the Perils (and Rewards) of Artmaking,Art & Fear: Observations on the Perils (and Rewards) of Artmaking,1993.0,eng,Arte
1778,0060085894,Frida: A Biography of Frida Kahlo,Frida. A Biography of Frida Kahlo,1983.0,,Biografía
1779,0452286034,"Bitten (Women of the Otherworld, #1)",Bitten,2001.0,eng,Fantasía
1780,0312624670,"Born at Midnight (Shadow Falls, #1)",Born at Midnight,2011.0,eng,Juvenil
1781,1844280136,Don't Let the Pigeon Drive the Bus!,Don't Let the Pigeon Drive the Bus,2003.0,eng,Infantil
1782,0545424941,"The Dream Thieves (The Raven Cycle, #2)",The Dream Thieves,2013.0,eng,Juvenil
1783,0141439637,The Portrait of a Lady,The Portrait of a Lady,1881.0,eng,Clásicos
1784,0486290727,The Raven,The Raven,1844.0,,Poesía
1785,0486298574,The Yellow Wallpaper and Other Stories,The Yellow Wallpaper,1892.0,eng,Clásicos
1786,1455561789,Before the Fall,Before the Fall,2016.0,eng,Thriller
1787,,هيبتا,هيبتا,2014.0,ara,Ficción
1788,0836204387,The Calvin and Hobbes Tenth Anniversary Book,The Calvin and Hobbes Tenth Anniversary Book,1995.0,eng,Cómic y novela gráfica
1789,0142401757,Dreamland,Dreamland ,2000.0,eng,Juvenil
1790,1616201320,The Art Forger,The Art Forger,2012.0,eng,Misterio
1791,1596912855,"Austenland (Austenland, #1)",Austenland,2007.0,eng,Romántica
1792,1400044162,Half of a Yellow Sun,Half of a Yellow Sun,2006.0,eng,Ficción histórica
1793,0345498321,One Night at the Call Center,One Night @ The Call Center,2005.0,eng,Ficción
1794,0385523238,At the Water's Edge,At the Water's Edge,2015.0,eng,Ficción histórica
1795,0451197968,The Running Man,The Running Man,1982.0,eng,Ciencia ficción
1796,031242440X,"Gilead (Gilead, #1)",Gilead,2004.0,eng,Ficción
1797,006091307X,The Crying of Lot 49,The Crying of Lot 49,1966.0,eng,Ficción
1798,0525953094,"Edge of Eternity (The Century Trilogy, #3)",Edge of Eternity,2014.0,eng,Ficción histórica
1799,1423121317,"Demonglass (Hex Hall, #2)",Demonglass,2011.0,eng,Juvenil
1800,8498000831,Ubik,Ubik,1969.0,spa,Ciencia ficción
1801,1857231511,"The Sword of Shannara (The Original Shannara Trilogy, #1)",The Sword of Shannara,1977.0,eng,Fantasía
1802,0099297701,"Hannibal (Hannibal Lecter, #3)",Hannibal,1999.0,eng,Terror
1803,006114097X,"The Awakening / The Struggle (The Vampire Diaries, #1-2)",The Awakening and the Struggle,2007.0,eng,Juvenil
1804,0060586133,Three Wishes,Three Wishes,2003.0,eng,Ficción
1805,1416974520,"Night World, No. 3 (Night World, #7-9)","Night World, No. 3",2009.0,eng,Juvenil
1806,0743466527,Fall on Your Knees,Fall on Your Knees,1996.0,eng,Ficción
1807,054522490X,The Scorpio Races,The Scorpio Races,2011.0,eng,Fantasía
1808,0345539842,"Morning Star (Red Rising, #3)",Morning Star,2016.0,eng,Ciencia ficción
1809,0441005764,"Mossflower (Redwall, #2)",Mossflower,1988.0,eng,Infantil
1810,1250077001,Furiously Happy: A Funny Book About Horrible Things,Furiously Happy,2015.0,eng,Memorias
1811,0312986343,"Visions of Sugar Plums (Stephanie Plum, #8.5)",Visions of Sugar Plums,2002.0,eng,Misterio
1812,0553564935,"Magician: Master (The Riftwar Saga, #2)","Magician: Master (The Riftwar Saga, #2)",1982.0,eng,Fantasía
1813,1405910216,"On the Island (On the Island, #1)",On the Island,2011.0,eng,Romántica
1814,1439164630,Left Neglected,Left Neglected,2011.0,eng,Ficción
1815,0671662341,Anne Frank Remembered: The Story of the Woman Who Helped to Hide the Frank Family,Anne Frank Remembered,1987.0,eng,Memorias
1816,0765316994,Redshirts,Redshirts,2012.0,eng,Ciencia ficción
1817,030720961X,"Sahara (Dirk Pitt, #11)",Sahara,1992.0,spa,Aventura
1818,0061245097,"One Foot in the Grave (Night Huntress, #2)",One Foot in the Grave,2008.0,eng,Fantasía
1819,0060890681,The Last Anniversary,The Last Anniversary,2006.0,eng,Ficción
1820,0061449067,"Hunger (Gone, #2)",Hunger ,2009.0,eng,Juvenil
1821,0312349513,"Fearless Fourteen (Stephanie Plum, #14)",Fearless Fourteen,2008.0,eng,Misterio
1822,8129118807,"Revolution 2020: Love, Corruption, Ambition","Revolution 2020: Love, Corruption, Ambition",2011.0,eng,Ficción
1823,0007174160,"A Bear Called Paddington (Paddington, #1)",A Bear Called Paddington,1958.0,eng,Infantil
1824,0060887338,"Flawless (Pretty Little Liars, #2)",Flawless,2007.0,eng,Juvenil
1825,0440800463,"Ramona Quimby, Age 8 (Ramona, #6)","Ramona Quimby, Age 8",1981.0,eng,Infantil
1826,0446364800,The General's Daughter,The General's Daughter,1992.0,,Thriller
1827,1405206128,"The Hostile Hospital (A Series of Unfortunate Events, #8)",The Hostile Hospital,2001.0,eng,Infantil
1828,1569319472,"InuYasha: Turning Back Time (InuYasha, #1)",犬夜叉 1,1997.0,eng,Cómic y novela gráfica
1829,0451219422,The Omen,The Omen,1976.0,eng,Terror
1830,0312532768,"Blue Moon (The Immortals, #2)",Blue Moon,2009.0,eng,Fantasía
1831,0446572993,"The Innocent (Will Robie, #1)",The Innocent,2012.0,eng,Thriller
1832,0446402397,"Child 44 (Leo Demidov, #1)",Child 44,2008.0,eng,Thriller
1833,0060987510,"These Is My Words: The Diary of Sarah Agnes Prine, 1881-1901, Arizona Territories (Sarah Agnes Prine, #1)","These Is My Words: The Diary of Sarah Agnes Prine, 1881-1901, Arizona Territories",1998.0,eng,Ficción histórica
1834,0425260933,The Hypnotist's Love Story,The Hypnotist's Love Story,2011.0,eng,Romántica
1835,0060527994,"The Devil and Miss Prym (On the Seventh Day, #3)",O Demônio e a Srta. Prym,2000.0,eng,Ficción
1836,1933718005,The Kissing Hand,The Kissing Hand,1993.0,eng,Infantil
1837,,"Shift (Silo, #2)",Shift,2013.0,eng,Ciencia ficción
1838,0440339340,"Worth Dying For (Jack Reacher, #15)",Worth Dying For,2010.0,eng,Thriller
1839,0307395987,Look Me in the Eye: My Life with Asperger's,Look Me in the Eye: My Life with Asperger's,2007.0,eng,Memorias
1840,0312979975,Fantasy Lover (Dark-Hunterverse #1),Fantasy Lover,2002.0,eng,Romántica
1841,031601477X,Sundays at Tiffany's,Sundays at Tiffany's,2008.0,eng,Romántica
1842,0743418735,Perfect Match,Perfect Match,2002.0,eng,Ficción
1843,081297235X,Prep,Prep,2005.0,eng,Ficción
1844,1401307450,Scar Tissue,Scar Tissue,2004.0,eng,Memorias
1845,3442723434,Alias Grace,Alias Grace,1996.0,ger,Ficción histórica
1846,0425273865,"Captivated by You (Crossfire, #4)",Captivated by You,2014.0,eng,Romántica
1847,0099427869,Illusions: The Adventures of a Reluctant Messiah,Illusions: The Adventures of a Reluctant Messiah,1977.0,eng,Ficción
1848,0316056634,"Soulless (Parasol Protectorate, #1)",Soulless,2009.0,eng,Fantasía
1849,0142422959,"Just One Day (Just One Day, #1)",Just One Day,2013.0,eng,Juvenil
1850,1416953574,"Wake (Wake, #1)",Wake,2008.0,eng,Juvenil
1851,1439107955,The Emperor of All Maladies: A Biography of Cancer,The Emperor of All Maladies: A Biography of Cancer,2010.0,eng,No ficción
1852,1416940901,"Glass (Crank, #2)","Glass (Crank, #2)",2007.0,eng,Juvenil
1853,0307278492,Memories of My Melancholy Whores,Memoria de mis putas tristes,2004.0,eng,Ficción
1854,031253955X,"Only Time Will Tell (The Clifton Chronicles, #1)",Only Time Will Tell,2011.0,eng,Ficción histórica
1855,1878424114,The Seven Spiritual Laws of Success: A Practical Guide to the Fulfillment of Your Dreams,The Seven Spiritual Laws of Success: A Practical Guide to the Fulfillment of Your Dreams,2013.0,eng,Autoayuda
1856,0312315953,Magical Thinking: True Stories,Magical Thinking: True Stories,2004.0,eng,Memorias
1857,0689878567,"In the Hand of the Goddess (Song of the Lioness, #2)",In the Hand of the Goddess,1984.0,eng,Fantasía
1858,0446614831,"3rd Degree (Women''s Murder Club, #3)",3rd Degree,2004.0,,Misterio
1859,0385480016,Bird by Bird: Some Instructions on Writing and Life,Bird by Bird: Some Instructions on Writing and Life,1994.0,,Ensayo
1860,0805092528,"Ruby Red (Precious Stone Trilogy, #1)",Rubinrot,2009.0,eng,Juvenil
1861,031259044X,"Shadowland (The Immortals, #3)",Shadowland,2009.0,eng,Fantasía
1862,0553296124,Heir to the Empire (Star Wars: The Thrawn Trilogy #1),Heir to the Empire,1991.0,eng,Ciencia ficción
1863,0689878575,"Lioness Rampant (Song of the Lioness, #4)",Lioness Rampant,1988.0,eng,Fantasía
1864,042510687X,"Outbreak (Dr. Marissa Blumenthal, #1)",Outbreak,1987.0,eng,Thriller
1865,8176210773,You Can Heal Your Life,You Can Heal Your Life,1984.0,eng,Autoayuda
1866,1594631573,The Vacationers,The Vacationers,2014.0,,Ficción
1867,,"The Hangman''s Daughter (The Hangman''s Daughter, #1)","Die Henkerstochter (Band 1 aus der Reihe 'Die Henkerstochter-Saga)""",2008.0,eng,Ficción histórica
1868,1857988094,I Am Legend,I Am Legend ,1954.0,eng,Ciencia ficción
1869,015204566X,"Dealing with Dragons (Enchanted Forest Chronicles, #1)",Dealing with Dragons,1990.0,eng,Juvenil
1870,0515130974,"Running Blind (Jack Reacher, #4)",The Visitor,2000.0,eng,Thriller
1871,0425205819,"Rules of Prey (Lucas Davenport, #1)",Rules Of Prey,1989.0,eng,Thriller
1872,0553589172,"Ashes to Ashes (Kovac and Liska, #1)",Ashes to Ashes,1999.0,eng,Thriller
1873,0007149824,The Yiddish Policemen's Union,The Yiddish Policemen's Union,2007.0,eng,Ciencia ficción
1874,0345528670,The Aviator's Wife,The Aviator's Wife,2013.0,eng,Ficción histórica
1875,0439598389,A Bad Case of Stripes,A Bad Case of Stripes,1998.0,eng,Infantil
1876,0593065700,"The Affair (Jack Reacher, #16)",The Affair,2011.0,eng,Thriller
1877,0205313426,The Elements of Style,The Elements of Style,1918.0,eng,No ficción
1878,0140620613,The Turn of the Screw,The Turn of the Screw,1898.0,eng,Clásicos
1879,0743294297,Best Friends Forever,Best Friends Forever,2009.0,eng,Ficción
1880,0786939532,"Homeland (Forgotten Realms: The Dark Elf Trilogy, #1; Legend of Drizzt, #1)",Homeland,1990.0,eng,Fantasía
1881,156865054X,The Mote in God's Eye,The Mote in God's Eye,1974.0,eng,Ciencia ficción
1882,0307595862,"The Snowman (Harry Hole, #7)",Snømannen (Harry Hole #7) ,2007.0,eng,Thriller
1883,1590171993,Stoner,Stoner,1965.0,eng,Ficción
1884,1401308201,Wicked: The Grimmerie,"Wicked: The Grimmerie, a Behind-the-Scenes Look at the Hit Broadway Musical",2005.0,eng,Música
1885,074348486X,As You Like It,As You Like It,1599.0,eng,Clásicos
1886,1563892618,"Preacher, Volume 1: Gone to Texas",Preacher Vol. 1: Gone to Texas,1996.0,eng,Cómic y novela gráfica
1887,0451528921,Cyrano de Bergerac,Cyrano de Bergerac,1897.0,eng,Clásicos
1888,0374525641,"The Spirit Catches You and You Fall Down: A Hmong Child, Her American Doctors, and the Collision of Two Cultures","The Spirit Catches You and You Fall Down: A Hmong Child, Her American Doctors, and the Collision of Two Cultures",1997.0,eng,No ficción
1889,1841496863,"Bone Crossed (Mercy Thompson, #4)",Bone Crossed,2009.0,eng,Fantasía
1890,159514319X,"The Indigo Spell (Bloodlines, #3)",The Indigo Spell,2013.0,eng,Juvenil
1891,0385341652,"Dreamfever (Fever, #4)",Dreamfever,2009.0,eng,Fantasía
1892,0316010707,Case Histories (Jackson Brodie #1),Case Histories,2004.0,eng,Misterio
1893,0345544110,"Release Me (Stark Trilogy, #1)","Release Me (Stark Trilogy, #1)",2013.0,eng,Romántica
1894,0812984277,Wedding Night,Wedding Night,2013.0,eng,Romántica
1895,1563892251,The Doll's House (The Sandman #2),The Doll's House,1990.0,eng,Cómic y novela gráfica
1896,0689849109,"Pollyanna (Pollyanna, #1)",Pollyanna,1912.0,eng,Clásicos
1897,1558745157,The Lost Boy (Dave Pelzer #2),,1997.0,eng,Memorias
1898,1490904387,"Dust (Silo, #3)",Dust,2013.0,eng,Ciencia ficción
1899,1439102759,Lone Wolf,Lone Wolf,2012.0,eng,Ficción
1900,0450610098,Nightmares and Dreamscapes,Nightmares & Dreamscapes ,1993.0,eng,Terror
1901,0385341679,"Shadowfever (Fever, #5)",Shadowfever,2011.0,eng,Fantasía
1902,0385517831,The Associate,The Associate,2009.0,eng,Thriller
1903,0547887205,"Son (The Giver, #4)","Son (The Giver, #4)",2012.0,eng,Juvenil
1904,1401248969,The Sandman: Overture,The Sandman: Overture,2015.0,eng,Cómic y novela gráfica
1905,,"Blood Song (Raven''s Shadow, #1)",Blood Song,2011.0,eng,Fantasía
1906,0802720854,"Rules of Attraction (Perfect Chemistry, #2)",Rules of Attraction,2010.0,eng,Juvenil
1907,1595406557,The Merry Adventures of Robin Hood,The Merry Adventures of Robin Hood,1883.0,eng,Clásicos
1908,0679781498,Less Than Zero,Less Than Zero,1985.0,eng,Ficción
1909,0393065782,Someone Knows My Name,The Book of Negroes,2007.0,eng,Ficción histórica
1910,0812972147,The Arabian Nights,كِتَاب أَلْف لَيْلَة وَلَيْلَة‎‎ [kitāb ʾalf layla wa-layla],800.0,eng,Clásicos
1911,0670021873,"Faithful Place (Dublin Murder Squad, #3)",Faithful Place,2010.0,eng,Misterio
1912,0802122558,Euphoria,Euphoria,2014.0,eng,Ficción
1913,0060090383,"Rachel''s Holiday (Walsh Family, #2)",Rachel's Holiday,1997.0,eng,Ficción
1914,0586008357,The Caves of Steel (Robot #1),The Caves of Steel,1954.0,eng,Ciencia ficción
1915,0099448769,"Dance Dance Dance (The Rat, #4)","ダンス・ダンス・ダンス [Dansu, dansu, dansu]",1988.0,eng,Ficción
1916,0380709244,"The Mouse and the Motorcycle (Ralph S. Mouse, #1)",The Mouse and the Motorcycle,1965.0,eng,Infantil
1917,0575090855,"The Forest of Hands and Teeth (The Forest of Hands and Teeth, #1)",The Forest of Hands and Teeth,2009.0,eng,Terror
1918,0736693416,"The Elfstones of Shannara  (The Original Shannara Trilogy, #2)",The Elfstones Of Shannara,1982.0,eng,Fantasía
1919,0375866590,"Dash & Lily''s Book of Dares (Dash & Lily, #1)",Dash & Lily's Book of Dares,2010.0,eng,Juvenil
1920,0316074314,The Luminaries,The Luminaries,2013.0,eng,Ficción histórica
1921,0060244054,If You Give a Moose a Muffin,,1991.0,eng,Infantil
1922,0553588257,Velocity,Velocity,2005.0,eng,Thriller
1923,0316779423,Barrel Fever: Stories and Essays,Barrel Fever: Stories and Essays,1994.0,eng,Ensayo
1924,0552152951,"Reaper Man (Discworld, #11; Death, #2)",Reaper Man,1991.0,eng,Fantasía
1925,1581345275,"Piercing the Darkness (Darkness, #2)",Piercing the Darkness,1989.0,eng,Religión y espiritualidad
1926,1400064287,Made to Stick: Why Some Ideas Survive and Others Die,Made to Stick: Why Some Ideas Survive and Others Die,2006.0,eng,Negocios
1927,038000321X,Alive: The Story of the Andes Survivors,Alive: The Story of the Andes Survivors,1974.0,eng,No ficción
1928,0143037749,On Beauty,On Beauty,2005.0,eng,Ficción
1929,0446691097,Battlefield of the Mind: Winning the Battle in Your Mind,Battlefield of the Mind: Winning the Battle in Your Mind,1995.0,eng,Religión y espiritualidad
1930,0749932775,"Dance Upon the Air (Three Sisters Island, #1)",Dance Upon The Air,2001.0,eng,Romántica
1932,0451233166,"Lover Unleashed (Black Dagger Brotherhood, #9)","Lover Avenged, part two",2011.0,eng,Romántica
1933,,أحببتك أكثر مما ينبغي,أحببتك أكثر مما ينبغى,2010.0,ara,Romántica
1934,1401323820,"Heat Wave (Nikki Heat, #1)",Heat Wave,2008.0,eng,Misterio
1935,,Kindle Paperwhite User's Guide,kindle paperwhite user's guide 2nd edition,2011.0,eng,No ficción
1936,0345469011,A Widow for One Year,A Widow for One Year,1998.0,,Ficción
1937,0007157150,"Out of the Silent Planet (Space Trilogy, #1)",Out of the Silent Planet,1938.0,eng,Ciencia ficción
1938,0142404128,"Charlie and the Great Glass Elevator (Charlie Bucket, #2)","Charlie and the Great Glass Elevator: The Further Adventures of Charlie Bucket and Willy Wonka, Chocolate-Maker Extraordinaire",1972.0,,Infantil
1939,0060266864,If You Give a Pig a Pancake ,If You Give a Pig a Pancake ,1998.0,eng,Infantil
1940,0684853159,The Wasp Factory,The Wasp Factory,1984.0,eng,Ficción
1941,140006788X,Night Film,Night Film,2013.0,eng,Thriller
1942,080509329X,Stories I Only Tell My Friends,,2011.0,eng,Memorias
1943,0385536976,Crazy Rich Asians (Crazy Rich Asians #1),Crazy Rich Asians,2013.0,eng,Ficción
1944,0385733410,"Rebel Angels (Gemma Doyle, #2)",Rebel Angels,2005.0,eng,Juvenil
1945,038533916X,"Bloodfever (Fever, #2)",Bloodfever,2007.0,eng,Fantasía
1946,0385341636,"Faefever (Fever, #3)",Faefever,2008.0,eng,Fantasía
1947,,My Sister's Grave (Tracy Crosswhite #1),My Sister's Grave,2014.0,eng,Thriller
1948,159474758X,"Library of Souls (Miss Peregrine''s Peculiar Children, #3)",Library of Souls ,2015.0,eng,Juvenil
1949,0486424545,Howards End,Howards End,1910.0,eng,Clásicos
1950,1593070942,"Hellboy, Vol. 1: Seed of Destruction (Hellboy, #1)",Hellboy: Seed of Destruction,1994.0,eng,Cómic y novela gráfica
1951,,"The Evolution of Mara Dyer (Mara Dyer, #2)",The Evolution of Mara Dyer,2012.0,eng,Juvenil
1952,1423160916,"The Sword of Summer (Magnus Chase and the Gods of Asgard, #1)",The Sword of Summer,2015.0,eng,Juvenil
1953,0140439242,"The Man in the Iron Mask (The D''Artagnan Romances, #3.3)","Le Vicomte de Bragelonne, ou Dix ans plus tard",1850.0,eng,Clásicos
1954,0143039989,The Haunting of Hill House,The Haunting οf Hill House,1959.0,eng,Terror
1955,0684856476,The Rum Diary,The Rum Diary,1998.0,eng,Ficción
1956,0060885432,"Little Town on the Prairie  (Little House, #7)",Little Town on the Prairie,1941.0,eng,Infantil
1957,0312181108,I Capture the Castle,I Capture the Castle,1948.0,eng,Ficción
1958,1905654871,"Destined (House of Night, #9)",Destined,2011.0,eng,Juvenil
1959,0312383282,"Finger Lickin'' Fifteen (Stephanie Plum, #15)",Finger Lickin' Fifteen,2009.0,eng,Misterio
1960,0061177598,Women,Women,1978.0,eng,Ficción
1961,0451200810,"North and South (North and South, #1)",North and South,1982.0,eng,Ficción histórica
1962,044101819X,"Silver Borne (Mercy Thompson, #5)",Silver Borne,2010.0,eng,Fantasía
1963,0752858491,"The Bourne Ultimatum (Jason Bourne, #3)",The Bourne Ultimatum,1990.0,eng,Thriller
1964,0006486010,"Fool''s Errand (Tawny Man, #1)",Fool's Errand,2001.0,eng,Fantasía
1965,0399167838,"The Young Elites (The Young Elites, #1)",The Young Elites,2014.0,eng,Juvenil
1966,0515126772,"Jewels of the Sun (Gallaghers of Ardmore, #1)",Jewels of the Sun,1999.0,eng,Romántica
1967,0140449337,Meditations,Τὰ εἰς ἑαυτόν ,180.0,eng,Clásicos
1968,078684907X,"Peter and the Starcatchers (Peter and the Starcatchers, #1)",Peter and the Starcatchers,2004.0,eng,Juvenil
1969,0143036556,Collapse: How Societies Choose to Fail or Succeed,Collapse: How Societies Chose to Fail or Succeed,2004.0,eng,Historia
1970,0679735909,Possession,Possession,1990.0,eng,Ficción
1971,1423102282,"Revelations (Blue Bloods, #3)",Revelations,2008.0,eng,Juvenil
1972,0425143325,"Without Remorse (Jack Ryan Universe, #1)",Without Remorse,1993.0,eng,Thriller
1973,1566195764,The Interpretation of Dreams,Die Traumdeutung,1899.0,,Psicología
1974,0671685635,Ghost Story,Ghost Story,1979.0,eng,Terror
1975,0064410153,"The Penultimate Peril (A Series of Unfortunate Events, #12)",The Penultimate Peril,2005.0,eng,Juvenil
1976,076790382X,I'm a Stranger Here Myself: Notes on Returning to America after Twenty Years Away,Notes from a Big Country,1998.0,eng,Viajes
1977,0064410161,"The End (A Series of Unfortunate Events, #13)",The End,2006.0,eng,Juvenil
1978,0143035746,The Liars' Club,The Liars' Club: A Memoir,1995.0,eng,Memorias
1979,193700788X,"Dead Ever After (Sookie Stackhouse, #13)",Dead Ever After,2013.0,eng,Fantasía
1980,000712774X,The Illustrated Man,The Illustrated Man,1951.0,eng,Ciencia ficción
1981,,"Naked (The Blackstone Affair, #1)",Naked,2010.0,eng,Romántica
1982,0374104093,"Annihilation (Southern Reach, #1)",Annihilation,2014.0,eng,Ciencia ficción
1983,,"Breathe (Sea Breeze, #1)",Breathe,2011.0,eng,Romántica
1984,0060775823,The Runaway Bunny,The Runaway Bunny,1942.0,eng,Infantil
1985,0553805371,The Grand Design,The Grand Design,2010.0,eng,Ciencia
1986,0385517238,The Innocent Man: Murder and Injustice in a Small Town,The Innocent Man,2006.0,eng,No ficción
1987,0452277752,The Bachman Books,The Bachman Books,1985.0,eng,Terror
1988,140006922X,Zealot: The Life and Times of Jesus of Nazareth,Zealot: The Life and Times of Jesus of Nazareth,2013.0,eng,Religión y espiritualidad
1989,0812551494,"Soul of the Fire (Sword of Truth, #5)",Soul of the Fire,1999.0,eng,Fantasía
1990,1590514637,The Art of Hearing Heartbeats,Das Herzenhören,2002.0,eng,Ficción
1991,1857231384,"Consider Phlebas (Culture, #1)",Consider Phlebas,1987.0,eng,Ciencia ficción
1992,0671646788,The Magic of Thinking Big,The Magic of Thinking Big,1959.0,eng,Autoayuda
1993,0345434803,"The Vampire Armand (The Vampire Chronicles, #6)",The Vampire Armand,1998.0,eng,Terror
1994,,"Forever Too Far (Rosemary Beach, #3; Too Far, #3)","Forever Too Far (Too Far, #3)",2013.0,eng,Romántica
1995,0006479901,"A Storm of Swords: Steel and Snow (A Song of Ice and Fire, #3: Part 1 of 2)",A Storm of Swords: Part 1 Steel and Snow,2000.0,eng,Fantasía
1996,0140382623,Pinocchio,Le avventure di Pinocchio,1883.0,eng,Clásicos
1997,054762834X,"Grave Mercy (His Fair Assassin, #1)",Grave Mercy,2012.0,eng,Ficción histórica
1998,1565075722,The Power of a Praying Wife,The Power of a Praying Wife,1996.0,,Religión y espiritualidad
1999,0802131786,Tropic of Cancer,Tropic of Cancer,1934.0,eng,Clásicos
2000,0060393491,The Hour I First Believed,The Hour I First Believed,2007.0,eng,Ficción
2001,0061997811,Harry Potter: Film Wizardry,Harry Potter: Film Wizardry,2010.0,eng,No ficción
2002,1600964338,The Death of Ivan Ilych,Смерть Ивана Ильича,1886.0,eng,Clásicos
2003,0345534182,Circling the Sun,Circling the Sun,2015.0,eng,Ficción histórica
2004,0142000701,Travels with Charley: In Search of America,Travels with Charley: In Search of America,1962.0,eng,Viajes
2005,145161747X,The Dovekeepers,The Dovekeepers,2011.0,eng,Ficción histórica
2006,0553804693,"The Republic of Thieves (Gentleman Bastard, #3)",The Republic of Thieves,2013.0,eng,Fantasía
2007,1903434777,The Thief Lord,Herr der Diebe,2000.0,eng,Juvenil
2008,1444778536,"World After (Penryn & the End of Days, #2)",World After,2013.0,eng,Juvenil
2009,0553804804,"Brother Odd (Odd Thomas, #3)",Brother Odd,2006.0,eng,Terror
2010,0451208641,Black Like Me,Black Like Me,1960.0,eng,Memorias
2011,0385517882,Snuff,Snuff,2008.0,eng,Ficción
2012,0446692654,"Jack & Jill (Alex Cross, #3)",Jack & Jill,1996.0,eng,Thriller
2013,1400076196,Saturday,Saturday,2005.0,eng,Ficción
2014,0345466608,"When the Bough Breaks (Alex Delaware, #1)",When the Bough Breaks,1985.0,eng,Thriller
2015,0446364495,The Bridges of Madison County,The Bridges of Madison County,1992.0,eng,Romántica
2016,0593057058,"Gone Tomorrow (Jack Reacher, #13)",Gone Tomorrow,2009.0,eng,Thriller
2017,0385735294,"The Sorceress (The Secrets of the Immortal Nicholas Flamel, #3)",The Sorceress,2009.0,eng,Juvenil
2018,0805090037,"Bring Up the Bodies (Thomas Cromwell, #2)",Bring Up the Bodies,2012.0,eng,Ficción histórica
2019,0545060397,"The Maze of Bones  (The 39 Clues, #1)",The Maze of Bones ,2008.0,eng,Juvenil
2020,0028610105,How to Cook Everything: Simple Recipes for Great Food,How to Cook Everything: Simple Recipes for Great Food,1998.0,eng,Cocina
2021,0316003727,"The Twilight Collection (Twilight, #1-3)","The Twilight Collection (Twilight, #1-3)",2007.0,eng,Juvenil
2022,0486234118,Concerning the Spiritual in Art,Über das Geistige in der Kunst,1912.0,eng,Arte
2023,0743453255,"Forrest Gump (Forrest Gump, #1)",Forrest Gump,1986.0,eng,Ficción
2024,0679720227,The Fall,La Chute,1956.0,eng,Clásicos
2025,1842430246,Even Cowgirls Get the Blues,Even Cowgirls Get the Blues,1976.0,eng,Ficción
2026,0375757856,The Moonstone,The Moonstone,1868.0,eng,Clásicos
2027,9781784878665,If on a Winter's Night a Traveler,Se una notte d'inverno un viaggiatore,1979.0,eng,Ficción
2028,0060747226,"Son of a Witch (The Wicked Years, #2)",Son of a Witch,2004.0,eng,Fantasía
2029,0224081187,On Chesil Beach,On Chesil Beach,2007.0,eng,Ficción
2030,0449223604,"M is for Malice (Kinsey Millhone, #13)","'M'"" is for Malice""",1996.0,eng,Misterio
2031,0751530484,"Point of Origin (Kay Scarpetta, #9)",Point of Origin,1998.0,eng,Thriller
2032,0618062416,"Sarah, Plain and Tall (Sarah, Plain and Tall, #1)","Sarah, Plain and Tall",1985.0,eng,Infantil
2033,,عزازيل,عزازيل,2008.0,ara,Ficción histórica
2034,0060735414,"Bloodsucking Fiends (A Love Story, #1)",Bloodsucking Fiends,1995.0,eng,Fantasía
2035,0316038393,Squirrel Seeks Chipmunk: A Modest Bestiary,Squirrel Seeks Chipmunk: A Modest Bestiary,2010.0,eng,Ficción
2036,159285849X,The Gifts of Imperfection: Let Go of Who You Think You're Supposed to Be and Embrace Who You Are,The Gifts of Imperfection,2010.0,eng,Autoayuda
2037,0062491792,Commonwealth,Commonwealth,2016.0,eng,Ficción
2038,1423102266,"The Van Alen Legacy (Blue Bloods, #4)",The Van Alen Legacy ,2009.0,eng,Juvenil
2039,0670175919,Blueberries for Sal,Blueberries for Sal,1948.0,eng,Infantil
2040,,"Losing Hope (Hopeless, #2)",Losing Hope,2013.0,eng,Juvenil
2041,0743289412,Lisey's Story,Lisey's Story,2006.0,eng,Terror
2042,1451695195,Proof of Heaven: A Neurosurgeon's Journey into the Afterlife,Proof of Heaven: A Neurosurgeon's Journey Into the Afterlife,2012.0,eng,Religión y espiritualidad
2043,0061092193,"Men at Arms (Discworld, #15; City Watch #2)",Men at Arms,1993.0,eng,Fantasía
2044,0743291476,The Year of Living Biblically: One Man's Humble Quest to Follow the Bible as Literally as Possible,The Year of Living Biblically: One Man's Humble Quest to Follow the Bible As Literally As Possible,2007.0,eng,Memorias
2045,0575075066,God Emperor of Dune (Dune Chronicles #4),God Emperor of Dune,1981.0,eng,Ciencia ficción
2046,034554689X,The One & Only,,2014.0,eng,Romántica
2047,0553381660,"The Valley of Horses (Earth''s Children, #2)",The Valley of Horses,1982.0,eng,Ficción histórica
2048,0525953485,Six Years,Six Years,2013.0,eng,Thriller
2049,0192750976,"Ramona the Pest (Ramona, #2)",Ramona the Pest,1968.0,,Infantil
2050,1416974512,"Night World, No. 2 (Night World, #4-6)","Night World, No. 2",2008.0,eng,Juvenil
2051,0375713344,Geek Love,Geek Love,1989.0,eng,Ficción
2052,015602764X,"The Oedipus Cycle: Oedipus Rex/Oedipus at Colonus/Antigone (The Theban Plays, #1–3)",,-401.0,eng,Clásicos
2053,0156004801,All the King's Men,All the King’s Men,1946.0,eng,Clásicos
2054,0553375938,"Girls in Pants: The Third Summer of the Sisterhood (Sisterhood, #3)",Girls in Pants: The Third Summer of the Sisterhood,2005.0,eng,Juvenil
2055,0525950125,The Woods,The Woods,2007.0,eng,Thriller
2056,1841492612,"New Spring (Wheel of Time, #0)",New Spring,2004.0,eng,Fantasía
2057,1444729705,The Litigators,The Litigators,2011.0,eng,Thriller
2058,1501115065,My Grandmother Asked Me to Tell You She's Sorry,Min mormor hälsar och säger förlåt,2013.0,eng,Ficción
2059,141659518X,"American Assassin (Mitch Rapp, #1)",American Assassin,2010.0,eng,Thriller
2060,1592407331,"Daring Greatly: How the Courage to Be Vulnerable Transforms the Way We Live, Love, Parent, and Lead","Daring Greatly : How the Courage to Be Vulnerable Transforms the Way We Live, Love, Parent, and Lead",2012.0,,Autoayuda
2061,0316243914,Burial Rites,Burial Rites,2013.0,eng,Ficción histórica
2062,1573229725,Fingersmith,Fingersmith,2002.0,eng,Ficción histórica
2063,0679731148,A Year in Provence,A Year in Provence,1989.0,eng,Viajes
2064,0763625892,The Miraculous Journey of Edward Tulane,The Miraculous Journey of Edward Tulane,2000.0,eng,Infantil
2065,0670022802,The Last Letter from Your Lover,The Last Letter From Your Lover,2008.0,eng,Romántica
2066,0345298349,"Gorky Park (Arkady Renko, #1)",Gorky Park,1981.0,eng,Thriller
2067,0062207393,The House Girl,The House Girl,2013.0,eng,Ficción histórica
2068,0439771277,Out of the Dust,Out of the Dust,1997.0,,Juvenil
2069,0060851988,"Queen of Babble (Queen of Babble, #1)",Queen of Babble,2006.0,eng,Romántica
2070,1419705849,"The Third Wheel (Diary of a Wimpy Kid, #7)",The Third Wheel,2012.0,eng,Infantil
2071,1405258217,"Code Name Verity (Code Name Verity, #1)",Code Name Verity,2012.0,eng,Ficción histórica
2072,1416903542,"Burned (Burned, #1)"," Burned (Burned, #1)",2006.0,eng,Juvenil
2073,0006472613,Master of the Game,Master of the Game,1982.0,eng,Thriller
2074,0425201449,"The Body Farm (Kay Scarpetta, #5)",The Body Farm,1994.0,eng,Misterio
2075,0060845546,"The Boy Next Door (Boy, #1)",The Boy Next Door (Boy #1),2002.0,eng,Romántica
2076,0141026286,The Epic of Gilgamesh,Shūtur eli sharrī,-1750.0,eng,Clásicos
2077,0061345660,"The Luxe (Luxe, #1)",The Luxe,2007.0,eng,Juvenil
2078,072325804X,The Complete Tales,The Complete Tales of Beatrix Potter,1986.0,,Infantil
2079,0099771810,"American Pastoral (The American Trilogy, #1)",American Pastoral,1997.0,eng,Ficción
2080,1594634718,Big Magic: Creative Living Beyond Fear,Big Magic: Creative Living Beyond Fear,2015.0,eng,Autoayuda
2081,0451464397,"Skin Game (The Dresden Files, #15)",Skin Game,2014.0,eng,Fantasía
2082,,The Qur'an / القرآن الكريم,القرآن‎‎ [al-Qurʾān],609.0,ara,Religión y espiritualidad
2083,0373772467,The Darkest Night (Lords of the Underworld #1),The Darkest Night,2008.0,eng,Romántica
2084,0061474096,Anathem,Anathem,2008.0,eng,Ciencia ficción
2085,0060852577,The Lacuna,The Lacuna,2009.0,eng,Ficción histórica
2086,0552154288,"Hogfather (Discworld, #20; Death, #4)",Hogfather,1996.0,eng,Fantasía
2087,0345435168,Open House,Open House,2000.0,eng,Ficción
2088,1451661509,The Silver Star,The Silver Star,2013.0,eng,Ficción
2089,0552992097,The Hotel New Hampshire,The Hotel New Hampshire,1981.0,eng,Ficción
2090,0425204669,"The Laughing Corpse (Anita Blake, Vampire Hunter, #2)",The Laughing Corpse,1994.0,eng,Fantasía
2091,051513628X,"Key of Light (Key Trilogy, #1)","Key of Light (Key Trilogy, #1)",2003.0,eng,Romántica
2092,1416950052,Identical,Identical,2008.0,eng,Juvenil
2093,0785136223,The Stand: Soul Survivors,,2010.0,eng,Cómic y novela gráfica
2094,0307932230,"Smokin'' Seventeen (Stephanie Plum, #17)",Smokin' Seventeen,2011.0,eng,Misterio
2095,0007158505,The Sneetches and Other Stories,The Sneetches and Other Stories,1961.0,eng,Infantil
2096,0805053883,"Polar Bear, Polar Bear, What Do You Hear?","Polar Bear, Polar Bear, What Do You Hear?",1982.0,eng,Infantil
2097,3518367064,Demian. Die Geschichte von Emil Sinclairs Jugend,Demian: Die Geschichte einer Jugend,1919.0,ger,Clásicos
2098,0385333471,"God Bless You, Mr. Rosewater","God Bless You, Mr Rosewater or Pearls before Swine",1965.0,eng,Ficción
2099,1421505851,"Skip Beat!, Vol. 01",スキップ・ビート! 1 ,2002.0,eng,Cómic y novela gráfica
2100,,Batman: The Dark Knight Returns #1,The Dark Knight Returns,1986.0,eng,Cómic y novela gráfica
2101,0439249546,"The Harry Potter Collection 1-4 (Harry Potter, #1-4)",Harry Potter Boxed Set Books 1-4,1999.0,eng,Juvenil
2102,1597801577,The Windup Girl,The Windup Girl,2009.0,eng,Ciencia ficción
2103,0140436065,The Importance of Being Earnest and Other Plays,,1954.0,eng,Clásicos
2104,0525425632,"Isla and the Happily Ever After (Anna and the French Kiss, #3)",Isla and the Happily Ever After,2014.0,eng,Juvenil
2106,,"This Man Confessed (This Man, #3)",This Man Confessed,2013.0,eng,Romántica
2107,1400096278,Suite Française,Suite française ,2004.0,,Ficción histórica
2108,0140446745,The Letters of Vincent van Gogh,The Letters of Vincent van Gogh,1914.0,eng,Memorias
2109,0061020672,"Sourcery (Discworld, #5; Rincewind #3)",Sourcery,1988.0,eng,Fantasía
2110,1932664122,"Scott Pilgrim, Volume 2: Scott Pilgrim vs. The World","Scott Pilgrim, Volume 2: Scott Pilgrim vs. The World",2005.0,,Cómic y novela gráfica
2111,1401204252,Batman: Arkham Asylum - A Serious House on Serious Earth,Batman: Arkham Asylum - A Serious House on Serious Earth,1989.0,eng,Cómic y novela gráfica
2112,144242673X,"P.S. I Still Love You (To All the Boys I''ve Loved Before, #2)",P.S. I Still Love You,2015.0,eng,Juvenil
2113,1455559822,"Memory Man (Amos Decker, #1)",Memory Man,2015.0,eng,Thriller
2114,156512569X,Mudbound,Mudbound,2008.0,eng,Ficción histórica
2115,0871137380,Black Hawk Down,Black Hawk Down,1999.0,eng,No ficción
2116,0765376458,"A Darker Shade of Magic (Shades of Magic, #1)",A Darker Shade of Magic,2015.0,eng,Fantasía
2117,0385513534,The Lost City of Z: A Tale of Deadly Obsession in the Amazon,The Lost City of Z: A Tale of Deadly Obsession in the Amazon,2009.0,eng,No ficción
2118,0385743580,"Firefight (The Reckoners, #2)",Firefight,2015.0,eng,Ciencia ficción
2119,1841493139,"The Magicians'' Guild (Black Magician Trilogy, #1)",The Magicians' Guild,2001.0,eng,Fantasía
2120,0385905165,"The Necromancer  (The Secrets of the Immortal Nicholas Flamel, #4)",The Necromancer: The Secrets of The Immortal Nicholas Flamel,2010.0,eng,Fantasía
2121,0385340583,"61 Hours (Jack Reacher, #14)",61 Hours,2010.0,eng,Thriller
2122,0439324599,Cut,Cut,2000.0,eng,Juvenil
2123,0224064908,George's Marvellous Medicine,George's Marvellous Medicine,1981.0,eng,Infantil
2124,1400033837,A Thousand Acres,A Thousand Acres,1991.0,eng,Ficción
2125,0805080481,"The Book of Three (The Chronicles of Prydain, #1)",The Book of Three,1964.0,eng,Fantasía
2126,0441016154,"Cry Wolf (Alpha & Omega, #1)",Cry Wolf,2008.0,eng,Fantasía
2127,0689829531,Olivia,Olivia,2000.0,eng,Infantil
2128,0375705856,"Plainsong (Plainsong, #1)",Plainsong,1999.0,eng,Ficción
2129,1560974273,Ghost World,Ghost World,1998.0,eng,Cómic y novela gráfica
2130,1250006325,"Torn (Trylle, #2)",Torn,2010.0,eng,Juvenil
2131,0451529693,Fathers and Sons,Отцы и дѣти,1862.0,eng,Clásicos
2132,0884271781,The Goal: A Process of Ongoing Improvement,The Goal,1984.0,eng,Negocios
2133,0670021040,Caleb's Crossing,Caleb's Crossing,2011.0,eng,Ficción histórica
2134,0061284394,"Evernight (Evernight, #1)",Evernight,2008.0,eng,Juvenil
2135,0385340559,"Bad Luck and Trouble (Jack Reacher, #11)",Bad Luck and Trouble,2007.0,eng,Thriller
2136,0452286530,The Jane Austen Book Club,The Jane Austen Book Club,2004.0,eng,Ficción
2137,0385539703,The Children Act,The Children Act,2014.0,eng,Ficción
2138,0739377728,"Sizzling Sixteen (Stephanie Plum, #16)",Sizzling Sixteen,2009.0,eng,Misterio
2139,0062301233,Elon Musk: Inventing the Future,"Elon Musk: Tesla, SpaceX, and the Quest for a Fantastic Future",2015.0,eng,Biografía
2140,1841499900,"Caliban''s War (The Expanse, #2)",Caliban's War,2012.0,eng,Ciencia ficción
2141,1452440026,"Barely Breathing (Breathing, #2)",Barely Breathing,2012.0,eng,Juvenil
2142,0147712556,The Iliad/The Odyssey,Ἰλιάς ; Ὀδύσσεια,-762.0,eng,Clásicos
2143,1563893304,Kingdom Come,Kingdom Come,1996.0,eng,Cómic y novela gráfica
2144,0061120669,Papillon,Papillon ,1969.0,,Memorias
2145,1573227889,Tipping the Velvet,Tipping the Velvet,1998.0,eng,Ficción histórica
2146,031620157X,"The Wishing Spell (The Land of Stories, #1)","The Wishing Spell (The Land of Stories, #1)",2012.0,eng,Infantil
2147,1400063973,The 19th Wife,The 19th Wife,2008.0,eng,Ficción histórica
2148,0064407314,Monster,Monster,1999.0,eng,Juvenil
2149,0345529057,"A Song of Ice and Fire (A Song of Ice and Fire, #1-4)",,2011.0,eng,Fantasía
2150,0743493915,"Body of Evidence (Kay Scarpetta, #2)",Body of Evidence ,1991.0,eng,Thriller
2151,,Saga #1,Saga #1,2012.0,eng,Cómic y novela gráfica
2152,0060887370,"Perfect (Pretty Little Liars, #3)",Perfect,2007.0,eng,Juvenil
2153,1939045010,"The Secret of Ella and Micha (The Secret, #1)",The Secret of Ella and Micha,2012.0,eng,Romántica
2154,0345522478,"Hounded (The Iron Druid Chronicles, #1)",Hounded,2011.0,eng,Fantasía
2155,0743211375,From a Buick 8,From a Buick 8,2002.0,eng,Terror
2156,0553560735,"Red Mars (Mars Trilogy, #1)",Red Mars,1993.0,eng,Ciencia ficción
2157,1558611584,The Yellow Wall-Paper,The Yellow Wall-paper. A story,1892.0,eng,Clásicos
2158,1593083254,The Time Machine/The Invisible Man,The Time Machine and The Invisible Man,1968.0,,Ciencia ficción
2159,0515121843,"Sea Swept (Chesapeake Bay Saga, #1)",Sea Swept,1998.0,eng,Romántica
2161,1442435003,Since You've Been Gone,Since You've Been Gone,2014.0,eng,Juvenil
2162,0446573647,An Object of Beauty,,2010.0,eng,Ficción
2163,0761121323,What to Expect When You're Expecting,What to Expect When You're Expecting,1969.0,,Autoayuda
2164,0399244565,"The Icebound Land (Ranger''s Apprentice, #3)",The Icebound Land,2005.0,eng,Juvenil
2165,0061240850,"Anybody Out There? (Walsh Family, #4)",Anybody Out There?,2006.0,,Ficción
2166,0804139296,"Zero to One: Notes on Startups, or How to Build the Future","Zero to One: Notes on Start Ups, or How to Build the Future",2014.0,eng,Negocios
2167,1619636077,"Empire of Storms (Throne of Glass, #5)",Empire of Storms,2016.0,eng,Fantasía
2168,1593080336,"A Christmas Carol, The Chimes and The Cricket on the Hearth",,1843.0,,Clásicos
2169,0804188971,The Grownup,What Do You Do?,2014.0,eng,Thriller
2170,0380789027,Smoke and Mirrors: Short Fiction and Illusions,Smoke and Mirrors: Short Fiction and Illusions,1998.0,eng,Ficción
2171,9382618341,"The Oath of the Vayuputras (Shiva Trilogy, #3)",The Oath of the Vayuputras,2013.0,eng,Fantasía
2172,0385333501,Welcome to the Monkey House,Welcome to the Monkey House,1968.0,eng,Ficción
2173,0385349068,Dad Is Fat,Dad Is Fat,2013.0,,Memorias
2174,0671869205,Truman,Truman,1992.0,eng,Biografía
2175,0143034758,Alexander Hamilton,Alexander Hamilton,2004.0,eng,Biografía
2176,0807218731,The Cat in the Hat and Other Dr. Seuss Favorites,The Cat in the Hat and Other Dr. Seuss Favorites,2003.0,,Infantil
2177,0140448071,Dead Souls,Мёртвые ду́ши,1842.0,eng,Clásicos
2178,,"The Deal (Off-Campus, #1)",The Deal,2015.0,eng,Romántica
2179,0062392174,"The Crown (The Selection, #5)",The Crown,2016.0,eng,Juvenil
2180,0446573019,"Zero Day (John Puller, #1)",Zero Day,2011.0,eng,Thriller
2181,0312367481,Tikki Tikki Tembo,Tikki Tikki Tembo,1968.0,eng,Infantil
2182,1416974504,"Night World, No. 1 (Night World, #1-3)","Night World, No. 1",2008.0,eng,Juvenil
2183,1451533969,"Love Unscripted (Love, #1)","Love Unscripted (Love, #1)",2010.0,eng,Romántica
2184,0446608815,"Pop Goes the Weasel (Alex Cross, #5)",Pop Goes the Weasel,1999.0,eng,Thriller
2185,,"Bully (Fall Away, #1)",Bully,2013.0,,Romántica
2186,0802136834,The Six Wives of Henry VIII,The Six Wives of Henry VIII,1980.0,eng,Historia
2187,0140185852,We,Мы,1924.0,eng,Ciencia ficción
2188,0571171788,Pigs in Heaven,Pigs in Heaven,1993.0,eng,Ficción
2189,0765354063,"The Ghost Brigades (Old Man''s War, #2)",The Ghost Brigades,2006.0,eng,Ciencia ficción
2190,074326195X,"Cry, the Beloved Country","Cry, The Beloved Country",1948.0,eng,Clásicos
2191,9780810909014,Faeries,Faeries,1978.0,,Arte
2192,0060987529,Confessions of an Ugly Stepsister,Confessions of an Ugly Stepsister,1999.0,eng,Fantasía
2193,3426615355,How to Be Good,How to Be Good,2001.0,,Ficción
2372,0399159371,The Witness,The Witness,2012.0,,Romántica
2194,1442468351,"Lady Midnight (The Dark Artifices, #1)",Lady Midnight,2016.0,eng,Juvenil
2195,1905294719,"Inkdeath (Inkworld, #3)",Tintentod,2007.0,eng,Juvenil
2196,0553293389,Foundation's Edge (Foundation #4),Foundation's Edge,1982.0,eng,Ciencia ficción
2197,0486452433,Jude the Obscure,Jude the Obscure,1895.0,eng,Clásicos
2198,0345335651,"Queen of Sorcery (The Belgariad, #2)",Queen of Sorcery,1982.0,eng,Fantasía
2199,0374529531,The Lottery and Other Stories,The Lottery: Adventures of the Demon Lover,1949.0,eng,Ficción
2200,0545060508,"Into the Gauntlet (The 39 Clues, #10)",,2010.0,eng,Juvenil
2201,0061668036,"Wings (Wings, #1)",Wings ,2009.0,eng,Juvenil
2202,0316910333,"Gossip Girl (Gossip Girl, #1)",Gossip Girl,2002.0,eng,Juvenil
2203,0553271989,The Odessa File,The Odessa File,1972.0,eng,Thriller
2204,1400067685,The Burgess Boys,The Burgess Boys,2013.0,eng,Ficción
2205,,Sapiens: A Brief History of Humankind,קיצור תולדות האנושות‎‎,2011.0,eng,Historia
2206,1609411153,Lies That Chelsea Handler Told Me,,2011.0,eng,Memorias
2207,1444705105,"Broken Harbour (Dublin Murder Squad, #4)",Broken Harbor,2012.0,eng,Misterio
2208,,"Down to You (The Bad Boys, #1)",Down to You,2013.0,eng,Romántica
2209,0517053616,The Complete Works,The Complete Works,1623.0,eng,Clásicos
2210,0061054887,The Dispossessed,The Dispossessed,1974.0,eng,Ciencia ficción
2211,1400031575,"Faceless Killers (Kurt Wallander, #1)",Mördare utan ansikte,1991.0,eng,Misterio
2212,0385528043,The Confession,The Confession,2010.0,eng,Thriller
2213,0425192032,Lightning,Lightning,1988.0,eng,Thriller
2214,1570425779,"Cat and Mouse (Alex Cross, #4)",Cat & Mouse,1997.0,eng,Thriller
2215,0142408808,"Superfudge (Fudge, #3)",Superfudge,1980.0,eng,Infantil
2216,0735221081,The Couple Next Door,The Couple Next Door,2016.0,eng,Thriller
2217,0061996181,"Hallowed (Unearthly, #2)",Hallowed,2012.0,eng,Juvenil
2218,031624662X,Ancillary Justice (Imperial Radch #1),Ancillary Justice,2013.0,eng,Ciencia ficción
2219,0765340747,"The Pillars of Creation (Sword of Truth, #7)",The Pillars of Creation,2001.0,eng,Fantasía
2220,0060566108,Built to Last: Successful Habits of Visionary Companies,Built to Last: Successful Habits of Visionary Companies,1994.0,eng,Negocios
2221,1616149981,The Life We Bury,The Life We Bury,2014.0,,Misterio
2222,1595547169,Fireproof,Fireproof,2008.0,eng,Ficción
2223,0140273344,"The Eagle Has Landed (Liam Devlin, #1)",The Eagle Has Landed,1975.0,,Thriller
2224,0425201376,"The Lunatic Cafe (Anita Blake, Vampire Hunter #4)",The Lunatic Cafe,1996.0,eng,Fantasía
2225,0978970764,"John Dies at the End (John Dies at the End, #1)",John Dies at the End,2007.0,eng,Terror
2226,0345409469,The Demon-Haunted World: Science as a Candle in the Dark,The Demon-Haunted World: Science as a Candle in the Dark,1995.0,eng,Ciencia
2227,1906427135,Stolen: A Letter to My Captor,Stolen: A Letter to My Captor,2009.0,eng,Juvenil
2228,9785170117741,Solaris,Solaris,1961.0,eng,Ciencia ficción
2229,1573225126,Prozac Nation,Prozac Nation,1994.0,eng,Memorias
2230,080508049X,The Black Cauldron (The Chronicles of Prydain #2),The Black Cauldron,1965.0,eng,Fantasía
2231,0525949690,This Is Your Brain on Music: The Science of a Human Obsession,This Is Your Brain on Music: The Science of a Human Obsession,2006.0,,Música
2232,0062294377,The First Phone Call from Heaven,The First Phone Call from Heaven,2013.0,eng,Ficción
2233,031242681X,Possible Side Effects,Possible Side Effects,2006.0,eng,Memorias
2234,1400065755,Still Life with Bread Crumbs,Still Life with Bread Crumbs,2014.0,eng,Ficción
2235,1579126243,"The A.B.C. Murders (Hercule Poirot, #13)",The ABC Murders,1936.0,eng,Misterio
2236,0310902711,Holy Bible: New International Version,Holy Bible: New International Version,1909.0,eng,Religión y espiritualidad
2237,0451235843,"Lover Reborn (Black Dagger Brotherhood, #10)",Lover Reborn,2012.0,eng,Romántica
2238,0380800829,"The Duke and I (Bridgertons, #1)",The Duke and I,2000.0,eng,Romántica
2239,0786930705,"Dragons of Spring Dawning (Dragonlance: Chronicles, #3)",Dragons of Spring Dawning,1985.0,eng,Fantasía
4146,0307381463,Nefertiti,Nefertiti,2007.0,eng,Ficción histórica
2240,0375508333,A Raisin in the Sun,A Raisin in the Sun,1959.0,,Clásicos
2241,0345457692,"Altered Carbon (Takeshi Kovacs, #1)",Altered Carbon,2002.0,eng,Ciencia ficción
2242,0425184226,"The Sum of All Fears (Jack Ryan Universe, #7)",The Sum of All Fears,1991.0,,Thriller
2243,,The Good Neighbor,,2015.0,eng,Thriller
2244,1607066920,"Saga, Vol. 2 (Saga, #2)","Saga, Volume Two",2013.0,eng,Cómic y novela gráfica
2245,0440241014,"The Enemy (Jack Reacher, #8)",The Enemy,2004.0,eng,Thriller
2246,0393244660,Flash Boys: A Wall Street Revolt,Flash Boys: A Wall Street Revolt,2014.0,eng,Negocios
2247,0375701214,The Diving Bell and the Butterfly,Le Scaphandre et le Papillon,1997.0,eng,Memorias
2248,0805096663,Killing Kennedy: The End of Camelot,Killing Kennedy: The End of Camelot,2012.0,eng,Historia
2249,0385539436,Rogue Lawyer,,2015.0,,Thriller
2250,076791936X,The Life and Times of the Thunderbolt Kid,The Life and Times of The Thunderbolt Kid: A Memoir,2006.0,,Memorias
2252,0006551815,"''Tis (Frank McCourt, #2)",'Tis: A Memoir,1999.0,eng,Memorias
2253,1400032059,1491: New Revelations of the Americas Before Columbus,1491: New Revelations of the Americas Before Columbus,2005.0,eng,Historia
2254,1250060559,"Fairest (The Lunar Chronicles, #3.5)",Fairest,2015.0,eng,Juvenil
2255,0679763309,An Unquiet Mind: A Memoir of Moods and Madness,An Unquiet Mind: A Memoir of Moods and Madness,1995.0,eng,Memorias
2256,1591451884,Jesus Calling: Enjoying Peace in His Presence,,2004.0,,Religión y espiritualidad
2257,0451218590,Who's Afraid of Virginia Woolf?,Who's Afraid of Virginia Woolf?,1962.0,eng,Clásicos
2258,0575077832,"The Last Wish (The Witcher, #1)",Ostatnie życzenie,1993.0,eng,Fantasía
2259,015603297X,Foucault's Pendulum,Il pendolo di Foucault,1988.0,eng,Ficción
2260,067056172X,A Pocket for Corduroy,A Pocket for Corduroy,1978.0,eng,Infantil
2261,1594831114,"The 5th Horseman (Women''s Murder Club, #5)",The 5th Horseman,2006.0,,Misterio
2262,0330493744,"Kushiel''s Dart (Phèdre''s Trilogy, #1)",Kushiel's Dart,2001.0,eng,Fantasía
2263,1595551387,"Bonhoeffer: Pastor, Martyr, Prophet, Spy","Bonhoeffer: Pastor, Martyr, Prophet, Spy",2009.0,eng,Biografía
2264,0345527712,"Explosive Eighteen (Stephanie Plum, #18)",Explosive Eighteen,2011.0,eng,Misterio
2265,0061449091,"Lies (Gone, #3)",Lies,2010.0,eng,Juvenil
2266,0875093663,The Pursuit of God,Pursuit of God,1948.0,,Religión y espiritualidad
2267,0373210361,"The Iron Knight (The Iron Fey, #4)",The Iron Knight,2011.0,eng,Juvenil
2268,0142004332,"Maisie Dobbs (Maisie Dobbs, #1)",Maisie Dobbs,2003.0,eng,Misterio
2269,0586217835,"Magician (The Riftwar Saga, #1-2)",Magician,1982.0,eng,Fantasía
2270,0385729367,"Forever in Blue: The Fourth Summer of the Sisterhood (Sisterhood, #4)",Forever in Blue: The Fourth Summer of the Sisterhood,2007.0,eng,Juvenil
2271,0552153257,"Feet of Clay (Discworld, #19; City Watch, #3)",Feet of Clay,1996.0,,Fantasía
2272,0307594777,"The Millennium Trilogy (Millennium Trilogy, #1-3)","Män som hatar kvinnor, Flickan som lekte med elden, Luftslottet som sprängdes",2005.0,eng,Thriller
2273,,The Butterfly Garden (The Collector #1),The Butterfly Garden,2016.0,eng,Thriller
2274,1842430343,Skinny Legs and All,Skinny Legs and All,1990.0,,Ficción
2275,0061583219,"Destined for an Early Grave (Night Huntress, #4)",Destined for an Early Grave,2009.0,eng,Fantasía
2276,,"In Flight (Up in the Air, #1)",In Flight,2012.0,eng,Romántica
2277,0316159794,"Cross (Alex Cross, #12)",Cross,2006.0,eng,Thriller
2278,0064472779,"All-American Girl (All-American Girl, #1)",All-American Girl,2002.0,eng,Juvenil
2279,0380713802,Neither Here nor There: Travels in Europe,Neither Here Nor There: Travels in Europe,1991.0,eng,Viajes
2280,0375832998,Boy Meets Boy,Boy Meets Boy,2003.0,eng,Juvenil
2281,0061941026,We Are Water,We Are Water,2013.0,eng,Ficción
2282,0316002895,"Max (Maximum Ride, #5)",Max ,2009.0,eng,Juvenil
2283,0312656262,"Halo (Halo, #1)",Halo,2010.0,eng,Juvenil
2284,0802142818,The Inheritance of Loss,The Inheritance of Loss,2006.0,eng,Ficción
2285,0586066888,"A Darkness At Sethanon (The Riftwar Saga, #4)",A Darkness at Sethanon ,1986.0,eng,Fantasía
2286,0812969901,The Sorrows of Young Werther,Die Leiden des jungen Werthers,1774.0,eng,Clásicos
2287,0061583073,"At Grave''s End (Night Huntress, #3)",At Grave's End,2008.0,eng,Fantasía
2288,0375758992,Don't Let's Go to the Dogs Tonight,Don't Let's Go to the Dogs Tonight: An African Childhood,2001.0,eng,Memorias
2289,0064404773,Beauty: A Retelling of the Story of Beauty and the Beast,Beauty: A Retelling of the Story of Beauty and the Beast,1978.0,eng,Fantasía
2290,0316069906,Eating Animals,Eating Animals,2009.0,eng,Ensayo
2291,0060577363,"Flyte (Septimus Heap, #2)",Flyte,2006.0,eng,Juvenil
2292,6140105234,ساق البامبو,ساق البامبو [Saq al-Bambu],2012.0,ara,Ficción
2293,0062026488,"The Girl of Fire and Thorns (Fire and Thorns, #1)",The Girl of Fire and Thorns,2011.0,eng,Fantasía
2294,0312650086,"Enclave (Razorland, #1)",Enclave,2011.0,eng,Ciencia ficción
2295,0802714625,Longitude: The True Story of a Lone Genius Who Solved the Greatest Scientific Problem of His Time,Longitude,1995.0,eng,Historia
2296,0751530492,"Unnatural Exposure (Kay Scarpetta, #8)",Unnatural Exposure,1997.0,eng,Thriller
2297,0553213482,Faust: First Part,Faust. Eine Tragödie,1808.0,eng,Clásicos
2298,0684818868,Lies My Teacher Told Me,Lies My Teacher Told Me : Everything Your American History Textbook Got Wrong,1995.0,eng,Historia
2299,0553582461,"Fool''s Fate (Tawny Man, #3)",Fool's Fate,2003.0,,Fantasía
2300,1600102379,"Locke & Key, Vol. 1: Welcome to Lovecraft",Welcome to Lovecraft,2008.0,eng,Cómic y novela gráfica
2301,1406310263,"The Ask and the Answer (Chaos Walking, #2)",The Ask and the Answer,2009.0,eng,Ciencia ficción
2302,0446363251,Scarlett,Scarlett: The Sequel to Margaret Mitchell's Gone With the Wind,1991.0,eng,Ficción histórica
2303,0425205673,"Bloody Bones (Anita Blake, Vampire Hunter #5)",Bloody Bones,1996.0,eng,Fantasía
2304,0684843781,This Side of Paradise,This Side of Paradise,1920.0,eng,Clásicos
2305,0670023329,Escape from Camp 14: One Man's Remarkable Odyssey from North Korea to Freedom in the West,Escape from Camp 14: One Man's Remarkable Odyssey from North Korea to Freedom in the West ,2012.0,eng,Biografía
2306,006057299X,"Every Which Way But Dead (The Hollows, #3)",Every Which Way But Dead,2005.0,eng,Fantasía
2307,1400068320,"Eligible: A Modern Retelling of Pride and Prejudice (The Austen Project, #4)",Eligible,2016.0,eng,Ficción
2308,039333712X,Seven Days in the Art World,Seven Days in the Art World,2008.0,,Arte
2309,0007246226,The Children of Húrin,The Children of Húrin,2007.0,eng,Fantasía
2310,0785289089,The Total Money Makeover: A Proven Plan for Financial Fitness,The Total Money Makeover: A Proven Plan for Financial Fitness,2003.0,,Negocios
2311,0316058432,Mr. Popper's Penguins,Mr. Popper's Penguins,1938.0,eng,Infantil
2312,0765340054,"Shadow Puppets (Ender''s Shadow, #3)",Shadow Puppets,2002.0,,Ciencia ficción
2313,,"The Magician''s Land (The Magicians, #3)",The Magician's Land,2014.0,eng,Fantasía
2314,0679732268,Light in August,Light in August,1932.0,eng,Clásicos
2315,0064408671,The Trumpet of the Swan,The Trumpet of the Swan,1970.0,eng,Infantil
2316,0812993802,Tenth of December,Tenth of December,2013.0,eng,Ficción
2317,0312593554,"Night Pleasures (Dark-Hunter, #1)",Night Pleasures,2002.0,eng,Romántica
2318,0671015206,The Millionaire Next Door: The Surprising Secrets of Americas Wealthy,The Millionaire Next Door: The Surprising Secrets of America's Wealthy,1995.0,eng,Negocios
2319,1423116380,"Don''t Judge a Girl by Her Cover (Gallagher Girls, #3)",Don't Judge a Girl by Her Cover,2009.0,eng,Juvenil
2320,0743244583,"Chronicles, Vol. 1",Chronicles: Volume One,2004.0,eng,Memorias
2321,0060920084,The Lost Continent: Travels in Small Town America,The Lost Continent: Travels in Small-Town America,1989.0,eng,Viajes
2322,140006712X,Dreams of Joy (Shanghai Girls #2),Dreams of Joy (Shanghai Girls #2),2011.0,eng,Ficción histórica
2323,0446607207,Tell Me Your Dreams,Tell Me Your Dreams,1998.0,eng,Thriller
2324,0060885416,"By the Shores of Silver Lake  (Little House, #5)",By the Shores of Silver Lake,1939.0,,Infantil
2325,0061053562,"The Player of Games (Culture, #2)",The Player of Games,1988.0,eng,Ciencia ficción
2326,0440228891,The Cricket in Times Square,,1960.0,eng,Infantil
2327,0787960756,The Five Dysfunctions of a Team: A Leadership Fable,The Five Dysfunctions of a Team,2002.0,eng,Negocios
2328,0142003166,Junky,Junky,1953.0,eng,Ficción
2329,0140157352,Getting to Yes: Negotiating an Agreement Without Giving In,Getting to Yes: Negotiating agreement without giving in,1981.0,eng,Negocios
2330,,"Mile High (Up in the Air, #2)",Mile high (Up In The Air #2),2012.0,eng,Romántica
2331,1501110349,November 9,November 9,2015.0,eng,Romántica
2332,,"Everything We Keep (Everything We Keep, #1)",Everything We Keep,2016.0,eng,Romántica
2333,,"The Mighty Storm (The Storm, #1)",The Mighty Storm,2012.0,eng,Romántica
2334,1408816032,The Song of Achilles,The Song of Achilles,2011.0,eng,Ficción histórica
2335,1501139886,The Girl with the Lower Back Tattoo,The Girl with the Lower Back Tattoo,2016.0,eng,Memorias
2336,0140449183,The Bhagavad Gita,भगवद्गीता [Bhagavadgītā],-400.0,eng,Religión y espiritualidad
2337,0143039830,The New York Trilogy,The New York Trilogy,1987.0,eng,Ficción
2338,043912042X,Esperanza Rising,Esperanza Rising,2000.0,eng,Juvenil
2339,0316766941,"Raise High the Roof Beam, Carpenters & Seymour: An Introduction","Raise High the Roof Beam, Carpenters / Seymour: An Introduction",1955.0,eng,Ficción
2340,0446617687,Sex and the City,Sex and the City,1996.0,,Ficción
2341,0425209067,"The Killing Dance (Anita Blake, Vampire Hunter, #6)","The Killing Dance (Anita Blake, Vampire Hunter, #6)",1997.0,eng,Fantasía
2342,014044923X,Beyond Good and Evil,Jenseits von Gut und Böse: Vorspiel einer Philosophie der Zukunft,1886.0,eng,Clásicos
2343,044022800X,The Watsons Go to Birmingham - 1963,The Watsons Go to Birmingham - 1963,1995.0,eng,Juvenil
2344,0876852630,Factotum,Factotum,1975.0,,Ficción
2345,0373210515,"The Immortal Rules (Blood of Eden, #1)",The Immortal Rules,2012.0,eng,Fantasía
2346,0446546933,Columbine,Columbine,2009.0,eng,No ficción
2347,0099471434,"Lasher (Lives of the Mayfair Witches, #2)",Lasher,1993.0,eng,Terror
2348,9781477824757,Yellow Crocus,,2010.0,eng,Ficción histórica
2349,0525953728,No Easy Day: The Firsthand Account of the Mission That Killed Osama Bin Laden,No Easy Day: The Firsthand Account of the Mission That Killed Osama Bin Laden,2012.0,eng,Memorias
2350,1594487014,The Chaperone,The Chaperone,2012.0,eng,Ficción histórica
2351,0684193957,"All That Remains (Kay Scarpetta, #3)",All That Remains,1992.0,eng,Thriller
2352,0451191013,The Regulators,The Regulators,1996.0,eng,Terror
2353,1563890356,Season of Mists (The Sandman #4),The Sandman: Season of Mists,1990.0,eng,Cómic y novela gráfica
2354,0316013935,Judge & Jury,Judge & Jury,2006.0,eng,Thriller
2355,1416500340,Silas Marner,Silas Marner: The Weaver of Raveloe,1861.0,,Clásicos
2356,1622660757,"Origin (Lux, #4)",Origin,2013.0,eng,Juvenil
2357,0375760393,The Botany of Desire: A Plant's-Eye View of the World,The Botany of Desire: A Plant's-Eye View of the World,2001.0,eng,Ciencia
2358,0316123536,"Beautiful Redemption (Caster Chronicles, #4)",Beautiful Redemption,2012.0,eng,Juvenil
2359,1439152780,The Distant Hours,The Distant Hours,2010.0,eng,Misterio
2360,0751554154,I Let You Go,I Let You Go,2016.0,eng,Thriller
2361,0439295785,"Kidnapped (David Balfour, #1)",Kidnapped,1886.0,,Clásicos
2362,0306814250,"Friday Night Lights: A Town, a Team, and a Dream","Friday Night Lights: A Town, a Team, and a Dream",1988.0,,Deportes
2363,0618683356,Beautiful Boy: A Father's Journey Through His Son's Addiction,Beautiful Boy: A Father's Journey Through His Son's Meth Addiction,2007.0,eng,Memorias
2364,,"The Vincent Boys (The Vincent Boys, #1)","The Vincent Brothers (The Vincent Boys, #1)",2011.0,eng,Juvenil
2365,1594561869,The Cask of Amontillado,The Cask of Amontillado,1846.0,eng,Clásicos
2366,014044789X,Metamorphoses,Metamorphoses,8.0,eng,Clásicos
2367,0452274427,In the Time of the Butterflies,In the Time of the Butterflies,1994.0,eng,Ficción histórica
2368,0743203631,Gap Creek,Gap Creek : The Story Of A Marriage (Oprah's Book Club),1999.0,eng,Ficción histórica
2369,0983157200,"Half-Blood (Covenant, #1)",Half-Blood,2011.0,eng,Juvenil
2370,1582404119,The Legend of Sleepy Hollow (Graphic Novel),The Legend of Sleepy Hollow,1993.0,eng,Cómic y novela gráfica
2371,0451217608,"Bitter Is the New Black: Confessions of a Condescending, Egomaniacal, Self-Centered Smartass, Or, Why You Should Never Carry A Prada Bag to the Unemployment Office","Bitter is the New Black : Confessions of a Condescending, Egomaniacal, Self-Centered Smartass, Or, Why You Should Never Carry A Prada Bag to the Unemployment Office",2006.0,eng,Memorias
2373,0380820889,"Blindsighted (Grant County, #1)",Blindsighted,2001.0,eng,Thriller
2374,0140169300,Angle of Repose,Angle of Repose,1971.0,eng,Ficción
2375,0743457900,"Tinker, Tailor, Soldier, Spy","Tinker, Tailor, Soldier, Spy",1974.0,,Thriller
2376,0142501107,"Lord Brocktree (Redwall, #13)",Lord Brocktree,2000.0,eng,Fantasía
2377,0062072064,"Through the Ever Night (Under the Never Sky, #2)",Through the Ever Night,2013.0,eng,Juvenil
2378,0316018589,Barefoot,Barefoot,2007.0,eng,Ficción
2379,1594481954,My Friend Leonard,My Friend Leonard,2005.0,,Memorias
2380,0811216012,Cat on a Hot Tin Roof,Cat on a Hot Tin Roof,1955.0,eng,Clásicos
2381,0316002860,"The Final Warning (Maximum Ride, #4)",The Final Warning,2008.0,eng,Juvenil
2382,0553582453,"Golden Fool (Tawny Man, #2)",The Golden Fool,2002.0,eng,Fantasía
2383,0446614459,"Split Second (Sean King & Michelle Maxwell, #1)",Split Second,2003.0,eng,Thriller
2384,0316069353,"The Fifth Witness (Mickey Haller, #5; Harry Bosch Universe, #20)",The Fifth Witness,2011.0,eng,Thriller
2385,0756402697,"The Dragonbone Chair (Memory, Sorrow, and Thorn, #1)",The Dragonbone Chair,1988.0,eng,Fantasía
2386,2844140580,"Persepolis, Volume 1",,2000.0,fre,Cómic y novela gráfica
2387,1589190629,"At Home in Mitford (Mitford Years, #1)",At Home in Mitford (Mitford Years #1),1994.0,eng,Ficción
2388,0446563048,"Delivering Happiness: A Path to Profits, Passion, and Purpose","Delivering Happiness: A Path to Profits, Passion, and Purpose",2010.0,,Negocios
2389,0142405787,"Scorpia (Alex Rider, #5)",Scorpia,2004.0,eng,Juvenil
2390,0062290363,"The Queen of the Tearling (The Queen of the Tearling, #1)",The Queen of the Tearling,2014.0,eng,Fantasía
2391,0545060427,"One False Note (The 39 Clues, #2)","One False Note (The 39 Clues, Book 2)",2008.0,eng,Juvenil
2392,0689867042,"Tithe (Modern Faerie Tales, #1)",Tithe: A Modern Faerie Tale,2002.0,eng,Fantasía
2393,0515133310,"Echo Burning (Jack Reacher, #5)",Echo Burning,2001.0,eng,Thriller
2394,0061140988,"The Fury / Dark Reunion (The Vampire Diaries, #3-4)",The Fury and Dark Reunion,2007.0,eng,Fantasía
2395,,"Never Never (Never Never, #1)",Never Never,2015.0,eng,Romántica
2396,0062197266,Into the Darkest Corner,Into the Darkest Corner,2011.0,eng,Thriller
2397,0140079076,The Further Adventures of Sherlock Holmes: After Sir Arthur Conan Doyle (Classic Crime),The Further Adventures of Sherlock Holmes (Classic Crime),1985.0,,Misterio
2398,0446605484,"Roses are Red (Alex Cross, #6)",Roses Are Red,2000.0,eng,Thriller
2399,0765344300,"Naked Empire (Sword of Truth, #8)","Naked Empire (Sword of Truth, #8)",2003.0,eng,Fantasía
2400,0060765240,"Map of Bones (Sigma Force, #2)",Map of Bones,2005.0,eng,Thriller
2401,0525953507,The Stranger,The Stranger,2015.0,eng,Thriller
2402,0060887397,"Unbelievable (Pretty Little Liars, #4)",Unbelievable,2008.0,eng,Juvenil
2403,014144116X,A Passage to India,A Passage to India,1924.0,eng,Clásicos
2404,,"Seraphina (Seraphina, #1)",Seraphina,2012.0,eng,Fantasía
2405,0515141658,"Morrigan''s Cross (Circle Trilogy, #1)",Morrigan's Cross,2006.0,eng,Romántica
2406,0553381644,"The Mammoth Hunters (Earth''s Children, #3)",The Mammoth Hunters,1985.0,eng,Ficción histórica
2407,0441016383,"Princeps'' Fury (Codex Alera, #5)",Princeps' Fury,2008.0,eng,Fantasía
2408,0380017601,"Love Story (Love Story, #1)",Love Story,1970.0,,Romántica
2409,0688147321,Chrysanthemum,Chrysanthemum,1991.0,eng,Infantil
2410,0062085611,"Sweet Evil (Sweet, #1)",Sweet Evil,2012.0,eng,Juvenil
2411,0316952664,"The Winds of War (The Henry Family, #1)",The Winds of War,1971.0,eng,Ficción histórica
2412,,"The Wind Through the Keyhole (The Dark Tower, #4.5)",The Wind Through the Keyhole,2012.0,eng,Fantasía
2413,0060887184,"The Last Kingdom (The Saxon Stories, #1)",The Last Kingdom,2004.0,eng,Ficción histórica
2414,0887307280,The E-Myth Revisited: Why Most Small Businesses Don't Work and What to Do About It,The E-Myth Revisited: Why Most Small Businesses Don't Work and What to Do About It,1985.0,,Negocios
2415,1416928170,"Bunnicula (Bunnicula, #1)",Bunnicula: A Rabbit-Tale of Mystery,1979.0,eng,Infantil
2438,0670869392,There Was an Old Lady Who Swallowed a Fly,There Was an Old Lady Who Swallowed a Fly,1997.0,,Infantil
2416,0786939834,"Exile (Forgotten Realms: The Dark Elf Trilogy, #2; Legend of Drizzt, #2)",Exile ,1990.0,eng,Fantasía
2417,1250006333,"Ascend (Trylle, #3)",Ascend,2012.0,eng,Fantasía
2418,0525952489,"The Keeper of Lost Causes (Department Q, #1)",Kvinden i buret,2007.0,eng,Misterio
2419,0517405091,Of Love and Other Demons,Del amor y otros demonios,1994.0,eng,Ficción
2420,142312166X,The Demigod Files (Percy Jackson and the Olympians),,2009.0,eng,Juvenil
2421,0676979785,Musicophilia: Tales of Music and the Brain,Musicophilia: Tales of Music and the Brain,2007.0,eng,Ciencia
2422,1501129740,"End of Watch (Bill Hodges Trilogy, #3)",End of Watch,2016.0,eng,Thriller
2423,0060590319,Fool,Fool,2009.0,eng,Ficción
2424,0743298853,The Book of Lost Things,The Book of Lost Things,2006.0,eng,Fantasía
2425,140003003X,My Life,My Life,2004.0,eng,Memorias
2426,1569714029,300,300,1998.0,eng,Cómic y novela gráfica
2427,0545060494,"Storm Warning (The 39 Clues, #9)",Storm Warning,2010.0,eng,Juvenil
2428,1423128206,"Only the Good Spy Young (Gallagher Girls, #4)",Only the Good Spy Young,2010.0,eng,Juvenil
2429,0440241006,"Persuader (Jack Reacher, #7)",The Persuader,2003.0,eng,Thriller
2430,0425212890,"Grave Sight (Harper Connelly, #1)",,2005.0,eng,Misterio
2431,8203180728,"Flaggermusmannen (Harry Hole, #1)",Flaggermusmannen,1997.0,nor,Misterio
2432,0515143804,"Blood Brothers (Sign of Seven, #1)","Blood Brothers (Sign of Seven, #1)",2007.0,eng,Romántica
2433,0425185508,Picture Perfect,Picture Perfect,1995.0,eng,Ficción
2434,1591162203,"Rurouni Kenshin, Vol. 1: Meiji Swordsman Romantic Story (Rurouni Kenshin, #1)",るろうに剣心 1,1994.0,eng,Cómic y novela gráfica
2435,1402262272,Catching Jordan,Catching Jordan,2011.0,eng,Juvenil
2436,0060730552,Touching the Void: The True Story of One Man's Miraculous Survival,Touching the Void: The True Story of One Man's Miraculous Survival,1988.0,eng,Memorias
2437,,"This Girl (Slammed, #3)",This Girl,2013.0,eng,Romántica
2439,1932073205,Way of the Peaceful Warrior: A Book That Changes Lives,Way of the Peaceful Warrior: A Book That Changes Lives,1980.0,eng,Autoayuda
2440,0312270828,The Satanic Verses,The Satanic Verses,1988.0,eng,Ficción
2441,0385523904,Nothing to Envy: Ordinary Lives in North Korea,Nothing to Envy: Ordinary Lives in North Korea,2009.0,eng,No ficción
2442,0060753943,Winning,Winning,1992.0,,Negocios
2443,,"Collide (Collide, #1)",Collide,2013.0,eng,Romántica
2444,0618620117,How We Decide,How We Decide,2009.0,eng,Psicología
2445,0553381520,"The Beekeeper''s Apprentice (Mary Russell, #1)",The Beekeeper's Apprentice,1994.0,eng,Misterio
2446,0394805755,The Story of Babar,"Histoire de Babar, le petit éléphant",1931.0,eng,Infantil
2447,0385735332,"The Warlock (The Secrets of the Immortal Nicholas Flamel, #5)",The Warlock,2011.0,eng,Fantasía
2448,044101769X,"First Lord''s Fury (Codex Alera, #6)",First Lord's Fury,2008.0,eng,Fantasía
2449,0385343663,The Imperfectionists,The Imperfectionists,2010.0,eng,Ficción
2450,9781476730936,The Sea of Tranquility,The Sea of Tranquility,2012.0,eng,Juvenil
2451,0375714669,"Persepolis 2: The Story of a Return (Persepolis, #2)",Persepolis 2 ,2001.0,eng,Cómic y novela gráfica
2452,0061020656,"Pyramids (Discworld, #7)",Pyramids,1989.0,eng,Fantasía
2453,0586064176,"Silverthorn (The Riftwar Saga, #3)",Silverthorn,1985.0,eng,Fantasía
2454,0385613466,Before I Die,Before I Die,2007.0,eng,Juvenil
2455,0670021652,Committed: A Skeptic Makes Peace with Marriage,Committed: A Skeptic Makes Peace with Marriage,2009.0,eng,Memorias
2456,0142401765,Keeping the Moon,Keeping the Moon,1999.0,eng,Juvenil
2457,0062285637,"The Transfer (Divergent, #0.1)",Four: The Transfer,2013.0,eng,Juvenil
2458,0765344319,"Chainfire (Sword of Truth, #9)","Chainfire (Sword of Truth, #9)",2004.0,eng,Fantasía
2459,0375413405,Mastering the Art of French Cooking,Mastering the Art of French Cooking,1961.0,eng,Cocina
2460,1421540320,"Blue Exorcist, Vol. 1  (Blue Exorcist, #1)",青の祓魔師 1,2009.0,eng,Cómic y novela gráfica
2461,0765315238,"Confessor (Sword of Truth, #11)","Confessor (Sword of Truth, #11)",2007.0,eng,Fantasía
2462,0151013047,The Reluctant Fundamentalist,The Reluctant Fundamentalist,2007.0,eng,Ficción
2463,0545284139,The False Prince (The Ascendance Trilogy #1),The False Prince,2012.0,eng,Juvenil
2464,0449911659,"Rabbit, Run (Rabbit Angstrom #1)","Rabbit, Run",1960.0,eng,Ficción
2465,1400077427,Stumbling on Happiness,Stumbling on Happiness,2006.0,eng,Psicología
2466,015694877X,The Waste Land and Other Poems,The Waste Land and Other Poems,1922.0,eng,Poesía
2467,0590319671,Little Bear,Little Bear,1957.0,eng,Infantil
2468,0146000110,The Pit and the Pendulum,The Pit and the Pendulum,1842.0,eng,Clásicos
2469,055215315X,"Lords and Ladies (Discworld, #14; Witches #4)",Lords and Ladies,1992.0,eng,Fantasía
2470,0552152676,"Thud! (Discworld, #34; City Watch #7)",Thud!,2006.0,eng,Fantasía
2471,0345481283,"His Majesty''s Dragon (Temeraire, #1)",His Majesty's Dragon,2006.0,eng,Fantasía
2472,0689859368,"The Field Guide (The Spiderwick Chronicles, #1)",The Field Guide,2003.0,eng,Infantil
2473,1601422210,Radical: Taking Back Your Faith from the American Dream,,2010.0,eng,Religión y espiritualidad
2474,0140280197,The 48 Laws of Power,The 48 Laws of Power,1988.0,,Negocios
2475,0142401110,"My Side of the Mountain (Mountain, #1)",My Side of the Mountain ,1959.0,eng,Juvenil
2476,0749080973,"The Winter Sea (Slains, #1)",The Winter Sea,2008.0,eng,Ficción histórica
2477,0545135702,"The Sword Thief (The 39 Clues, #3)",The Sword Thief,2009.0,eng,Juvenil
2478,0451159535,Coma,Coma,1977.0,eng,Thriller
2479,1560252480,Requiem for a Dream,Requiem for a Dream,1978.0,eng,Ficción
2480,0061284203,"Into the Wild (Warriors, #1)",Into the Wild,2003.0,eng,Juvenil
2481,0805066691,Bury My Heart at Wounded Knee: An Indian History of the American West,Bury My Heart at Wounded Knee: An Indian History of the American West,1970.0,,Historia
2482,057506708X,"The Pianist: The Extraordinary Story of One Man''s Survival in Warsaw, 1939–45",Śmierć Miasta ,1946.0,,Memorias
2483,0425267040,"Rush (Breathless, #1)",Rush,2013.0,eng,Romántica
2484,1411415930,The Picture of Dorian Gray: A Graphic Novel,The Picture of Dorian Gray: A Graphic Novel ,2009.0,eng,Cómic y novela gráfica
2486,030727103X,The Buried Giant,The Buried Giant,2015.0,eng,Fantasía
2487,0345459407,"Perdido Street Station (Bas-Lag, #1)",Perdido Street Station,2000.0,eng,Fantasía
2488,1599903385,"Need (Need, #1)",Need,2008.0,eng,Juvenil
2489,0061020613,"Witches Abroad (Discworld, #12; Witches #3)",Witches Abroad,1991.0,eng,Fantasía
2490,014043769X,The Legend of Sleepy Hollow and Other Stories,"The Sketch Book of Geoffrey Crayon, Gent",1819.0,eng,Clásicos
2491,0441328008,Heretics of Dune (Dune Chronicles #5),Heretics of Dune,1984.0,eng,Ciencia ficción
2492,0515090255,The Cross and the Switchblade,The Cross and the Switchblade,1963.0,,Biografía
2493,0441015271,"Captain''s Fury (Codex Alera, #4)",Captain's Fury,2007.0,eng,Fantasía
2494,0385671105,"Damned (Damned, #1)",Damned,2011.0,eng,Ficción
2495,0439443822,Rules,Rules,2006.0,,Juvenil
2496,0307263991,Swamplandia!,Swamplandia!,2011.0,eng,Ficción
2497,075280944X,"The Last Coyote (Harry Bosch, #4; Harry Bosch Universe, #4)",The Last Coyote,1995.0,eng,Misterio
2498,0142001619,Salt: A World History,Salt: A World History,2002.0,eng,Historia
2499,037575850X,Villette,Villette,1853.0,eng,Clásicos
2500,0061977969,Reamde,Reamde,2011.0,eng,Thriller
2501,057506689X,"Soul Music (Discworld, #16; Death, #3)",Soul Music,1994.0,eng,Fantasía
2502,,"Notorious Nineteen (Stephanie Plum, #19)",Notorious Nineteen,2012.0,eng,Misterio
2503,059306173X,The Greatest Show on Earth: The Evidence for Evolution,The Greatest Show on Earth: The Evidence for Evolution,2009.0,eng,Ciencia
2504,1593072937,"Sin City, Vol. 1: The Hard Goodbye (Sin City, #1)",Sin City Volume 1: The Hard Goodbye,1992.0,eng,Cómic y novela gráfica
2505,055327757X,The Greatest Salesman in the World,The Greatest Salesman in the World,1968.0,eng,Autoayuda
2506,014200202X,"Casino Royale (James Bond, #1)",Casino Royale,1953.0,eng,Thriller
2507,0006513220,"The Bronze Horseman (The Bronze Horseman, #1)",The Bronze Horseman,2001.0,eng,Ficción histórica
2508,0452283868,Sula,Sula,1973.0,eng,Ficción
2509,,"The Atlantis Gene (The Origin Mystery, #1)",The Atlantis Gene,2013.0,eng,Ciencia ficción
2510,1416563725,"The Red Queen (The Plantagenet and Tudor Novels, #3)",The Red Queen,2010.0,eng,Ficción histórica
2511,0425233383,"Something About You (FBI/US Attorney, #1)",Something About You,2010.0,eng,Romántica
2512,0007169914,Mr. Brown Can Moo! Can You?,Mr. Brown Can Moo! Can You?,1970.0,eng,Infantil
2513,034547063X,"Black House (The Talisman, #2)",Black House ,2001.0,eng,Terror
2514,0785123113,Marvel 1602,Marvel 1602,2003.0,eng,Cómic y novela gráfica
2515,0743270371,"Act of Treason (Mitch Rapp, #9)",Act of Treason,2006.0,eng,Thriller
2516,0307959945,The Dog Stars,The Dog Stars,2012.0,,Ciencia ficción
2517,9788490327791,The Spy Who Came In from the Cold,The Spy Who Came In from the Cold,1963.0,eng,Thriller
2518,0441013406,"Academ''s Fury (Codex Alera, #2)",Academ's Fury,2005.0,eng,Fantasía
2519,0446676438,"When the Wind Blows (When the Wind Blows, #1)",When the Wind Blows,1998.0,eng,Thriller
2520,4103534222,"1Q84 BOOK 1 (1Q84, #1)",1Q84 Book 1 [Ichi-kyū-hachi-yon],2009.0,jpn,Ficción
2521,0722534876,The Pilgrimage,O Diário de um Mago,1987.0,eng,Memorias
2522,0385336691,"The Hard Way (Jack Reacher, #10)",The Hard Way,2006.0,eng,Thriller
2523,0440226708,The Incredible Journey,The Incredible Journey,1960.0,eng,Aventura
2524,0143036661,March,March,2004.0,eng,Ficción histórica
2525,0307749606,"A Wanted Man (Jack Reacher, #17)",A Wanted Man,2012.0,eng,Thriller
2526,1401209149,"All-Star Superman, Vol. 1",All-Star Superman (Volume 1),2007.0,eng,Cómic y novela gráfica
2527,1780484259,"A Song of Ice and Fire (A Song of Ice and Fire, #1-5)",A Song of Ice and Fire,2000.0,eng,Fantasía
2528,0425259854,"Dark Witch (The Cousins O''Dwyer Trilogy, #1)",Dark Witch,2013.0,eng,Romántica
2529,0312590970,"Dark Flame (The Immortals, #4)",Dark Flame,2010.0,eng,Juvenil
2530,1101990260,The Widow,The Widow,2016.0,eng,Thriller
2531,0545060451,"The Black Circle (The 39 Clues, #5)",The Black Circle,2009.0,eng,Juvenil
2532,0062248162,"The Prince (The Selection, #0.5)",The Prince,2013.0,,Juvenil
2533,0374384681,"The Winner''s Curse (The Winner''s Trilogy, #1)",The Winner's Curse,2014.0,eng,Juvenil
2534,0679766758,Push,Push,1996.0,eng,Ficción
2535,1609451341,The Story of a New Name (The Neapolitan Novels #2),Storia del nuovo cognome,2012.0,eng,Ficción
2536,0345413970,"2010: Odyssey Two (Space Odyssey, #2)",2010: Odyssey Two,1982.0,eng,Ciencia ficción
2537,0759530017,"Soul Eater, Vol. 01 (Soul Eater, #1)",ソウルイーター 1,2004.0,eng,Cómic y novela gráfica
2538,1451645821,Ordinary Grace,Ordinary Grace,2013.0,eng,Ficción
2539,0446611778,Last Man Standing,Last Man Standing,2001.0,eng,Thriller
2540,1596431520,American Born Chinese,American Born Chinese,2006.0,eng,Cómic y novela gráfica
2541,0307001040,Peter Pan (A Little Golden Book),Peter Pan (Little Golden Book),1960.0,eng,Infantil
2542,0991686004,"Ten Tiny Breaths (Ten Tiny Breaths, #1)",Ten Tiny Breaths,2012.0,eng,Romántica
2543,1400065453,The Thousand Autumns of Jacob de Zoet,The Thousand Autumns of Jacob de Zoet,2010.0,eng,Ficción histórica
2544,0486282082,Dr. Faustus,The Tragical History of the Life and Death of Doctor Faustus,1604.0,eng,Clásicos
2545,0312984839,Dance with the Devil (Dark-Hunter #3),Dance with the Devil,2003.0,eng,Romántica
2546,0786887079,Lipstick Jungle,Lipstick Jungle,2005.0,eng,Ficción
2547,0446611212,"Violets Are Blue (Alex Cross, #7)",Violets Are Blue,2001.0,eng,Thriller
2548,0671791540,"Awaken the Giant Within: How to Take Immediate Control of Your Mental, Emotional, Physical and Financial Destiny!","Awaken the Giant Within: How to Take Immediate Control of Your Mental, Emotional, Physical and Financial Destiny!",1992.0,eng,Autoayuda
2549,0515134457,"Blue Moon (Anita Blake, Vampire Hunter, #8)","Blue Moon (Anita Blake, Vampire Hunter, #8)",1998.0,eng,Fantasía
2550,0515134473,"Burnt Offerings (Anita Blake, Vampire Hunter, #7)","Burnt Offerings (Anita Blake, Vampire Hunter, #7)",1998.0,eng,Fantasía
2551,1250010713,"The Silent Sister (Riley MacPherson, #1)",The Silent Sister,2014.0,eng,Misterio
2552,0385333781,Player Piano,Player Piano,1952.0,eng,Ciencia ficción
2553,0812967259,"The Lost World (Professor Challenger, #1)",The Lost World ,1912.0,,Aventura
2554,,"Monstrous Regiment (Discworld, #31; Industrial Revolution, #3)",Monstrous Regiment,2003.0,eng,Fantasía
2555,0807083690,Kindred,Kindred,1979.0,eng,Ciencia ficción
2556,0060885424,"The Long Winter (Little House, #6)","The Long Winter (Little House, #6)",1940.0,,Infantil
2557,0310247454,"Boundaries: When to Say Yes, How to Say No to Take Control of Your Life",Boundaries,1992.0,eng,Autoayuda
2558,0545424968,"Blue Lily, Lily Blue (The Raven Cycle, #3)","Blue Lily, Lily Blue",2014.0,eng,Juvenil
2559,0099399016,Portnoy's Complaint,Portnoy's Complaint,1969.0,,Ficción
2560,0785274316,The 21 Irrefutable Laws of Leadership: Follow Them and People Will Follow You,The 21 Irrefutable Laws of Leadership,1998.0,eng,Negocios
2561,0385491026,Cat's Eye,Cat's Eye,1988.0,eng,Ficción
2562,,"The Perfect Game (The Perfect Game, #1)",The Perfect Game,2012.0,eng,Romántica
2563,1406310271,"Monsters of Men (Chaos Walking, #3)",Monsters of Men,2010.0,eng,Juvenil
2564,1841492051,"Shadow of the Giant (Ender''s Shadow, #4)",Shadow of the Giant,2005.0,eng,Ciencia ficción
2565,0545027896,Wonderstruck,Wonderstruck,2011.0,eng,Infantil
2566,0446519138,Simple Abundance:  A Daybook of Comfort and Joy,Simple Abundance:  A Daybook of Comfort and Joy,1995.0,eng,Autoayuda
2567,1442429984,"Blood Red Road (Dust Lands, #1)",Blood Red Road ,2011.0,eng,Juvenil
2568,0316014796,"The 6th Target (Women''s Murder Club, #6)",The 6th Target,2007.0,eng,Thriller
2569,0143104888,"A Princess of Mars (Barsoom, #1)",A Princess of Mars,1912.0,eng,Ciencia ficción
2570,0385528787,"MaddAddam (MaddAddam, #3)",MaddAddam,2013.0,eng,Ciencia ficción
2571,0060264802,"These Happy Golden Years (Little House, #8)",These Happy Golden Years,1943.0,eng,Infantil
2572,0812971426,Color: A Natural History of the Palette,Color: A Natural History of the Palette,2003.0,eng,Arte
2573,0099481685,Skipping Christmas,Skipping Christmas,2001.0,eng,Ficción
2574,0446613444,"The Black Ice (Harry Bosch, #2; Harry Bosch Universe, #2)",,1993.0,eng,Thriller
2575,0312577206,Home Front,Home Front,2012.0,eng,Ficción
6182,0671729446,"Heaven (Casteel, #1)",Heaven,1985.0,eng,Ficción
2576,1476731535,"Beautiful Stranger (Beautiful Bastard, #2)",Beautiful Stranger,2013.0,eng,Romántica
2577,0385730306,"The Sweet Far Thing (Gemma Doyle, #3)",The Sweet Far Thing,2007.0,eng,Fantasía
2578,0375702709,A Lesson Before Dying,A Lesson Before Dying,1993.0,eng,Ficción
2579,0349119759,SantaLand Diaries,SantaLand Diaries,1998.0,eng,Memorias
2580,1455520616,See Me,See Me,2015.0,eng,Romántica
2581,0385342047,"Mini Shopaholic (Shopaholic, #6)",Mini Shopaholic,2010.0,eng,Ficción
2582,0060268654,Harry the Dirty Dog,,1956.0,eng,Infantil
2583,145161778X,All Fall Down,,2014.0,eng,Ficción
2584,015626224X,Down and Out in Paris and London,Down and Out in Paris and London,1933.0,eng,Memorias
2585,1427814031,"Maid-sama! Vol. 01 (Maid-sama!, #1)",会長はメイド様! 1,2006.0,eng,Cómic y novela gráfica
2586,1551924013,Griffin and Sabine (Griffin & Sabine #1),Griffin & Sabine: An Extraordinary Correspondence,1991.0,eng,Ficción
2587,080509461X,"Ruin and Rising (Shadow and Bone, #3)",Ruin and Rising,2014.0,eng,Fantasía
2588,9773513912,يوتوبيا,يوتوبيا,2008.0,ara,Ciencia ficción
2589,0743294254,Certain Girls (Cannie Shapiro #2),Certain Girls,2000.0,eng,Ficción
2590,030794932X,Tiny Beautiful Things: Advice on Love and Life from Dear Sugar,Tiny Beautiful Things: Advice on Love and Life from Dear Sugar,2012.0,,Autoayuda
2591,0440244161,"Beyond the Highland Mist (Highlander, #1)",Beyond the Highland Mist,1999.0,eng,Romántica
2592,0451203267,The Stranger Beside Me: Ted Bundy The Shocking Inside Story,The Stranger Beside Me,1980.0,eng,No ficción
2593,0061284408,"Stargazer (Evernight, #2)",Stargazer,2009.0,eng,Fantasía
2594,0606298231,Rising Sun,Rising Sun,1992.0,eng,Thriller
2595,0440060672,The Other Side of Midnight (Midnight #1),The Other Side of Midnight,1973.0,eng,Thriller
2596,0316069485,"The Reversal (Harry Bosch, #16; Mickey Haller, #4; Harry Bosch Universe, #19)",The Reversal,2010.0,eng,Thriller
2597,0380731509,Wayside School Is Falling Down (Wayside School #2),Wayside School is Falling Down,1989.0,eng,Infantil
7273,9780771025365,Wave,Wave,2013.0,eng,Memorias
2598,0307713547,The Invisible Bridge,The Invisible Bridge,2010.0,eng,Ficción histórica
2599,0061974618,"The Fall of Five (Lorien Legacies, #4)",The Fall of Five,2013.0,eng,Ciencia ficción
2600,0141439785,The Mayor of Casterbridge,The Mayor of Casterbridge,1886.0,eng,Clásicos
2601,9780241952504,The Red Pony,The Red Pony,1933.0,,Clásicos
2602,0099478536,"The Devil''s Star (Harry Hole, #5)",Marekors ,2003.0,eng,Thriller
2603,0425169693,Here on Earth,Here on Earth ,1997.0,eng,Ficción
2604,0679436545,"Taltos (Lives of the Mayfair Witches, #3)",Taltos,1994.0,,Fantasía
2605,,"Obsidian Butterfly (Anita Blake, Vampire Hunter, #9)","Obsidian Butterfly (Anita Blake, Vampire Hunter, #9)",2000.0,eng,Fantasía
2607,0385515049,The Appeal,The Appeal,2008.0,eng,Thriller
2608,0689878583,"The Woman Who Rides Like a Man (Song of the Lioness, #3)",The Woman Who Rides Like a Man,1986.0,eng,Fantasía
2609,034552425X,"Midnight Riot (Peter Grant, #1)",Rivers of London,2011.0,eng,Fantasía
2610,0060090375,Lucy Sullivan Is Getting Married,Lucy Sullivan is Getting Married,1996.0,eng,Romántica
2611,055255264X,"A Hat Full of Sky (Discworld, #32; Tiffany Aching, #2)",A Hat Full of Sky,2004.0,eng,Fantasía
2612,0060786523,"A Suitable Boy (A Suitable Boy, #1)",A Suitable Boy,1993.0,eng,Ficción
2613,9780525658894,We Should All Be Feminists,We Should All Be Feminists,2014.0,eng,Ensayo
2614,1841497975,"River Marked (Mercy Thompson, #6)",River Marked,2011.0,eng,Fantasía
2615,0446578843,I Like You: Hospitality Under the Influence,I Like You: Hospitality Under the Influence,2006.0,eng,No ficción
2616,0425198685,"Pattern Recognition (Blue Ant, #1)",Pattern Recognition,2003.0,eng,Ciencia ficción
2617,0062267523,The Kind Worth Killing,The Kind Worth Killing,2015.0,eng,Thriller
2618,0761104844,"1,000 Places to See Before You Die","1,000 Places to See Before You Die",2003.0,,Viajes
2619,0060577371,"Physik (Septimus Heap, #3)",Physik,2007.0,eng,Juvenil
2620,0141311401,Boy: Tales of Childhood,Boy: Tales of Childhood,1984.0,eng,Memorias
2621,0385496095,Traveling Mercies: Some Thoughts on Faith,Traveling Mercies: Some Thoughts on Faith,1999.0,eng,Religión y espiritualidad
2622,1416548009,"Memorial Day (Mitch Rapp, #7)",Memorial Day,2004.0,eng,Thriller
2623,1416903437,"Wild Magic (Immortals, #1)","Wild Magic (Immortals, #1)",1992.0,eng,Fantasía
2624,9788497931274,Prelude to Foundation,Prelude to Foundation,1988.0,eng,Ciencia ficción
2625,1859855423,"You Are Special (Wemmicksville, #1)",You Are Special: A Story for Everyone,1997.0,eng,Infantil
2626,0399171614,"The Wrath and the Dawn (The Wrath and the Dawn, #1)",The Wrath & the Dawn,2015.0,eng,Fantasía
2627,0307267148,Half the Sky: Turning Oppression into Opportunity for Women Worldwide,Half the Sky: Turning Oppression into Opportunity for Women Worldwide,2008.0,eng,Ensayo
2628,0316127256,Why We Broke Up,Why We Broke Up,2011.0,eng,Juvenil
2629,1408852594,"The Assassin''s Blade (Throne of Glass, #0.1-0.5)",The Assassin's Blade,2014.0,eng,Fantasía
2630,1400064759,American Wife,American Wife,2008.0,eng,Ficción
2631,0441014348,"Cursor''s Fury (Codex Alera, #3)",Cursor's Fury,2006.0,eng,Fantasía
2632,0449912558,"The Sparrow (The Sparrow, #1)",The Sparrow,1996.0,eng,Ciencia ficción
2633,0743422449,Mercy,Mercy,1996.0,eng,Ficción
2634,1477823832,"The Paper Magician (The Paper Magician Trilogy, #1)",The Paper Magician,2014.0,eng,Fantasía
2635,0061728977,"Act Like a Lady, Think Like a Man: What Men Really Think About Love, Relationships, Intimacy, and Commitment","Act Like a Lady, Think Like a Man",2009.0,,Autoayuda
2636,0385526261,"Destiny of the Republic: A Tale of Madness, Medicine and the Murder of a President",,2011.0,eng,Historia
2637,0143039970,We Have Always Lived in the Castle,We Have Always Lived in the Castle,1962.0,eng,Ficción
2638,1591451876,Love and Respect: The Love She Most Desires; The Respect He Desperately Needs,,2004.0,,Autoayuda
2639,0316166294,"The Brass Verdict (Harry Bosch, #14; Mickey Haller, #2; Harry Bosch Universe, #17)",The Brass Verdict,2008.0,eng,Thriller
2640,0553560719,Dark Force Rising,Star Wars: Dark Force Rising,1992.0,eng,Ciencia ficción
2641,0385344341,"Never Go Back (Jack Reacher, #18)",Never Go Back ,2013.0,eng,Thriller
2642,0060575808,The Two Princesses of Bamarre,The Two Princesses of Bamarre,2001.0,eng,Juvenil
2643,0060929782,Black Boy,Black Boy: A Record of Youth and Childhood,1945.0,eng,Memorias
2644,0446678457,Cane River,Cane River,2001.0,eng,Ficción histórica
2645,0765305240,"Phantom (Sword of Truth, #10)","Phantom (Sword of Truth, #10)",2006.0,,Fantasía
2646,0553587579,Foundation and Earth (Foundation #5),Foundation and Earth,1986.0,eng,Ciencia ficción
2647,0553384155,Flags of Our Fathers,Flags of Our Fathers,2000.0,,Historia
2648,0525444475,"The World of Winnie-the-Pooh (Winnie-the-Pooh, #1-2)",Winnie-the-Pooh & The House at Pooh Corner,1926.0,eng,Infantil
2649,0807059099,The Story of My Experiments With Truth,An Autobiography or The Story of My Experiments with Truth,1940.0,eng,Biografía
2650,0425179613,It's Not About the Bike: My Journey Back to Life,It's Not About the Bike: My Journey Back to Life,1999.0,eng,Biografía
2651,074347788X,Undaunted Courage: The Pioneering First Mission to Explore America's Wild Frontier,Undaunted Courage,1996.0,eng,Historia
2652,0224097008,H is for Hawk,H is for Hawk,2015.0,eng,Memorias
2653,034089699X,Us,Us,2014.0,eng,Ficción
2654,1560760478,"Sojourn (Forgotten Realms: The Dark Elf Trilogy, #3; Legend of Drizzt, #3)",Sojourn (Dark Elf #3),1990.0,eng,Fantasía
2655,0785135804,"Ender''s Game, Volume 1: Battle School (Ender''s Saga)",,2009.0,eng,Cómic y novela gráfica
2656,1421527553,"Kimi ni Todoke: From Me to You, Vol. 1",君に届け 1,2006.0,eng,Cómic y novela gráfica
2657,0553580221,False Memory,False Memory,1999.0,eng,Thriller
2658,0552152943,"Moving Pictures (Discworld, #10; Industrial Revolution, #1)",Moving Pictures,1990.0,eng,Fantasía
2659,,"Captive in the Dark (The Dark Duet, #1)",Captive in the Dark,2011.0,eng,Romántica
2660,1585425648,As a Man Thinketh,,1902.0,eng,Autoayuda
2661,0393064646,Bonk: The Curious Coupling of Science and Sex,Bonk: The Curious Coupling of Science and Sex,2008.0,eng,Ciencia
2662,0451222385,"Midnight Alley (The Morganville Vampires, #3)",Midnight Alley,2007.0,eng,Fantasía
2663,0553418777,The Little Paris Bookshop,Das Lavendelzimmer ,2013.0,eng,Ficción
2664,0224097377,Sweet Tooth,Sweet Tooth,2012.0,eng,Ficción
2665,,"Twisted Perfection (Rosemary Beach, #5; Perfection, #1)","Twisted Perfection (Perfection, #1)",2013.0,eng,Romántica
2666,0006479758,"Executive Orders (Jack Ryan Universe, #9)",Executive Orders,1996.0,eng,Thriller
2667,0310321913,One Thousand Gifts: A Dare to Live Fully Right Where You Are,One Thousand Gifts,2011.0,eng,Religión y espiritualidad
2668,0747545251,Psycho,Psycho,1959.0,eng,Terror
2669,000649885X,"Ship of Magic (Liveship Traders, #1)",Ship of Magic,1998.0,eng,Fantasía
2670,1560254556,Where Eagles Dare ,Where Eagles Dare ,1967.0,,Aventura
2671,0099498596,Circle of Friends,Circle of Friends,1990.0,eng,Ficción
2672,1502784270,Milk and Honey,milk and honey,2014.0,eng,Poesía
2673,0425170349,"Rainbow Six (Jack Ryan Universe, #10)",Rainbow Six,1998.0,eng,Thriller
2674,0060515228,Fragile Things: Short Fictions and Wonders,Fragile Things: Short Fictions and Wonders,2006.0,eng,Ficción
2675,0749942010,Sister,Sister,2010.0,eng,Thriller
2676,0765377063,"The Three-Body Problem (Remembrance of Earth’s Past, #1)",三体,2007.0,eng,Ciencia ficción
2677,0061031321,"Thief of Time (Discworld, #26; Death, #5)",Thief of Time,2001.0,eng,Fantasía
2678,1401201911,Superman: Red Son,Superman: Red Son,2003.0,eng,Cómic y novela gráfica
2679,0385721420,Three Junes,Three Junes,2002.0,eng,Ficción
2680,0743255062,The Autobiography of Benjamin Franklin,,1791.0,eng,Biografía
2681,0525950494,The Reason for God: Belief in an Age of Skepticism,The Reason for God: Belief in an Age of Skepticism,2007.0,eng,Religión y espiritualidad
2682,1937007472,"King of Thorns (The Broken Empire, #2)",King of Thorns,2012.0,eng,Fantasía
2683,1250000971,"The Sins of the Father (The Clifton Chronicles, #2)",The Sins of the Father,2012.0,eng,Ficción
2684,0060725117,"Shadowland (The Mediator, #1)",Shadowland,2000.0,eng,Juvenil
2685,0061566128,"Killer (Pretty Little Liars, #6)",Killer ,2009.0,eng,Juvenil
2686,1591396190,Blue Ocean Strategy: How To Create Uncontested Market Space And Make The Competition Irrelevant,Blue Ocean Strategy: How to Create Uncontested Market Space and Make Competition Irrelevant,2004.0,,Negocios
2687,0316036196,"Fang (Maximum Ride, #6)",Fang,2010.0,eng,Juvenil
7412,9781501117701,Binge,Binge,2015.0,,Memorias
2688,0553807226,The Peach Keeper,The Peach Keeper ,2011.0,eng,Ficción
2689,0152026320,The Napping House,The Napping House,1984.0,,Infantil
2690,,"The Short Drop (Gibson Vaughn, #1)",,2015.0,eng,Thriller
2691,0060590297,"You Suck (A Love Story, #2)",You Suck ,2007.0,eng,Ficción
2692,,"Beautiful Oblivion (The Maddox Brothers, #1)",Beautiful Oblivion,2014.0,eng,Romántica
2693,0812515285,"A Fire Upon the Deep (Zones of Thought, #1)",A Fire Upon The Deep,1992.0,eng,Ciencia ficción
2694,1577311957,"Practicing the Power of Now: Essential Teachings, Meditations, and Exercises from the Power of Now","Practicing the Power of Now: Essential Teachings, Meditations, and Exercises from The Power of Now",1999.0,,Autoayuda
2695,038532328X,"The Face on the Milk Carton (Janie Johnson, #1)",The Face on the Milk Carton,1990.0,eng,Juvenil
2696,067984483X,Put Me in the Zoo,Put Me in the Zoo,1960.0,eng,Infantil
2697,0061935085,"Firelight (Firelight, #1)","Firelight (Firelight, #1)",2010.0,eng,Juvenil
2698,0156453800,Invisible Cities,Le città invisibili,1972.0,eng,Ficción
2699,,"Flat-Out Love (Flat-Out Love, #1)",Flat-Out Love ,2011.0,eng,Romántica
2700,1741666708,The Narrow Road to the Deep North,The Narrow Road to the Deep North,2013.0,eng,Ficción histórica
2701,0452281423,"The Claiming of Sleeping Beauty (Sleeping Beauty, #1)",The Claiming of Sleeping Beauty,1983.0,eng,Ficción
2702,0143116231,"The Midwife: A Memoir of Birth, Joy, and Hard Times", Call the midwife : a true story of the East End in the 1950s,2002.0,eng,Memorias
2703,222109073X,Hell's Angels: A Strange and Terrible Saga,Hell's Angels,1966.0,fre,No ficción
2704,1451617720,Then Came You,Then Came You,2010.0,eng,Ficción
2705,0061020001,"The Awakening (The Vampire Diaries, #1)",The Awakening,1991.0,eng,Juvenil
2706,0380776839,"It Had to Be You (Chicago Stars, #1)",It Had to Be You,1994.0,eng,Romántica
2707,0393343448,Boomerang: Travels in the New Third World,Boomerang: Travels in the New Third World,2011.0,eng,Viajes
2708,0743294270,Fly Away Home,Fly Away Home,2010.0,eng,Ficción
2709,0140447644,The Red and the Black,Le Rouge et le Noir,1830.0,eng,Clásicos
2778,1416913184,Two-Way Street,Two-Way Street,2007.0,,Juvenil
2710,0743269268,"The Virgin''s Lover (The Plantagenet and Tudor Novels, #13)",The Virgin's Lover,2004.0,eng,Ficción histórica
2711,0340893605,"Incarceron (Incarceron, #1)",Incarceron,2007.0,eng,Juvenil
2712,0312624689,"Awake at Dawn (Shadow Falls, #2)",Awake at Dawn,2011.0,eng,Juvenil
2713,0451213041,The Road to the Dark Tower: Exploring Stephen King's Magnum Opus,The Road to the Dark Tower: Exploring Stephen King's Magnum Opus,2004.0,,Ensayo
2714,0062011995,"Starcrossed (Starcrossed, #1)",Starcrossed,2011.0,eng,Juvenil
2715,0312590989,"Night Star (The Immortals, #5)",Night Star,2010.0,eng,Juvenil
2716,0553282980,Dead Poets Society,Dead Poets Society ,1988.0,eng,Ficción
2717,9781501220883,Wreckage,,2015.0,eng,Ficción
2718,0552154229,"The Fifth Elephant (Discworld, #24; City Watch, #5)",The Fifth Elephant,1999.0,eng,Fantasía
2719,1741661285,"The Sorcerer in the North (Ranger''s Apprentice, #5)",The Sorcerer in the North,2006.0,eng,Juvenil
2720,0876120834,Autobiography of a Yogi,Autobiography of a Yogi,1946.0,eng,Biografía
2721,0345522494,"Hexed (The Iron Druid Chronicles, #2)","Hexed (Iron Druid Chronicles, #2)",2011.0,eng,Fantasía
2722,0590431978,"Scary Stories to Tell in the Dark (Scary Stories, #1)",Scary Stories to Tell in the Dark,1981.0,eng,Terror
2723,0525955097,Fool Me Once,Fool Me Once,2016.0,eng,Thriller
2724,0679721037,Hiroshima,Hiroshima,1946.0,eng,No ficción
2725,0316041440,Hate List,Hate List,2009.0,eng,Juvenil
2726,0062235656,The Distance Between Us,,2013.0,eng,Juvenil
2727,0517223120,"A History of God: The 4,000-Year Quest of Judaism, Christianity, and Islam","A History of God: The 4,000-Year Quest of Judaism, Christianity, and Islam",1975.0,eng,Religión y espiritualidad
2728,0316129070,"Abaddon''s Gate (The Expanse, #3)",Abaddon's Gate,2013.0,eng,Ciencia ficción
2729,0143039962,Twenty Love Poems and a Song of Despair,Veinte poemas de amor y una canción desesperada,1924.0,eng,Poesía
2730,0425116840,"The Cardinal of the Kremlin (Jack Ryan Universe, #5)",The Cardinal of the Kremlin,1988.0,eng,Thriller
2731,0590930028,"No, David!","No, David!",1998.0,eng,Infantil
2732,0140449108,Utopia,"Libellus vere aureus, nec minus salutaris quam festivus, de optimo rei publicae statu deque nova insula Utopia",1516.0,eng,Clásicos
2733,0316113662,"The Name of This Book Is Secret (Secret, #1)",The Name of This Book Is Secret,2007.0,eng,Juvenil
2734,0062280678,"Dorothy Must Die (Dorothy Must Die, #1)",Dorothy Must Die,2014.0,eng,Juvenil
2735,0553804790,The Husband,The Husband,2006.0,eng,Thriller
2736,0385501129,The Particular Sadness of Lemon Cake,The Particular Sadness of Lemon Cake,2010.0,eng,Ficción
2737,0446610224,"The Big Bad Wolf  (Alex Cross, #9)",The Big Bad Wolf  ,2003.0,eng,Thriller
2738,0385722206,Balzac and the Little Chinese Seamstress,Balzac et la Petite Tailleuse chinoise,2000.0,eng,Ficción
2739,0062282719,Bad Feminist,Bad Feminist ,2014.0,eng,Ensayo
2740,0671729470,"Petals on the Wind (Dollanganger, #2)",Petals on the Wind,1980.0,eng,Ficción
2741,0375814256,Danny the Champion of the World,Danny: The Champion of the World,1975.0,,Infantil
2742,1594202842,Battle Hymn of the Tiger Mother,,2011.0,eng,Memorias
2743,9786077357766,Nimona,Nimona,2015.0,eng,Cómic y novela gráfica
2744,1400052580,Everyday Italian: 125 Simple and Delicious Recipes,Everyday Italian: 125 Simple and Delicious Recipes,2005.0,,Cocina
2745,0425204693,"From Potter''s Field (Kay Scarpetta, #6)",From Potter's Field,1995.0,eng,Thriller
2746,0446619035,"Mary, Mary (Alex Cross, #11)","Mary, Mary",2005.0,eng,Thriller
2747,9780099598183,Oranges Are Not the Only Fruit,Oranges Are Not the Only Fruit,1985.0,eng,Ficción
2748,,"Grounded (Up in the Air, #3)",Grounded (Up In The Air #3),2013.0,eng,Romántica
2749,8188575704,I Too Had a Love Story,I Too Had A Love Story,2007.0,eng,Romántica
2750,0064401480,"Mrs. Piggle-Wiggle (Mrs. Piggle Wiggle, #1)",Mrs. Piggle-Wiggle,1947.0,eng,Infantil
2751,0312941919,"Trunk Music (Harry Bosch, #5; Harry Bosch Universe, #6)",Trunk Music,1997.0,eng,Misterio
2752,0062265423,"10% Happier: How I Tamed the Voice in My Head, Reduced Stress Without Losing My Edge, and Found Self-Help That Actually Works","10% Happier: How I Tamed the Voice in My Head, Reduced Stress Without Losing My Edge, and Found Self-Help That Actually Works",2014.0,eng,Autoayuda
2753,1400054346,Barefoot Contessa at Home: Everyday Recipes You'll Make Over and Over Again,Barefoot Contessa at Home: Everyday Recipes You'll Make Over and Over Again,2006.0,,Cocina
2779,,"All In (The Blackstone Affair, #2)",All in,2012.0,eng,Romántica
2754,0446690449,"Blood Work (Harry Bosch Universe, #8; Terry McCaleb #1)",Blood Work,1998.0,eng,Thriller
2755,1857989341,The Gods Themselves,The Gods Themselves,1972.0,eng,Ciencia ficción
2756,0545060478,"The Viper''s Nest (39 Clues, #7)",,2010.0,eng,Juvenil
2757,0060838744,"Ahab''s Wife, or The Star-Gazer",,1999.0,eng,Ficción histórica
2758,0345470575,"Tsubasa: RESERVoir CHRoNiCLE, Vol. 01",ツバサ-RESERVoir CHRoNiCLE- 1,2004.0,eng,Cómic y novela gráfica
2759,0316905712,"A Living Nightmare (Cirque Du Freak, #1)","Cirque Du Freak (Cirque du Freak, #1) ",2000.0,,Juvenil
2760,1563898586,"The League of Extraordinary Gentlemen, Vol. 1","The League of Extraordinary Gentlemen, Vol. I",2000.0,eng,Cómic y novela gráfica
2761,0763622591,Feed,Feed,2002.0,eng,Ciencia ficción
2762,0425226921,"Angels'' Blood (Guild Hunter, #1)",,2009.0,eng,Fantasía
2763,0486275485,Medea,Mήδεια,-431.0,eng,Clásicos
2764,1423118235,"The Demon King (Seven Realms, #1)",The Demon King,2009.0,eng,Fantasía
2765,0842314296,Hinds' Feet on High Places,Hinds' Feet on High Places,1955.0,,Religión y espiritualidad
2766,037542380X,Black Hole,Black Hole,1995.0,eng,Cómic y novela gráfica
2767,1607069318,"Saga, Vol. 3 (Saga, #3)","Saga, Volume Three",2014.0,eng,Cómic y novela gráfica
2768,0804178747,"Personal (Jack Reacher, #19)",Personal,2014.0,eng,Thriller
2769,1250028647,Z: A Novel of Zelda Fitzgerald,Z: A Novel of Zelda Fitzgerald,2013.0,eng,Ficción histórica
2770,081297736X,A Man Without a Country,A Man Without a Country,2005.0,eng,Ensayo
2771,9780552775724,When I Found You,When I Found You,2009.0,eng,Ficción
2772,1101883073,Lilac Girls,Lilac Girls,2016.0,eng,Ficción histórica
2773,0316017701,"7th Heaven (Women''s Murder Club, #7)",7th Heaven,2008.0,eng,Misterio
2774,0593073894,"Make Me (Jack Reacher, #20)",Make Me,2015.0,eng,Thriller
2775,0770436420,A Constellation of Vital Phenomena,A Constellation of Vital Phenomena,2013.0,eng,Ficción histórica
2776,,"While It Lasts (Sea Breeze, #3)",While It Lasts,2012.0,eng,Romántica
2777,0307594033,The End of Your Life Book Club,The End of Your Life Bookclub,2012.0,eng,Memorias
2780,174166134X,"The Siege of Macindaw (Ranger''s Apprentice, #6)",The Siege of Macindaw,2006.0,eng,Juvenil
2781,0060652381,A Grief Observed,A Grief Observed,1961.0,eng,Religión y espiritualidad
2782,1563894459,"Transmetropolitan, Vol. 1: Back on the Street (Transmetropolitan, #1)","Transmetropolitan, Vol. 1: Back on the Street",1998.0,eng,Cómic y novela gráfica
2783,1416903372,"Emperor Mage (Immortals, #3)","Emperor Mage (Immortals, #3)",1994.0,eng,Fantasía
2784,0307590615,Decision Points,Decision Points,2010.0,eng,Memorias
2785,,"Witch & Wizard (Witch & Wizard, #1)",Witch & Wizard,2009.0,eng,Fantasía
2786,0064400581,"Julie of the Wolves (Julie of the Wolves, #1)",Julie of the Wolves,1972.0,eng,Juvenil
2787,033039780X,Forever . . .,Forever . . .,1975.0,eng,Juvenil
2788,1476728747,The Wright Brothers,The Wright Brothers,2015.0,eng,Biografía
2789,0752858556,The Matarese Circle (Matarese #1),The Matarese Circle,1979.0,,Thriller
2790,1400063256,American Lion: Andrew Jackson in the White House,American Lion: Andrew Jackson in the White House,2008.0,eng,Biografía
2791,0446573051,"The Forgotten (John Puller, #2)",The Forgotten,2012.0,eng,Thriller
2792,0765378558,"Shadows of Self (Mistborn, #5)",Shadows of Self,2015.0,eng,Fantasía
2793,0345807952,"Mad About the Boy (Bridget Jones, #3)",Mad About the Boy,2013.0,eng,Romántica
2794,0006280897,The Four Loves,The Four Loves,1960.0,eng,Religión y espiritualidad
2795,9781538766941,Archer's Voice,Archer's Voice,2014.0,eng,Romántica
2796,042524413X,The Lost Wife,The Lost Wife,2011.0,eng,Ficción histórica
2797,0847826465,History of Beauty,Storia della bellezza,2004.0,eng,Arte
2798,067972477X,"I, Claudius (Claudius, #1)","I, Claudius",1934.0,eng,Ficción histórica
2799,0547959109,"The Testing (The Testing, #1)",The Testing,2013.0,eng,Ciencia ficción
2800,0345542886,"Takedown Twenty (Stephanie Plum, #20)",Takedown Twenty,2013.0,eng,Misterio
2801,1469984016,The Boy Who Sneaks in My Bedroom Window,The Boy Who Sneaks in My Bedroom Window,2011.0,eng,Romántica
2802,037581468X,"Terrier (Beka Cooper, #1)",Terrier,2006.0,eng,Fantasía
2803,0312662750,"First Grave on the Right (Charley Davidson, #1)",First Grave on the Right,2011.0,eng,Fantasía
2804,1451651694,A House in the Sky,A House in the Sky,2013.0,eng,Memorias
2805,1596437138,Anya's Ghost,Anya's Ghost,2011.0,eng,Cómic y novela gráfica
2806,067978148X,The Rules of Attraction,The Rules of Attraction,1987.0,eng,Ficción
2807,0060572973,"The Good, the Bad, and the Undead (The Hollows, #2)","The Good, the Bad, and the Undead",2005.0,eng,Fantasía
2808,0786942460,"The Crystal Shard (Forgotten Realms: Icewind Dale, #1; Legend of Drizzt, #4)",The Crystal Shard,1988.0,eng,Fantasía
2809,0140274219,Wide Sargasso Sea,Wide Sargasso Sea,1966.0,eng,Clásicos
2810,0316296198,The Magus,The Magus,1965.0,eng,Ficción
2811,0552148032,"King of the Murgos (The Malloreon, #2)",King of the Murgos,1988.0,eng,Fantasía
2812,0060288132,"On the Bright Side, I''m Now the Girlfriend of a Sex God (Confessions of Georgia Nicolson, #2)","It''s OK, I''m Wearing Really Big Knickers! (Confessions of Georgia Nicolson, #2)",2000.0,,Juvenil
2813,1476785597,"You (You, #1)",You,2014.0,eng,Thriller
2814,0316134074,"Dreams of Gods & Monsters (Daughter of Smoke & Bone, #3)",Dreams of Gods & Monsters,2014.0,eng,Fantasía
2815,0385525001,Playing for Pizza,Playing For Pizza,2007.0,eng,Ficción
2816,1402784031,"Tiger''s Curse (The Tiger Saga, #1)",Tiger's Curse,2011.0,eng,Fantasía
2817,0441102670,Chapterhouse: Dune (Dune Chronicles #6),Chapterhouse: Dune,1985.0,eng,Ciencia ficción
2818,0399252517,Brown Girl Dreaming,Brown Girl Dreaming,2014.0,eng,Memorias
2819,0316081051,"Feed (Newsflesh Trilogy, #1)",Feed,2010.0,eng,Ciencia ficción
2820,0142000205,Icy Sparks,Icy Sparks,1998.0,eng,Ficción
2821,0553213180,"Anne''s House of Dreams (Anne of Green Gables, #5)",Rainbow Valley,1917.0,eng,Clásicos
2822,0345476166,"The Templar Legacy (Cotton Malone, #1)",The Templar Legacy,2006.0,eng,Thriller
2823,0449000656,"J is for Judgment (Kinsey Millhone, #10)",J is for Judgment (Kinsey Millhone #10),1993.0,eng,Misterio
2824,1401340903,The Physick Book of Deliverance Dane,The Physick Book of Deliverance Dane,2009.0,eng,Ficción histórica
2825,0765310023,"Deadhouse Gates (The Malazan Book of the Fallen, #2)",Deadhouse Gates,2000.0,eng,Fantasía
2826,1743342373,"Lick (Stage Dive, #1)",Lick,2013.0,eng,Romántica
2827,0312997132,"Not a Penny More, Not a Penny Less","Not a Penny More, Not a Penny Less",1976.0,,Thriller
2828,0575082453,Best Served Cold,Best Served Cold,2009.0,eng,Fantasía
2829,0062309668,Elizabeth Is Missing,Elizabeth Is Missing,2014.0,eng,Misterio
2830,1416505016,"Consent to Kill (Mitch Rapp, #8)",Consent to Kill,2005.0,eng,Thriller
2831,0679444327,The Warmth of Other Suns: The Epic Story of America's Great Migration,The Warmth of Other Suns: The Epic Story of America's Great Migration ,2010.0,eng,Historia
2832,0316399620,The First Fifteen Lives of Harry August,The First Fifteen Lives of Harry August,2014.0,eng,Ciencia ficción
2833,0062206281,"The Prisoner of Heaven (The Cemetery of Forgotten Books, #3)",El prisionero del cielo,2011.0,,Ficción
2834,0345476093,The Guns of August,The Guns of August,1962.0,eng,Historia
2835,0671047345,"Separation of Power (Mitch Rapp, #5)",Separation of Power,2001.0,eng,Thriller
2836,0439829100,"Tomorrow, When the War Began (Tomorrow, #1)","Tomorrow, When the War Began",1993.0,eng,Juvenil
2837,1599951495,"The Monuments Men: Allied Heroes, Nazi Thieves, and the Greatest Treasure Hunt in History","Monuments Men: Allied Heroes, Nazi Thieves and the Greatest Treasure Hunt in History ",2009.0,eng,Historia
2838,0374346674,Love Letters to the Dead,Love Letters to the Dead,2014.0,eng,Juvenil
2839,9780141027128,War Brides,War Brides,2007.0,eng,Ficción histórica
2840,1101947136,Homegoing,Homegoing,2016.0,eng,Ficción histórica
2841,0393068471,Packing for Mars: The Curious Science of Life in the Void,Packing for Mars: The Curious Science of Life in the Void ,2010.0,eng,Ciencia
2842,0446195502,"Divine Justice (Camel Club, #4)",Divine Justice,2008.0,eng,Thriller
2843,0785132619,"Kick-Ass (Kick-Ass, #1)",Kick-Ass,2010.0,eng,Cómic y novela gráfica
2844,1401908977,Left to Tell: Discovering God Amidst the Rwandan Holocaust,Left to Tell: Discovering God Amidst the Rwandan Holocaust,2006.0,eng,Memorias
2845,0061449121,"Plague (Gone, #4)",Plague,2011.0,eng,Juvenil
2846,0321107217,Hard Times,Hard Times: For These Times,1854.0,eng,Clásicos
2847,2877068161,La Vérité sur l'affaire Harry Quebert,La Vérité sur l'affaire Harry Quebert,2011.0,fre,Misterio
2848,0316176532,A God in Ruins,A God in Ruins,2015.0,eng,Ficción histórica
2849,052595158X,Caught,Caught,2010.0,,Thriller
2850,0373802498,"Magic Study (Study, #2)",Magic Study,2006.0,eng,Fantasía
2851,1931514925,"Chobits, Vol. 1",ちょびっツ #1,2001.0,eng,Cómic y novela gráfica
2852,156931778X,Battle Royale,バトル・ロワイアル,1999.0,eng,Ciencia ficción
2853,0553807218,The Girl Who Chased the Moon,The Girl Who Chased the Moon,2010.0,eng,Ficción
2854,1842323008,A Town Like Alice,A Town Like Alice,1950.0,eng,Ficción histórica
2855,039916927X,#GIRLBOSS,,2014.0,eng,Negocios
2856,0778325318,The Secret Life of CeeCee Wilkes,The Secret Life Of CeeCee Wilkes,2006.0,eng,Thriller
2857,0445406518,Crocodile on the Sandbank (Amelia Peabody #1),Crocodile on the Sandbank,1975.0,eng,Misterio
2858,0425230074,"Bed of Roses (Bride Quartet, #2)",Bed of Roses,2009.0,eng,Romántica
2859,0425147584,"Debt of Honor (Jack Ryan Universe, #8)",Debt of Honor,1994.0,eng,Thriller
2860,0156904365,Till We Have Faces,Till We Have Faces,1956.0,eng,Fantasía
2861,0142406120,"Point Blank (Alex Rider, #2)",Point Blanc,2001.0,eng,Juvenil
2862,0425181111,Strangers,Strangers,1986.0,,Thriller
2863,0451209338,"The Kill Artist (Gabriel Allon, #1)",The Kill Artist,2000.0,eng,Thriller
2864,1844280594,"Knuffle Bunny: A Cautionary Tale (Knuffle Bunny, #1)",Knuffle Bunny:  A Cautionary Tale,2004.0,eng,Infantil
2865,0747541604,"The Gashlycrumb Tinies (The Vinegar Works, #1)",The Gashlycrumb Tinies,1963.0,eng,Infantil
2866,0062067753,"The Long Earth (The Long Earth, #1)",The Long Earth,2012.0,eng,Ciencia ficción
2867,0446691437,The War of Art: Break Through the Blocks & Win Your Inner Creative Battles,The War of Art: Break Through the Blocks and Win Your Inner Creative Battles,2002.0,eng,Autoayuda
2868,,"Existence (Existence Trilogy, #1)",,2004.0,eng,Fantasía
2869,0679723056,What We Talk About When We Talk About Love,What We Talk About When We Talk About Love: Stories,1981.0,eng,Ficción
2870,0670061107,That Summer,That Summer,1996.0,eng,Juvenil
2871,0316187747,"Theft of Swords (The Riyria Revelations, #1-2)",Theft of Swords,2011.0,eng,Fantasía
2872,1250010691,"Necessary Lies (Necessary Lies, #1)",Necessary Lies,2013.0,eng,Ficción histórica
2873,0449208133,Lucifer's Hammer,Lucifer's Hammer,1977.0,eng,Ciencia ficción
2874,0425205754,Montana Sky,Montana Sky,1996.0,eng,Romántica
2875,0451530179,Of Human Bondage,Of Human Bondage,1915.0,eng,Clásicos
2876,0451471474,I Was Here,I Was Here,2015.0,eng,Juvenil
2877,0525467262,"The Complete Tales and Poems of Winnie-the-Pooh (Winnie-the-Pooh, #1-4)",,1961.0,eng,Infantil
2878,0553584537,"Alone (Detective D.D. Warren, #1)",,2004.0,eng,Thriller
2879,0395169615,Mike Mulligan and His Steam Shovel,Mike Mulligan and His Steam Shovel,1938.0,,Infantil
2880,0062278789,"Divergent Series Complete Box Set (Divergent, #1-3)",,2013.0,eng,Juvenil
2881,0061161640,"Making Money (Discworld, #36; Moist Von Lipwig, #2)",Making Money,2007.0,eng,Fantasía
2882,1423368991,"Happy Ever After (Bride Quartet, #4)",Happy Ever After,2010.0,eng,Romántica
2883,0140230270,Harvesting the Heart,Harvesting the Heart,1993.0,eng,Ficción
2884,1423157516,"Never Fade (The Darkest Minds, #2)",Never Fade,2013.0,eng,Juvenil
2885,0446407410,Dewey: The Small-Town Library Cat Who Touched the World,Dewey: The Small-Town Library Cat Who Touched the World,2008.0,eng,Memorias
2886,0062104896,"The School for Good and Evil (The School for Good and Evil, #1)",The School for Good and Evil,2013.0,eng,Juvenil
2887,0060788380,"For a Few Demons More (The Hollows, #5)",For a Few Demons More ,2007.0,eng,Fantasía
2888,0670026328,"The Secret Place (Dublin Murder Squad, #5)",The Secret Place,2014.0,eng,Misterio
2889,076536543X,"Mistborn Trilogy Boxed Set (Mistborn, #1-3)",Mistborn Trilogy Boxed Set,2009.0,eng,Fantasía
2890,0671024094,"The Coffin Dancer (Lincoln Rhyme, #2)",,1998.0,eng,Thriller
2891,0545060486,"The Emperor''s Code (The 39 Clues, #8)",The Emperor's Code,2010.0,eng,Juvenil
2892,0618164413,The Complete Adventures of Curious George,The Complete Adventures of Curious George,1969.0,,Infantil
2893,0316069418,"The Drop (Harry Bosch, #17; Harry Bosch Universe, #21)",The Drop,2011.0,eng,Misterio
2894,189221301X,"Sailor Moon, #1 (Sailor Moon, #1)",美少女戦士セーラームーン 1 [Bishōjo Senshi Sailor Moon 1],1992.0,eng,Cómic y novela gráfica
2895,0062218360,Think Like a Freak,,2014.0,eng,Negocios
2896,0545326990,Drama,Drama,2012.0,eng,Cómic y novela gráfica
2897,074326004X,Assassination Vacation,Assassination Vacation,2005.0,eng,Viajes
2898,0380014300,Nine Princes in Amber (The Chronicles of Amber #1),Nine Princes in Amber,1970.0,eng,Fantasía
2899,1451693567,The Museum of Extraordinary Things,The Museum of Extraordinary Things,2014.0,eng,Ficción histórica
2900,0765304961,"Ender in Exile (Ender''s Saga, #1.2)","Ender in Exile (The Ender Quintet, #2)",2008.0,eng,Ciencia ficción
2902,0722536542,The Fifth Mountain,O Monte Cinco,1996.0,eng,Ficción
2903,0385418868,The Power of Myth,The Power of Myth,1988.0,eng,Ensayo
2904,0765375869,"Lock In (Lock In, #1)",Lock In,2014.0,eng,Ciencia ficción
2905,0385351232,Longbourn,Longbourn,2013.0,eng,Ficción histórica
2906,1476764026,As You Wish: Inconceivable Tales from the Making of The Princess Bride,As You Wish: Inconceivable Tales from the Making of The Princess Bride,2014.0,eng,Memorias
2907,0399230033,"Good Night, Gorilla","Good Night, Gorilla",1994.0,,Infantil
2908,0062217135,The Beginning of Everything,"Severed Heads, Broken Hearts",2013.0,eng,Juvenil
2909,054506046X,"In Too Deep (The 39 Clues, #6)","In Too Deep (The 39 Clues, Book 6)",2009.0,eng,Juvenil
2910,1840187166,Catch Me If You Can: The True Story of a Real Fake,Catch Me If You Can,1980.0,eng,Biografía
2911,0515133876,"Narcissus in Chains (Anita Blake, Vampire Hunter, #10)","Narcissus in Chains (Anita Blake, Vampire Hunter, #10)",2001.0,eng,Fantasía
2912,0684865181,The Seat of the Soul,,1989.0,eng,Religión y espiritualidad
2913,0345545834,"Claim Me (Stark Trilogy, #2)",Claim Me,2013.0,eng,Romántica
2914,067003777X,Special Topics in Calamity Physics,Special Topics in Calamity Physics,2006.0,eng,Ficción
2915,0062259652,Bird Box,Bird Box,2014.0,eng,Terror
2916,0062071041,"Partials (Partials Sequence, #1)",Partials,2012.0,eng,Ciencia ficción
2917,0618773479,The Worst Hard Time: The Untold Story of Those Who Survived the Great American Dust Bowl,The Worst Hard Time: The Untold Story of Those Who Survived the Great American Dust Bowl,2006.0,eng,Historia
2918,0758278454,What She Left Behind,What She Left Behind,2013.0,eng,Ficción histórica
2919,006156608X,"Wicked (Pretty Little Liars, #5)",Wicked,2008.0,eng,Juvenil
2920,1416516352,"Transfer of Power (Mitch Rapp, #3)",Transfer of Power,1999.0,eng,Thriller
2921,0060931728,Ariel,Ariel,1965.0,eng,Poesía
2922,1401235417,"Batman, Volume 1: The Court of Owls","Batman, Volume 1: The Court of Owls",2012.0,eng,Cómic y novela gráfica
2923,0060735422,"Practical Demonkeeping (Pine Cove, #1)",Practical Demonkeeping,1992.0,eng,Fantasía
2924,0451219953,"The Last Templar (Templar, #1)",The Last Templar,2006.0,eng,Thriller
2925,0345518519,Official Book Club Selection: A Memoir According to Kathy Griffin,Official Book Club Selection: A Memoir According to Kathy Griffin,2009.0,eng,Memorias
2926,0060932147,The Book of Laughter and Forgetting,Kniha smíchu a zapomnění,1979.0,eng,Ficción
2927,0440222656,The Horse Whisperer,The Horse Whisperer,1995.0,eng,Ficción
2928,1580627560,Why Men Love Bitches: From Doormat to Dreamgirl—A Woman's Guide to Holding Her Own in a Relationship,Why Men Love Bitches: From Doormat to Dreamgirl - A Woman's Guide to Holding Her Own In A Relationship,2009.0,,Autoayuda
2929,0061566179,"Wanted (Pretty Little Liars, #8)",Wanted,2010.0,eng,Juvenil
2930,0060788704,"The Outlaw Demon Wails (The Hollows, #6)",The Outlaw Demon Wails ,2008.0,eng,Fantasía
2931,048627263X,Flatland: A Romance of Many Dimensions,Flatland: A Romance of Many Dimensions,1884.0,eng,Ciencia ficción
2932,031612611X,"The Diviners (The Diviners, #1)",The Diviners,2012.0,eng,Juvenil
2933,0375851798,The Spectacular Now,The Spectacular Now,2008.0,eng,Juvenil
2934,0061129739,The Art of Loving,The Art of Loving,1956.0,eng,Psicología
2935,043979143X,"Gregor and the Code of Claw (Underland Chronicles, #5)",Gregor and the Code of Claw,2007.0,,Infantil
2936,0380821214,"Eric (Discworld, #9; Rincewind #4)",Eric,1990.0,eng,Fantasía
2937,1563890933,A Game of You (The Sandman #5),The Sandman: A Game of You,1993.0,eng,Cómic y novela gráfica
2938,0060731486,The Other Side of the Story,The Other Side of the Story,2004.0,,Ficción
2939,0553381539,Beach Music,Beach Music,1975.0,eng,Ficción
2940,0842313079,"An Echo in the Darkness (Mark of the Lion, #2)","An Echo in the Darkness (Mark of the Lion, #2)",1994.0,eng,Ficción histórica
2941,,"The Kiss of Deception (The Remnant Chronicles, #1)",The Kiss of Deception,2014.0,eng,Fantasía
2942,0440184622,"Tai-Pan (Asian Saga, #2)",Tai-Pan,1966.0,eng,Ficción histórica
2943,0399157220,The Weird Sisters,The Weird Sisters,2011.0,eng,Ficción
2944,0413771164,"The Truth (Discworld, #25; Industrial Revolution, #2)",The Truth,2000.0,eng,Fantasía
2945,0312358342,The Leftovers,The Leftovers,2011.0,eng,Ficción
2946,0060920432,Flow: The Psychology of Optimal Experience,Flow: The Psychology of Optimal Experience,1990.0,eng,Psicología
2947,1932796789,"Dragons of Winter Night (Dragonlance: Chronicles, #2)",,1985.0,eng,Fantasía
2948,1439177805,Unbearable Lightness: A Story of Loss and Gain,,2010.0,,Memorias
2949,0312949804,"Mine Till Midnight (The Hathaways, #1)",Mine Till Midnight,2007.0,eng,Romántica
2950,1416522913,All the President's Men,All the President's Men,1974.0,eng,No ficción
2951,0399254838,Wolfsbane (Nightshade #2; Nightshade World #5),,2011.0,eng,Juvenil
2952,0141439629,The Mill on the Floss,The Mill on the Floss,1860.0,eng,Clásicos
2953,1400066409,Super Sad True Love Story,Super Sad True Love Story,2010.0,eng,Ciencia ficción
2954,0441068804,"The Blue Sword (Damar, #1)",,1982.0,,Fantasía
2955,0451239350,"Lover at Last (Black Dagger Brotherhood, #11)",Lover at Last,2013.0,eng,Romántica
2956,159514451X,Vampire Academy: The Ultimate Guide (Vampire Academy),,2011.0,eng,Juvenil
2957,0006280838,Surprised by Joy: The Shape of My Early Life,Surprised by Joy: The Shape of My Early Life,1955.0,eng,Memorias
2958,0465026567,"Gödel, Escher, Bach: An Eternal Golden Braid","Gödel, Escher, Bach: An Eternal Golden Braid",1979.0,eng,Ensayo
2959,0375828788,"Trickster''s Queen (Daughter of the Lioness, #2)",Trickster's Queen,2004.0,eng,Fantasía
2960,0805005013,"The Poetry of Robert Frost (Collected Poems, Complete & Unabridged)",,1969.0,eng,Poesía
2961,0439286069,"Freak the Mighty (Freak The Mighty, #1)",Freak the Mighty,1993.0,eng,Juvenil
2962,0316212822,"This Is What Happy Looks Like (This is What Happy Looks Like, #1)",This Is What Happy Looks Like,2013.0,eng,Juvenil
2963,0310245656,What's So Amazing About Grace?,What's So Amazing About Grace?,1997.0,eng,Religión y espiritualidad
2964,1416595201,"Kill Shot (Mitch Rapp, #2)",Kill Shot,2012.0,eng,Thriller
2965,0553381652,"The Plains of Passage (Earth''s Children, #4)",The Plains of Passage,1990.0,eng,Ficción histórica
2966,1419711326,"Hard Luck (Diary of a Wimpy Kid, #8)",Hard Luck,2013.0,eng,Infantil
2967,0316159417,The Bookseller of Kabul,Bokhandleren i Kabul,2002.0,eng,No ficción
2968,0743437314,"The Merchant of Death (Pendragon, #1)",The Merchant of Death,2002.0,eng,Juvenil
2969,0345497511,The City & the City,The City & The City,2009.0,eng,Ciencia ficción
2970,1416510567,"Fatal Voyage (Temperance Brennan, #4)",Fatal Voyage,2001.0,,Misterio
2971,0441017029,"Magic Strikes (Kate Daniels, #3)",Magic Strikes,2009.0,eng,Fantasía
2972,1478322306,"My Favorite Mistake (My Favorite Mistake, #1)",My Favorite Mistake,2012.0,eng,Romántica
2973,0425176088,Airport,Airport,1968.0,eng,Ficción
2974,0446545244,"Angel (Maximum Ride, #7)",Angel,2011.0,eng,Juvenil
2975,0791071685,Kurt Vonnegut's Cat's Cradle (Modern Critical Interpretations),Kurt Vonnegut's Cat Cradle,2002.0,eng,Ensayo
2976,0192751077,"Ramona the Brave (Ramona, #3)",Ramona the Brave ,1975.0,eng,Infantil
2977,0553564927,The Last Command,Star Wars: The Last Command,1993.0,eng,Ciencia ficción
2978,1616960922,The Emperor's Soul,The Emperor's Soul,2012.0,eng,Fantasía
2979,1416584080,Just After Sunset,Just After Sunset,2008.0,eng,Terror
2980,0786851716,Sold,Sold,2006.0,eng,Juvenil
2981,0316015059,"Double Cross (Alex Cross, #13)",Double Cross,2007.0,eng,Thriller
2982,0192838997,Eugene Onegin,Евгений Онегин: Роман в стихах ,1833.0,eng,Clásicos
2983,1423171020,"These Broken Stars (Starbound, #1)",These Broken Stars,2013.0,eng,Ciencia ficción
2984,0670062278,"Eon: Dragoneye Reborn (Eon, #1)",The Two Pearls of Wisdom,2008.0,eng,Fantasía
2985,0689862210,The View from Saturday,The View from Saturday,1996.0,,Infantil
2986,0312594429,"Hidden (House of Night, #10)",Hidden,2012.0,eng,Juvenil
2987,1423121325,"Spell Bound (Hex Hall, #3)",Spell Bound,2012.0,eng,Juvenil
2988,1557091552,"The Secret of the Old Clock (Nancy Drew, #1)","The Secret of the Old Clock (Nancy Drew Mystery Stories, #1)",1930.0,eng,Infantil
2989,0446679089,"Plum Island (John Corey, #1)",Plum Island,1997.0,eng,Thriller
2990,0060775971,"The Story of Doctor Dolittle (Doctor Dolittle, #1)",The Story of Doctor Dolittle,1920.0,,Infantil
2991,0743454510,Second Glance,Second Glance,2003.0,eng,Ficción
2992,069401298X,"Frog and Toad Together (Frog and Toad, #2)",Frog and Toad Together,1971.0,eng,Infantil
2993,1563127873,The Lottery,The Lottery,1948.0,eng,Clásicos
2994,0345459202,"Big Stone Gap (Big Stone Gap, #1)",Big Stone Gap,2000.0,eng,Ficción
2995,0345485750,"The Alexandria Link (Cotton Malone, #2)",The Alexandria Link,2007.0,eng,Thriller
2996,0061797022,"The Gathering (Darkness Rising, #1)",The Gathering,2011.0,eng,Juvenil
2997,1595143203,"The Fiery Heart (Bloodlines, #4)",The Fiery Heart,2013.0,eng,Juvenil
2998,0441018521,"Magic Bleeds (Kate Daniels, #4)",Magic Bleeds,2010.0,eng,Fantasía
2999,1501116975,The Japanese Lover,El amante japonés,2015.0,eng,Ficción
3000,0552154164,"Jingo (Discworld, #21; City Watch, #4)",Jingo,1997.0,eng,Fantasía
3001,0553589377,"Kiss of Midnight (Midnight Breed,  #1)",Kiss of Midnight,2007.0,eng,Romántica
3002,0375753737,Sons and Lovers,Sons and Lovers,1913.0,eng,Clásicos
3003,031235326X,A Woman of Substance (Emma Harte Saga #1),A Woman of Substance ,1979.0,eng,Ficción
3004,,"Crash (Crash, #1)",Crash,2012.0,eng,Romántica
3005,1455521213,"The Hit (Will Robie, #2)",The Hit,2013.0,eng,Thriller
3006,0441013678,"Count Zero (Sprawl, #2)",Count Zero,1986.0,eng,Ciencia ficción
3007,140006466X,Peony in Love,Peony in Love,2007.0,eng,Ficción histórica
3008,0316051594,Twenty Boy Summer,Twenty Boy Summer,2009.0,eng,Juvenil
3009,0446677477,Rich Dad's Cashflow Quadrant: Rich Dad's Guide to Financial Freedom,Cashflow Quadrant: Rich Dad's Guide to Financial Freedom,1998.0,vie,Negocios
3010,1605980927,"The Ice Princess (Patrik Hedström, #1)",Isprinsessan,2004.0,eng,Misterio
3011,0767907817,Bookends,Bookends,2000.0,eng,Ficción
3012,9781501086137,Maude,,2014.0,,Ficción
3013,0765316978,The Last Colony (Old Man's War #3),The Last Colony,2007.0,eng,Ciencia ficción
3014,0060283289,If You Take a Mouse to School, ,2002.0,eng,Infantil
3015,147677143X,"Finding Cinderella (Hopeless, #2.5)",Finding Cinderella,2013.0,eng,Romántica
3016,0060086246,Last Chance Saloon,Last Chance Saloon,1999.0,eng,Ficción
3017,148234873X,"Beauty from Pain (Beauty, #1)",Beauty from Pain,2013.0,eng,Romántica
3018,1416507779,Where Are the Children?,Where Are the Children?,1975.0,,Thriller
3019,0441328091,"The Hero and the Crown (Damar, #2)",,1984.0,eng,Fantasía
3020,1593080298,The Metamorphosis and Other Stories,Die Verwandlung und andere Erzählungen,1915.0,eng,Clásicos
3021,006079156X,The Space Between Us,The Space Between Us,2006.0,eng,Ficción
3022,0451528182,Sir Gawain and the Green Knight ,Gawayn and þe Grene Knyȝt,1390.0,,Clásicos
3023,0140621334,"Three Men in a Boat (Three Men, #1)",Three Men in a Boat (To Say Nothing of the Dog),1889.0,eng,Clásicos
3024,0345326490,Desert Solitaire,Desert Solitaire,1968.0,eng,No ficción
3025,0312306342,"Plum Lovin'' (Stephanie Plum, #12.5)",Plum Lovin',2007.0,eng,Misterio
3026,159562015X,Strengths Finder 2.0,Strengths Finder 2.0,2007.0,eng,Autoayuda
3027,1842431293,Another Roadside Attraction,Another Roadside Attraction,1971.0,eng,Ficción
3028,0517223546,Sarum: The Novel of England,Sarum: The Novel of England,1987.0,eng,Ficción histórica
3029,0006178731,Rage of Angels,Rage of Angels,1980.0,eng,Thriller
3030,1595144331,"Vampire Academy Box Set (Vampire Academy, #1-4)",,2010.0,eng,Juvenil
3031,142998192X,"Everlasting (The Immortals, #6)",Everlasting,2011.0,eng,Juvenil
3032,1481280767,"A Shade of Vampire (A Shade of Vampire, #1)",,2012.0,eng,Fantasía
3033,0553381350,The Right Stuff,The Right Stuff,1979.0,eng,No ficción
3034,0312349998,Cocktails for Three,Cocktails for Three,2000.0,eng,Ficción
3035,0345476980,"Vanish (Rizzoli & Isles, #5)",Vanish,2006.0,eng,Thriller
3036,006056668X,"Fluke: Or, I Know Why the Winged Whale Sings","Fluke: Or, I Know Why the Winged Whale Sings",2003.0,eng,Ficción
3037,0871917726,The Tell-Tale Heart,The Tell-Tale Heart,1843.0,eng,Clásicos
3038,1594487561,Girl in Translation,Girl in Translation,2010.0,eng,Ficción
3039,0062014552,"Panic (Panic, #1)",Panic,2014.0,eng,Juvenil
3040,,"Because of Low (Sea Breeze, #2)",Because of Low,2012.0,eng,Romántica
3041,1579124577,Leonardo's Notebooks,,1519.0,,Arte
3042,0345450744,Between Sisters,Between Sisters,2003.0,eng,Ficción
3043,1477808701,"Wayward (Wayward Pines, #2)",Wayward,2013.0,eng,Thriller
3044,0060882077,"Queste (Septimus Heap, #4)",Queste,2008.0,,Juvenil
3045,0553536516,Finding Audrey,Finding Audrey,2015.0,eng,Juvenil
3046,0913668680,"The Moosewood Cookbook: Recipes from Moosewood Restaurant, Ithaca, New York","The Moosewood Cookbook: Recipes from Moosewood Restaurant, Ithaca, New York",1977.0,eng,Cocina
3047,0007158475,Fox in Socks,Fox in Socks,1965.0,eng,Infantil
3048,0375706852,My Name is Red,Benim Adım Kırmızı,1998.0,eng,Ficción
3049,0671227424,The Teachings of Don Juan: A Yaqui Way of Knowledge ,The Teachings of Don Juan: A Yaqui Way of Knowledge,1968.0,eng,Religión y espiritualidad
3050,0446573108,"The Sixth Man (Sean King & Michelle Maxwell, #5)",The Sixth Man,2011.0,eng,Thriller
3051,0689878362,Stone Soup,Stone Soup (Stories to Go!),1947.0,,Infantil
3052,0786839171,"The Warrior Heir (The Heir Chronicles, #1)",The Warrior Heir,2006.0,eng,Juvenil
3053,0345542924,"Top Secret Twenty-One (Stephanie Plum, #21)",Top Secret Twenty-One,2014.0,eng,Misterio
3054,075791084X,Harry Potter and the Chamber of Secrets: Sheet Music for Flute with C.D,Harry Potter and the Chamber of Secrets: Sheet Music for Flute with C.D,2003.0,,Música
3055,1852864982,Death: The High Cost of Living Collected,Death: the High Cost of Living,1993.0,eng,Cómic y novela gráfica
3056,0310241634,Christy,Christy,1967.0,,Ficción
3058,0553588079,"Gone (Quincy & Rainie, #5)",Gone,2006.0,eng,Thriller
3059,1400062756,Mindset: The New Psychology of Success,Mindset: The New Psychology of Success,2006.0,eng,Psicología
3060,0545060443,Beyond the Grave (The 39 Clues #4),"Beyond the Grave (The 39 Clues, #4)",2009.0,eng,Juvenil
3061,0006280935,The Problem of Pain,The Problem of Pain,1940.0,eng,Religión y espiritualidad
3062,0300122233,"Nudge: Improving Decisions About Health, Wealth, and Happiness","Nudge: Improving Decisions About Health, Wealth, and Happiness",2008.0,eng,Negocios
3063,1416949658,"The Dark Is Rising (The Dark is Rising, #2)",The Dark Is Rising,1973.0,eng,Juvenil
3064,0374239215,Purity,Purity,2015.0,eng,Ficción
3065,0451205421,The Door to December,The Door to December,1985.0,eng,Thriller
3066,0747266921,"Four Blind Mice (Alex Cross, #8)",Four Blind Mice,2002.0,eng,Thriller
3067,0312364105,True Colors,True Colors,2009.0,,Ficción
3068,0385334230,"Slapstick, or Lonesome No More!",Slapstick,1976.0,eng,Ficción
3069,0812975219,Fooled by Randomness: The Hidden Role of Chance in Life and in the Markets,Fooled by Randomness: The Hidden Role of Chance in Life and in the Markets,2001.0,eng,Negocios
3070,0425213978,"Labyrinth (Languedoc, #1)",Labyrinth,2005.0,eng,Ficción histórica
3071,0375705244,Founding Brothers: The Revolutionary Generation,Founding Brothers: The Revolutionary Generation,2000.0,eng,Historia
3072,0553565079,Forward the Foundation (Foundation: Prequel #2),Forward the Foundation,1993.0,eng,Ciencia ficción
3073,3401063472,"Saphirblau (Edelstein-Trilogie, #2)",Saphirblau,2010.0,ger,Juvenil
3074,0307700666,"Going Clear: Scientology, Hollywood, and the Prison of Belief","Going Clear: Scientology, Hollywood, and the Prison of Belief",2013.0,eng,No ficción
3075,0759529434,"Twilight: The Graphic Novel, Vol. 1 (Twilight: The Graphic Novel, #1)",Twilight: The Graphic Novel,2010.0,eng,Cómic y novela gráfica
3076,0099478331,The French Lieutenant's Woman,The French Lieutenant's Woman,1969.0,eng,Ficción
3077,0486223051,The Rime of the Ancient Mariner,The Rime of the Ancient Mariner,1798.0,eng,Clásicos
3078,0920236162,The Paper Bag Princess,The Paper Bag Princess,1980.0,eng,Infantil
3079,0582461502,Tortilla Flat,Tortilla Flat,1935.0,eng,Clásicos
3080,0812966295,"King Solomon''s Mines (Allan Quatermain, #1)",King Solomon's Mines,1885.0,eng,Clásicos
3081,,"Love Unrehearsed (Love, #2)",Love Unrehearsed,2012.0,eng,Romántica
3082,1563891379,Brief Lives (The Sandman #7),The Sandman: Brief Lives,1994.0,eng,Cómic y novela gráfica
3083,0061720771,"Nightfall (The Vampire Diaries: The Return, #1)",The Return: Nightfall,2009.0,eng,Juvenil
3084,0375828257,"The People of Sparks (Book of Ember, #2)",The People of Sparks,2004.0,eng,Juvenil
3085,0374506841,Narcissus and Goldmund,Narziß und Goldmund,1930.0,eng,Clásicos
3086,1563891069,Fables and Reflections (The Sandman #6),The Sandman: Fables and Reflections,1990.0,eng,Cómic y novela gráfica
3087,1620401398,"The Bone Season (The Bone Season, #1)",The Bone Season,2013.0,eng,Fantasía
3088,0141439963,Little Dorrit,Little Dorrit,1855.0,eng,Clásicos
3089,0142406139,"Eagle Strike (Alex Rider, #4)",Eagle Strike,2003.0,,Juvenil
3090,0739418378,Valley of the Dolls,Valley of the Dolls,1966.0,eng,Ficción
3091,0375760385,The Source,The Source,1965.0,eng,Ficción histórica
3092,1400033543,You Shall Know Our Velocity!,You Shall Know Our Velocity!,2002.0,eng,Ficción
3093,9770907375,ثلاثية غرناطة,ثلاثية غرناطة,1994.0,ara,Ficción histórica
3094,0689853491,We're Going on a Bear Hunt,We're Going on a Bear Hunt,1989.0,eng,Infantil
3095,1595142711,"Vampire Academy Collection (Vampire Academy, #1-3)",Vampire Academy Collection,2009.0,,Juvenil
3096,0345352661,"Guardians of the West (The Malloreon, #1)",Guardians of the West,1985.0,eng,Fantasía
3097,0399156577,The Search,The Search,2010.0,eng,Romántica
3098,0446613371,"Honeymoon (Honeymoon, #1)",Honeymoon,2005.0,eng,Thriller
3099,0345461622,Pandora's Star,Pandora's Star,2004.0,eng,Ciencia ficción
3100,0440421853,How to Eat Fried Worms,How to Eat Fried Worms,1973.0,eng,Infantil
3101,0439224063,The Raven and other poems,The Raven and Other Poems,1845.0,eng,Clásicos
3102,077832740X,The Weight of Silence,The Weight of Silence,2008.0,eng,Thriller
3103,0062330268,Trigger Warning: Short Fictions and Disturbances,Trigger Warning: Short Fictions and Disturbances,2015.0,eng,Ficción
3104,068482535X,Lincoln,Lincoln,1995.0,eng,Biografía
3105,0441015832,"Magic Burns (Kate Daniels, #2)",Magic Burns,2008.0,eng,Fantasía
3106,0143039024,The Quiet American,The Quiet American,1955.0,eng,Clásicos
3107,1480114480,"The Proposition (The Proposition, #1)",The Proposition,2012.0,eng,Romántica
3108,0425213382,"Cause of Death (Kay Scarpetta, #7)",Cause of Death,1996.0,eng,Thriller
3109,0393307050,Master and Commander,Master and Commander,1969.0,eng,Ficción histórica
3110,0575077352,"Dragon Ball, Vol. 1: The Monkey King (Dragon Ball, #1)",孫悟空と仲間たち,1985.0,eng,Cómic y novela gráfica
3111,0441009425,Revelation Space,Revelation Space,2000.0,eng,Ciencia ficción
3112,0316096156,"Private (Private, #1)",Private,2010.0,eng,Thriller
3113,0312652917,"Wicked Appetite (Lizzy & Diesel, #1)",Wicked Appetite,2009.0,eng,Misterio
3114,1416980067,"Tales from a Not-So-Fabulous Life (Dork Diaries, #1)",Tales from a Not-So-Fabulous Life,2009.0,eng,Juvenil
3115,1416509879,A Hunger Like No Other (Immortals After Dark #2),A Hunger Like No Other,2006.0,eng,Romántica
3116,159514398X,"A Million Suns (Across the Universe, #2)",A Million Suns ,2012.0,eng,Ciencia ficción
3117,1841493155,"The High Lord (Black Magician Trilogy, #3)",The High Lord,2002.0,eng,Fantasía
3118,0062107313,The Valley of Amazement,The Valley of Amazement,2013.0,eng,Ficción histórica
3119,0446694851,Three Weeks With My Brother,Three Weeks with My Brother,2004.0,eng,Memorias
3120,080508052X,The High King (The Chronicles of Prydain #5),The High King ,1968.0,eng,Juvenil
3121,0062004018,"Die for Me (Revenants, #1)",Die for Me,2011.0,eng,Juvenil
3122,0394724550,Gift from the Sea,Gift from the Sea,1955.0,,Ensayo
3123,0452287081,Confessions of an Economic Hit Man,Confessions of an Economic Hit Man,2004.0,eng,No ficción
3124,0802130305,Ficciones,Ficciones,1944.0,eng,Clásicos
3125,0425141233,"Winter Prey (Lucas Davenport, #5)",Winter Prey,1993.0,eng,Thriller
3126,0684843323,The Complete Short Stories,The Complete Short Stories of Ernest Hemingway,1925.0,eng,Clásicos
3127,0671037706,"Dandelion Wine (Green Town, #1)",Dandelion Wine,1957.0,eng,Ficción
3128,009947137X,The Mummy (Ramses the Damned #1),The Mummy,1989.0,eng,Terror
3129,0385528752,Switch: How to Change Things When Change Is Hard,Switch: How to Change Things When Change Is Hard,2010.0,eng,Autoayuda
3130,9781477822081,Trail of Broken Wings,Trail of Broken Wings,2015.0,eng,Ficción
3131,0099470470,The Collector,The Collector,1963.0,eng,Ficción
3132,0060734086,Fairest,Fairest,2006.0,eng,Juvenil
3133,0099267543,Timequake,Timequake,1997.0,eng,Ciencia ficción
3134,006218850X,The Orchardist,The Orchardist,2012.0,,Ficción histórica
3135,0767919408,"One Summer: America, 1927",One Summer: America 1927,2013.0,eng,Historia
3136,0752876821,Evening Class,Evening Class,1996.0,eng,Ficción
3137,1857239016,"The Talismans of Shannara (Heritage of Shannara, #4)",The Talismans of Shannara,1993.0,eng,Fantasía
3138,0808516965,"Anne of Windy Poplars (Anne of Green Gables, #4)",Anne of Windy Poplars,1936.0,,Clásicos
3139,014044176X,A Hero of Our Time,Герой нашего времени,1840.0,eng,Clásicos
3140,084230052X,The Atonement Child,The Atonement Child,1997.0,eng,Ficción
3141,0385494246,Amsterdam,Amsterdam,1998.0,,Ficción
3142,0812966007,Theodore Rex,Theodore Rex,2001.0,eng,Biografía
3143,031215125X,The Far Pavilions,The Far Pavilions,1978.0,eng,Ficción histórica
3144,0385340567,"Nothing to Lose (Jack Reacher, #12)",Nothing to Lose,2008.0,eng,Thriller
3145,,"Falling into You (Falling, #1)",Falling Into You,2013.0,eng,Romántica
3146,1101874082,Adultery,Adultério,2014.0,eng,Ficción
3147,,"The Rithmatist (The Rithmatist, #1)",The Rithmatist ,2013.0,eng,Fantasía
3148,0312289510,The Christmas Shoes (Christmas Hope #1),The Christmas Shoes,2001.0,eng,Ficción
3149,0762424931,Skinny Bitch,"Skinny Bitch: A No-Nonsense, Tough-Love Guide for Savvy Girls Who Want to Stop Eating Crap and Start Looking Fabulous!",2005.0,eng,Autoayuda
3150,,"Mystery Man (Dream Man, #1)","Mystery Man (Dream Man, #1)",2011.0,eng,Romántica
3151,0395181585,Curious George Goes to the Hospital,Curious George Goes to the Hospital,1966.0,eng,Infantil
3152,0553805096,The Snowball: Warren Buffett and the Business of Life,The Snowball: Warren Buffett and the Business of Life,2008.0,eng,Biografía
3153,0743452925,"The Bride (Lairds'' Fiancées, #1)",The Bride,1989.0,eng,Romántica
3154,1741662095,"Erak''s Ransom (Ranger''s Apprentice, #7)",Erak's Ransom,2007.0,eng,Juvenil
3155,0525953493,Missing You,Missing Υou,2014.0,eng,Thriller
3156,0375706860,Snow,Kar,2002.0,eng,Ficción
3157,1741663024,"Halt''s Peril (Ranger''s Apprentice, #9)",Halt's Peril,2009.0,eng,Juvenil
3158,0345447867,"The Apprentice (Rizzoli & Isles, #2)",The Apprentice,2002.0,eng,Thriller
3159,0307098222,Betty Crocker's Cookbook,Betty Crocker's Cookbook,1969.0,eng,Cocina
3160,0312367465,Elsewhere,Elsewhere,2005.0,eng,Juvenil
3161,0525952276,Stay Close,Stay Close,2012.0,eng,Thriller
3162,0316117366,The Quickie,The Quickie,2007.0,eng,Thriller
3163,0316013943,"Step on a Crack (Michael Bennett, #1)",Step on a Crack,2007.0,eng,Thriller
3164,0803738552,Counting by 7s,Counting by 7s,2013.0,eng,Juvenil
3165,0061284475,"Hourglass (Evernight, #3)",,2010.0,eng,Juvenil
3166,0345490657,"A Kiss of Shadows (Merry Gentry, #1)","A Kiss of Shadows (Merry Gentry, #1)",2000.0,eng,Fantasía
3167,0743453964,"Executive Power (Mitch Rapp, #6)",Executive Power,2003.0,eng,Thriller
3168,1423368886,"Savor the Moment (Bride Quartet, #3)",Savor the Moment,2010.0,eng,Romántica
3169,1599869691,The Most Dangerous Game,The Most Dangerous Game,1924.0,,Clásicos
3170,0765319853,Little Brother,Little Brother,2008.0,eng,Ciencia ficción
3171,1400095921,"Dearly Devoted Dexter (Dexter, #2)",Dearly Devoted Dexter,2005.0,eng,Thriller
3172,0062509594,The Essential Rumi,Essential Rumi,1273.0,,Poesía
3173,147671777X,Inside the O'Briens,Inside the O'Briens,2015.0,eng,Ficción
3174,0765348802,"Memories of Ice (The Malazan Book of the Fallen, #3)",Memories of Ice,2001.0,eng,Fantasía
3175,0553807056,"Odd Hours (Odd Thomas, #4)",Odd Hours,2008.0,eng,Terror
3176,0451220897,"The Dead Girls'' Dance (The Morganville Vampires, #2)",The Dead Girls' Dance,2007.0,eng,Fantasía
3177,141690817X,"The Realms of the Gods (Immortals, #4)","The Realms of the Gods (Immortals, #4)",1996.0,eng,Fantasía
3178,0765317583,"One Second After (After, #1)",One Second After,2009.0,eng,Ciencia ficción
3179,0439656249,"Gregor and the Curse of the Warmbloods (Underland Chronicles, #3)",Gregor and the Curse of the Warmbloods,2005.0,eng,Juvenil
3180,0374193681,The Lover's Dictionary,The Lover's Dictionary,2011.0,eng,Ficción
3181,0155050907,Art Through the Ages ,Art Through the Ages ,1926.0,eng,Arte
3182,1857231325,"The Wishsong of Shannara (The Original Shannara Trilogy, #3)",The Wishsong of Shannara ,1985.0,eng,Fantasía
3183,0373772327,The Darkest Kiss (Lords of the Underworld #2),The Darkest Kiss,2008.0,eng,Romántica
3184,0553805495,The Sugar Queen,The Sugar Queen,2008.0,eng,Ficción
3185,0983157227,"Pure (Covenant, #2)",Pure,2012.0,eng,Juvenil
3186,0007189885,Purple Hibiscus,Purple Hibiscus,2003.0,,Ficción
3187,0743299396,No One Belongs Here More Than You,No One Belongs Here More Than You,2005.0,,Ficción
3188,0345522486,"Hammered (The Iron Druid Chronicles, #3)",Hammered,2011.0,eng,Fantasía
3189,1416509887,No Rest for the Wicked (Immortals After Dark #3),No Rest for the Wicked,2006.0,eng,Romántica
3190,1416599398,"Extreme Measures (Mitch Rapp, #11)",Extreme Measures,2008.0,eng,Thriller
3191,1632150778,"Saga, Vol. 4 (Saga, #4)","Saga, Volume Four",2014.0,eng,Cómic y novela gráfica
3192,1476759545,"A Beautiful Wedding (Beautiful, #2.5)",A Beautiful Wedding,2013.0,eng,Romántica
3193,0307272591,Bad Monkey,Bad Monkey,2013.0,eng,Ficción
3194,1400068312,Sisterland,Sisterland,2013.0,eng,Ficción
3195,1594488878,"Juliet, Naked","Juliet, Naked",2009.0,eng,Ficción
3196,1558749209,Chicken Soup for the Soul,Chicken Soup for the Soul,1993.0,eng,Autoayuda
3197,0349116652,"Tears of the Giraffe (No. 1 Ladies'' Detective Agency, #2)",Tears of the Giraffe,2000.0,eng,Misterio
3198,044661758X,"The Concrete Blonde (Harry Bosch, #3; Harry Bosch Universe, #3)",The Concrete Blonde,1994.0,eng,Misterio
3199,,"Seduced in the Dark (The Dark Duet, #2)",,2012.0,eng,Romántica
3200,0061051586,Carpe Jugulum (Discworld #23; Witches #6),Carpe Jugulum,1998.0,eng,Fantasía
3201,,The Warlord Wants Forever (Immortals After Dark #1),The Warlord Wants Forever,2006.0,eng,Romántica
3202,038533351X,Bluebeard,Bluebeard,1987.0,eng,Ficción
3203,0684847817,Good Faeries/Bad Faeries,"Good Faeries, Bad Faeries",1998.0,eng,Arte
3204,0316043877,The Island,,2010.0,,Ficción
3205,0451822196,Cycle of the Werewolf,Cycle of the Werewolf,1983.0,eng,Terror
3206,0142401099,The Devil's Arithmetic,The Devil's Arithmetic,1988.0,eng,Juvenil
3207,0312347294,The World Without Us,The World Without Us,2007.0,eng,No ficción
3208,0375708278,"Isaac''s Storm: A Man, a Time, and the Deadliest Hurricane in History","Isaac''s Storm: A Man, a Time, and the Deadliest Hurricane in History",1999.0,eng,Historia
3209,0316334529,The Rumor,The Rumor,2015.0,eng,Ficción
3210,0141184272,Orlando,Orlando: A Biography,1928.0,eng,Clásicos
3211,000723368X,Thanks for the Memories,Thanks for the Memories,2008.0,eng,Romántica
3212,0140432108,Agnes Grey,Agnes Grey,1847.0,,Clásicos
3213,0399153721,Angels Fall,Angels Fall,2006.0,eng,Romántica
3214,1416595163,"Pursuit of Honor (Mitch Rapp, #12)",Pursuit of Honor,2009.0,eng,Thriller
3215,0312362153,Acheron (Dark-Hunter #14),"Acheron (Dark-Hunter, #15) - Part 1",2008.0,eng,Romántica
3216,038541305X,South of Broad,South of Broad,2009.0,eng,Ficción
3217,0676977731,The Birth House,The Birth House,2006.0,,Ficción histórica
3218,1416953582,"Fade (Wake, #2)",Fade,2009.0,eng,Juvenil
3219,1400031699,The Little Friend,The Little Friend,2002.0,eng,Ficción
3220,1423113497,"Percy Jackson and the Olympians (Percy Jackson and the Olympians, #1-3)",Percy Jackson and the Olympians Boxed Set,2008.0,eng,Juvenil
3221,0803733062,"Savvy (Savvy, #1)",Savvy,2008.0,eng,Infantil
3222,034551176X,The Book of Basketball: The NBA According to The Sports Guy,The Book of Basketball: The NBA According to The Sports Guy,2009.0,eng,Deportes
3223,0446613355,"London Bridges (Alex Cross, #10)",London Bridges,2004.0,eng,Thriller
3224,,لا تحزن,لا تحزن,2003.0,ara,Religión y espiritualidad
3225,8173711461,Wings of Fire: An Autobiography,Wings of Fire: An Autobiography,1999.0,eng,Biografía
3226,0062113933,"The Ripper (The Vampire Diaries: Stefan''s Diaries, #4)",The Ripper,2011.0,,Fantasía
3227,159420411X,The Signal and the Noise: Why So Many Predictions Fail - But Some Don't,The Signal and the Noise: Why So Many Predictions Fail - But Some Don't,2012.0,eng,Ensayo
3228,0399160302,Salt to the Sea,Salt to the Sea,2016.0,eng,Ficción histórica
3229,157912626X,"The Body in the Library (Miss Marple, #3)",The Body in the Library,1942.0,eng,Misterio
3230,0618212906,The Lord of the Rings: The Art of The Fellowship of the Ring,The Lord of the Rings: The Art of The Fellowship of the Ring,2002.0,eng,Arte
3231,1402244428,"Backstage Pass (Sinners on Tour, #1)","Backstage Pass (Sinners on Tour, #1)",2010.0,eng,Romántica
3232,0448421658,The Story About Ping,The Story About Ping,1933.0,eng,Infantil
3233,1416986561,"Tales from a Not-So-Popular Party Girl (Dork Diaries, #2)",Tales from a Not-So-Popular Party Girl,2010.0,,Juvenil
3234,0060885386,"Farmer Boy (Little House, #3)",Farmer Boy,1933.0,,Infantil
3235,1591842808,Start with Why: How Great Leaders Inspire Everyone to Take Action,Start with Why: How Great Leaders Inspire Everyone to Take Action,2009.0,,Negocios
3236,1400065941,The All-Girl Filling Station's Last Reunion,The All-Girl Filling Station's Last Reunion,2013.0,eng,Ficción
3237,0452287057,Bastard Out of Carolina,Bastard Out of Carolina,1992.0,eng,Ficción
3238,0439895979,Beauty Queens,Beauty Queens,2011.0,eng,Juvenil
3239,0525951113,"Daemon (Daemon, #1)", Daemon,2006.0,eng,Ciencia ficción
3240,0446677124,The Burden of Proof,The Burden of Proof,1990.0,eng,Thriller
3241,,"Crooked Kingdom (Six of Crows, #2)",Crooked Kingdom,2016.0,eng,Fantasía
3242,0375714383,"Born Free: A Lioness of Two Worlds (Story of Elsa, #1)",Born Free: A Lioness of Two Worlds,1960.0,,Memorias
3243,0679767800,The Stars My Destination,The Stars My Destination,1955.0,eng,Ciencia ficción
3244,0439968089,"Trickster''s Choice (Daughter of the Lioness, #1)",,2004.0,eng,Fantasía
3245,0062224735,"Cruel Beauty (Cruel Beauty Universe, #1)",Cruel Beauty,2014.0,eng,Fantasía
3246,0553572989,"The Rise of Endymion (Hyperion Cantos, #4)",The Rise of Endymion,1997.0,eng,Ciencia ficción
3247,0553572946,"Endymion (Hyperion Cantos, #3)",Endymion,1996.0,eng,Ciencia ficción
3248,0734406940,The Arrival,The Arrival,2006.0,eng,Cómic y novela gráfica
3249,0385743602,"Calamity (The Reckoners, #3)",Calamity,2016.0,eng,Ciencia ficción
3250,0786891076,Shopgirl,Shopgirl: A Novella,2000.0,eng,Ficción
3251,,حوار مع صديقي الملحد,,1974.0,ara,Religión y espiritualidad
3252,0451528646,The Adventures of Tom Sawyer & Adventures of Huckleberry Finn,Tom Sawyer & Huckleberry Finn,1876.0,eng,Clásicos
3253,0307596907,The Woman Upstairs,The Woman Upstairs,2013.0,eng,Ficción
3254,0060842350,"The Stupidest Angel: A Heartwarming Tale of Christmas Terror (Pine Cove, #3)",The Stupidest Angel: A Heartwarming Tale of Christmas Terror,2004.0,eng,Terror
3255,0743451503,The Beautiful and Damned,The Beautiful and Damned,1922.0,,Clásicos
3256,0192833723,Confessions,Confessiones Sancti Patris nostri Augustini,397.0,,Religión y espiritualidad
3257,1101875895,Our Souls at Night,Our Souls at Night,2015.0,,Ficción
3258,0515130389,Carolina Moon,Carolina Moon,2000.0,eng,Romántica
3259,1594486247,The Painted Girls,The Painted Girls,2012.0,eng,Ficción histórica
3260,,"UnEnchanted (An Unfortunate Fairy Tale, #1)",UnEnchanted,2011.0,eng,Juvenil
3261,,"The Bedwetter: Stories of Courage, Redemption, and Pee","The Bedwetter: Stories of Courage, Redemption and Pee",2010.0,eng,Memorias
3262,0393332144,"The Talented Mr. Ripley (Ripley, #1)",The Talented Mr. Ripley,1955.0,eng,Thriller
3264,0440164842,"Noble House (Asian Saga, #5)",Noble House,1981.0,eng,Ficción histórica
3265,0843955287,"Dark Prince (Dark, #1)",Dark Prince,1999.0,eng,Romántica
3266,,NARUTO -ナルト- 巻ノ四十三,NARUTO -ナルト- 巻ノ四十三 ,2008.0,jpn,Cómic y novela gráfica
3267,0316216852,The Shining Girls,The Shining Girls,2013.0,eng,Thriller
3268,0393061728,The Zookeeper's Wife,The Zookeeper's Wife: A War Story,2007.0,eng,No ficción
3269,0812998685,Slade House,Slade House,2015.0,eng,Terror
3270,0316253014,An Astronaut's Guide to Life on Earth,An Astronaut’s Guide to Life on Earth,2013.0,eng,Memorias
3271,006121468X,"Ink Exchange (Wicked Lovely, #2)","Ink Exchange (Wicked Lovely, #2)",2008.0,eng,Fantasía
3272,,com نسيان,نسيان كوم,2009.0,ara,Ficción
3273,0099468190,Bleachers,Bleachers,2003.0,eng,Ficción
3274,0007158491,Hop On Pop,Hop on Pop,1963.0,eng,Infantil
3275,0439682584,"Harry Potter Boxed Set, Books 1-5 (Harry Potter, #1-5)",,2003.0,eng,Juvenil
3276,0142406147,"Skeleton Key (Alex Rider, #3)",Skeleton Key,2002.0,eng,Juvenil
3277,0440236738,Gone for Good,Gone for Good,2002.0,eng,Thriller
3278,0006498868,"The Mad Ship (Liveship Traders, #2)",The Mad Ship,1999.0,eng,Fantasía
3279,0590414275,"Inside the Human Body (The Magic School Bus, #3)",Inside the Human Body,1989.0,eng,Infantil
3280,0446611638,"Lost Light (Harry Bosch, #9; Harry Bosch Universe, #11)",Lost Light,2003.0,eng,Misterio
3281,0545522250,"The Iron Trial (Magisterium, #1)",The Iron Trial,2014.0,eng,Juvenil
3282,044042321X,"A Game of Thrones: The Graphic Novel, Vol. 1",A Game of Thrones - The Graphic Novel Volume 1,2011.0,eng,Cómic y novela gráfica
3283,0061728918,"The Carrie Diaries (The Carrie Diaries, #1)",The Carrie Diaries,2010.0,eng,Juvenil
3284,0671042572,Jewel,Jewel (Oprah's Book Club) ,1991.0,,Ficción
3285,0062300806,"The World of Divergent: The Path to Allegiant (Divergent, #2.5)",,2013.0,eng,Juvenil
3286,0842329218,"Tribulation Force (Left Behind, #2)",Tribulation Force: The Continuing Drama of Those Left Behind,1996.0,eng,Ficción
3287,014311638X,Food Rules: An Eater's Manual,Food Rules,2008.0,eng,Cocina
3288,9789776376441,في قلبي أنثى عبرية,في قلبي أنثى عبرية,2012.0,ara,Ficción
3289,0060093366,"Vampire Kisses (Vampire Kisses, #1)",Vampire Kisses,2003.0,eng,Juvenil
3290,0312577214,"Fly Away (Firefly Lane, #2)",Fly Away,2013.0,eng,Ficción
3291,0756402972,"Stone of Farewell (Memory, Sorrow, and Thorn, #2)",Stone of Farewell,1990.0,eng,Fantasía
3292,0517203383,The Exploits of Sherlock Holmes,The Exploits of Sherlock Holmes,1954.0,eng,Misterio
3293,0812976185,One True Thing,One True Thing,1994.0,,Ficción
3294,1609452232,Those Who Leave and Those Who Stay (The Neapolitan Novels #3),Storia di chi fugge e di chi resta,2013.0,eng,Ficción
3295,1841493147,"The Novice (Black Magician Trilogy, #2)",The Novice,2002.0,eng,Fantasía
3296,0316016381,Then We Came to the End,Then We Came to the End,2007.0,eng,Ficción
3297,098836946X,"One Week Girlfriend (One Week Girlfriend, #1)",One Week Girlfriend,2013.0,eng,Romántica
3298,0553575651,"Ship of Destiny (Liveship Traders, #3)",Ship of Destiny,2000.0,eng,Fantasía
3299,140911399X,A Week in Winter,A Week in Winter,2012.0,eng,Ficción
3300,0385536073,Calico Joe,Calico Joe,2012.0,,Ficción
3301,1591163293,"Hana-Kimi, Vol. 1 (Hana-Kimi, #1)",花ざかりの君たちへ 1,1997.0,eng,Cómic y novela gráfica
3302,0765343436,"Daughter of the Forest  (Sevenwaters, #1)",Daughter of the Forest,1999.0,eng,Fantasía
3303,0399229191,The Very Busy Spider,The Very Busy Spider ,1984.0,eng,Infantil
3304,9991373764,Freckle Juice,Freckle Juice,1978.0,eng,Infantil
3305,1591843162,Linchpin: Are You Indispensable?,Linchpin: Are You Indispensable?,2010.0,eng,Negocios
3306,0517266555,Just So Stories,Just So Stories for Little Children,1902.0,,Clásicos
3307,0767913736,The River of Doubt: Theodore Roosevelt's Darkest Journey,The River of Doubt: Theodore Roosevelt's Darkest Journey,2005.0,eng,Historia
3308,0312421702,Complications: A Surgeon's Notes on an Imperfect Science,Complications: A Surgeon's Notes on an Imperfect Science,2002.0,eng,Memorias
3309,045146365X,"Side Jobs: Stories from the Dresden Files (The Dresden Files, #12.5)",Side Jobs: Stories From The Dresden Files,2010.0,eng,Fantasía
3310,0374521344,Camera Lucida: Reflections on Photography,La chambre claire. Note sur la photographie,1980.0,,Ensayo
3311,080411109X,The Hundred Secret Senses,The Hundred Secret Senses,1995.0,eng,Ficción
3312,0778317706,Pretty Baby,Pretty Baby,2015.0,eng,Thriller
3313,0385524943,The Gargoyle,The Gargoyle,2008.0,eng,Ficción
3314,0060593083,"Quicksilver (The Baroque Cycle, #1)",Quicksilver,2003.0,eng,Ficción histórica
3315,1250040159,My Story,,2013.0,eng,Memorias
3316,0810959259,"The Fairy-Tale Detectives (The Sisters Grimm, #1)",The Fairy-Tale Detectives,2005.0,eng,Infantil
3317,0552144290,Mort: The Play,Mort - playtext,1996.0,eng,Fantasía
3318,1596435690,"Birthmarked (Birthmarked, #1)",Birthmarked,2010.0,eng,Ciencia ficción
3319,0061231150,"Skulduggery Pleasant (Skulduggery Pleasant, #1)",Skulduggery Pleasant,2007.0,eng,Juvenil
3320,0156717204,The Philosophy of Andy Warhol (From A to B and Back Again),The Philosophy of Andy Warhol (From A to B and Back Again),1975.0,,Ensayo
3321,0141185260,Pale Fire,Pale Fire,1962.0,eng,Clásicos
3322,0452285453,The Lady and the Unicorn,The Lady and the Unicorn,2003.0,eng,Ficción histórica
3323,0140439056,A Christmas Carol and Other Christmas Writings,A Christmas Carol and Other Christmas Writings,1843.0,eng,Clásicos
3324,0385351836,One More Thing: Stories and Other Stories,One More Thing: Stories and Other Stories,2014.0,eng,Ficción
3325,0552144320,Men at Arms: The Play,,1997.0,eng,Fantasía
3326,0451227190,"Carpe Corpus (The Morganville Vampires, #6)",Carpe Corpus,2009.0,eng,Fantasía
3327,0007491433,The Shock of the Fall,The Shock of the Fall,2013.0,eng,Ficción
3328,0062220969,"Asylum (Asylum, #1)",Asylum,2013.0,eng,Terror
3329,0385540353,The Heart Goes Last,The Heart Goes Last,2015.0,eng,Ciencia ficción
3330,0060788194,"A Fistful of Charms (The Hollows, #4)",A Fistful of Charms,2006.0,eng,Fantasía
3331,1590521196,Desiring God: Meditations of a Christian Hedonist,Desiring God: Meditations of a Christian Hedonist,1986.0,,Religión y espiritualidad
3332,0316213101,The Coldest Girl in Coldtown,The Coldest Girl in Coldtown,2013.0,eng,Fantasía
3333,0446615129,Skinny Dip,Skinny Dip,2004.0,eng,Misterio
3334,1451693591,The Marriage of Opposites,The Marriage of Opposites,2015.0,eng,Ficción histórica
3335,0547386079,Imagine: How Creativity Works,,2012.0,eng,Psicología
3336,0451224639,"Feast of Fools (The Morganville Vampires, #4)",Feast of Fools,2008.0,eng,Fantasía
3337,1442423684,"UnWholly (Unwind, #2)",UnWholly,2012.0,,Ciencia ficción
3338,0316156116,Consider the Lobster and Other Essays,Consider the Lobster,2005.0,eng,Ensayo
3339,1423128192,"The Atlantis Complex (Artemis Fowl, #7)",The Atlantis Complex,2010.0,eng,Juvenil
3340,0345422406,Merrick (The Vampire Chronicles #7),Merrick,2000.0,eng,Fantasía
3341,,"The Bands of Mourning (Mistborn, #6)",The Bands of Mourning,2016.0,eng,Fantasía
3342,0679733736,The Myth of Sisyphus and Other Essays,Le Mythe de Sisyphe,1942.0,eng,Ensayo
3343,0345532740,"Someday, Someday, Maybe","Someday, Someday, Maybe ",2013.0,eng,Ficción
3344,0486275507,The Road Not Taken and Other Poems,Mountain Interval,1916.0,,Poesía
3345,0062348671,Simon vs. the Homo Sapiens Agenda,Simon vs. the Homo Sapiens Agenda,2015.0,eng,Juvenil
3346,014043478X,Wives and Daughters,Wives and Daughters,1866.0,eng,Clásicos
3347,1419704281,"Splintered (Splintered, #1)",Splintered,2013.0,eng,Fantasía
3348,0395181569,The Little House,The Little House,1942.0,eng,Infantil
3349,0684826801,Survival in Auschwitz,Se questo è un uomo,1947.0,eng,Memorias
3350,1423104870,"The Wizard Heir (The Heir Chronicles, #2)",The Wizard Heir,2007.0,eng,Fantasía
3351,0812972120,"The Mysterious Island (Extraordinary Voyages, #12)",L'île mystérieuse,1874.0,eng,Clásicos
3352,014029628X,Girl in Hyacinth Blue,Girl in Hyacinth Blue,1999.0,eng,Ficción histórica
3353,067166154X,Sylvester and the Magic Pebble,Sylvester and the Magic Pebble,1969.0,eng,Infantil
3354,184737459X,"The Lady of the Rivers (The Plantagenet and Tudor Novels, #1)",The Lady of the Rivers,2011.0,eng,Ficción histórica
3355,0525952063,Live Wire (Myron Bolitar #10),Live Wire,2011.0,eng,Thriller
3356,0767927567,Escape,Escape,2007.0,eng,Memorias
3357,044653109X,"The Collectors (Camel Club, #2)",The Collectors,2006.0,eng,Thriller
3358,0330316117,The Hitchhiker's Guide to the Galaxy: A Trilogy in Four Parts,"The Hitchhiker''s Guide to the Galaxy: The Trilogy of Four (Hitchhiker''s Guide, #1-4)",1986.0,eng,Ciencia ficción
3359,0575058080,"Maskerade (Discworld, #18; Witches #5)",Maskerade,1995.0,eng,Fantasía
3360,0345348656,"Lord Foul''s Bane (The Chronicles of Thomas Covenant the Unbeliever, #1)",Lord Foul's Bane,1977.0,eng,Fantasía
3361,0684852861,"First, Break All the Rules: What the World''s Greatest Managers Do Differently","First, Break All the Rules: What the World''s Greatest Managers Do Differently ",1998.0,eng,Negocios
3362,0552154180,"The Last Continent (Discworld, #22; Rincewind #6)",The Last Continent,1998.0,eng,Fantasía
3363,0679882812,Dr. Seuss's ABC: An Amazing Alphabet Book! (Bright and Early Board Books),,1963.0,eng,Infantil
3364,0060512636,Our Town,Our Town: A Play in Three Acts,1938.0,eng,Clásicos
3365,0061566152,"Heartless (Pretty Little Liars, #7)",Heartless,2010.0,eng,Juvenil
3366,0316734950,"Echo Park (Harry Bosch, #12; Harry Bosch Universe, #14)",Echo Park,2006.0,eng,Misterio
3367,0446522597,The Winner,The Winner,1997.0,eng,Thriller
3368,1442465956,Through the Woods,,2014.0,eng,Cómic y novela gráfica
3369,0142407380,"Ark Angel (Alex Rider, #6)",Ark Angel,2005.0,eng,Juvenil
3370,3522168577,Momo,Momo,1973.0,ger,Infantil
3371,,"The Last Town (Wayward Pines, #3)",The Last Town,2014.0,eng,Ciencia ficción
3372,0451474708,Saint Anything,Saint Anything,2015.0,eng,Juvenil
3373,0385350287,The Twelve Tribes of Hattie,The Twelve Tribes of Hattie,2012.0,eng,Ficción
3374,0553584502,The Taking,The Taking,2004.0,eng,Terror
3375,0671729454,"If There Be Thorns (Dollanganger, #3)",If There Be Thorns,1981.0,eng,Terror
3376,0399214577,Owl Moon,Owl Moon,1987.0,eng,Infantil
3377,0812966937,The Gambler, Игрок ,1866.0,eng,Clásicos
3378,0441020011,"Frost Burned (Mercy Thompson, #7)",Frost Burned,2013.0,eng,Fantasía
3379,039397166X,Père Goriot,Le Père Goriot,1834.0,eng,Clásicos
3380,0061655503,"Nemesis (Harry Hole, #4)",Sorgenfri,2002.0,eng,Thriller
3381,0808595040,The Collected Poems,The Collected Poems,1981.0,,Poesía
3382,0312992424,"Night Play (Dark-Hunter #5, Were-Hunter #1)",Night Play,2004.0,eng,Romántica
3383,9781410446145,Aleph,Aleph,2010.0,por,Ficción
3384,,"Perfection (Neighbor from Hell, #2)",Perfection,2011.0,eng,Romántica
3385,0670021253,Too Big to Fail: The Inside Story of How Wall Street and Washington Fought to Save the Financial System from Crisis — and Themselves,Too Big to Fail The Inside Story of How Wall Street and Washington Fought to Save the Financial System from Crisis - and Lost,2008.0,eng,Negocios
3386,0345467531,Magic Hour,Magic Hour,2006.0,eng,Ficción
3387,0143039482,The Winter of Our Discontent,The Winter of our Discontent,1961.0,eng,Clásicos
3388,0679732187,"Absalom, Absalom!","Absalom, Absalom!",1936.0,eng,Clásicos
3389,0141357274,"Girl Online (Girl Online, #1)",Girl Online,2014.0,eng,Juvenil
3390,1416940286,Caddie Woodlawn  (Caddie Woodlawn #1),Caddie Woodlawn,1935.0,eng,Infantil
3391,0345542967,"Tricky Twenty-Two (Stephanie Plum, #22)",,2015.0,eng,Misterio
3392,083081650X,Knowing God,Knowing God,1973.0,eng,Religión y espiritualidad
3393,0786938250,"The Halfling''s Gem (Forgotten Realms: Icewind Dale, #3; Legend of Drizzt, #6)",The Halfling's Gem,1990.0,eng,Fantasía
3394,0525950608,Hold Tight,Hold Tight,2008.0,eng,Thriller
3395,1563892049,The Kindly Ones (The Sandman #9),The Sandman: The Kindly Ones,1996.0,eng,Cómic y novela gráfica
3419,0486419312,Incidents in the Life of a Slave Girl,Incidents in the Life of a Slave Girl Written by Herself,1861.0,eng,Memorias
3396,1563891700,Worlds' End (The Sandman #8),The Sandman: Worlds' End,1995.0,eng,Cómic y novela gráfica
3398,068815932X,The Ugly Duckling,,1843.0,eng,Infantil
3399,1878424440,The Mastery of Love: A Practical Guide to the Art of Relationship --Toltec Wisdom Book,The Mastery of Love: A Practical Guide to the Art of Relationship (Toltec Wisdom Book),1999.0,,Autoayuda
3400,0099478447,The End of the Affair,The End of the Affair,1951.0,eng,Clásicos
3401,145161781X,Who Do You Love,Who Do You Love,2015.0,eng,Romántica
3402,067166607X,Bambi,Bambi - Eine Lebensgeschichte aus dem Walde,1923.0,eng,Infantil
3403,0060512741,The Lathe of Heaven,The Lathe of Heaven,1971.0,eng,Ciencia ficción
3404,0140449086,The Histories,Ἰστορίαι,-440.0,eng,Clásicos
3405,,"Driven (Driven, #1)",Driven,2013.0,eng,Romántica
3406,034549038X,The Dante Club,The Dante Club,2003.0,eng,Ficción histórica
3407,0553382616,"The Shelters of Stone (Earth''s Children, #5)",The Shelters of Stone,2002.0,eng,Ficción histórica
3408,044101738X,"Hunting Ground (Alpha & Omega, #2)",Hunting Ground,2009.0,eng,Fantasía
3409,0061750441,The Winner Stands Alone,O vencedor está só,2008.0,eng,Ficción
3410,0449214192,Centennial,Centennial,1974.0,eng,Ficción histórica
3411,0061779814,"The Body Finder (The Body Finder, #1)",The Body Finder,2010.0,eng,Juvenil
3412,0099481243,Enduring Love,Enduring Love,1997.0,eng,Ficción
3413,0684802031,First Things First,"First Things First: To Live, to Love, to Learn, to Leave a Legacy",1993.0,eng,Autoayuda
3414,141692499X,"Dragonsong (Harper Hall, #1)",Dragonsong ,1976.0,eng,Fantasía
3415,0374404143,Annie on My Mind,Annie on My Mind,1982.0,eng,Juvenil
3416,0061929379,Pirate Latitudes,Pirate Latitudes,2009.0,eng,Aventura
3417,0375724834,Motherless Brooklyn,Motherless Brooklyn,1999.0,eng,Misterio
3418,0552555703,"Noughts & Crosses (Noughts & Crosses, #1)",Noughts & Crosses,2001.0,eng,Juvenil
3420,0385735359,"The Enchantress (The Secrets of the Immortal Nicholas Flamel, #6)",The Enchantress,2012.0,eng,Fantasía
3421,1594202664,Washington: A Life,Washington: A Life,2010.0,eng,Biografía
3422,,"Come Away with Me (With Me in Seattle, #1)",Come Away with Me,2012.0,eng,Romántica
3423,0060763280,Secrets of the Millionaire Mind: Mastering the Inner Game of Wealth,Secrets of the Millionaire Mind: Mastering the Inner Game of Wealth,2005.0,,Autoayuda
3424,0312624697,"Taken at Dusk (Shadow Falls, #3)","Taken at Dusk (Shadow Falls, #3)",2012.0,eng,Juvenil
3425,3423124172,Wonder Boys,Wonder Boys,1995.0,ger,Ficción
3426,,"Taking Chances (Taking Chances, #1)",,2012.0,eng,Romántica
3427,0307700003,The Buddha in the Attic,The Buddha in the Attic,2011.0,eng,Ficción histórica
3428,055337933X,Fierce Invalids Home from Hot Climates,Fierce Invalids Home From Hot Climates,2000.0,eng,Ficción
3429,0385538499,The Winter People,The Winter People,2014.0,eng,Terror
3430,0061869708,"The Lying Game (The Lying Game, #1)",The Lying Game,2010.0,eng,Juvenil
3431,034545894X,"Body Double (Rizzoli & Isles, #4)",Body Double,2004.0,eng,Thriller
3432,147675361X,The Opposite of Loneliness: Essays and Stories,The Opposite of Loneliness,2014.0,eng,Ensayo
3433,0670021482,The Solitude of Prime Numbers,La solitudine dei numeri primi,2008.0,eng,Ficción
3434,,"Clash (Crash, #2)",Clash,2012.0,eng,Romántica
3435,0062224077,"Fortunately, the Milk","Fortunately, the Milk",2013.0,eng,Infantil
3436,078519021X,"Ms. Marvel, Vol. 1: No Normal","Ms. Marvel, Vol. 1: No Normal",2014.0,eng,Cómic y novela gráfica
3437,0425212866,Slave to Sensation (Psy-Changeling #1),Slave to Sensation,2006.0,eng,Romántica
3438,,فلتغفري,فلتغفرى,2013.0,ara,Ficción
3439,0142403709,"Al Capone Does My Shirts (Al Capone at Alcatraz, #1)",Al Capone Does My Shirts,2004.0,eng,Juvenil
3440,0061558222,"The Fall (The Strain Trilogy, #2)",The Fall,2009.0,eng,Terror
3441,0545424984,"The Raven King (The Raven Cycle, #4)",The Raven King,2016.0,eng,Fantasía
3442,0449010880,Bringing Up Bébé: One American Mother Discovers the Wisdom of French Parenting,Bringing up Bébé,2012.0,eng,Autoayuda
3443,0425192733,Portrait of a Killer: Jack the Ripper - Case Closed,Portrait of a Killer: Jack The Ripper - Case Closed,2002.0,eng,No ficción
3444,0060824972,"The Thief (The Queen''s Thief, #1)",The Thief,1996.0,eng,Fantasía
3445,0758216416,"Succubus Blues (Georgina Kincaid, #1)",Succubus Blues,2007.0,eng,Fantasía
3446,0755379284,When God Was a Rabbit,When God Was a Rabbit,2011.0,eng,Ficción
3447,0473235501,Love & Misadventure,Love & Misadventure,2013.0,eng,Poesía
3448,1434767957,Forgotten God: Reversing Our Tragic Neglect of the Holy Spirit,The Forgotten God: Reversing Our Tragic Neglect of the Holy Spirit,2009.0,,Religión y espiritualidad
3450,0060594667,"Crooked Letter, Crooked Letter","Crooked Letter, Crooked Letter",2009.0,eng,Misterio
3451,0486422453,Letters to a Young Poet,Briefe an einen jungen Dichter,1929.0,eng,Ensayo
3452,0064472795,"Princess in the Spotlight (The Princess Diaries, #2)",Princess in the Spotlight,2001.0,eng,Juvenil
3453,1250003326,"Of Poseidon (The Syrena Legacy, #1)",Of Poseidon,2012.0,eng,Juvenil
3454,0312984820,Night Embrace (Dark-Hunter #2),"Night Embrace (Dark-Hunter, #2)",2002.0,eng,Romántica
3455,0446696587,"The Lake House (When the Wind Blows, #2)",The Lake House,2003.0,eng,Thriller
3456,0061340634,Run,Run,2007.0,eng,Ficción
3457,0879234628,Les Fleurs du Mal,Les Fleurs du mal,1857.0,eng,Clásicos
3458,0345543068,"The Heist (Fox and O''Hare, #1)",The Heist,2013.0,eng,Thriller
3459,0192838679,Les Liaisons dangereuses,Les Liaisons dangereuses,1782.0,eng,Clásicos
3460,0486410226,The Railway Children,The Railway Children,1906.0,eng,Infantil
3461,1455566020,"The Last Mile (Amos Decker, #2)",The Last Mile,2016.0,eng,Thriller
3463,0441020429,"Magic Slays (Kate Daniels, #5)",Magic Slays,2011.0,eng,Fantasía
3464,0060595183,The Doors of Perception & Heaven and Hell,The Doors of Perception & Heaven and Hell,1956.0,eng,Ensayo
3465,0440174244,"Rich Man, Poor Man","Rich Man, Poor Man",1969.0,,Ficción
3466,0062413864,What She Knew,What She Knew (Burnt Paper Sky),2015.0,,Thriller
3467,0316069434,"The Black Box (Harry Bosch, #18; Harry Bosch Universe, #22)",The Black Box,2012.0,eng,Misterio
3468,0425162443,The Rapture of Canaan,The Rapture of Canaan,1995.0,eng,Ficción
3469,0060741872,"Alas, Babylon","Alas, Babylon",1959.0,eng,Ciencia ficción
3470,0743499697,"The Third Option (Mitch Rapp, #4)",The Third Option,2000.0,eng,Thriller
3471,0439846803,"The Stonekeeper (Amulet, #1)",The Stonekeeper,2008.0,eng,Cómic y novela gráfica
3472,0374515360,The Complete Stories,The Complete Stories,1971.0,eng,Clásicos
3473,1847386823,"Dark Visions (Dark Visions, #1-3)",Dark Reunion,1991.0,eng,Fantasía
3474,0425265625,"Tower Lord (Raven''s Shadow, #2)",Tower Lord,2014.0,eng,Fantasía
3475,0312380720,Look Again,Look Again,2009.0,eng,Thriller
3476,1573226882,Fever Pitch,Fever Pitch,1992.0,eng,Memorias
3477,8466302948,"Pandora (New Tales of the Vampires, #1)",Pandora,1998.0,spa,Terror
3478,0345533623,"Tricked (The Iron Druid Chronicles, #4)",Tricked,2012.0,eng,Fantasía
3479,1416521690,The Coldest Winter Ever,The Coldest Winter Ever,1999.0,eng,Ficción
3480,0834800799,"Zen Mind, Beginner''s Mind: Informal Talks on Zen Meditation and Practice","Zen Mind, Beginner''s Mind",1970.0,eng,Religión y espiritualidad
3481,0553448188,The Vegetarian,채식주의자 ,2007.0,eng,Ficción
3482,0805211063,The Castle,Das Schloß,1926.0,eng,Clásicos
3483,0425256855,"Emperor of Thorns (The Broken Empire, #3)",Emperor of Thorns,2013.0,eng,Fantasía
3484,1605977276,A Modest Proposal,A Modest Proposal,1729.0,,Clásicos
3485,0307265773,Letter to a Christian Nation,Letter to a Christian Nation,2006.0,eng,Ensayo
3486,006172081X,"Shadow Souls (The Vampire Diaries: The Return, #2)",The Vampire Diaries: The Return: Shadow Souls ,2010.0,eng,Fantasía
3487,0670060291,When It Happens,When It Happens,2006.0,eng,Juvenil
3488,0375756787,The Rise of Theodore Roosevelt,The Rise of Theodore Roosevelt ,1979.0,eng,Biografía
3489,0553562738,"Doomsday Book (Oxford Time Travel, #1)",Doomsday Book,1992.0,eng,Ciencia ficción
3490,1455521191,"The Escape (John Puller, #3)",The Escape,2014.0,eng,Thriller
3536,,"Lady Knight (Protector of the Small, #4)",Lady Knight ,2002.0,,Juvenil
3491,0812994523,Just Mercy: A Story of Justice and Redemption,Just Mercy: A Story of Justice and Redemption,2014.0,eng,Memorias
3492,0552148067,"The Seeress of Kell (The Malloreon, #5)",The Seeress of Kell,1991.0,eng,Fantasía
3493,0446520594,"Many Lives, Many Masters: The True Story of a Prominent Psychiatrist, His Young Patient, and the Past Life Therapy That Changed Both Their Lives","Many Lives, Many Masters",1988.0,eng,Autoayuda
3494,0316225932,"The Burning Room (Harry Bosch, #19; Harry Bosch Universe, #24)",The Burning Room,2014.0,eng,Misterio
3495,0385512058,"Never Eat Alone: And Other Secrets to Success, One Relationship at a Time","Never Eat Alone: And Other Secrets to Success, One Relationship at a Time",2005.0,,Negocios
3496,0061783188,"This Side of the Grave (Night Huntress, #5)","This Side of the Grave (Night Huntress, #5)",2011.0,eng,Fantasía
3497,0679889175,"First Test (Protector of the Small, #1)",First Test,1999.0,eng,Juvenil
3498,0670070297,On the Jellicoe Road,On the Jellicoe Road,2006.0,eng,Juvenil
3499,0395530075,The Natural Way to Draw,The Natural Way to Draw,1941.0,eng,Arte
3500,088038672X,"Streams of Silver (Forgotten Realms: Icewind Dale, #2; Legend of Drizzt, #5)",Streams of Silver (Icewind Dale #2),1989.0,eng,Fantasía
3501,0345475690,Angry Housewives Eating Bon Bons,Angry Housewives Eating Bon Bons,2003.0,eng,Ficción
3502,076366040X,Flora and Ulysses: The Illuminated Adventures,Flora and Ulysses: The Illuminated Adventures,2013.0,eng,Infantil
3503,140130866X,If You Could See Me Now,If You Could See Me Now,2005.0,eng,Romántica
3504,0061159174,The Known World,The Known World,2003.0,eng,Ficción histórica
3505,0141186356,Giovanni's Room,Giovanni's Room,1956.0,eng,Clásicos
3506,1421500167,"Absolute Boyfriend, Vol. 1", 絶対彼氏 (Zettai Kareshi) 1,,eng,Cómic y novela gráfica
3507,0316069515,"The Gods of Guilt (Mickey Haller, #6; Harry Bosch Universe, #23)",The Gods of Guilt,2013.0,eng,Thriller
3508,0142437964,"Swann''s Way (In Search of Lost Time, #1)",Du côté de chez Swann,1913.0,eng,Clásicos
3509,0859536599,"The Little Mouse, the Red Ripe Strawberry, and the Big Hungry Bear","The Little Mouse, the Red Ripe Strawberry, and the Big Hungry Bear",1984.0,eng,Infantil
3510,0515136816,"Cerulean Sins (Anita Blake, Vampire Hunter, #11)","Cerulean Sins (Anita Blake, Vampire Hunter, #11)",2003.0,eng,Fantasía
3511,0553280589,Eva Luna,Eva Luna,1987.0,,Ficción
3512,0385533853,"Robopocalypse (Robopocalypse, #1)",Robopocalypse,2011.0,eng,Ciencia ficción
3513,0553579754,"Fear Nothing (Moonlight Bay, #1)",Fear Nothing ,1998.0,eng,Terror
3514,0061583227,"First Drop of Crimson (Night Huntress World, #1)",First Drop of Crimson,2010.0,eng,Fantasía
3515,0312377630,"Plum Lucky (Stephanie Plum, #13.5)",Plum Lucky ,2008.0,eng,Misterio
3516,0718149122,This Charming Man,This Charming Man,2008.0,eng,Ficción
3517,1846052580,"The 8th Confession (Women''s Murder Club, #8)",The 8th Confession,2009.0,,Thriller
3518,0060533994,"The Secret Diary of Adrian Mole, Aged 13 3/4  (Adrian Mole, #1)","The Secret Diary of Adrian Mole, Aged 13 3/4",1982.0,eng,Ficción
3519,1400034205,The Razor's Edge,The Razor's Edge,1944.0,eng,Clásicos
3520,0399504338,"Amphigorey (Amphigorey, #1)",Amphigorey,1972.0,eng,Cómic y novela gráfica
3521,1401210074,Neil Gaiman's Neverwhere,Neverwhere Graphic Novel,1996.0,eng,Cómic y novela gráfica
3522,0451226259,"Some Girls Bite (Chicagoland Vampires, #1)",Some Girls Bite,2009.0,eng,Fantasía
3523,0141185910,Go Tell It on the Mountain,Go Tell It on the Mountain,1953.0,eng,Clásicos
3524,0142004030,"Lost in a Good Book (Thursday Next, #2)",Lost in a Good Book,2002.0,eng,Fantasía
3525,0812994868,The Reason I Jump: The Inner Voice of a Thirteen-Year-Old Boy with Autism,自閉症の僕が跳びはねる理由～会話のできない中学生がつづる内なる心～,2005.0,eng,Memorias
3526,148473274X,"The Hidden Oracle (The Trials of Apollo, #1)",The Hidden Oracle,2016.0,eng,Juvenil
3527,006178320X,"Once Burned (Night Prince, #1)","Once Burned (Night Prince, #1)",2012.0,eng,Romántica
3528,0385538731,Missoula: Rape and the Justice System in a College Town,Missoula: Rape and the Justice System in a College Town,2015.0,eng,No ficción
3530,0345369351,"Sorceress of Darshiva (The Malloreon, #4)",Sorceress of Darshiva,1989.0,eng,Fantasía
3531,0553805592,"Love Comes Softly (Love Comes Softly, #1)","Love Comes Softly (Love Comes Softly, #1)",1979.0,eng,Romántica
3532,0804178321,"Half a King (Shattered Sea, #1)",Half a King,2014.0,eng,Fantasía
3533,0312997140,"The Prodigal Daughter (Kane & Abel, #2)",The Prodigal Daughter,1982.0,eng,Ficción
3534,,"The Broken Eye (Lightbringer, #3)",The Broken Eye,2014.0,eng,Fantasía
3535,0684807319,The Collected Poems of W.B. Yeats,The Collected Poems of W.B. Yeats,1997.0,eng,Poesía
3537,0446577391,"Stone Cold (Camel Club, #3)",Stone Cold,2007.0,eng,Thriller
3538,,ڤيرتيجو,ڤيرتيجو,2007.0,ara,Ficción
3539,0307020711,Rudolph the Red-Nosed Reindeer,Rudolph the Red-Nosed Reindeer,1958.0,eng,Infantil
3540,0679750533,The Elephant Vanishes,象の消滅 [Zō no shōmetsu],1993.0,eng,Ficción
3541,0345475836,"Gateway (Heechee Saga, #1)",Gateway,1977.0,eng,Ciencia ficción
3542,0071401946,Crucial Conversations: Tools for Talking When Stakes Are High,Crucial Conversations: Tools for Talking When Stakes are High,2001.0,eng,Negocios
3543,0385418493,How the Irish Saved Civilization,How the Irish Saved Civilization: The Untold Story of Ireland's Heroic Role from the Fall of Rome to the Rise of Medieval Europe  ,1995.0,eng,Historia
3544,1582406197,"The Walking Dead, Book One (The Walking Dead #1-12)",,2004.0,eng,Cómic y novela gráfica
3545,0393081575,Gulp: Adventures on the Alimentary Canal,Gulp: Adventures on the Alimentary Canal,2013.0,eng,No ficción
3546,0767903382,Tender at the Bone: Growing Up at the Table,Tender at the Bone: Growing Up at the Table,1998.0,eng,Memorias
3547,0060890312,"Wintersmith (Discworld, #35; Tiffany Aching, #3)",Wintersmith,2006.0,eng,Fantasía
3548,0743457587,The Miracle Worker,The Miracle Worker,1956.0,eng,Ficción
3549,0425267067,"Fever (Breathless, #2)",Fever,2013.0,eng,Romántica
3550,0316677469,The Almost Moon,The Almost Moon,2007.0,eng,Ficción
3551,0307279901,The Children of Men,The Children of Men,1992.0,eng,Ciencia ficción
3552,0140431950,Leviathan,"Leviathan or The Matter, Forme and Power of a Common Wealth Ecclesiasticall and Civil",1651.0,eng,Ensayo
3553,1455581127,Mean Streak,Mean Streak,2014.0,eng,Thriller
3554,,"Fueled (Driven, #2)",Fueled,2013.0,eng,Romántica
3555,159448306X,I Was Told There'd Be Cake,I Was Told There'd Be Cake,2008.0,eng,Memorias
3556,0307277747,Marie Antoinette: The Journey,Marie Antoinette: The Journey,2001.0,eng,Biografía
3557,006440174X,"Good Night, Mr. Tom","Good Night, Mr. Tom",1981.0,eng,Juvenil
3558,1862308160,Forbidden,Forbidden,2010.0,eng,Juvenil
3559,0804170703,"The Thousand-Dollar Tan Line (Veronica Mars, #1)",The Thousand-Dollar Tan Line,2014.0,eng,Misterio
3560,1400079497,The Plot Against America,The Plot Against America,2004.0,eng,Ficción
3561,0786888768,The Tender Bar,The Tender Bar: A Memoir,2005.0,eng,Memorias
3562,0441001866,"Martin the Warrior (Redwall, #6)",Martin the Warrior,1993.0,eng,Infantil
3563,1423118243,"The Exiled Queen (Seven Realms, #2)",The Exiled Queen,2010.0,eng,Fantasía
3564,0446697338,No One Here Gets Out Alive,No One Here Gets Out Alive,1980.0,,Biografía
3565,1416927832,"Misty of Chincoteague (Misty, #1)",Misty of Chincoteague,1947.0,eng,Infantil
3566,0812974018,Black Swan Green,Black Swan Green,2006.0,,Ficción
3567,0452287146,The Other Woman,The Other Woman,2004.0,eng,Romántica
3568,0965030067,A Girl Named Zippy,"A Girl Named Zippy: Growing up Small in Mooreland, Indiana ",2001.0,,Memorias
3569,9784900430617,Nothing Lasts Forever,Nothing Lasts Forever,1994.0,eng,Ficción
3570,0670037605,"Mayflower: A Story of Courage, Community, and War","Mayflower: A Story of Courage, Community, and War",2006.0,eng,Historia
3571,1416547037,Wicked Deeds on a Winter's Night (Immortals After Dark #4),Wicked Deeds on a Winter's Night (Immortals After Dark #4),2007.0,eng,Romántica
3572,1400032539,His Excellency: George Washington,His Excellency: George Washington,2004.0,eng,Biografía
3573,0060539828,"Burning Chrome (Sprawl, #0)",Burning Chrome and Other Stories,1986.0,eng,Ciencia ficción
3574,0007311001,Last Night at Chateau Marmont,Last Night at Chateau Marmont,2010.0,eng,Ficción
3575,1579731813,"Sleeping Beauty (Disney Princess, 5)",Sleeping Beauty,1974.0,eng,Infantil
3576,,"Out of Breath (Breathing, #3)","Out of Breath (Breathing, #3)",2013.0,eng,Romántica
3577,,"The Vampire''s Assistant (Cirque Du Freak, #2)","The Vampire''s Assistant (Cirque du Freak, #2) ",2000.0,,Juvenil
3578,0451457765,Tigana,Tigana,1990.0,eng,Fantasía
3579,0307264556,I Feel Bad about My Neck: And Other Thoughts on Being a Woman,I Feel Bad About My Neck: And Other Thoughts on Being a Woman,2006.0,eng,Ensayo
3580,1406954365,"Little Men (Little Women, #2)","Little Men, or Life at Plumfield with Jo''s Boys",1871.0,eng,Clásicos
3581,0143039946,Gravity's Rainbow,Gravity's Rainbow,1973.0,eng,Ficción
3582,1576737160,"The Ragamuffin Gospel: Good News for the Bedraggled, Beat-Up, and Burnt Out","The Ragamuffin Gospel: Good News for the Bedraggled, Beat-Up, and Burnt Out",1990.0,eng,Religión y espiritualidad
3583,0064472809,"Princess in Love (The Princess Diaries, #3)",Princess in Love,2001.0,eng,Juvenil
3584,0312954468,"River God (Ancient Egypt, #1)",River God,1993.0,eng,Ficción histórica
3585,0679743626,O Pioneers!,O Pioneers!,1913.0,eng,Clásicos
3586,0805079831,The Shock Doctrine: The Rise of Disaster Capitalism,The Shock Doctrine: The Rise of Disaster Capitalism,2006.0,eng,Ensayo
3587,0007557906,The Girl Who Saved the King of Sweden,Analfabeten som kunde räkna,2013.0,eng,Ficción
3588,0060572159,Truth and Beauty,Truth & Beauty: A Friendship,2004.0,eng,Memorias
3589,,"The Vincent Brothers (The Vincent Boys, #2)",The Vincent Brothers,2012.0,eng,Romántica
3590,0099483505,The Tin Drum,Die Blechtrommel,1959.0,eng,Clásicos
3591,0310234697,The Case for Faith: A Journalist Investigates the Toughest Objections to Christianity,,2000.0,eng,Religión y espiritualidad
3592,3401063480,"Smaragdgrün (Edelstein-Trilogie, #3)",Smaragdgrün,2010.0,ger,Juvenil
3593,1599900513,Book of a Thousand Days,Book of a Thousand Days,2007.0,eng,Juvenil
3594,0192123173,The Return of Sherlock Holmes,The Return of Sherlock Holmes,1905.0,eng,Clásicos
3595,0316341517,Mythology: Timeless Tales of Gods and Heroes,Mythology,1942.0,eng,No ficción
3596,0670059838,Llama Llama Red Pajama,"Llama, Llama Red Pajama",2005.0,,Infantil
3597,0452285216,Lies & the Lying Liars Who Tell Them: A Fair & Balanced Look at the Right,Lies and the Lying Liars Who Tell Them: A Fair and Balanced Look at the Right,2003.0,eng,Ensayo
3598,0743264460,Killing Yourself to Live: 85% of a True Story,Killing Yourself to Live: 85% of a True Story,2005.0,eng,Memorias
3599,110188696X,Troublemaker: Surviving Hollywood and Scientology,Troublemaker: Surviving Hollywood and Scientology,2015.0,eng,Memorias
3600,0425161293,Hocus Pocus,Hocus Pocus,1990.0,,Ficción
3601,0765348810,"House of Chains (The Malazan Book of the Fallen, #4)",House of Chains,2004.0,eng,Fantasía
3602,0785129219,Oz: The Wonderful Wizard of Oz,Oz: The Wonderful Wizard of Oz,2010.0,eng,Cómic y novela gráfica
3715,0140435123,Nicholas Nickleby,Nicholas Nickleby,1839.0,eng,Clásicos
3603,0805091742,The Checklist Manifesto: How to Get Things Right,The Checklist Manifesto: How to Get Things Right,2009.0,,Negocios
3604,068817776X,The Nazi Officer's Wife: How One Jewish Woman Survived the Holocaust,The Nazi Officer's Wife: How One Jewish Woman Survived The Holocaust,1999.0,eng,Memorias
3605,0515139742,Northern Lights,Northern Lights,2004.0,eng,Romántica
3606,0061658197,The Pioneer Woman Cooks: Recipes from an Accidental Country Girl,The Pioneer Woman Cooks: Recipes from an Accidental Ranch Wife,2008.0,,Cocina
3607,1622662644,"Opposition (Lux, #5)",Opposition,2014.0,eng,Juvenil
3608,0515139750,"Incubus Dreams (Anita Blake, Vampire Hunter, #12)","Incubus Dreams (Anita Blake, Vampire Hunter, #12)",2004.0,eng,Fantasía
3609,0965900584,"The Fabric of the Cosmos: Space, Time, and the Texture of Reality","The Fabric of the Cosmos: Space, Time and the Texture of Reality",2003.0,eng,Ciencia
3610,0767912241,Babyville,Babyville,2001.0,eng,Ficción
3611,0441017835,"A Touch of Dead (Sookie Stackhouse, #4.1, #4.3, #5.1, #7.1, #8.1)",A Touch of Dead,2009.0,eng,Fantasía
3612,0449000664,"K is for Killer (Kinsey Millhone, #11)",K is for Killer,1994.0,,Misterio
3613,1400031044,My Name Is Asher Lev,My Name Is Asher Lev,1972.0,eng,Ficción
3614,078622469X,"Nicolae (Left Behind, #3)",Nicolae: The Rise of Antichrist,1997.0,eng,Ficción
3615,1250014522,Calling Me Home,Calling Me Home,2012.0,eng,Ficción
3616,0451228219,"Covet (Fallen Angels, #1)",Covet,2009.0,eng,Romántica
3617,1599903423,"Captivate (Need, #2)",Captivate,2010.0,eng,Juvenil
3618,1439102252,Wishful Drinking,Wishful Drinking,2008.0,eng,Memorias
3619,0385339461,"Triptych (Will Trent, #1)",Triptych,2006.0,eng,Thriller
3621,0312352565,"A Fatal Grace (Chief Inspector Armand Gamache, #2)",A Fatal Grace,2007.0,eng,Misterio
3622,0316036277,"The 9th Judgment  (Women''s Murder Club, #9)",The 9th Judgment,2010.0,eng,Thriller
3623,1846058295,Zoo,Zoo,2012.0,eng,Thriller
3624,0545290597,"Vespers Rising (The 39 Clues, #11)",Vespers Rising,2011.0,eng,Juvenil
3625,0393327655,"The End of Faith: Religion, Terror, and the Future of Reason","The End of Faith: Religion, Terror, and the Future of Reason",2004.0,eng,Ensayo
3626,0805076689,"The Adoration of Jenna Fox (Jenna Fox Chronicles, #1)",The Adoration of Jenna Fox,2008.0,eng,Juvenil
3627,1741664489,"The Emperor of Nihon-Ja (Ranger''s Apprentice, #10)",,2011.0,eng,Juvenil
3628,0740748475,The Complete Calvin and Hobbes,The Complete Calvin and Hobbes,2005.0,eng,Cómic y novela gráfica
3629,1569319626,"Ranma ½, Vol. 1 (Ranma ½ (US 2nd), #1)","Ranma ½, Volume 1",1988.0,eng,Cómic y novela gráfica
3630,0061470856,Serena,Serena,2008.0,eng,Ficción
3631,038549565X,Ghost Soldiers: The Epic Account of World War II's Greatest Rescue Mission,Ghost Soldiers: The Epic Account of World War II's Greatest Rescue Mission,2001.0,,Historia
3632,185723135X,"Use of Weapons (Culture, #3)",Use of Weapons,1990.0,eng,Ciencia ficción
3633,,"Pulse (Collide, #2)",Pulse,2013.0,eng,Romántica
3634,0452287898,Love Walked In,Love Walked In,2005.0,eng,Ficción
3635,188896314X,Bone: The Complete Edition,Bone: The Complete Cartoon Epic in One Volume,1991.0,eng,Cómic y novela gráfica
3636,0375846158,"Eragon, Eldest & Brisingr (Inheritance, #1-3)","Eragon, Eldest & Brisingr (Inheritance, #1-3)",2008.0,eng,Fantasía
3637,1416983082,"Thirst No. 1: The Last Vampire, Black Blood, and Red Dice (Thirst, #1)",Thirst No. 1,1998.0,eng,Juvenil
3638,0312424094,Housekeeping,Housekeeping,1980.0,eng,Ficción
3639,0760704066,"The 101 Dalmatians (The Hundred and One Dalmatians, #1)",The Hundred and One Dalmatians,1956.0,eng,Infantil
3640,0006174426,Windmills of the Gods,Windmills of the Gods,1987.0,eng,Thriller
3641,1416556052,The Curious Case of Benjamin Button,The Curious Case of Benjamin Button,1922.0,eng,Clásicos
3642,1853260738,Moll Flanders,The Fortunes and Misfortunes of the Famous Moll Flanders,1722.0,eng,Clásicos
3643,0812978188,Ragtime,Ragtime,1974.0,eng,Ficción histórica
3644,1416509372,"On Basilisk Station (Honor Harrington, #1)",On Basilisk Station ,1992.0,eng,Ciencia ficción
3645,0007240198,Bad Science,"Bad Science: Quacks, Hacks, and Big Pharma Flacks",2008.0,eng,Ciencia
3646,0143036610,Garlic and Sapphires: The Secret Life of a Critic in Disguise,Garlic and Sapphires: The Secret Life of a Critic in Disguise,2005.0,eng,Memorias
3647,,"Panserhjerte (Harry Hole, #8)","Panserhjerte (Harry Hole, #8)",2009.0,nor,Misterio
3648,1416903445,"Wolf-Speaker (Immortals, #2)","Wolf-Speaker (Immortals, #2)",1993.0,eng,Fantasía
3649,,"Rock Me (Ross Siblings, #2)",,2010.0,eng,Romántica
3650,0316925284,A Supposedly Fun Thing I'll Never Do Again:  Essays and Arguments,A Supposedly Fun Thing I'll Never Do Again: Essays and Arguments,1996.0,eng,Ensayo
3651,1421501082,"Nana, Vol. 1 (Nana, #1)",NANA―ナナ― 1,2000.0,eng,Cómic y novela gráfica
3652,0060766204,"Revenge of the Witch (The Last Apprentice / Wardstone Chronicles, #1)","The Spook''s Apprentice (The Last Apprentice / Wardstone Chronicles, #1)",2004.0,eng,Fantasía
3653,0553815024,"The Sinner (Rizzoli & Isles, #3)",The Sinner,2003.0,eng,Thriller
3654,0061161705,"Unseen Academicals (Discworld, #37; Rincewind #8)",Unseen Academicals,2009.0,eng,Fantasía
3655,1416990674,Second Chance Summer,Second Chance Summer,2012.0,eng,Juvenil
3656,1401359604,Bergdorf Blondes,Bergdorf Blondes,2004.0,eng,Ficción
3657,0375829873,"The Chocolate War (Chocolate War, #1)",The Chocolate War,1974.0,eng,Juvenil
3658,0736421971,Beauty and the Beast (Disney),Beauty and the Beast (Little Golden Book),1991.0,,Infantil
3659,125006662X,The Revenant,The Revenant,2002.0,,Aventura
3660,1563892871,The Wake (The Sandman #10),The Sandman: The Wake,1996.0,eng,Cómic y novela gráfica
3661,0060521996,The Innovator's Dilemma: The Revolutionary Book that Will Change the Way You Do Business (Collins Business Essentials),The Innovator's Dilemma: The Revolutionary Book that Will Change the Way You Do Business (Collins Business Essentials),1997.0,,Negocios
3662,030700113X,Lady and the Tramp,Lady and the Tramp (Little Golden Book),1940.0,eng,Infantil
3663,9780439013192,"Squire (Protector of the Small, #3)",Squire,2001.0,eng,Fantasía
3664,1406309354,"Snakehead (Alex Rider, #7)",Snakehead,2007.0,eng,Juvenil
3665,1423147947,"Out of Sight, Out of Time (Gallagher Girls, #5)","Out of Sight, Out of Time",2012.0,eng,Juvenil
3667,0805098542,Killing Jesus: A History,Killing Jesus: A History ,2013.0,eng,Historia
3668,0060580674,"Sandstorm (Sigma Force, #1)",Sandstorm,2004.0,eng,Thriller
3669,0670869759,A Course in Miracles,A Course in Miracles,1975.0,,Religión y espiritualidad
3670,031621762X,"Cibola Burn (The Expanse, #4)",Cibola Burn,2014.0,eng,Ciencia ficción
3671,0751531189,The Charm School,The Charm School,1988.0,eng,Thriller
3672,1401200761,"Y: The Last Man, Vol. 2: Cycles (Y: The Last Man, #2)",Y: The Last Man Vol. 2: Cycles,2003.0,eng,Cómic y novela gráfica
3673,0061138010,"White Witch, Black Curse (The Hollows, #7)","White Witch, Black Curse",2009.0,eng,Fantasía
3674,1401902162,The Power of Intention: Learning to Co-create Your World Your Way,‎The Power of Intention‎,2004.0,,Autoayuda
3675,0609809644,Genghis Khan and the Making of the Modern World,Genghis Khan and the Making of the Modern World,2004.0,eng,Historia
3676,0393960420,Sister Carrie,Sister Carrie,1900.0,eng,Clásicos
3677,,"The Gray Wolf Throne (Seven Realms, #3)",The Gray Wolf Throne,2011.0,eng,Fantasía
3678,9793062797,"Laskar Pelangi (Tetralogi Laskar Pelangi, #1)",Laskar Pelangi,2005.0,ind,Ficción
3679,1934964387,"Scott Pilgrim, Volume 6: Scott Pilgrim''s Finest Hour","Scott Pilgrim, Volume 6: Scott Pilgrim''s Finest Hour",2010.0,eng,Cómic y novela gráfica
3680,0425198731,"Blow Fly (Kay Scarpetta, #12)",Blow Fly,2003.0,eng,Thriller
3681,0758213506,"Chocolate Chip Cookie Murder (Hannah Swensen, #1)",Chocolate Chip Cookie Murder,2000.0,eng,Misterio
3682,0061988340,"Lost in Shangri-la: A True Story of Survival, Adventure, and the Most Incredible Rescue Mission of World War II",Lost in Shangri-la,2011.0,eng,Historia
3683,0316051640,"The Disappearing Spoon: And Other True Tales of Madness, Love, and the History of the World from the Periodic Table of the Elements","The Disappearing Spoon: And Other True Tales of Madness, Love, and the History of the World from the Periodic Table of the Elements",2010.0,eng,Ciencia
3684,0061002828,The Hellbound Heart,The Hellbound Heart,1986.0,eng,Terror
3685,0345534522,Empty Mansions: The Mysterious Life of Huguette Clark and the Spending of a Great American Fortune,Empty Mansions: The Mysterious Life of Huguette Clark and the Spending of a Great American Fortune,2013.0,eng,Biografía
3686,0007178379,Remarkable Creatures ,Remarkable Creatures,2009.0,eng,Ficción histórica
3687,0451225724,"Lord of Misrule (The Morganville Vampires, #5)",Lord of Misrule,2008.0,eng,Fantasía
3688,0446611239,"The Cabinet of Curiosities (Pendergast, #3)",The Cabinet of Curiosities,2001.0,eng,Thriller
3689,0883681056,The Practice of the Presence of God,The Practice of the Presence of God,1691.0,,Religión y espiritualidad
3690,,"Second Son (Jack Reacher, #15.5)",Second Son,2011.0,,Thriller
3691,9781480598034,Take Me with You,,2014.0,eng,Ficción
3826,068987121X,"Over Sea, Under Stone (The Dark Is Rising, #1)","Over Sea, Under Stone",1965.0,,Fantasía
3692,037575931X,Crossing to Safety,Crossing to Safety,1987.0,eng,Ficción
3693,0399157387,"Buried Prey (Lucas Davenport, #21)",Buried Prey,2011.0,eng,Thriller
3694,1400203759,Love Does: Discover a Secretly Incredible Life in an Ordinary World,Discover an Incredible Life in an Ordinary World,2012.0,eng,Autoayuda
3695,0060555661,The Intelligent Investor (Collins Business Essentials),The Intelligent Investor,2003.0,eng,Negocios
3696,055380202X,The Universe in a Nutshell,The Universe in a Nutshell,2001.0,eng,Ciencia
3697,0316123358,"The Heroes (First Law World, #5)",The Heroes,2011.0,eng,Fantasía
3698,0590225170,The Real Mother Goose,The Real Mother Goose,1916.0,,Infantil
3699,048641423X,An Ideal Husband,An Ideal Husband,1893.0,eng,Clásicos
3700,0192839934,Richard III,The Tragedy of King Richard the Third,1591.0,,Clásicos
3701,1476792488,"After (After, #1)",After,2014.0,eng,Romántica
3703,0099282194,"The Human Stain (The American Trilogy, #3)",The Human Stain,2000.0,eng,Ficción
3704,1442495995,The Bane Chronicles,The Bane Chronicles,2014.0,eng,Fantasía
3705,0446699543,"The Narrows (Harry Bosch, #10; Harry Bosch Universe, #12)",The Narrows,2004.0,eng,Thriller
3706,,"The Opportunist (Love Me with Lies, #1)",The Opportunist,2011.0,eng,Romántica
3707,1401307787,"Wherever You Go, There You Are: Mindfulness Meditation in Everyday Life","Wherever You Go, There You Are: Mindfulness Meditation in Everyday Life",1994.0,eng,Autoayuda
3708,0802142443,Kitchen,キッチン [Kitchen],1988.0,eng,Ficción
3709,0312999526,"The Bourne Legacy (Jason Bourne, #4)",Robert Ludlum's The Bourne Legacy,2003.0,eng,Thriller
3710,0743474155,"A Kingdom of Dreams (Westmoreland, #1)",A Kingdom of Dreams ,1989.0,eng,Romántica
3711,0316056219,"Ship Breaker (Ship Breaker, #1)",Ship Breaker,2010.0,eng,Ciencia ficción
3712,0439650763,"Gregor and the Prophecy of Bane (Underland Chronicles, #2)",Gregor and the Prophecy of Bane,2004.0,eng,Juvenil
3713,0316159786,Beach Road,Beach Road,2006.0,eng,Thriller
3714,0399256601,"The Name of the Star (Shades of London, #1)",The Name of the Star,2011.0,,Juvenil
3716,0345506405,"Dean Koontz''s Frankenstein, Volume 1: Prodigal Son",Dean Koontz's Frankenstein: Prodigal Son Volume 1 (Frankenstein),2008.0,eng,Cómic y novela gráfica
3717,0143037498,The Social Contract,Du contrat social: ou Principes du droit politique,1762.0,eng,Clásicos
3718,1416905855,"Chains (Seeds of America, #1)",Chains,2008.0,eng,Juvenil
3719,9871144261,El túnel,El túnel,1948.0,spa,Clásicos
3720,0451528816,The Federalist Papers,The Federalist,1787.0,eng,Historia
3721,0316009857,Keeping You a Secret,Keeping You a Secret,2007.0,,Juvenil
3722,1609452860,"The Story of the Lost Child (The Neapolitan Novels, #4)",Storia della bambina perduta,2014.0,eng,Ficción
3723,0786838183,The Disreputable History of Frankie Landau-Banks,The Disreputable History of Frankie Landau-Banks,2008.0,eng,Juvenil
3724,0143145444,The Postmistress,The Postmistress,2009.0,eng,Ficción histórica
3725,0316187704,"Rise of Empire (The Riyria Revelations, #3-4)",Rise of Empire,2010.0,eng,Fantasía
3726,1416913629,Tweak: Growing Up On Methamphetamines,Tweak: Growing Up On Methamphetamines,2008.0,eng,Memorias
3727,0316098795,"The Rook (The Checquy Files, #1)",The Rook,2012.0,eng,Fantasía
3728,0803731531,"The Looking Glass Wars (The Looking Glass Wars, #1)",The Looking Glass Wars,2004.0,eng,Fantasía
3729,1416549129,"The Other Queen (The Plantagenet and Tudor Novels, #15)",The Other Queen,2008.0,eng,Ficción histórica
3730,0061843407,Labor Day,Labor Day,2009.0,eng,Ficción
3731,0385611072,"I Shall Wear Midnight (Discworld, #38; Tiffany Aching, #4)",I Shall Wear Midnight,2010.0,eng,Fantasía
3732,,"Beautiful Player (Beautiful Bastard, #3)",Beautiful Player,2013.0,eng,Romántica
3733,0812993012,"Creativity, Inc.: Overcoming the Unseen Forces That Stand in the Way of True Inspiration","Creativity, Inc.: Overcoming the Unseen Forces That Stand in the Way of True Inspiration",2009.0,eng,Negocios
3734,0810959542,The Diary of Frida Kahlo: An Intimate Self-Portrait,El diario de Frida Kahlo: Un íntimo autorretrato ,1995.0,eng,Memorias
3735,0452253802,Creepshow,Creepshow,1982.0,eng,Cómic y novela gráfica
3736,0062101897,Harry Potter Page to Screen: The Complete Filmmaking Journey,Harry Potter Page to Screen: The Complete Filmmaking Journey,2011.0,,No ficción
3737,1841580651,"Gods and Generals (The Civil War Trilogy, #1)",Gods and Generals,1996.0,eng,Ficción histórica
3738,0373773102,The Darkest Pleasure (Lords of the Underworld #3),The Darkest Pleasure,2008.0,eng,Romántica
3739,0312368577,"Many Waters (A Wrinkle in Time Quintet, #4)",Many Waters,1986.0,eng,Juvenil
3740,0805017585,"Panda Bear, Panda Bear, What Do You See?","Panda Bear, Panda Bear, What Do You See?",2003.0,eng,Infantil
3741,0553807250,"Love You More (Tessa Leoni, #1; Detective D.D. Warren, #5)",Love You More,2011.0,eng,Thriller
3742,0439796636,"War Horse (War Horse, #1)",War Horse,1982.0,eng,Juvenil
3743,0064434508,The Grouchy Ladybug,The Grouchy Ladybug,1977.0,,Infantil
3744,0156029022,"A Drink Before the War (Kenzie & Gennaro, #1)",A Drink Before the War,1994.0,eng,Misterio
3745,0312368461,"Heartsick (Archie Sheridan & Gretchen Lowell, #1)",Heartsick,2007.0,eng,Thriller
3746,1609089464,"Edenbrooke (Edenbrooke, #1)",Edenbrooke,2012.0,eng,Romántica
3747,0062257838,The Perfume Collector,The Perfume Collector,2013.0,eng,Ficción histórica
3748,,"Seduction and Snacks (Chocolate Lovers, #1)","Seduction and Snacks (Chocolate Lovers, #1)",2012.0,eng,Romántica
3749,0062265946,"Sweet Peril (Sweet, #2)",,2013.0,eng,Juvenil
3750,0765354950,"Reliquary (Pendergast, #2)",Reliquary,1997.0,eng,Thriller
3751,140006872X,"Blood, Bones, and Butter: The Inadvertent Education of a Reluctant Chef","Blood, Bones and Butter: The Inadvertent Education of a Reluctant Chef",2001.0,eng,Memorias
3752,,"Poirot Investiga (Hércules Poirot, #3)",Poirot Investigates,1924.0,spa,Misterio
3753,0439827604,"Harry Potter Collection (Harry Potter, #1-6)","Harry Potter Collection (Harry Potter, #1-6)",2005.0,eng,Fantasía
3754,0586010165,The Naked Sun (Robot #2),The Naked Sun,1957.0,eng,Ciencia ficción
3755,0974607800,Bartleby the Scrivener,"Bartleby, the Scrivener: A Story of Wall Street",1853.0,eng,Clásicos
3756,1501111671,The Bazaar of Bad Dreams,The Bazaar of Bad Dreams,2015.0,eng,Terror
3757,0374173958,"The Hypnotist (Joona Linna, #1)",Hypnotisören,2009.0,eng,Thriller
3758,0345338588,"On a Pale Horse (Incarnations of Immortality, #1)",On a Pale Horse,1983.0,eng,Fantasía
3759,0441017770,"Sookie Stackhouse 7-copy Boxed Set (Sookie Stackhouse, #1-7)","Sookie Stackhouse, Books 1-7",2008.0,,Fantasía
3939,0500237514,History of Art,History of Art,1962.0,eng,Arte
3760,0007165161,Are You Afraid of the Dark?,The Sands of Time,1985.0,eng,Thriller
3761,0060989157,The Dirt: Confessions of the World's Most Notorious Rock Band,The Dirt: Confessions of the World's Most Notorious Rock Band,2001.0,eng,Memorias
3762,0007169973,Ten Apples Up On Top!,Ten Apples Up on Top,1961.0,eng,Infantil
3763,0451527704,An American Tragedy,An American Tragedy ,1925.0,eng,Clásicos
3764,0684862212,The Snows of Kilimanjaro and Other Stories,The Snows of Kilimanjaro and Other Stories,1938.0,eng,Clásicos
3765,1560601760,Anne McCaffrey's Dragonflight #1,,1991.0,eng,Cómic y novela gráfica
3766,031609966X,Silver Girl,Silver Girl,2011.0,eng,Ficción
3767,0425190374,Practical Magic,Practical Magic,1995.0,eng,Fantasía
3768,034553364X,"Trapped (The Iron Druid Chronicles, #5)",Trapped ,2012.0,eng,Fantasía
3769,0439474299,"Midnight for Charlie Bone (The Children of the Red King, #1)",Midnight for Charlie Bone,2002.0,eng,Juvenil
3770,0553499114,"Illuminae (The Illuminae Files, #1)",Illuminae,2015.0,eng,Ciencia ficción
3771,0812521390,"The Black Company (The Chronicles of the Black Company, #1)",The Black Company,1984.0,eng,Fantasía
3772,0316954993,"War and Remembrance (The Henry Family, #2)",War and Remembrance,1978.0,eng,Ficción histórica
3773,1567921892,The Woman in Black,The Woman in Black,1983.0,eng,Terror
3774,0064402754,The Best Christmas Pageant Ever (The Herdmans #1),The Best Christmas Pageant Ever,1972.0,eng,Infantil
3775,,"A Game of Thrones / A Clash of Kings (A Song of Ice and Fire, #1-2)",A Clash of Kings,1996.0,,Fantasía
3776,0385333765,"King Rat (Asian Saga, #4)",King Rat,1962.0,eng,Ficción histórica
3777,0061449156,"Fear (Gone, #5)",Fear,2012.0,eng,Juvenil
3778,1311051155,"Never Never: Part Two (Never Never, #2)",,2015.0,eng,Juvenil
3779,0099642611,The Fourth Protocol,The Fourth Protocol,1984.0,eng,Thriller
3780,0770429459,"Lord John and the Private Matter (Lord John Grey, #1)",Lord John and the Private Matter,2003.0,eng,Ficción histórica
3781,0373210264,"The Goddess Test (Goddess Test, #1)",The Goddess Test,2011.0,eng,Juvenil
3782,1594489254,"The Ghost Map: The Story of London''s Most Terrifying Epidemic - and How It Changed Science, Cities, and the Modern World",The Ghost Map,2006.0,eng,Historia
3783,0062048503,"Eve (Eve, #1)",Eve,2011.0,eng,Juvenil
3784,1455521205,"The Target (Will Robie, #3)",The Target,2014.0,eng,Thriller
3785,0141187166,On Photography,On Photography,1973.0,eng,Ensayo
3786,074327041X,"Protect and Defend (Mitch Rapp, #10)",Protect and Defend,2007.0,eng,Thriller
3787,0140244824,Songs in Ordinary Time,Songs in Ordinary Time,1995.0,eng,Ficción
3788,1400080665,Thunderstruck,Thunderstruck,2006.0,eng,No ficción
3789,0385520697,"Physics of the Impossible: A Scientific Exploration into the World of Phasers, Force Fields, Teleportation, and Time Travel","Physics of the Impossible: A Scientific Exploration of the World of Phasers, Force Fields, Teleportation, and Time Travel",2008.0,eng,Ciencia
3791,1841954314,The Crimson Petal and the White,The Crimson Petal and the White,2002.0,eng,Ficción histórica
3792,0385520514,A Spot of Bother,A Spot of Bother,2006.0,eng,Ficción
3793,1595143211,"Silver Shadows (Bloodlines, #5)",Silver Shadows,2014.0,eng,Juvenil
3794,0552998761,"Tales of the City (Tales of the City, #1)",Tales of the City,1978.0,eng,Ficción
3795,0007157169,"Perelandra (Space Trilogy, #2)",Perelandra,1943.0,eng,Ciencia ficción
3796,1416950079,"Tricks (Tricks, #1)",Tricks,2009.0,eng,Juvenil
3797,0060891564,Eaters of the Dead,Eaters of the Dead,1976.0,,Ficción histórica
3798,0316187712,"Heir of Novron (The Riyria Revelations, #5-6)",Heir of Novron,2012.0,eng,Fantasía
3799,0809594080,The Legend of Sleepy Hollow,The Legend of Sleepy Hollow,1820.0,eng,Clásicos
3800,0425224201,Just the Sexiest Man Alive,Just the Sexiest Man Alive,2008.0,eng,Romántica
3801,0316036269,"10th Anniversary (Women''s Murder Club, #10)",10th Anniversary,2011.0,eng,Misterio
3802,0755309510,The Island,The Island,2005.0,eng,Ficción histórica
3803,0553804812,The Good Guy,The Good Guy,1989.0,eng,Thriller
3804,042520992X,Whispers,Whispers,1980.0,eng,Thriller
3805,0385342314,"The Weed That Strings the Hangman''s Bag (Flavia de Luce, #2)",The Weed That Strings the Hangman's Bag,2010.0,eng,Misterio
3806,0425203891,Hideaway,Hideaway,1992.0,eng,Thriller
3807,0312956738,"Knots and Crosses (Inspector Rebus, #1)",Knots & Crosses,1987.0,eng,Misterio
3808,0151365040,A Good Man is Hard to Find and Other Stories,"A Good Man Is Hard to Find, and Other Stories",1953.0,,Clásicos
3809,1582404135,"The Walking Dead, Vol. 02: Miles Behind Us","The Walking Dead, Vol. 2: Miles Behind Us",2004.0,eng,Cómic y novela gráfica
3810,1591842336,Tribes: We Need You to Lead Us,Tribes: We Need You to Lead Us,2008.0,eng,Negocios
3811,0060858796,Wasted: A Memoir of Anorexia and Bulimia,Wasted: A Memoir of Anorexia and Bulimia ,1997.0,eng,Memorias
3812,1400065747,Every Last One,,2010.0,eng,Ficción
3813,1435122941,Alice's Adventures in Wonderland & Other Stories,,1865.0,eng,Clásicos
3814,0061138037,"Black Magic Sanction (The Hollows, #8)",Black Magic Sanction,2010.0,eng,Fantasía
3815,1609611543,"Wheat Belly: Lose the Wheat, Lose the Weight, and Find Your Path Back to Health","Wheat Belly: Lose the Wheat, Lose the Weight, and Find Your Path Back to Health ",2011.0,eng,Autoayuda
3816,,"End of Days (Penryn & the End of Days, #3)",End of Days,2015.0,eng,Juvenil
3817,0345350804,The Best of H.P. Lovecraft: Bloodcurdling Tales of Horror and the Macabre,The Best of H.P. Lovecraft ,1963.0,eng,Terror
3818,0060548258,"The Crystal Cave (Arthurian Saga, #1)",The Crystal Cave,1970.0,eng,Fantasía
3819,0061138061,"Pale Demon (The Hollows, #9)",Pale Demon,2011.0,eng,Fantasía
3820,0141182342,The Call of Cthulhu and Other Weird Stories,The Call of Cthulhu and Other Weird Stories,1926.0,eng,Terror
3821,0399142789,"Conversations with God: An Uncommon Dialogue, Book 1","Conversations with God, An Uncommon Dialogue: Living in the World with Honesty, Courage, and Love, Book 1",1995.0,eng,Religión y espiritualidad
3822,1476785651,You're Never Weird on the Internet (Almost),You're Never Weird on the Internet (Almost),2015.0,eng,Memorias
3823,0316120553,Now You See Her,Now You See Her,2011.0,eng,Thriller
3824,0425150984,"Glory in Death (In Death, #2)",Glory in Death,1995.0,eng,Thriller
3825,0785165622,"Hawkeye, Volume 1: My Life as a Weapon","Hawkeye, Volume 1: My Life as a Weapon",2013.0,eng,Cómic y novela gráfica
3827,1401223176,Batman: Hush,Absolute Batman Hush,2002.0,eng,Cómic y novela gráfica
3828,0375713271,After the Quake,神の子どもたちはみな踊る,2000.0,eng,Ficción
3829,0316018783,"I, Alex Cross (Alex Cross, #16)","I, Alex Cross",2009.0,eng,Thriller
3830,0064409597,"Love That Dog (Jack, #1)",Love That Dog,2001.0,eng,Infantil
3831,0452281903,A Man Named Dave (Dave Pelzer #3),A Man Named Dave: A Story of Triumph and Forgiveness,1999.0,eng,Memorias
3832,0515142816,"Danse Macabre (Anita Blake, Vampire Hunter, #14)","Danse Macabre (Anita Blake, Vampire Hunter, #14)",2006.0,eng,Fantasía
3833,0809599813,"Tarzan of the Apes (Tarzan, #1)",Tarzan of the Apes,1912.0,eng,Aventura
3834,0345341678,"The White Dragon (Pern, #3)","The White Dragon (Pern: Dragonriders of Pern, #3)",1978.0,,Ciencia ficción
3835,0451221257,"Bright Lights, Big Ass: A Self-Indulgent, Surly, Ex-Sorority Girl''s Guide to Why It Often Sucks in the City, or Who Are These Idiots and Why Do They All Live Next Door to Me?","Bright Lights, Big Ass: A Self-Indulgent, Surly, Ex-Sorority Girl''s Guide to Why it Often Sucks in the City, or Who are These Idiots and Why Do They All Live Next Door to Me?",2007.0,eng,Memorias
3836,074974801X,"The Magic Faraway Tree (The Faraway Tree, #2)",The Magic Faraway Tree,1943.0,eng,Infantil
3837,0385491034,The Robber Bride,The Robber Bride,1993.0,eng,Ficción
3838,044640103X,"Pleasure Unbound (Demonica, #1)",Pleasure Unbound,2008.0,eng,Romántica
3839,0553589393,"Midnight Awakening (Midnight Breed, #3)",Midnight Awakening ,2007.0,eng,Romántica
3840,0500275823,The Shock of the New,The Shock of the New,1980.0,,Arte
3841,0312379293,A Prisoner of Birth,A Prisoner of Birth,2008.0,eng,Thriller
3842,1416983090,"Thirst No. 2: Phantom, Evil Thirst, and Creatures of Forever (Thirst, #2)",Thirst No. 2,2010.0,eng,Terror
3843,1595543414,Thr3e,Thr3e,2003.0,,Thriller
3844,0618001905,King Leopold's Ghost,King Leopold's Ghost,1998.0,eng,Historia
3845,9781846057908,Guilty Wives,Guilty Wives,2012.0,eng,Thriller
3846,1451635753,"Between the Lines (Between the Lines, #1)",Between the Lines,2012.0,eng,Juvenil
3847,0778329860,The Midwife's Confession,The Midwife's Confession,2011.0,eng,Ficción
7413,9782755623215,Black Lies,Black Lies,2014.0,eng,Thriller
3848,9781432874766,"Tales from a Not-So-Talented Pop Star (Dork Diaries, #3)",Tales From a Not-So-Talented Pop Star,2011.0,eng,Infantil
3849,0375424148,Habibi,Habibi,2011.0,eng,Cómic y novela gráfica
3850,0316196991,"The House of Silk (Sherlock Holmes, #1)",The House of Silk,2011.0,eng,Misterio
3851,0446679097,"The Lion''s Game (John Corey, #2)",The Lion's Game,2000.0,,Thriller
3852,1937053148,"Deity (Covenant, #3)",Deity,2012.0,eng,Fantasía
3853,0451529456,Walden & Civil Disobedience,,1854.0,eng,Clásicos
3854,1421527642,"Black Bird, Vol. 01 (Black Bird, #1)","Black Bird, Volume 1",2007.0,eng,Cómic y novela gráfica
3855,,"Paper Princess (The Royals, #1)",Paper Princess,2016.0,eng,Juvenil
3856,0312315732,Little Children,Little Children,2004.0,,Ficción
3857,0394402677,The Boys from Brazil,The Boys from Brazil,1976.0,eng,Thriller
3858,0061056901,"Interesting Times (Discworld, #17; Rincewind #5)",Interesting Times,1994.0,eng,Fantasía
3859,1416576754,Dark Desires After Dusk (Immortals After Dark #6),Dark Desires After Dusk,2008.0,eng,Romántica
3860,0152045651,"Searching for Dragons (Enchanted Forest Chronicles, #2)",,1991.0,eng,Fantasía
3861,0385534795,The Sandcastle Girls,The Sandcastle Girls,2012.0,,Ficción histórica
3862,0451229738,"Kiss of Death (The Morganville Vampires, #8)",Kiss of Death,2010.0,eng,Fantasía
3863,162704017X,"Fixed on You (Fixed, #1)",Fixed on You,2013.0,eng,Romántica
3864,0759529515,"Maximum Ride, Vol. 1 (Maximum Ride: The Manga, #1)","Maximum Ride: The Manga, Vol. 1",2009.0,eng,Cómic y novela gráfica
3865,1455806935,"The Last Boyfriend (Inn BoonsBoro, #2)",The Last Boyfriend,2012.0,eng,Romántica
3866,156947981X,"The Boy in the Suitcase (Nina Borg, #1)",Drengen i kufferten,2008.0,eng,Thriller
3867,1594487138,So You've Been Publicly Shamed,So You’ve Been Publicly Shamed,2015.0,eng,Ensayo
3868,0140449272,The Symposium,Συμπόσιον,-385.0,eng,Clásicos
3869,0571215165,Vernon God Little,Vernon God Little,2003.0,eng,Ficción
3870,0446667900,"A Darkness More Than Night (Harry Bosch, #7; Terry McCaleb, #2; Harry Bosch Universe, #9)",A Darkness More Than Night,2000.0,eng,Misterio
3871,0142408794,Otherwise Known as Sheila the Great (Fudge #2),Otherwise Known as Sheila the Great,1972.0,,Infantil
3872,0684843269,for colored girls who have considered suicide/when the rainbow is enuf,For Colored Girls Who Have Considered Suicide When the Rainbow Is Enuf ,1975.0,eng,Poesía
3873,0399175164,The Obsession,The Obsession,2016.0,eng,Romántica
3874,0515140872,"Micah (Anita Blake, Vampire Hunter, #13)","Micah (Anita Blake, Vampire Hunter, #13)",2006.0,eng,Fantasía
3875,0451230647,"Twice Bitten (Chicagoland Vampires, #3)",Twice Bitten ,2010.0,eng,Fantasía
3876,0751525359,"The Last Precinct (Kay Scarpetta, #11)",The Last Precinct,2000.0,eng,Misterio
3877,0307596850,Girls in White Dresses,Girls in White Dresses,2011.0,eng,Ficción
3878,0143039598,Cold Comfort Farm,Cold Comfort Farm,1932.0,eng,Ficción
3879,9780525426431,"Just One Year (Just One Day, #2)",Just One Year,2013.0,eng,Juvenil
3880,1250109302,"One with You (Crossfire, #5)",One With You,2016.0,eng,Romántica
3881,3822812153,Vincent Van Gogh: The Complete Paintings,,1988.0,eng,Arte
3882,0307951529,"The $100 Startup: Reinvent the Way You Make a Living, Do What You Love, and Create a New Future",,2012.0,eng,Negocios
3883,0060735457,"The Lust Lizard of Melancholy Cove (Pine Cove, #2)",The Lust Lizard of Melancholy Cove,1999.0,eng,Ficción
3884,0553281747,"Mona Lisa Overdrive (Sprawl, #3)",Mona Lisa Overdrive,1988.0,eng,Ciencia ficción
3885,0385689225,Born a Crime: Stories From a South African Childhood,,2016.0,eng,Memorias
3886,044022912X,"The Cay (The Cay, #1)",The Cay,1969.0,eng,Juvenil
3887,0671744216,The Secret (Highlands' Lairds #1),The Secret,1992.0,eng,Romántica
3888,0316025054,North of Beautiful,North of Beautiful,2009.0,eng,Juvenil
3889,014023313X,The Stone Diaries,The Stone Diaries,1993.0,eng,Ficción
3890,0736908552,The Power of a Praying Woman,The Power of a Praying Woman,1997.0,,Religión y espiritualidad
3891,0312364687,"Shoe Addicts Anonymous (Shoe Addict, #1)",Shoe Addicts Anonymous ,2007.0,eng,Ficción
3892,0385315147,Smilla's Sense of Snow,Frøken Smillas fornemmelse for sne,1992.0,eng,Misterio
4033,0670785601,The Moon and More,The Moon and More,2013.0,eng,Juvenil
3893,0060740221,Shakespeare: The World as Stage,Shakespeare: The World as Stage ,2007.0,eng,Biografía
3894,0440235162,The Smoke Jumper,The Smoke Jumper,2001.0,eng,Ficción
3895,0803733569,Willow,Willow,2009.0,eng,Juvenil
3896,0743222253,Living History,Living History,2003.0,eng,Memorias
3897,1563898683,Batman: Dark Victory,Batman: Dark Victory,2000.0,eng,Cómic y novela gráfica
3898,0374105979,The Hare With Amber Eyes: A Family's Century of Art and Loss,The Hare with Amber Eyes: A Family's Century of Art and Loss,2009.0,eng,Memorias
3900,0679890483,"Hand, Hand, Fingers, Thumb","Hand, Hand, Fingers, Thumb",1969.0,,Infantil
3901,0385742371,"Starters (Starters, #1)",Starters,2012.0,eng,Ciencia ficción
3902,141654707X,Dark Needs at Night's Edge (Immortals After Dark #5),Dark Needs at Night's Edge,2008.0,eng,Romántica
3903,0802133908,Pedro Páramo,Pedro Páramo,1955.0,eng,Clásicos
3904,0553213156,"Anne of Ingleside (Anne of Green Gables, #6)",Anne of Ingleside,1939.0,eng,Juvenil
3905,1401303366,The Middle Place,The Middle Place,2005.0,,Memorias
3906,0385340605,Deal Breaker (Myron Bolitar #1),Deal Breaker,1995.0,eng,Thriller
3907,0393974995,The Waste Land,The Waste Land,1922.0,eng,Poesía
3908,1455557102,The Royal We,The Royal We,2015.0,eng,Romántica
3909,0380815575,"The Viscount Who Loved Me (Bridgertons, #2)",The Viscount Who Loved Me,2000.0,eng,Romántica
3910,078683787X,"Peter and the Shadow Thieves (Peter and the Starcatchers, #2)",Peter and the Shadow Thieves,2006.0,eng,Juvenil
3911,1573226068,Drown,Drown,1996.0,,Ficción
3912,0670018856,The Beach House,The Beach House,2008.0,eng,Ficción
3913,057114456X,Immortality,Nesmrtelnost,1990.0,eng,Ficción
3914,125000098X,"Best Kept Secret (The Clifton Chronicles, #3)",Best Kept Secret,2013.0,eng,Ficción histórica
3915,076534825X,"Spin (Spin, #1)",Spin,2005.0,eng,Ciencia ficción
3916,0300093055,Long Day's Journey Into Night,Long Day's Journey Into Night,1956.0,eng,Clásicos
3917,159307056X,"Hellsing, Vol. 01 (Hellsing, #1)",ヘルシング 1,1998.0,eng,Cómic y novela gráfica
3918,0842329250,"Soul Harvest: The World Takes Sides (Left Behind, #4)",Soul Harvest: The World Takes Sides,1998.0,eng,Ficción
3919,0670061018,Twisted,Twisted,2007.0,eng,Juvenil
3920,0751503894,"The Physician (Cole Family Trilogy, #1)",The Physician,1986.0,eng,Ficción histórica
3921,141591561X,"Prodigal Son (Dean Koontz''s Frankenstein, #1)",Dean Koontz's Frankenstein: Prodigal Son,2005.0,eng,Terror
3922,0590316818,How Do Dinosaurs Say Good Night?,How Do Dinosaurs Say Goodnight?,2000.0,eng,Infantil
3923,0517415283,A Book of Five Rings: The Classic Guide to Strategy,五輪書 [Go Rin no Sho],1645.0,,Clásicos
3924,0345405137,Tick Tock,Ticktock,1996.0,,Thriller
3925,0553278002,The Icarus Agenda,The Icarus Agenda,1988.0,eng,Thriller
3926,1439123128,Demon from the Dark (Immortals After Dark #10),Demon From the Dark ,2010.0,eng,Romántica
3927,,"The King (Black Dagger Brotherhood, #12)",The King,2014.0,eng,Romántica
3928,0060748125,When Nietzsche Wept,When Nietzsche Wept: A Novel of Obsession,1992.0,eng,Ficción histórica
3929,0394574753,"The Crossing (The Border Trilogy, #2)",The Crossing ,1994.0,eng,Ficción
3930,0140449493,The Nicomachean Ethics,Ἠθικὰ Νικομάχεια ,-350.0,eng,Clásicos
3931,0310331935,Not a Fan: Becoming a Completely Committed Follower of Jesus,,2011.0,eng,Religión y espiritualidad
3932,193266422X,"Scott Pilgrim, Volume 3: Scott Pilgrim & The Infinite Sadness","Scott Pilgrim, Volume 3: Scott Pilgrim & The Infinite Sadness",2006.0,,Cómic y novela gráfica
3933,0393329127,Spook: Science Tackles the Afterlife,Spook: Science Tackles the Afterlife,2005.0,eng,Ciencia
3934,1420925806,Songs of Innocence and of Experience,Songs of Innocence and of Experience,1789.0,eng,Clásicos
3935,0312351623,"Sugar Daddy (Travises, #1)",Sugar Daddy,2007.0,eng,Romántica
3936,0394856392,The Berenstain Bears and the Messy Room,The Berenstain Bears and the Messy Room,1983.0,eng,Infantil
3937,141655484X,Blaze,Blaze,2007.0,eng,Thriller
3938,0345363310,"Demon Lord of Karanda (The Malloreon, #3)",Demon Lord of Karanda,1988.0,eng,Fantasía
3940,034551548X,"Ice Cold (Rizzoli & Isles, #8)",Ice Cold,2010.0,eng,Thriller
3941,0312156960,"The Winter King (The Warlord Chronicles, #1)",The Winter King,1995.0,eng,Ficción histórica
3942,1593072945,"Sin City, Vol. 2: A Dame to Kill For (Sin City, #2)",Sin City: A Dame to Kill For,1993.0,eng,Cómic y novela gráfica
3943,0738710180,"Leaving Paradise (Leaving Paradise, #1)",Leaving Paradise,2007.0,eng,Juvenil
3944,159182799X,"D.N.Angel, Vol. 1 (D.N.Angel, #1)",ディー・エヌ・エンジェル 1,1997.0,eng,Cómic y novela gráfica
3946,0979528534,Matterhorn,Matterhorn: A Novel of the Vietnam War,2009.0,eng,Ficción histórica
3947,0316057800,"The Mysterious Benedict Society and the Perilous Journey (The Mysterious Benedict Society, #2)",The Mysterious Benedict Society and the Perilous Journey,2008.0,eng,Juvenil
3948,0743484878,Henry V,The Cronicle History of Henry the fift,1599.0,eng,Clásicos
3949,0486414248,Politics,Politics,-350.0,eng,Clásicos
3950,0553805460,The Wolf of Wall Street,The Wolf of Wall Street,2007.0,eng,Memorias
3951,0684815001,The Cost of Discipleship,Nachfolge,1937.0,eng,Religión y espiritualidad
3952,0670026190,A Gentleman in Moscow,A Gentleman in Moscow,2016.0,eng,Ficción histórica
3953,1595581030,The New Jim Crow: Mass Incarceration in the Age of Colorblindness,The New Jim Crow: Mass Incarceration in the Age of Colorblindness,2010.0,eng,Ensayo
3954,0486431681,Hunger,Sult,1890.0,eng,Clásicos
3955,0385350848,The Book of Unknown Americans,The Book of Unknown Americans,2014.0,eng,Ficción
3956,144240907X,"Fever (The Chemical Garden, #2)",Fever,2012.0,eng,Juvenil
3957,0312939000,"B is for Burglar  (Kinsey Millhone, #2)",B is for Burglar,1985.0,eng,Misterio
3958,0316154857,"When Will There Be Good News? (Jackson Brodie, #3)",When Will There Be Good News?,2008.0,eng,Misterio
3959,1401215815,The Joker,Joker,2008.0,eng,Cómic y novela gráfica
3960,1401359795,Night Watch (Watch #1),Ночной дозор ,1998.0,eng,Fantasía
3961,0385350813,Dept. of Speculation,Dept. of Speculation,2014.0,eng,Ficción
3962,0451419928,Secrets of a Charmed Life,Secrets of a Charmed Life,2015.0,eng,Ficción histórica
3963,0553268929,The Great Santini,The Great Santini,1976.0,eng,Ficción
3964,0806512814,Johnny Got His Gun,Johnny Got His Gun,1939.0,eng,Clásicos
3965,0446607274,"Angels Flight (Harry Bosch, #6; Harry Bosch Universe, #7)",Angels Flight,1999.0,eng,Misterio
3966,0743243781,"Teacher Man (Frank McCourt, #3)",Teacher Man,2005.0,eng,Memorias
3967,006177894X,"Vampire Kisses: The Beginning (Vampire Kisses, #1-3)",Vampire Kisses: The Beginning (Vampire Kisses Omnibus),2008.0,eng,Juvenil
3968,1423161610,"The Last Guardian (Artemis Fowl, #8)",The Last Guardian,2012.0,eng,Juvenil
3969,0345447980,Planet of the Apes,La planète des singes,1963.0,eng,Ciencia ficción
3970,0451231619,"Ghost Town (The Morganville Vampires, #9)",Ghost Town,2010.0,eng,Juvenil
3972,,"Experiencing God: Knowing and Doing the Will of God, Workbook",Experiencing God : Knowing and Doing His Will - Workbook,1976.0,,Religión y espiritualidad
3973,038531387X,Deliverance,Deliverance,1970.0,eng,Ficción
3974,0689860072,"Dragonsinger (Harper Hall, #2)",Dragonsinger,1977.0,eng,Fantasía
3975,0061996203,"Boundless (Unearthly, #3)",Boundless,2013.0,eng,Juvenil
3976,9782709650700,The Whistler,The Whistler,2016.0,eng,Thriller
3977,1421506238,"D.Gray-man, Volume 01","D.Gray-man, Volume 1",2004.0,eng,Cómic y novela gráfica
3978,0553299492,The Robots of Dawn (Robot #3),The Robots of Dawn,1983.0,eng,Ciencia ficción
3979,0440241359,The Rule of Four,The Rule of Four,2004.0,eng,Thriller
3980,0751552615,"The Redemption of Callie & Kayden (The Coincidence, #2)",The Redemption of Callie & Kayden,2013.0,eng,Juvenil
3981,1616550546,"Avatar: The Last Airbender (The Search, #1)",,2013.0,eng,Cómic y novela gráfica
3982,0446699551,"The Closers (Harry Bosch, #11; Harry Bosch Universe, #13)",The Closers,2005.0,eng,Misterio
3983,0060525592,"Fire and Ice (Warriors, #2)",Fire and Ice,2003.0,eng,Juvenil
3984,0373773927,The Darkest Whisper (Lords of the Underworld #4),The Darkest Whisper,2009.0,eng,Fantasía
3985,1400083028,Love Is a Mix Tape,"Love Is a Mix Tape: Life and Loss, One Song at a Time",2007.0,eng,Memorias
3986,0802142648,Please Kill Me: The Uncensored Oral History of Punk,Please Kill Me: The Uncensored Oral History of Punk,1996.0,eng,Música
3987,,The Things We Wish Were True,,2016.0,eng,Ficción
3988,0064440591,"Frog and Toad All Year (Frog and Toad, #3)",Frog and Toad All Year,1976.0,eng,Infantil
3989,0786915889,"The Dark Elf Trilogy Collector''s Edition (Forgotten Realms: Dark Elf Trilogy, #1-3; Legend of Drizzt, #1-3)","The Dark Elf Trilogy Collector''s Edition (Forgotten Realms: Dark Elf Trilogy, #1-3)",1998.0,eng,Fantasía
3990,0425217248,"The Harlequin (Anita Blake, Vampire Hunter #15)","The Harlequin (Anita Blake, Vampire Hunter, #15)",2007.0,eng,Fantasía
3991,0064410471,So B. It,So B. It,2004.0,eng,Juvenil
3992,1416954171,"Found (The Missing, #1)",Found,2008.0,eng,Juvenil
3994,9780553202403,The Basketball Diaries,The Basketball Diaries 1963-1966,1978.0,eng,Memorias
3995,,"Sin City, Vol. 4: That Yellow Bastard (Sin City, #4)",Sin City: That Yellow Bastard,1996.0,eng,Cómic y novela gráfica
3996,8370540791,"Krew elfów (Saga o Wiedźminie, #3)",Krew elfów,1994.0,pol,Fantasía
3997,0060759968,Little Altars Everywhere,Little Altars Everywhere,1992.0,,Ficción
3998,0060512148," Angels (Walsh Family, #3)",Angels,2002.0,eng,Ficción
3999,141699792X,"A World Without Heroes (Beyonders, #1)",A World Without Heroes,2011.0,eng,Fantasía
4000,1741663016,"The Kings of Clonmel (Ranger''s Apprentice, #8)",The Kings of Clonmel,2008.0,eng,Juvenil
4001,0062200631,The Fireman,The Fireman,2016.0,eng,Terror
4002,0062194720,"The Revenge of Seven (Lorien Legacies, #5)",The Revenge of Seven,2014.0,eng,Ciencia ficción
4003,1934648205,Ben-Hur: A Tale of the Christ,Ben-Hur: A Tale of the Christ,1880.0,eng,Clásicos
4004,0156421178,Homage to Catalonia,Homage to Catalonia,1938.0,eng,Memorias
4005,0446694843,Good Grief,Good Grief,2004.0,eng,Ficción
4006,0345533488,"A Knight of the Seven Kingdoms (The Tales of Dunk and Egg, #1-3)",A Knight of the Seven Kingdoms,2013.0,eng,Fantasía
4007,1423121287,"Misguided Angel (Blue Bloods, #5)",Misguided Angel,2010.0,eng,Juvenil
4008,,"Undeniable (Undeniable, #1)",Undeniable,2012.0,eng,Romántica
4009,080213825X,Four Blondes,Four Blondes,2000.0,,Ficción
4010,0859537277,There Was An Old Lady Who Swallowed A Fly (Classic Books),There Was an Old Lady Who Swallowed a Fly (Classic Board Books with Holes),1973.0,,Infantil
4011,,"The Girl In The Ice (Detective Erika Foster, #1)",The Girl In The Ice,2016.0,eng,Thriller
4012,1593078226,"Buffy the Vampire Slayer: The Long Way Home (Season 8, #1)",The Long Way Home,2007.0,eng,Cómic y novela gráfica
4013,0061718947,Medium Raw: A Bloody Valentine to the World of Food and the People Who Cook,Medium Raw: A Bloody Valentine to the World of Food and the People Who Cook,2010.0,eng,Memorias
4014,055323370X,"Emily of New Moon (Emily, #1)",Emily of New Moon,1923.0,eng,Clásicos
4015,0802150594,Heart of a Dog,Собачье сердце,1925.0,eng,Clásicos
4016,0679723110,Grendel,Grendel,1970.0,eng,Ficción
4017,0061144835,"The Pale Horseman (The Saxon Stories, #2)",The Pale Rider,2005.0,eng,Ficción histórica
4018,0140092501,Chaos: Making a New Science,Chaos: Making a New Science,1987.0,eng,Ciencia
4019,0785100490,Marvels,Marvels,1993.0,eng,Cómic y novela gráfica
4020,193636574X,A Hologram for the King,A Hologram for the King,2012.0,eng,Ficción
4021,1595144919,The Future of Us,The Future of Us,2011.0,eng,Juvenil
4022,0316024643,"Cross Country (Alex Cross, #14)",Cross Country,2008.0,eng,Thriller
4023,1849231842,"Rock Chick (Rock Chick, #1)",Rock Chick,2008.0,eng,Romántica
4024,1442445807,"The Program (The Program, #1)",The Program,2013.0,eng,Juvenil
4025,0446699535,"City of Bones (Harry Bosch, #8; Harry Bosch Universe, #10)",City of Bones,2002.0,eng,Misterio
4026,0345461665,Judas Unchained,Judas Unchained,2005.0,eng,Ciencia ficción
4027,1400031362,"Morality for Beautiful Girls (No. 1 Ladies'' Detective Agency, #3)",Morality for Beautiful Girls,2001.0,eng,Misterio
4028,1416571736,Going Too Far,Going Too Far,2009.0,eng,Juvenil
4029,0062120395,The Son,The Son,2012.0,eng,Ficción histórica
4030,0312938810,"The Dream Hunter (Dark-Hunter #10, Dream-Hunter #1)",The Dream Hunter,2007.0,eng,Romántica
4031,0060735449,Island of the Sequined Love Nun,Island of the Sequined Love Nun,1997.0,eng,Ficción
4032,1250074134,All the Ugly and Wonderful Things,All the Ugly and Wonderful Things,2016.0,eng,Ficción
4034,9780425034712,Time Enough for Love,Time Enough for Love,1973.0,eng,Ciencia ficción
4035,0609602195,The Barefoot Contessa Cookbook,The Barefoot Contessa Cookbook,1999.0,eng,Cocina
4036,1595143424,"Virals (Virals, #1)",Virals,2010.0,eng,Juvenil
4037,,"An Invisible Thread: The True Story of an 11-Year-Old Panhandler, a Busy Sales Executive, and an Unlikely Meeting with Destiny","An Invisible Thread: The True Story of an 11-Year-Old Panhandler, a Busy Sales Executive, and an Unlikely Meeting with Destiny",2010.0,eng,Memorias
4038,0312372132,"Marked / Betrayed / Chosen / Untamed (House of Night, #1-4)",,2007.0,eng,Juvenil
4039,080508925X,Mennonite in a Little Black Dress: A Memoir of Going Home,Mennonite in a Little Black Dress: A Memoir of Going Home,2009.0,eng,Memorias
4040,0446607711,The Simple Truth,The Simple Truth,1998.0,eng,Thriller
4041,034550500X,"The City of Mirrors (The Passage, #3)",The City of Mirrors,2016.0,eng,Ciencia ficción
4042,038072801X,"Ramona Forever (Ramona, #7)",Ramona Forever,1984.0,,Infantil
4043,0140369260,Anne Frank: Beyond the Diary - A Photographic Remembrance,Anne Frank: Beyond the Diary - A Photographic Remembrance,1992.0,,Biografía
4044,0765345048,"Kushiel''s Chosen (Phèdre''s Trilogy, #2)",Kushiel's Chosen,2002.0,eng,Fantasía
4045,8129135728,Half Girlfriend,Half Girlfriend,2014.0,eng,Romántica
4046,0836218310,The Far Side Gallery 3,The Far Side Gallery 3,1984.0,,Cómic y novela gráfica
4047,0446675504,"Parable of the Sower (Earthseed, #1)","Parable of the Sower (Earthseed, #1)",1993.0,eng,Ciencia ficción
4048,1846057914,"11th Hour (Women''s Murder Club, #11)",11th hour,2012.0,eng,Misterio
4049,0765329042,"Earth Unaware (The First Formic War, #1)","Earth Unaware (The First Formic War, #1) ",2012.0,eng,Ciencia ficción
4050,1570623449,When Things Fall Apart: Heart Advice for Difficult Times,When Things Fall Apart: Heart Advice for Difficult Times,1996.0,,Religión y espiritualidad
4051,0312658656,The American Heiress,My Last Duchess,2010.0,eng,Ficción histórica
4052,0671729489,"Seeds of Yesterday (Dollanganger, #4)",Seeds of Yesterday,1984.0,eng,Ficción
4053,0736423125,The Three Little Pigs (Disney Classic),Three Little Pigs (Little Golden Book),1948.0,,Infantil
4077,,"The Gamble (Colorado Mountain, #1)",The Gamble,2011.0,eng,Romántica
4054,0810933519,Andy Goldsworthy: A Collaboration with Nature,Andy Goldsworthy: A Collaboration with Nature,1990.0,,Arte
4055,0060975776,Jesus' Son,Jesus' Son: Stories,1992.0,eng,Ficción
4056,141659521X,"The Last Man (Mitch Rapp, #13)",The Last Man,2012.0,eng,Thriller
4057,034546401X,Saving Fish from Drowning,Saving Fish from Drowning: A Novel,2005.0,eng,Ficción
4058,1439164681,Love Anthony,Love Anthony,2012.0,eng,Ficción
4059,159184021X,Purple Cow: Transform Your Business by Being Remarkable,Purple Cow: Transform Your Business by Being Remarkable,2003.0,eng,Negocios
4060,0399162437,"The Last Star (The 5th Wave, #3)",The Last Star,2016.0,eng,Ciencia ficción
4061,1932664491,"Scott Pilgrim, Volume 4: Scott Pilgrim Gets It Together","Scott Pilgrim, Volume 4: Scott Pilgrim Gets It Together",2007.0,,Cómic y novela gráfica
4062,055327094X,QB VII,QB VII,1970.0,eng,Ficción histórica
4063,0451466802,"The Aeronaut''s Windlass (The Cinder Spires, #1)",The Aeronaut's Windlass ,2015.0,eng,Fantasía
4064,0861661419,From Hell,From Hell,1999.0,eng,Cómic y novela gráfica
4065,0739453823,"Black Rose (In the Garden, #2)",Black Rose,2005.0,eng,Romántica
4066,0553587692,"The Perfect Husband (Quincy & Rainie, #1)",The Perfect Husband,1997.0,eng,Thriller
4067,0345366239,The Eight (The Eight #1),The Eight,1988.0,eng,Thriller
4068,,"Daddy-Long-Legs (Daddy-Long-Legs, #1)",Daddy-Long-Legs       ,1912.0,eng,Clásicos
4069,0152052216,East,East,2003.0,eng,Fantasía
4070,0345335082,"Dragonquest (Pern, #2)",Dragonquest,1971.0,eng,Ciencia ficción
4071,0393301583,Civilization and Its Discontents,Das Unbehagen in der Kultur,1930.0,eng,Psicología
4072,1444737090,A Street Cat Named Bob: How One Man and His Cat Found Hope on the Streets,A Street Cat Named Bob: How One Man and His Cat Found Hope on the Streets,2012.0,eng,Memorias
4073,0345545850,"Complete Me (Stark Trilogy, #3)",Complete Me,2013.0,eng,Romántica
4074,0553392425,"Fool''s Assassin (The Fitz and the Fool, #1)",Fool's Assassin,2014.0,eng,Fantasía
4075,0785115315,"Astonishing X-Men, Volume 1: Gifted","Astonishing X-Men, Volume 1: Gifted",2004.0,eng,Cómic y novela gráfica
4076,006121471X,"Fragile Eternity (Wicked Lovely, #3)",Fragile Eternity,2009.0,eng,Fantasía
4078,006093316X,The Great and Secret Show (Book of the Art #1),The Great and Secret Show,1989.0,eng,Terror
4079,0380715430,The Mother Tongue: English and How It Got That Way,The Mother Tongue: English and How It Got That Way,1990.0,eng,Ensayo
4080,0446580260,The Geography of Bliss: One Grump's Search for the Happiest Places in the World,The Geography of Bliss: One Grump's Search for the Happiest Places in the World,2008.0,eng,Viajes
4081,0312424442,I am Charlotte Simmons,,2004.0,eng,Ficción
4082,151166066X,"The Mistake (Off-Campus, #2)",The Mistake,2015.0,eng,Romántica
4083,0060734566,"Match Me If You Can (Chicago Stars, #6)",Match Me If You Can,2005.0,eng,Romántica
4084,0749932821,"Heaven and Earth (Three Sisters Island, #2)","Heaven and Earth (Three Sisters Island, #2)",2001.0,eng,Romántica
4085,0425195481,The Bad Place,The Bad Place,1989.0,eng,Terror
4086,,"Crazy Little Thing (Bell Harbor, #1)",Crazy Little Thing,2012.0,eng,Romántica
4087,0060755865,Avalon High,Avalon High,2005.0,,Juvenil
4088,0316043125,"The Twilight Saga: The Official Illustrated Guide (Twilight, #4.5)",The Twilight Saga: The Official Guide,2011.0,eng,Juvenil
4089,0345483448,Summer Island,Summer Island,2001.0,,Ficción
4090,0060628391,Celebration of Discipline: The Path to Spiritual Growth,Celebration of Discipline: The Path to Spiritual Growth,1978.0,eng,Religión y espiritualidad
4091,0060931736,The Prime of Miss Jean Brodie,The Prime of Miss Jean Brodie ,1961.0,eng,Clásicos
4092,0609807900,"Sloppy Firsts (Jessica Darling, #1)","Sloppy Firsts (Jessica Darling, #1)",2001.0,eng,Juvenil
4093,0316221333,"Forgive Me, Leonard Peacock","Forgive Me, Leonard Peacock",2013.0,eng,Juvenil
4094,0142401102,"A Long Way from Chicago (A Long Way from Chicago, #1)",A Long Way From Chicago,1998.0,eng,Infantil
4095,0446609404,Cradle and All,Virgin,1980.0,eng,Thriller
4096,0743225708,Bringing Down the House: The Inside Story of Six M.I.T. Students Who Took Vegas for Millions,Bringing Down the House: The Inside Story of Six M.I.T. Students Who Took Vegas for Millions,2002.0,,No ficción
4097,1626720940,This One Summer,This One Summer,2014.0,eng,Cómic y novela gráfica
4099,1847371663,The Heroin Diaries: A Year In The Life Of A Shattered Rock Star,The Heroin Diaries: A Year in the Life of a Shattered Rock Star,2005.0,eng,Memorias
4100,1934137197,Tinkers,Tinkers,2008.0,eng,Ficción
4101,1857233808,"The Druid of Shannara (Heritage of Shannara, #2)",The Druid of Shannara,1991.0,eng,Fantasía
4102,1502446936,Stepbrother Dearest,Stepbrother Dearest,2014.0,eng,Romántica
4103,140007780X,Einstein's Dreams,Einstein's Dreams,1992.0,eng,Ficción
4104,0679734511,Demons,Бесы,1872.0,eng,Clásicos
4105,0749935871,Seize the Night (Dark-Hunter #6),Seize the Night,2004.0,eng,Romántica
4106,067973452X,Notes from Underground,,1864.0,eng,Clásicos
4107,1608870081,Harry Potter: A Pop-Up Book: Based on the Film Phenomenon,,2010.0,,Infantil
4108,0060898488,Portrait in Sepia,Retrato en sepia,2000.0,,Ficción histórica
4109,9781633920958,Making Faces,Making Faces,2013.0,eng,Romántica
4110,0739467042,Q & A,Q & A: Slumdog Millionaire,2005.0,eng,Ficción
4111,0670026336,The Trespasser (Dublin Murder Squad #6),,2016.0,eng,Misterio
4112,0553157248,"Encyclopedia Brown, Boy Detective (Encyclopedia Brown, #1)","Encyclopedia Brown, Boy Detective (Encyclopedia Brown, #1)",1963.0,eng,Infantil
4113,0330411969,"Dissolution (Matthew Shardlake, #1)",Dissolution,2003.0,eng,Ficción histórica
4114,0689872992,"The Clique (The Clique, #1)","The Clique (The Clique, #1)",2004.0,eng,Juvenil
4115,0805092994,The Sixth Extinction: An Unnatural History,The Sixth Extinction: An Unnatural History,2014.0,eng,Ciencia
4116,0060885599,Billy Lynn's Long Halftime Walk,Billy Lynn's Long Halftime Walk,2012.0,eng,Ficción
4117,1594481717,A Whole New Mind: Why Right-Brainers Will Rule the Future,A Whole New Mind: Why Right-Brainers Will Rule the Future,2004.0,eng,Ensayo
4118,1573223328,"Across the Nightingale Floor (Tales of the Otori, #1)",Across the Nightingale Floor ,2002.0,eng,Fantasía
4119,0553804367,A Briefer History of Time,A Briefer History of Time,2005.0,eng,Ciencia
4120,0141026162,The Blind Watchmaker: Why the Evidence of Evolution Reveals a Universe Without Design,The Blind Watchmaker: Why the Evidence of Evolution Reveals a Universe Without Design,1986.0,eng,Ciencia
4121,0749932988,"Face the Fire (Three Sisters Island, #3)","Face the Fire (Three Sisters Island, #3)",2002.0,eng,Romántica
4122,1250046394,Once We Were Brothers,Once We Were Brothers,2010.0,eng,Ficción histórica
4123,,When I'm Gone,When I'm Gone,2016.0,eng,Ficción
4124,0553588249,Life Expectancy,Life Expectancy,2004.0,eng,Thriller
4125,1423110706,"The Dragon Heir (The Heir Chronicles, #3)",The Dragon Heir,2008.0,eng,Juvenil
4126,1416950095,"Fallout (Crank, #3)","Fallout (Crank, #3)",2010.0,eng,Juvenil
4127,0425175405,"Black Notice (Kay Scarpetta, #10)",Black Notice,1999.0,eng,Thriller
4128,0316393878,The Wonder,The Wonder,2016.0,eng,Ficción histórica
4129,0345494857,Innocent Traitor, Innocent Traitor,2006.0,eng,Ficción histórica
4130,0345463153,The Fourth Hand,The Fourth Hand,2001.0,eng,Ficción
4131,0380730359,"Gone, Baby, Gone (Kenzie & Gennaro, #4)","Gone, Baby, Gone",1998.0,eng,Misterio
4132,9781306769129,"Tunnels of Blood (Cirque Du Freak, #3)","Tunnels of Blood (Cirque du Freak, #3) ",2000.0,,Juvenil
4133,0345471172,On Mystic Lake,On Mystic Lake,1999.0,eng,Ficción
4134,0553581554,"The Killing Game (Eve Duncan, #2)",The Killing Game,1999.0,eng,Thriller
4135,1442484233,"The Retribution of Mara Dyer (Mara Dyer, #3)",The Retribution of Mara Dyer,2014.0,eng,Juvenil
4136,1400082544,Rachael Ray 365: No Repeats: A Year of Deliciously Different Dinners,Rachael Ray 365: No Repeats--A Year of Deliciously Different Dinners (A 30-Minute Meal Cookbook),2005.0,,Cocina
4137,0312342020,A Wolf at the Table,A Wolf at the Table,2008.0,eng,Memorias
4138,076534775X,"Seventh Son (Tales of Alvin Maker, #1)",Alvin Maker: Seventh Son,1987.0,eng,Fantasía
4139,0060790598,The Mysteries of Pittsburgh,The Mysteries of Pittsburgh,1988.0,eng,Ficción
4140,0060518502,Manhunt: The 12-Day Chase for Lincoln's Killer,Manhunt: The 12-Day Chase for Lincoln's Killer,2006.0,eng,Historia
4141,0007233701,The Book of Tomorrow,The Book of Tomorrow,2009.0,eng,Ficción
4142,1423147952,"Uncommon Criminals (Heist Society, #2)",Uncommon Criminals,2011.0,,Juvenil
4143,0062235672,On the Fence,On the Fence,2014.0,eng,Juvenil
4144,9781503944374,Follow You Home,Follow You Home,2015.0,eng,Thriller
4145,0375913750,"Love, Stargirl (Stargirl, #2)","Love, Stargirl",2007.0,,Juvenil
4147,1592406599,"You Are Not So Smart: Why You Have Too Many Friends on Facebook, Why Your Memory Is Mostly Fiction, and 46 Other Ways You''re Deluding Yourself",‎You Are Not So Smart‎,2011.0,eng,Psicología
4148,0553578529,"Into the Wilderness (Wilderness, #1)",Into the Wilderness,1998.0,eng,Ficción histórica
4149,0140443339,"The Oresteia  (Ορέστεια, #1-3)",Ὀρέστεια,-458.0,eng,Clásicos
4150,0312655479,"How the Light Gets In (Chief Inspector Armand Gamache, #9)",How the Light Gets In,2013.0,eng,Misterio
4151,1581344988,Don't Waste Your Life,Don't Waste Your Life,2003.0,,Religión y espiritualidad
4152,0307376656,La catedral del mar,La catedral del mar,2006.0,spa,Ficción histórica
4153,0345425502,The Life of Elizabeth I,The Life of Elizabeth I,1996.0,eng,Biografía
4154,1592975038,"Book of Mormon, Doctrine and Covenants, Pearl of Great Price","The Book of Mormon, Doctrine and Covenants, the Pearl of Great Price",1950.0,,Religión y espiritualidad
4155,044657922X,Earth (The Book): A Visitor's Guide to the Human Race,Earth: A Visitor's Guide to the Human Race ,2010.0,eng,No ficción
4156,0373210035,"My Soul to Take (Soul Screamers, #1)",My Soul to Take,2009.0,eng,Juvenil
4157,1571740562,"Conversations With God: An Uncommon Dialogue, Book 2",Conversations With God. An Uncommon Dialogue. Book 2,1996.0,eng,Religión y espiritualidad
4158,0062071130,"Everneath (Everneath, #1)",Everneath,2012.0,eng,Juvenil
4159,0739328271,"Plum Spooky (Stephanie Plum, #14.5)",Plum Spooky,2009.0,eng,Misterio
4160,0060527986,Warrior of the Light,Manual do guerreiro da luz,1997.0,eng,Religión y espiritualidad
4161,,"James Potter and the Hall of Elders'' Crossing (James Potter, #1)",James Potter and the Hall of Elders' Crossing ,2007.0,eng,Fantasía
4162,0385522266,Where Men Win Glory: The Odyssey of Pat Tillman,Where Men Win Glory: The Odyssey of Pat Tillman,2008.0,eng,Biografía
4163,0800793013,God's Smuggler,God's Smuggler,1964.0,eng,Biografía
4164,0307595129,Maine,Maine,2011.0,,Ficción
4165,006233638X,The Fill-In Boyfriend,Fill-in boyfrined,2015.0,eng,Juvenil
4166,0553376055,How I Live Now,How I Live Now,2004.0,eng,Juvenil
4167,0439856264,"Mister Monday (The Keys to the Kingdom, #1)",Mister Monday,2003.0,eng,Juvenil
4168,0778328791,These Things Hidden,These things hidden,2011.0,,Thriller
4169,1561483397,Fix-It and Forget-It Cookbook: Feasting with Your Slow Cooker,Fix-It and Forget-It Cookbook: Feasting with Your Slow Cooker,2000.0,,Cocina
4170,1595142517,"Strange Angels (Strange Angels, #1)",Strange Angels,2009.0,eng,Juvenil
4171,0786886307,Stolen Lives: Twenty Years in a Desert Jail,La Prisonnière,1999.0,eng,Memorias
4172,0399155813,Black Hills,Black Hills,2009.0,eng,Romántica
4173,078512179X,Civil War: A Marvel Comics Event,Civil War: A Marvel Comics Event,2006.0,eng,Cómic y novela gráfica
4174,0805421300,The Vow: The Kim & Krickitt Carpenter Story,The Vow: The Kim and Krickitt Carpenter Story,2000.0,eng,Biografía
4175,143913376X,The Puppet Masters,The Puppet Masters,1951.0,eng,Ciencia ficción
4176,9781501146244,All the Missing Girls,All the Missing Girls,2016.0,eng,Thriller
4177,0307119408,Just Go to Bed,Just Go to Bed,1983.0,eng,Infantil
4178,0316403431,Today Will Be Different,,2016.0,,Ficción
4179,0345470583,"xxxHolic, Vol. 1 (xxxHOLiC, #1)",xxxHOLiC #1,2003.0,eng,Cómic y novela gráfica
4180,039541668X,"Miss Nelson Is Back (Miss Nelson, #2)",Miss Nelson Is Back,1982.0,eng,Infantil
4181,0553572393,"Green Mars (Mars Trilogy, #2)",Green Mars,1994.0,eng,Ciencia ficción
4182,0756402980,"To Green Angel Tower (Memory, Sorrow, and Thorn, #3)","To Green Angel Tower (Memory, Sorrow, and Thorn, #3)",1993.0,eng,Fantasía
4183,0744549515,The Canterville Ghost,The Canterville Ghost,1887.0,eng,Clásicos
4184,0345529375,Seconds,Seconds: A Graphic Novel,2014.0,eng,Cómic y novela gráfica
4185,,"Fallen Crest High (Fallen Crest High, #1)",Fallen Crest High,2012.0,eng,Juvenil
4186,1402735421,Anatomy for the Artist,Művészeti Anatómia,1953.0,,Arte
4187,044018293X,Suffer the Children,Suffer the Children,1977.0,eng,Terror
4188,0060739428,"Catherine, Called Birdy","Catherine, Called Birdy",1994.0,eng,Juvenil
4189,0967673747,Princess: A True Story of Life Behind the Veil in Saudi Arabia,Princess: A True Story of Life Behind the Veil in Saudi Arabia ,1992.0,eng,Biografía
4190,1857232569,"Magic Kingdom For Sale/Sold (Magic Kingdom of Landover, #1)",Magic Kingdom for Sale—Sold!,1986.0,eng,Fantasía
4191,0553583182,The Power of Your Subconscious Mind,The Power of Your Subconscious Mind,1962.0,eng,Autoayuda
4192,0099271494,"Blood And Gold (The Vampire Chronicles, #8)",Blood and Gold: The Vampire Marius,2001.0,eng,Fantasía
4193,0062026518,"The Crown of Embers (Fire and Thorns, #2)",The Crown of Embers,2012.0,eng,Juvenil
4194,,"Page (Protector of the Small, #2)",Page ,2000.0,eng,Juvenil
4195,0062317148,"The Guard (The Selection, #2.5)",The Guard,2014.0,eng,Juvenil
4196,0440442508,Johnny Tremain,Johnny Tremain,1943.0,eng,Ficción histórica
4197,1876175702,The Motorcycle Diaries: Notes on a Latin American Journey,Diarios de motocicleta: notas de viaje por América Latina,1993.0,eng,Memorias
4198,,"Fight with Me (With Me in Seattle, #2)",,2012.0,eng,Romántica
4199,1595540210,"Black: The Birth of Evil (The Circle, #1)",Black 1. The Birth of Evil,2003.0,eng,Fantasía
4200,0316043915,"The Hundred Thousand Kingdoms (Inheritance Trilogy, #1)",The Hundred Thousand Kingdoms,2010.0,eng,Fantasía
4201,0399226168,Officer Buckle & Gloria,Officer Buckle & Gloria (Hardcover),1995.0,eng,Infantil
4202,0374191484,The Savage Detectives,Los detectives salvajes,1998.0,eng,Ficción
4203,0373210582,"Alice in Zombieland (White Rabbit Chronicles, #1)",Alice in Zombieland,2012.0,eng,Juvenil
4204,0061668060,"Spells (Wings, #2)",Spells,2009.0,eng,Juvenil
4205,1590171691,Chess Story,Schachnovelle,1941.0,eng,Clásicos
4206,0736420959,The Lion King: A little Golden Book,The Lion King (Little Golden Book),1994.0,,Infantil
4207,0545324092,"The Medusa Plot (39 Clues: Cahills vs. Vespers, #1)",The Medusa Plot,2011.0,eng,Juvenil
4208,,"The Penderwicks: A Summer Tale of Four Sisters, Two Rabbits, and a Very Interesting Boy (The Penderwicks #1)","The Penderwicks: A Summer Tale of Four Sisters, Two Rabbits, and a Very Interesting Boy",2005.0,eng,Infantil
4209,044658083X,"The Lion (John Corey, #5)",The Lion,2010.0,eng,Thriller
4210,044023655X,"Kiss of the Highlander (Highlander, #4)",Kiss of the Highlander,2001.0,eng,Romántica
4211,1400067898,Elizabeth the Queen: The Life of a Modern Monarch,Elizabeth The Queen: The Life Of A Modern Monarch,2012.0,eng,Biografía
4212,0385351372,The Son,Sønnen,2014.0,eng,Thriller
4213,1607061597,"Chew, Vol. 1: Taster''s Choice",Taster's Choice,2009.0,eng,Cómic y novela gráfica
4214,0440418518,A Single Shard,A Single Shard,2001.0,eng,Juvenil
4215,0786931582,"Time of the Twins (Dragonlance: Legends, #1)",Time of the Twins,1986.0,eng,Fantasía
4216,0061779741,Sacré Bleu: A Comedy d'Art,Sacré Bleu: A Comedy d'Art,2012.0,eng,Ficción
4217,0575070536,Roadside Picnic,Пикник на обочине,1972.0,eng,Ciencia ficción
4218,006085202X,"Queen of Babble Gets Hitched (Queen of Babble, #3)",Queen of Babble Gets Hitched,2008.0,eng,Romántica
4219,0141439882,Cranford,Cranford,1853.0,eng,Clásicos
4220,0330369954,Underworld,Underworld,1997.0,eng,Ficción
4221,0140168125,Big Sur,Big Sur,1962.0,eng,Ficción
4222,1585678759,"My Man Jeeves (Jeeves, #1)",My Man Jeeves,1919.0,eng,Clásicos
4223,0061659223,"Radiant Shadows (Wicked Lovely, #4)",Radiant Shadows,2010.0,eng,Juvenil
4224,,"Motorcycle Man (Dream Man, #4)",Motorcycle Man,2012.0,eng,Romántica
4225,1455581089,"The Art of Asking; or, How I Learned to Stop Worrying and Let People Help","The Art of Asking; or, How I Learned to Stop Worrying and Let People Help",2014.0,eng,Memorias
4226,0062072099,"Into the Still Blue (Under the Never Sky, #3)",Into the Still Blue,2014.0,eng,Juvenil
4227,1594489173,The Last Summer (of You and Me),The Last Summer (of You and Me),2007.0,eng,Ficción
4228,1563893126,"Preacher, Volume 2: Until the End of the World",Preacher Vol. 2: Until the End of the World,1997.0,eng,Cómic y novela gráfica
4229,0618391002,The Lord of the Rings: Weapons and Warfare,The Lord of the Rings: Weapons and Warfare,,eng,Desconocido
4230,0743437322,"The Lost City of Faar (Pendragon, #2)",The Lost City of Faar,2003.0,eng,Juvenil
4231,0553278029,"A Great Deliverance (Inspector Lynley, #1)",A Great Deliverance,1988.0,eng,Misterio
4232,,The Club Dumas,El club Dumas,1993.0,eng,Misterio
4233,1582349061,"Enna Burning (The Books of Bayern, #2)",Enna Burning,2004.0,eng,Juvenil
4234,0060724692,"Twilight (The Mediator, #6)",Twilight,2005.0,eng,Juvenil
4235,,1919,1919,2014.0,ara,Ficción
4236,0380709589,"Dear Mr. Henshaw (Leigh Botts, #1)",Dear Mr. Henshaw,1983.0,eng,Infantil
4237,1857028155,The Magician's Assistant,,1997.0,eng,Ficción
4238,0349108390,Generation X: Tales for an Accelerated Culture,Generation X: Tales for an Accelerated Culture,1991.0,eng,Ficción
4239,0802123457,The Sympathizer,The Sympathizer,2015.0,eng,Ficción
4240,1579126286,"Evil Under the Sun (Hercule Poirot, #23)",Evil Under the Sun,1941.0,eng,Misterio
4241,,"Reaper''s Property (Reapers MC, #1)",Reaper's Property,2013.0,eng,Romántica
4242,0060512628,"My Friend Flicka (Flicka, #1)","My Friend Flicka (Flicka, #1)",1941.0,eng,Infantil
4243,145162607X,"The Kingmaker''s Daughter (The Plantagenet and Tudor Novels, #4)",The Kingmaker's Daughter,2012.0,eng,Ficción histórica
4244,1847024696,Hedda Gabler,Hedda Gabler,1890.0,eng,Clásicos
4245,0736423095,Dumbo: A Little Golden Book,Dumbo (Little Golden Book),1940.0,,Infantil
4246,0062290398,"The Invasion of the Tearling (The Queen of the Tearling, #2)",The Invasion of the Tearling,2015.0,eng,Fantasía
4247,0307960471,"Phantom (Harry Hole, #9)",Gjenferd,2011.0,,Thriller
4248,0312530641,Marked / Betrayed / Chosen / Untamed / Hunted (House of Night #1-5),,,eng,Juvenil
4249,0007198914,A Place Called Here,A Place Called Here,2006.0,eng,Ficción
4250,0307277771,The Painted Veil,The Painted Veil,1925.0,eng,Clásicos
4251,0099446723,"Blackwood Farm (The Vampire Chronicles, #9)",Blackwood Farm,2002.0,eng,Fantasía
4252,0609800140,Anatomy of the Spirit: The Seven Stages of Power and Healing,Anatomy of the Spirit: The Seven Stages of Power and Healing,1996.0,eng,Autoayuda
4253,0349117047,"The Kalahari Typing School for Men (No. 1 Ladies'' Detective Agency, #4)",The Kalahari Typing School for Men,2002.0,eng,Misterio
4254,039916216X,A Hundred Summers,A Hundred Summers,2013.0,eng,Ficción histórica
4255,,"A Torch Against the Night (An Ember in the Ashes, #2)",A Torch Against the Night,2016.0,eng,Fantasía
4256,0618724834,The Wednesday Wars,The Wednesday Wars,2007.0,eng,Juvenil
4257,0786939842,"The Legacy (Forgotten Realms: Legacy of the Drow, #1; Legend of Drizzt, #7)",The Legacy,1992.0,eng,Fantasía
4258,0525471340,Skippyjon Jones,Skippyjon Jones,2003.0,eng,Infantil
4259,0399157441,Chasing Fire,Chasing Fire,2011.0,eng,Romántica
4260,1576754227,Eat That Frog!: 21 Great Ways to Stop Procrastinating and Get More Done in Less Time,Eat That Frog!: 21 Great Ways to Stop Procrastinating and Get More Done in Less Time,2001.0,eng,Autoayuda
4261,0689861133,"Moo, Baa, La La La!","Moo, Baa, La La La!",1982.0,eng,Infantil
4262,1585426016,The Science of Getting Rich,The Science of Getting Rich,1910.0,eng,Autoayuda
4263,0061230944,"The Last Oracle (Sigma Force, #5)",The Last Oracle,2008.0,eng,Thriller
4264,,ذاكرة الجسد,ذاكرة الجسد,1993.0,ara,Ficción
4265,0060897848,Vinegar Hill,Vinegar Hill (P.S.),1994.0,eng,Ficción
4266,055327418X,"Startide Rising (The Uplift Saga, #2)",Startide Rising,1983.0,eng,Ciencia ficción
4267,1481200577,"Significance (Significance, #1)",Significance,2011.0,eng,Romántica
4268,0812974611,Pompeii,Pompeii,2003.0,eng,Ficción histórica
4269,1455536253,"The Guilty (Will Robie, #4)",The Guilty,2015.0,eng,Thriller
4270,0671201581,A History of Western Philosophy,A History of Western Philosophy And Its Connection with Political and Social Circumstances from the Earliest Times to the Present Day,1945.0,eng,Ensayo
4271,0517220776,The Complete Stories and Poems,Complete Works of Lewis Carroll,1884.0,,Clásicos
4272,0786886811,How to Be a Domestic Goddess: Baking and the Art of Comfort Cooking,How to Be a Domestic Goddess: Baking and the Art of Comfort Cooking,1998.0,,Cocina
4273,0451528166,Le Morte d'Arthur: King Arthur and the Legends of the Round Table,Le Morte d'Arthur,1485.0,eng,Clásicos
4274,1400052297,A Piece of Cake,A Piece of Cake: A Memoir,2006.0,eng,Memorias
4275,0805080511,Taran Wanderer (The Chronicles of Prydain #4),Taran Wanderer,1967.0,eng,Fantasía
4276,0446612758,"Brimstone (Pendergast, #5; Diogenes, #1)",Brimstone,2004.0,eng,Thriller
4277,1598183605,Rebecca of Sunnybrook Farm,Rebecca of Sunnybrook Farm,1903.0,,Clásicos
4278,006056251X,"Devil in Winter (Wallflowers, #3)",Devil in Winter ,2006.0,eng,Romántica
4279,0152063110,"The Dead and the Gone (Last Survivors, #2)",The Dead and the Gone,2008.0,eng,Juvenil
4280,1595540350,"White: The Great Pursuit (The Circle, #3)",White,2004.0,,Fantasía
4281,0778303764,The Darkest Passion (Lords of the Underworld #5),"The Darkest Passion (Lords of the Underworld, #5)",2010.0,eng,Romántica
4282,0385526342,Pygmy,Pygmy,2009.0,eng,Ficción
4283,1439136637,"Revenge Wears Prada: The Devil Returns (The Devil Wears Prada, #2)",Revenge Wears Prada: The Devil Returns,2013.0,eng,Ficción
4284,0553381008,Selected Stories,Рассказы и Повести,1900.0,eng,Clásicos
4285,1416591052,"Empire of the Summer Moon: Quanah Parker and the Rise and Fall of the Comanches, the Most Powerful Indian Tribe in American History","Empire of the Summer Moon: Quanah Parker and the Rise and Fall of the Comanches, the Most Powerful Indian Tribe in American History",2010.0,,Historia
4286,0743455800,Smiley's People,Smiley's People,1979.0,,Thriller
4287,0842356223,"Redemption (Redemption, #1)",Redemption,2002.0,eng,Ficción
4288,0152053107,A Northern Light,A Northern Light,2003.0,eng,Ficción histórica
4289,0786229071,"Apollyon (Left Behind, #5)",Apollyon: The Destroyer Is Unleashed,1999.0,eng,Religión y espiritualidad
4290,0061043575,"Whose Body?  (Lord Peter Wimsey, #1)",Whose Body?,1923.0,eng,Misterio
4291,0689847432,Alice's Adventures in Wonderland: A Pop-Up Adaptation,,2003.0,eng,Infantil
4292,0142003697,Michelangelo and the Pope's Ceiling,Michelangelo and the Pope's Ceiling,2003.0,eng,Historia
4293,0452285933,"Stolen (Women of the Otherworld, #2)",Stolen,2002.0,eng,Fantasía
4294,0446616494,"Hour Game (Sean King & Michelle Maxwell, #2)",Hour Game,2004.0,eng,Thriller
4295,0755328949,"The Cruelest Month (Chief Inspector Armand Gamache, #3)",The Cruelest Month,2007.0,eng,Misterio
4296,0679847596,"Ballet Shoes (Shoes, #1)",Ballet Shoes,1936.0,eng,Infantil
4297,1423409450,"Piano/Vocal/Guitar Sheet Music: The Chronicles of Narnia: The Lion, the Witch and The Wardrobe","The Chronicles of Narnia: The Lion, the Witch and The Wardrobe (Sheet Music)",2006.0,,Música
4298,0451187849,We the Living,We the Living,1936.0,eng,Ficción
4299,0374384711,"The Winner''s Crime (The Winner''s Trilogy, #2)",The Winner's Crime,2015.0,eng,Fantasía
4300,9780803476028,The Ladies' Room,,2011.0,eng,Romántica
4324,0451419715,"Down London Road (On Dublin Street, #2)",Down London Road,2013.0,eng,Romántica
4301,0802130720,100 Selected Poems,100 Selected Poems by e. e. Cummings,1954.0,eng,Poesía
4302,0451223896,"Such a Pretty Fat: One Narcissist''s Quest to Discover If Her Life Makes Her Ass Look Big, or Why Pie Is Not the Answer","Such a Pretty Fat: One Narcissist''s Quest to Discover if Her Life Makes Her Ass Look Big, or Why Pie is Not the Answer",2008.0,eng,Memorias
4303,0060525614,"Forest of Secrets (Warriors, #3)",Forest of Secrets,2003.0,eng,Infantil
4304,1594488800,The Little Stranger,The Little Stranger,2009.0,eng,Ficción
4305,042525674X,"Night Broken (Mercy Thompson, #8)",Night Broken,2014.0,eng,Fantasía
4306,0062286927,"Snow Like Ashes (Snow Like Ashes, #1)",Snow Like Ashes,2014.0,eng,Fantasía
4307,147675666X,We Are Not Ourselves,We Are Not Ourselves,2014.0,eng,Ficción
4308,0515139408,"Red Lily (In the Garden, #3)",Red Lily,2005.0,eng,Romántica
4309,1594481881,Reviving Ophelia: Saving the Selves of Adolescent Girls,Reviving Ophelia: Saving the Selves of Adolescent Girls,1994.0,,Psicología
4310,0060888628,"Lords of the North (The Saxon Stories, #3)",The Lords of the North,2006.0,eng,Ficción histórica
4311,1416936491,"Just Ella (The Palace Chronicles, #1)",Just Ella,1999.0,eng,Juvenil
4312,,"Eyes Wide Open (The Blackstone Affair, #3)",Eyes wide open,2013.0,eng,Romántica
4313,081299289X,China Dolls,China Dolls,2014.0,eng,Ficción histórica
4314,1416900314,Megan Meade's Guide to the McGowan Boys,Megan Meade's Guide to the McGowan Boys,2005.0,eng,Juvenil
4315,0064430960,Bread and Jam for Frances,Bread and Jam for Frances,1964.0,eng,Infantil
4316,184243036X,Half Asleep in Frog Pajamas,Half Asleep in Frog Pajamas,1994.0,,Ficción
4317,0060988657,Mirror Mirror,Mirror Mirror,2003.0,eng,Fantasía
4318,1406350486,More Than This,More Than This,2013.0,eng,Juvenil
4319,0679728740,Child of God,Child of God,1973.0,,Ficción
4320,0842339760,"As Sure as the Dawn (Mark of the Lion, #3)","As Sure as the Dawn (Mark of the Lion, #3)",1995.0,eng,Ficción histórica
4321,1594205388,Lexicon,Lexicon,2013.0,eng,Ciencia ficción
4322,1400139027,One Fifth Avenue,One Fifth Avenue,2008.0,,Ficción
4323,1419710206,El Deafo,El Deafo,2014.0,eng,Cómic y novela gráfica
4325,1582404879,"The Walking Dead, Vol. 03: Safety Behind Bars","The Walking Dead, Vol. 3: Safety Behind Bars",2005.0,eng,Cómic y novela gráfica
4326,1857983416,"Flow My Tears, the Policeman Said","Flow My Tears, the Policeman Said",1974.0,eng,Ciencia ficción
4327,1414315716,The Last Sin Eater,The Last Sin Eater,1998.0,,Ficción histórica
4328,0743457269,A Knight in Shining Armor,A Knight in Shining Armor,1989.0,eng,Romántica
4329,1442402326,"Rot & Ruin (Rot & Ruin, #1)",Rot & Ruin,2010.0,eng,Terror
4330,0872205541,The Trial and Death of Socrates,,-400.0,eng,Clásicos
4331,0786865059,Heavier Than Heaven: A Biography of Kurt Cobain,Heavier Than Heaven: A Biography of Kurt Cobain,2001.0,,Biografía
4332,0140440399,History of the Peloponnesian War,Ἱστορίαι,-411.0,eng,Clásicos
4333,1593081197,The Red Badge of Courage and Selected Short Fiction  ,The Red Badge of Courage,1895.0,eng,Clásicos
4334,0061714305,"Sandman Slim (Sandman Slim, #1)",Sandman Slim,2009.0,eng,Fantasía
4335,0312359322,The Last Child,The Last Child,2009.0,eng,Thriller
4336,0811200124,Labyrinths:  Selected Stories and Other Writings,Labyrinths,1962.0,eng,Clásicos
4337,0316734837,Fortune's Rocks,Fortune's Rocks,1999.0,,Ficción histórica
4338,0393325997,The Price of Salt,The Price of Salt,1952.0,eng,Romántica
4339,140278404X,"Tiger''s Quest (The Tiger Saga, #2)",Tiger's Quest,2011.0,eng,Juvenil
4340,045122793X,"Friday Night Bites (Chicagoland Vampires, #2)",Friday Night Bites: A Chicagoland Vampires Novel ,2009.0,eng,Fantasía
4341,0195189779,The Undercover Economist,"The Undercover Economist: Exposing Why the Rich Are Rich, the Poor Are Poor--and Why You Can Never Buy a Decent Used Car!",2005.0,,Negocios
4342,1595541896,The Oath,The Oath,1995.0,eng,Thriller
4343,0061345695,"Rumors (Luxe, #2)",Rumors,2008.0,eng,Juvenil
4344,0399255370,The Day the Crayons Quit,The Day the Crayons Quit,2013.0,eng,Infantil
4345,0060096098,"Princess in Waiting (The Princess Diaries, #4)","Princess in Waiting (The Princess Diaries, #4)",2002.0,eng,Juvenil
4346,1451612060,Kisses from Katie: A Story of Relentless Love and Redemption,,2011.0,eng,Memorias
4347,0316037532,The Heretic's Daughter,The Heretic's Daughter,2008.0,,Ficción histórica
4348,0679772871,The Magic Mountain,Der Zauberberg,1924.0,eng,Clásicos
4349,044661162X,Chasing the Dime,Chasing the Dime,2002.0,eng,Thriller
4350,0062278967,"A Thousand Pieces of You (Firebird, #1)",A Thousand Pieces of You,2014.0,eng,Ciencia ficción
4351,0439692393,Pictures of Hollis Woods,Pictures of Hollis Woods,2002.0,eng,Infantil
4352,0330340328,"The Reality Dysfunction (Night''s Dawn, #1)",The Reality Dysfunction,1996.0,eng,Ciencia ficción
4353,0006174434,The Sands of Time,The Sands of Time,1988.0,eng,Thriller
4354,0241144140,NW, NW ,2012.0,eng,Ficción
4355,0525478116,"Eighth Grade Bites (The Chronicles of Vladimir Tod, #1)",The Chronicles of Vladimir Tod: Eighth Grade Bites,2007.0,eng,Juvenil
4356,0060005696,The Paradox of Choice: Why More Is Less,The Paradox of Choice: Why More Is Less,2004.0,eng,Psicología
4357,0440226686,Blood and Chocolate,Blood and Chocolate,1997.0,eng,Juvenil
4358,0316166316,"Nine Dragons (Harry Bosch, #15; Mickey Haller, #3; Harry Bosch Universe, #18)",Nine Dragons,2009.0,eng,Misterio
4359,0486424588,"Women in Love (Brangwen Family, #2)",Women in Love,1920.0,eng,Clásicos
4360,0670038571,Second Chance,Second Chance,2007.0,eng,Ficción
4361,0553278746,The Postman,The Postman,1985.0,eng,Ciencia ficción
4362,9780316208109,Summerland,Summerland,2012.0,eng,Ficción
4363,1841150509,The Patron Saint of Liars,The Patron Saint of Liars,1992.0,eng,Ficción
4364,0060594896,The Success Principles: How to Get from Where You Are to Where You Want to Be,The Success Principles,2004.0,eng,Autoayuda
4365,,"Knight (Unfinished Hero, #1)",Knight,2012.0,eng,Romántica
4366,2839906171,Business Model Generation,Business Model Generation,2010.0,eng,Negocios
4367,0393064476,The Swerve: How the World Became Modern,The Swerve: How the World Became Modern,2011.0,eng,Historia
4368,0312194390,"The Autobiography of Henry VIII: With Notes by His Fool, Will Somers","The Autobiography of Henry VIII. With Notes by His Fool, Will Somers",1986.0,eng,Ficción histórica
4369,0385722222,Stranger than Fiction,Stranger Than Fiction: True Stories,2004.0,eng,Ensayo
4370,067003830X,The Brain That Changes Itself: Stories of Personal Triumph from the Frontiers of Brain Science,The Brain That Changes Itself: Stories of Personal Triumph from the Frontiers of Brain Science,2007.0,eng,Ciencia
4371,0345418417,The Ringworld Engineers (Ringworld #2),The Ringworld Engineers ,1979.0,eng,Ciencia ficción
4372,0316125849,"I Hunt Killers (Jasper Dent, #1)",I Hunt Killers,2012.0,eng,Thriller
4373,,"Crashed (Driven, #3)",Crashed,2014.0,eng,Romántica
4374,052542914X,Kitchens of the Great Midwest,Kitchens of the Great Midwest,2015.0,eng,Ficción
4375,0590416022,Stone Soup,Stone Soup,1971.0,eng,Infantil
4376,9770919403,شيكاجو,شيكاجو,2007.0,ara,Ficción
4377,,"12th of Never (Women''s Murder Club, #12)",12th of Never,2013.0,eng,Misterio
4378,0316219037,"Promise of Blood (Powder Mage, #1)",Promise of Blood,2013.0,eng,Fantasía
4379,0752876457,"Black Order (Sigma Force, #3)",Black Order,2006.0,eng,Thriller
4380,0385341954,"Fractured (Will Trent, #2)",Fractured,2008.0,eng,Thriller
4381,0553496689,The Sun Is Also a Star,The Sun Is Also a Star,2016.0,eng,Juvenil
4382,0316410985,The Murder House,The Murder House,2015.0,eng,Misterio
4383,1842322761,On the Beach,On the Beach,1957.0,eng,Ciencia ficción
4384,1594205418,Funny Girl,Funny Girl,2014.0,eng,Ficción
4385,0385521383,New York,New York,2009.0,eng,Ficción histórica
4386,0765376474,"A Gathering of Shadows (Shades of Magic, #2)",A Gathering of Shadows,2016.0,eng,Fantasía
4387,0553582747,From the Corner of His Eye,From the Corner of His Eye,2000.0,eng,Thriller
4388,1400044618,"Blind Willow, Sleeping Woman"," めくらやなぎと、眠る女 [Mekurayanagi to, nemuru onna]",2006.0,eng,Ficción
4389,1400054354,Barefoot Contessa Back to Basics,Barefoot Contessa Back to Basics,2008.0,eng,Cocina
4390,0767912276,To Have and to Hold,To Have and to Hold ,2002.0,eng,Romántica
4434,0064440028,Danny and the Dinosaur (An I Can Read Book),Danny and the Dinosaur,1958.0,eng,Infantil
4391,0143036475,Smashed: Story of a Drunken Girlhood,Smashed: Story of a Drunken Girlhood,2005.0,eng,Memorias
4392,0345479726,Until I Find You,Until I Find You,2005.0,eng,Ficción
4393,1606840576,"The Dark Divine (The Dark Divine, #1)",The Dark Divine,2009.0,eng,Juvenil
4394,1400041201,"Heat: An Amateur''s Adventures as Kitchen Slave, Line Cook, Pasta-Maker, and Apprentice to a Dante-Quoting Butcher in Tuscany",Heat,2006.0,,Memorias
4395,0345409876,Women Who Run With the Wolves: Myths and Stories of the Wild Woman Archetype,Women Who Run With the Wolves,1992.0,eng,Psicología
4396,0152046925,"Calling on Dragons (Enchanted Forest Chronicles, #3)",,1993.0,eng,Fantasía
4397,0743201140,"Now, Discover Your Strengths","Now, Discover Your Strengths",2001.0,,Negocios
4398,1401309666,The Long Tail: Why the Future of Business is Selling Less of More,The Long Tail: Why the Future of Business Is Selling Less of More,2006.0,eng,Negocios
4399,0395083621,Mein Kampf,Mein Kampf,1925.0,eng,Historia
4400,0670034800,Swapping Lives,Swapping Lives,2006.0,eng,Romántica
4401,0312377029,"A Rule Against Murder (Chief Inspector Armand Gamache, #4)","A Rule Against Murder (Armand Gamache, #4)",2008.0,eng,Misterio
4402,1455807044,"The Perfect Hope (Inn Boonsboro, #3)",The Perfect Hope,2012.0,eng,Romántica
4403,1465341889,"Consequences (Consequences, #1)",Consequences,2011.0,eng,Romántica
4404,0684856093,The 7 Habits of Highly Effective Teens: The Ultimate Teenage Success Guide,The 7 Habits Of Highly Effective Teens,1997.0,eng,Autoayuda
4405,0810984253,"The Strange Case of Origami Yoda (Origami Yoda, #1)",The Strange Case of Origami Yoda,2010.0,eng,Infantil
4406,0312932804,"Welcome to Temptation (Dempseys, #1)",Welcome to Temptation,1996.0,eng,Romántica
4407,0061962783,Inside Out & Back Again,Inside Out & Back Again,2011.0,eng,Juvenil
4408,0062012010,"Dreamless (Starcrossed, #2)",Dreamless,2012.0,eng,Fantasía
4409,,"Predestined (Existence Trilogy, #2)",Predestined,2012.0,eng,Romántica
4410,0618390979,The Lord of the Rings: The Return of the King: Visual Companion,,,eng,Cómic y novela gráfica
4411,1591840562,"The Art of the Start: The Time-Tested, Battle-Hardened Guide for Anyone Starting Anything","The Art of the Start: The Time-Tested, Battle-Hardened Guide for Anyone Starting Anything",2004.0,eng,Negocios
4412,0385528191,"The Other Wes Moore: One Name, Two Fates","The Other Wes Moore: One Name, Two Fates",2010.0,eng,Biografía
4413,0399154140,"Mistress of the Art of Death (Mistress of the Art of Death, #1)",Mistress of the Art of Death,2007.0,eng,Ficción histórica
4414,1416938745,"Assholes Finish First (Tucker Max, #2)",Assholes Finish First,2008.0,eng,Memorias
4415,4063347761,美少女戦士セーラームーン新装版 1 [Bishōjo Senshi Sailor Moon Shinsōban 1],美少女戦士セーラームーン,1991.0,jpn,Cómic y novela gráfica
4416,0380782332,Kiss an Angel,Kiss an Angel ,1996.0,eng,Romántica
4417,0061995037,The Upside of Irrationality: The Unexpected Benefits of Defying Logic at Work and at Home,The Upside of Irrationality: The Unexpected Benefits of Defying Logic at Work and at Home,2010.0,eng,Psicología
4418,0743243803,The Partly Cloudy Patriot,The Partly Cloudy Patriot,2002.0,eng,Ensayo
4419,0440421217,"My Father''s Dragon (My Father''s Dragon, #1)",My Father's Dragon (My Father's Dragon Trilogy),1948.0,eng,Infantil
4420,0062311077,Natchez Burning,Natchez Burning,2014.0,eng,Thriller
4421,0876859260,Pulp,Pulp,1994.0,,Ficción
4422,0385339410,"Hannibal Rising (Hannibal Lecter, #4)",Hannibal Rising,2006.0,eng,Terror
4423,0749934085,"Immortal in Death (In Death, #3)",Immortal in Death ,1996.0,eng,Thriller
4424,0312599072,"Infinity (Chronicles of Nick, #1)",inf,2010.0,eng,Juvenil
4425,0425222195,"Blood Noir (Anita Blake, Vampire Hunter #16)","Blood Noir (Anita Blake, Vampire Hunter, #16)",2007.0,eng,Fantasía
4426,1594202249,Inherent Vice,Inherent Vice,2009.0,eng,Ficción
4427,0743431014,Songs of the Humpback Whale,Songs of the Humpback Whale: A Novel in Five Voices,1992.0,eng,Ficción
4428,0061558265,"The Night Eternal (The Strain Trilogy, #3)",The Night Eternal,2011.0,eng,Terror
4429,0394726413,"Bright Lights, Big City","Bright Lights, Big City",1984.0,eng,Ficción
4430,0399159894,Whiskey Beach,Whiskey Beach,2013.0,eng,Romántica
4431,1416535209,The Guy Not Taken: Stories,The Guy Not Taken: Stories,2006.0,eng,Ficción
4432,1582408831,"The Walking Dead, Vol. 08: Made to Suffer","The Walking Dead, Vol. 8: Made To Suffer",2008.0,eng,Cómic y novela gráfica
4433,1416580956,Pleasure of a Dark Prince (Immortals After Dark #9),Pleasure of a Dark Prince ,2010.0,eng,Romántica
4435,0140449302,The Decameron,Il decamerone,1353.0,eng,Clásicos
4436,0062081012,"Twisted (Pretty Little Liars, #9)",Twisted,2011.0,eng,Juvenil
4437,0316225886,"The Crossing (Harry Bosch, #20; Mickey Haller, #7; Harry Bosch Universe, #25)",The Crossing,2015.0,eng,Thriller
4438,0771064861,Dear Life: Stories,Dear Life,2012.0,,Ficción
4439,0899197698,Five Little Monkeys Jumping on the Bed,Five Little Monkeys Jumping on the Bed (The Five Little Monkeys),1989.0,,Infantil
4440,1405034149,"Kushiel''s Avatar (Phèdre''s Trilogy, #3)",Kushiel's Avatar,2003.0,eng,Fantasía
4441,0142437883,The Aleph and Other Stories ,El Aleph,1947.0,eng,Clásicos
4442,,"Ruin (Ruin, #1)",Ruin,2013.0,eng,Romántica
4443,0394757688,"The Long Goodbye (Philip Marlowe, #6)",The Long Goodbye,1953.0,eng,Misterio
4444,0394758277,"Farewell, My Lovely (Philip Marlowe, #2)","Farewell, My Lovely",1940.0,eng,Misterio
4445,0805080503,The Castle of Llyr (The Chronicles of Prydain #3),The Castle of Llyr,1966.0,eng,Juvenil
4446,0451228669,"Fade Out (The Morganville Vampires, #7)",Fade Out,2009.0,eng,Juvenil
4447,0425195201,"The Cat Who Could Read Backwards (Cat Who..., #1)",The Cat Who Could Read Backwards,1966.0,eng,Misterio
4448,,"Charade (Games, #1)",Charade,2012.0,eng,Romántica
4449,1423163001,The Demigod Diaries,The Demigod Diaries,2012.0,eng,Juvenil
4451,0385346999,Neil Patrick Harris: Choose Your Own Autobiography,Neil Patrick Harris: Choose Your Own Autobiography,2014.0,eng,Memorias
4452,0671011375,"Death du Jour (Temperance Brennan, #2)",Death du Jour,1999.0,eng,Thriller
4453,0842345523,More Than a Carpenter,More Than a Carpenter,1977.0,eng,Religión y espiritualidad
4454,0765318415,"Boneshaker (The Clockwork Century, #1)",Boneshaker ,2009.0,eng,Ciencia ficción
4455,0553146963,Rubyfruit Jungle,Rubyfruit Jungle,1973.0,eng,Ficción
4456,0375990674,"Fallen in Love (Fallen, #3.5)",Fallen in Love,2012.0,eng,Romántica
4457,0545540607,Sisters,Sisters,2014.0,eng,Cómic y novela gráfica
4458,1597372552,"The Never War (Pendragon, #3)",The Never War,2003.0,eng,Juvenil
4459,1857238273,"The Elf Queen of Shannara (Heritage of Shannara, #3)",The Elf Queen of Shannara ,1992.0,eng,Fantasía
4460,0441006108,"Mattimeo (Redwall, #3)",Mattimeo,1990.0,eng,Juvenil
4461,,"Nemesis Games (The Expanse, #5)",Nemesis Games,2015.0,eng,Ciencia ficción
4462,0060927488,"A Return to Love: Reflections on the Principles of 'A Course in Miracles'""""","A Return to Love: Reflections on the Principles of 'A Course in Miracles'""""",1992.0,,Autoayuda
4463,0446539759,"First Family (Sean King & Michelle Maxwell, #4)",First Family,2009.0,eng,Thriller
4464,1585673692,True Grit,True Grit,1968.0,eng,Ficción
4465,0449902927,Feel the Fear and Do It Anyway,Feel The Fear And Do It Anyway: How to Turn Your Fear and Indecision into Confidence and Action,1987.0,eng,Autoayuda
4466,,"Mine (Real, #2)",Mine,2013.0,eng,Romántica
4467,125000621X,Memoirs of an Imaginary Friend,Memoirs of an Imaginary Friend,2012.0,eng,Ficción
4468,0670886580,"Haroun and the Sea of Stories (Khalifa Brothers, #1)",Haroun and the Sea of Stories,1990.0,eng,Fantasía
4469,1476707723,Whistling Past the Graveyard,,2013.0,eng,Ficción histórica
4470,1442436646,"Poison Princess (The Arcana Chronicles, #1)",Poison Princess,2012.0,eng,Juvenil
4471,0007118899,"Tatiana and Alexander (The Bronze Horseman, #2)","Tatiana and Alexander (The Bronze Horseman, #2)",2003.0,eng,Romántica
4472,0765336405,"The Emperor''s Blades (Chronicle of the Unhewn Throne, #1)",The Emperor's Blades,2014.0,eng,Fantasía
4473,0743243315,Brick Lane,Brick Lane,2003.0,eng,Ficción
4474,0670016780,"Half Bad (The Half Bad Trilogy, #1)",Half Bad,2014.0,eng,Juvenil
4475,0571203132,Zorba the Greek,Βίος και πολιτεία του Αλέξη Ζορμπά,1946.0,eng,Clásicos
4476,0064400204,Sounder,Sounder,1969.0,eng,Juvenil
4477,145162445X,A Universe from Nothing: Why There Is Something Rather Than Nothing,A Universe from Nothing: Why There Is Something Rather Than Nothing,2012.0,eng,Ciencia
4478,0061351423,Slash,Slash,2007.0,eng,Biografía
4479,0425233367,"Archangel''s Kiss (Guild Hunter, #2)",,2010.0,eng,Romántica
4480,0399256938,"Rebel Belle (Rebel Belle, #1)",Rebel Belle,2014.0,eng,Juvenil
4481,0345476999,"The Mephisto Club (Rizzoli & Isles, #6)",The Mephisto Club,2006.0,eng,Thriller
4482,0842342710,The Scarlet Thread ,The Scarlet Thread ,1995.0,eng,Ficción
4483,0836221362,It's a Magical World: A Calvin and Hobbes Collection,It's a Magical World: A Calvin and Hobbes Collection,1996.0,eng,Cómic y novela gráfica
4484,1595828117,"Avatar: The Last Airbender (The Promise, #1)",,2012.0,,Cómic y novela gráfica
4485,0415278481,Being and Nothingness,L'être et le néant,1943.0,eng,Ensayo
4486,8370540376,"Miecz przeznaczenia (Saga o Wiedźminie, #2)",Miecz przeznaczenia,1993.0,pol,Fantasía
4487,0618249060,Silent Spring,Silent Spring,1962.0,eng,Ciencia
4488,1596064854,"Legion (Legion, #1)",Legion,2012.0,eng,Fantasía
4489,0062372106,Down the Rabbit Hole: Curious Adventures and Cautionary Tales of a Former Playboy Bunny,Down the Rabbit Hole: Curious Adventures and Cautionary Tales of a Former Playboy Bunny,2015.0,eng,Memorias
4490,1846057647,Kill Alex Cross (Alex Cross #18),Kill Alex Cross,2011.0,eng,Thriller
4491,0062244752,The Pearl That Broke Its Shell,The Pearl that Broke Its Shell,2014.0,eng,Ficción histórica
4492,1416971750,"Behemoth (Leviathan, #2)",Behemoth,2010.0,eng,Juvenil
4493,0767915828,The Sociopath Next Door,The Sociopath Next Door,2005.0,eng,Psicología
4494,1401210104,"Y: The Last Man, Vol. 8: Kimono Dragons (Y: The Last Man, #8)","Y: The Last Man, Vol. 8: Kimono Dragons",2006.0,eng,Cómic y novela gráfica
4495,0810979772,Do-It-Yourself Book (Diary of a Wimpy Kid),,2007.0,eng,Infantil
4496,0593054601,"Angels and Demons / The Da Vinci Code (Robert Langdon, #1-2)",,2003.0,,Thriller
4497,0007208006,"The Tea Rose (The Tea Rose, #1)",The Tea Rose,2002.0,eng,Ficción histórica
4498,0345524594,"Moon Over Soho (Peter Grant, #2)",Moon Over Soho,2011.0,eng,Fantasía
4499,1402284314,The Paris Architect,The Paris Architect,2013.0,eng,Ficción histórica
4500,1595145842,"Falling Kingdoms (Falling Kingdoms, #1)",Falling Kingdoms,2012.0,eng,Fantasía
4501,1401904599,Ask and It Is Given: Learning to Manifest Your Desires,Ask and It Is Given: Learning to Manifest Your Desires,2004.0,eng,Autoayuda
4502,0061988243,Island Beneath the Sea,La isla bajo el mar,2009.0,eng,Ficción histórica
4503,0140436227,"The History of Tom Jones, a Foundling","The History of Tom Jones, a Foundling",1749.0,eng,Clásicos
4504,0192839772,"Winesburg, Ohio","Winesburg, Ohio: A Group of Tales of Ohio Small-Town Life",1919.0,eng,Clásicos
4505,1502541858,"Beautiful Redemption (The Maddox Brothers, #2)",Beautiful Redemption,2015.0,eng,Romántica
4506,0312939019,"C is for Corpse  (Kinsey Millhone, #3)",C is for Corpse,1986.0,eng,Misterio
4507,1401204872,"Y: The Last Man, Vol. 5: Ring of Truth (Y: The Last Man, #5)",Y: The Last Man Vol. 5: Ring of Truth,2004.0,eng,Cómic y novela gráfica
4508,0060958022,Five Quarters of the Orange,Five Quarters of the Orange,2001.0,eng,Ficción
4509,843396867X,2666,2666,2004.0,spa,Ficción
4510,0060987049,Microserfs,Microserfs,1995.0,eng,Ficción
4511,1449410243,How to Tell If Your Cat Is Plotting to Kill You,How to Tell If Your Cat Is Plotting to Kill You,2012.0,eng,Cómic y novela gráfica
4512,0446580341,"Simple Genius (Sean King & Michelle Maxwell, #3)",Simple Genius,2007.0,eng,Thriller
4513,0316014281,Light on Snow,Light on Snow,2004.0,,Ficción
4514,0316905747,"Vampire Mountain (Cirque Du Freak, #4)","Vampire Mountain (Cirque du Freak, #4) ",2001.0,eng,Juvenil
4515,1407247425,The Three Stigmata of Palmer Eldritch,The Three Stigmata of Palmer Eldritch,1965.0,eng,Ciencia ficción
4516,0385354304,The Strange Library,ふしぎな図書館  Fushigi na toshokan,2005.0,eng,Ficción
4517,0385334176,Deadeye Dick,Deadeye Dick,1982.0,eng,Ficción
4518,1439181780,"The Power (The Secret, #2)","The Power (The Secret, #2)",2009.0,eng,Autoayuda
4519,0451460286,"Ancestors of Avalon (Avalon, #5)",Ancestors of Avalon ,2004.0,eng,Fantasía
4520,1555974708,Out Stealing Horses,Ut og stjæle hester,2003.0,eng,Ficción
4521,1563891425,"Batman: Knightfall, Vol. 1: Broken Bat","Batman: Knightfall, Part One: Broken Bat",1993.0,eng,Cómic y novela gráfica
4522,1632154382,"Saga, Vol. 5 (Saga, #5)","Saga, Volume Five",2015.0,eng,Cómic y novela gráfica
4523,1416543686,"The Lions of Lucerne (Scot Harvath, #1)",The Lions of Lucerne,2002.0,eng,Thriller
4524,0453007449,One Past Midnight: The Langoliers,Four Past Midnight,1989.0,eng,Terror
4525,0440779030,The Sign of the Beaver,The Sign of the Beaver,1983.0,eng,Infantil
4526,0060822554,"Ask the Dust (Arturo Bandini, #3)",Ask the dust ,1939.0,eng,Clásicos
4527,0679774025,All Over But the Shoutin',All Over But the Shoutin',1997.0,eng,Memorias
4528,0425147517,The Key to Midnight,The Key to Midnight,1979.0,eng,Thriller
4529,067002497X,Fairy Tales from the Brothers Grimm: A New English Version,Grimm Tales for Young and Old,2012.0,eng,Infantil
4530,0765351544,"Debt of Bones (Sword of Truth, #0.5)","Debt of Bones (The Sword of Truth, #0.5)",1998.0,eng,Fantasía
4531,0571166938,The Joke,Žert,1967.0,eng,Ficción
4532,,"The White Princess (The Plantagenet and Tudor Novels, #5)",The White Princess,2013.0,eng,Ficción histórica
4533,1591141273,Flight of the Intruder (Jake Grafton #1),Flight of the Intruder,1986.0,eng,Thriller
4534,0689840330,"Silver on the Tree (The Dark is Rising, #5)",Silver on the Tree,1977.0,eng,Juvenil
4535,1405209496,National Velvet,National Velvet,1935.0,eng,Clásicos
4536,0812932293,"Losing My Virginity: How I''ve Survived, Had Fun, and Made a Fortune Doing Business My Way","Losing My Virginity: How I''ve Survived, Had Fun, and Made a Fortune Doing Business My Way",2011.0,eng,Biografía
4537,0872206033,Lysistrata,Λυσιστράτη,-411.0,eng,Clásicos
4538,1847442404,The Swan Thieves,The Swan Thieves,2010.0,eng,Ficción
4539,0385344406,"Iced (Fever, #6)",Iced,2012.0,eng,Fantasía
4541,0547152604,Okay for Now,Okay for Now,2011.0,eng,Juvenil
4542,0842329277,"Assassins (Left Behind, #6)","Assassins : Assignment: Jerusalem, Target: Antichrist",1990.0,eng,Ficción
4543,0316214442,"Red Country (First Law World, #6)",Red Country,2012.0,eng,Fantasía
4544,0553271369,The Lords of Discipline,The Lords of Discipline,1980.0,,Ficción
4545,0547569653,Eat and Run: My Unlikely Journey to Ultramarathon Greatness,Eat And Run,2012.0,eng,Deportes
4546,0385341970,"Broken (Will Trent, #4)",Broken,2010.0,eng,Thriller
4547,0316099759,The Matchmaker,The Matchmaker,2014.0,eng,Romántica
4548,0842332286,"The Mark (Left Behind, #8)",The Mark: The Beast Rules the World,2000.0,eng,Ficción
4549,0061240273,Belong to Me,Belong to Me,2008.0,eng,Ficción
4550,0060525851,"The Darkest Hour (Warriors, #6)",,2005.0,eng,Juvenil
4551,0099366711,"L.A. Confidential (L.A. Quartet, #3)",L.A. Confidential,1990.0,eng,Misterio
4552,1250031125,"The Beautiful Mystery (Chief Inspector Armand Gamache, #8)",The Beautiful Mystery,2012.0,,Misterio
4553,0345367693,"The Diamond Throne (The Elenium, #1)",The Diamond Throne,1989.0,,Fantasía
4554,1593074492,"Those Left Behind (Serenity, #1)","Those Left Behind (Serenity, #1)",2006.0,eng,Cómic y novela gráfica
4555,075283455X,Terms of Endearment,Terms of Endearment,1975.0,eng,Ficción
4556,074990741X,"Kiss of the Night (Dark-Hunter, #4)",Kiss of the Night,2004.0,eng,Romántica
4557,0552772275,The Wedding Girl,The Wedding Girl,1999.0,eng,Romántica
4558,0849905702,He Chose the Nails,,2000.0,eng,Religión y espiritualidad
4559,1408810441,"Entice (Need, #3)",Entice,2010.0,eng,Juvenil
4560,0142002070,"From Russia With Love (James Bond, #5)","From Russia, with Love",1957.0,eng,Thriller
4561,014023828X,The Tortilla Curtain,The Tortilla Curtain,1995.0,eng,Ficción
4562,0061659258,"Darkest Mercy (Wicked Lovely, #5)",Darkest Mercy,2011.0,eng,Juvenil
4563,159463467X,Modern Lovers,Modern Lovers,2016.0,,Ficción
4564,,"Checkmate (Neighbor from Hell, #3)","Checkmate (A Neighbor from Hell, #3)",2012.0,eng,Romántica
4565,006001234X,"The Amazing Maurice and His Educated Rodents (Discworld, #28)",The Amazing Maurice and His Educated Rodents ,2001.0,eng,Fantasía
4566,0195067142,With the Old Breed: At Peleliu and Okinawa,With The Old Breed: At Peleliu And Okinawa,1981.0,eng,Memorias
4567,0152052607,The Hundred Dresses,The Hundred Dresses,1944.0,eng,Infantil
4568,125001980X,"Lost Lake (Lost Lake, #1)",Lost Lake,2014.0,eng,Ficción
4569,,"Hardwired (Hacker, #1)",Hardwired,2013.0,eng,Romántica
4570,0525952993,The Last Runaway,The Last Runaway,2013.0,eng,Ficción histórica
4571,0553813145,"Midnight Tides (The Malazan Book of the Fallen, #5)",Midnight Tides,2004.0,eng,Fantasía
4572,0316234478,"The 100 (The 100, #1)",The 100,2013.0,eng,Ciencia ficción
4573,0312656270,"Hades (Halo, #2)",Hades,2011.0,eng,Juvenil
4574,1401202012,"Y: The Last Man, Vol. 3: One Small Step (Y: The Last Man, #3)",Y: The Last Man Vol. 3: One Small Step,2004.0,eng,Cómic y novela gráfica
4575,0689831870,Bear Snores On,Bear Snores On,2002.0,eng,Infantil
4576,0425285170,"Talking as Fast as I Can: From Gilmore Girls to Gilmore Girls, and Everything in Between","Talking as Fast as I Can: From Gilmore Girls to Gilmore Girls, and Everything in Between",2016.0,eng,Memorias
4577,0374349460,Memoirs of a Teenage Amnesiac,Memoirs of a Teenage Amnesiac,2007.0,eng,Juvenil
4578,0142501522,"Salamandastron (Redwall, #5)",Salamandastron,1992.0,eng,Fantasía
4579,0963192566,Servant of the Bones,Servant of the Bones,1996.0,,Terror
4580,0689868200,"Ironside (Modern Faerie Tales, #3)",Ironside: A Modern Faery's Tale,2007.0,,Juvenil
4581,0670072818,"Finnikin of the Rock (Lumatere Chronicles, #1)",Finnikin of the Rock,2008.0,eng,Juvenil
4582,037575718X,The Return of the Native  ,The Return of the Native,1878.0,eng,Clásicos
4583,0062094734,Micro,Micro,2011.0,eng,Ciencia ficción
4584,0679725164,No Exit and Three Other Plays,No Exit and Three Other Plays,1947.0,eng,Clásicos
4585,1857237366,Foundation and Chaos (Second Foundation Trilogy #2),"Foundation and Chaos (Second Foundation Trilogy, #2)",1998.0,eng,Ciencia ficción
4586,0743219570,Cover Her Face (Adam Dalgliesh #1),Cover Her Face,1962.0,eng,Misterio
4587,0061985864,"Supernaturally (Paranormalcy, #2)",Supernaturally,2011.0,eng,Juvenil
4588,1857236556,"First King of Shannara (The Original Shannara Trilogy, #0)",First King of Shannara,1996.0,eng,Fantasía
4589,0312377045,"Bury Your Dead (Chief Inspector Armand Gamache, #6)",Bury Your Dead,2010.0,eng,Misterio
4590,0316018953,"The Overlook (Harry Bosch, #13; Harry Bosch Universe, #15)",The Overlook,2007.0,eng,Misterio
4591,,أنت لي,أنت لي,2007.0,ara,Ficción
4592,0393924769,The House of the Seven Gables,The House of the Seven Gables,1851.0,eng,Clásicos
4593,0060525630,"Rising Storm (Warriors, #4)",Rising storm,2005.0,eng,Juvenil
4594,1250128544,Love Warrior,Love Warrior,2016.0,eng,Memorias
4595,0312377037,"The Brutal Telling (Chief Inspector Armand Gamache, #5)",The Brutal Telling,2009.0,eng,Misterio
4596,1451656505,"The Prisoner of Cell 25 (Michael Vey, #1)",The Prisoner of Cell 25,2011.0,,Juvenil
4597,014018998X,The Souls of Black Folk,The Souls of Black Folk,1903.0,,Ensayo
4598,0451160312,I Never Promised You a Rose Garden,I Never Promised You a Rose Garden,1964.0,eng,Ficción
4599,1423144333,"The Crimson Crown (Seven Realms, #4)",The Crimson Crown,2012.0,eng,Fantasía
4600,0316043893,The Castaways,The Castaways,2009.0,,Ficción
4601,,"Year of Yes: How to Dance It Out, Stand In the Sun and Be Your Own Person",,2015.0,eng,Memorias
4602,0375700528,The Lover,L'Amant,1984.0,eng,Ficción
4603,0375836586,"Eragon & Eldest (Inheritance, #1-2)","Eragon & Eldest (Inheritance, #1-2)",2005.0,,Fantasía
4604,0425267083,"Burn (Breathless, #3)",Burn,2013.0,eng,Romántica
4605,0142437301,The Power and the Glory,The Power and the Glory,1940.0,eng,Clásicos
4607,0374187614,"Lila (Gilead, #3)",Lila,2014.0,eng,Ficción
4608,1857230752,"The Scions of Shannara (Heritage of Shannara, #1)",,1990.0,eng,Fantasía
4609,0312150601,Behind the Scenes at the Museum,Behind the Scenes at the Museum,1995.0,,Ficción
4610,1101875941,Sweetbitter,Sweetbitter,2016.0,eng,Ficción
4611,0380820846,"Romancing Mister Bridgerton (Bridgertons, #4)","Romancing Mister Bridgerton (Bridgertons, #4)",2002.0,eng,Romántica
4612,0152057803,Tangerine,Tangerine,1997.0,eng,Juvenil
4613,0727860992,Hell House,Hell House,1971.0,eng,Terror
4614,030726419X,The Emperor's Children,The Emperor's Children,2006.0,,Ficción
4615,0399170863,The Liar,The Liar,2014.0,eng,Romántica
4616,0553578685,"The Third Victim (Quincy & Rainie, #2)",The Third Victim,2001.0,eng,Thriller
4617,0316225940,"The Wrong Side of Goodbye (Harry Bosch, #21; Harry Bosch Universe, #26)",The Wrong Side of Goodbye,2016.0,eng,Misterio
4685,0061692042,Canada,Canada,2012.0,eng,Ficción
4618,0230706150,"Hell''s Corner (Camel Club, #5)",Hell's Corner ,2010.0,eng,Thriller
4619,0515136530,"Key of Valor (Key Trilogy, #3)","Key of Valor (Key Trilogy, #3)",2003.0,eng,Romántica
4620,0060536357,Barbarians at the Gate: The Fall of RJR Nabisco,Barbarians at the Gate: The Fall of RJR Nabisco,1990.0,eng,Negocios
4621,0316246654,"Ancillary Sword (Imperial Radch, #2)",Ancillary Sword,2014.0,eng,Ciencia ficción
4622,082221900X,Franz Kafka's The Castle (Dramatization),Franz Kafka's The Castle,2003.0,eng,Clásicos
4623,,"Timebound (The Chronos Files, #1)",Time's Twisted Arrow ,2012.0,eng,Ciencia ficción
4624,0312649614,"The Girl Who Circumnavigated Fairyland in a Ship of Her Own Making (Fairyland, #1)",The Girl Who Circumnavigated Fairyland in a Ship of Her Own Making,2011.0,eng,Infantil
4625,,"Twenty-Eight and a Half Wishes (Rose Gardner Mystery, #1)",,2011.0,eng,Misterio
4626,0316224138,"NYPD Red (NYPD Red, #1)",NYPD Red,2012.0,,Thriller
4627,0446576980,"The Book of the Dead (Pendergast, #7; Diogenes, #3)",The Book of the Dead,2006.0,eng,Thriller
4628,3847905171,Er ist wieder da,Er ist wieder da,2012.0,ger,Ficción
4629,0307956350,The Expats,The Expats,2012.0,eng,Thriller
4630,074345300X,"Bare Bones (Temperance Brennan, #6)",Bare Bones,2003.0,eng,Misterio
4631,0316099783,Beautiful Day,Beautiful Day,2013.0,eng,Ficción
4632,0842329293,"The Indwelling (Left Behind, #7)",The Indwelling: The Beast Takes Possession,2000.0,eng,Ficción
4633,0385518331,"Dexter in the Dark (Dexter, #3)",Dexter in the Dark,2006.0,eng,Thriller
4634,0312278497,The Glass Bead Game,Das Glasperlenspiel,1943.0,eng,Clásicos
4635,0316219363,The Yellow Birds,The Yellow Birds,2012.0,eng,Ficción
4636,0451213203,Just One Look,Just One Look,2004.0,eng,Thriller
4637,,"The Proposal (The Proposition, #2)",The Proposal,2013.0,eng,Romántica
4638,0142004413,"My Family and Other Animals (Corfu Trilogy, #1)",My Family and Other Animals,1956.0,eng,Memorias
4639,0451212452,Back Roads,Back Roads,1999.0,eng,Ficción
4640,0679723692,Cathedral,Cathedral,1983.0,eng,Ficción
4641,9781510054585,Fantastic Beasts and Where to Find Them: The Original Screenplay,Fantastic Beasts and Where to Find Them: The Original Screenplay,2016.0,eng,Fantasía
4642,0582418178,The Body,Different Seasons,1982.0,eng,Terror
4643,0785213066,A Million Miles in a Thousand Years: What I Learned While Editing My Life,A Million Miles in a Thousand Years: What I Learned While Editing My Life,2009.0,eng,Memorias
4644,0670063118,"Eona: The Last Dragoneye (Eon, #2)",Eona: The Last Dragoneye,2011.0,eng,Fantasía
4645,0486455599,"Eight Cousins (Eight Cousins, #1)",Eight Cousins,1874.0,eng,Clásicos
4646,006443253X,Chicken Soup with Rice: A Book of Months (The Nutshell Library),Chicken Soup with Rice: A Book of Months,1962.0,,Infantil
4647,0425203867,"R is for Ricochet (Kinsey Millhone, #18)",R is for Ricochet,2004.0,eng,Misterio
4648,,"Prince of Wolves (The Grey Wolves, #1)",Prince of Wolves ,2011.0,eng,Romántica
4649,006000150X,Diary of a Worm,Diary of a Worm,1996.0,eng,Infantil
4650,1416949674,"The Grey King (The Dark Is Rising, #4)",The Grey King,1975.0,eng,Fantasía
4651,0345533631,"Hunted (The Iron Druid Chronicles, #6)",Hunted,2013.0,eng,Fantasía
4653,0140259449,The Complete Novels,,1813.0,eng,Clásicos
4654,055341884X,The Book of Strange New Things,The Book of Strange New Things,2014.0,eng,Ciencia ficción
4655,0061921262,Epic Fail,Epic Fail,2011.0,eng,Juvenil
4656,0345478169,"A Caress of Twilight (Merry Gentry, #2)","A Caress of Twilight (Merry Gentry, #2)",2002.0,eng,Fantasía
4657,0743482972,The Manchurian Candidate (Movie Tie-In Edition),The Manchurian Candidate,1959.0,eng,Thriller
4658,0425193829,"Fudge-a-Mania (Fudge, #4)",Fudge-a-Mania,1990.0,eng,Infantil
4659,0316101842,"Nevermore (Maximum Ride, #8)",Nevermore,2012.0,eng,Ciencia ficción
4660,1400079098,Operating Instructions: A Journal of My Son's First Year,Operating Instructions: A Journal of My Son's First Year,1993.0,eng,Memorias
4661,0345376595,Pale Blue Dot: A Vision of the Human Future in Space,Pale Blue Dot: A Vision of the Human Future in Space,1994.0,eng,Ciencia
4662,,"Simple Perfection (Rosemary Beach, #6; Perfection, #2)","Simple Perfection (Perfection, #2)",2013.0,eng,Romántica
4686,0143037234,"The Big Over Easy (Nursery Crime, #1)",The Big Over Easy,2005.0,eng,Misterio
4663,0310266300,The Irresistible Revolution: Living as an Ordinary Radical,The Irresistible Revolution: Living as an Ordinary Radical,2006.0,,Religión y espiritualidad
4664,0979777704,"Brain Rules: 12 Principles for Surviving and Thriving at Work, Home, and School","Brain Rules: 12 Principles for Surviving and Thriving at Work, Home, and School",2008.0,,Psicología
4665,1416914161,"The Pilgrims of Rayne (Pendragon, #8)",The Pilgrims of Rayne,2007.0,,Ciencia ficción
4666,1439165645,The Hundred-Foot Journey,The Hundred-Foot Journey,2008.0,eng,Ficción
4667,0399250573,Scorpia Rising (Alex Rider #9),Scorpia Rising,2011.0,eng,Juvenil
4668,0061944343,"Big Nate: In a Class by Himself (Big Nate Novels, #1)",Big Nate: In a Class By Himself,2010.0,eng,Infantil
4669,0061232920,"Forever Princess (The Princess Diaries, #10)",Forever Princess,2008.0,,Juvenil
4670,0688156819,The Melancholy Death of Oyster Boy and Other Stories,The Melancholy Death of Oyster Boy and Other Stories,1997.0,eng,Cómic y novela gráfica
4671,037570504X,"Breath, Eyes, Memory","Breath, Eyes, Memory ",1994.0,eng,Ficción
4672,0811216543,Journey to the End of the Night,Voyage au bout de la nuit,1932.0,eng,Clásicos
4673,,"The Scarecrow (Jack McEvoy, #2)",The Scarecrow ,2009.0,eng,Thriller
4675,0399250565,"Crocodile Tears (Alex Rider, #8)",Crocodile Tears,2009.0,eng,Juvenil
4676,,1/4 جرام,1/4 جرام,2008.0,ara,Desconocido
4677,1590523172,For Women Only: What You Need to Know about the Inner Lives of Men,For Women Only: What You Need to Know about the Inner Lives of Men,2004.0,eng,Autoayuda
4678,0553479016,"Seize the Night (Moonlight Bay, #2)",Seize the Night,1998.0,eng,Terror
4679,0060773758,A Quick Bite (Argeneau #1),A Quick Bite,2005.0,eng,Romántica
4680,0739439065,"Key of Knowledge (Key Trilogy, #2)",Key of Knowledge,2003.0,eng,Romántica
4681,0312971230,"Ice Station (Shane Schofield, #1)",Ice Station,1998.0,eng,Thriller
4682,0440217490,A Dangerous Fortune,A Dangerous Fortune,1993.0,eng,Ficción histórica
4683,0143034359,The Well of Lost Plots (Thursday Next #3),The Well of Lost Plots,2003.0,eng,Fantasía
4684,0553585975,The Wealth of Nations,An Inquiry into the Nature and Causes of the Wealth of Nations ,1776.0,eng,Clásicos
4687,0689859376,"The Seeing Stone (The Spiderwick Chronicles, #2)",The Seeing Stone,2000.0,eng,Infantil
4688,0140284583,"Stalingrad: The Fateful Siege, 1942–1943","Stalingrad: The Fateful Siege, 1942–1943",1998.0,eng,Historia
4689,1421532018,"Beast Master, Vol. 1 (Beast Master, #1)",ビーストマスター 1,2001.0,eng,Cómic y novela gráfica
4690,0743490096,"Giggle, Giggle, Quack","Giggle, Giggle, Quack",2002.0,eng,Infantil
4691,0865471185,West with the Night,West with the Night,1942.0,eng,Memorias
4692,1594489866,The Cellist of Sarajevo,The Cellist of Sarajevo,2008.0,eng,Ficción histórica
4693,0312351666,"Smooth Talking Stranger (Travises, #3)",Smooth Talking Stranger  (Travis Family #3) ,2009.0,eng,Romántica
4694,0399157530,If You Ask Me (And of Course You Won't),If You Ask Me: And of Course You Won't,2011.0,eng,Memorias
4695,0872204200,Discourse on Method and Meditations on First Philosophy,Discours de la Méthode suivi de Méditations Métaphysiques,1637.0,eng,Clásicos
4696,0399155686,"The Defector (Gabriel Allon, #9)",The Defector,2009.0,eng,Thriller
4698,0553269224,"Rilla of Ingleside (Anne of Green Gables, #8)",Rilla of Ingleside,1921.0,eng,Clásicos
4699,0385721706,The Wisdom of Crowds,The Wisdom of Crowds,2004.0,eng,Ensayo
4700,0446612766,"Still Life With Crows (Pendergast, #4)","Still Life with Crows (Pendergast, #4)",2003.0,eng,Thriller
4701,0330376152,The Fog,The Fog,1975.0,,Terror
4702,0684845776,Unlimited Power : The New Science Of Personal Achievement,Unlimited Power : The New Science Of Personal Achievement,1986.0,,Autoayuda
4703,0446554960,"Fever Dream (Pendergast, #10)",Fever Dream,2010.0,eng,Thriller
4704,0307401243,Why Be Happy When You Could Be Normal?,Why Be Happy When You Could Be Normal?,2011.0,,Memorias
4705,0312650094,"Outpost (Razorland, #2)",Outpost,2012.0,eng,Ciencia ficción
4706,1608198065,Can't We Talk about Something More Pleasant?,Can't We Talk about Something More Pleasant?,2014.0,eng,Cómic y novela gráfica
4707,0060987464,The Long Hard Road Out of Hell,The Long Hard Road Out of Hell,1998.0,eng,Biografía
4708,,BookRags Summary:  A Storm of Swords,,,eng,Desconocido
4709,0395137209,"Lyle, Lyle, Crocodile","Lyle, Lyle, Crocodile (Lyle the Crocodile)",1965.0,eng,Infantil
4710,031619008X,"Etiquette & Espionage (Finishing School, #1)",Etiquette & Espionage,2013.0,eng,Juvenil
4711,0151012741,Death With Interruptions,As Intermitências da Morte,2005.0,eng,Ficción
4712,0590554085,"Sandry''s Book (Circle of Magic, #1)",Sandry's Book,1997.0,eng,Juvenil
4713,0553589490,Sole Survivor,,1997.0,eng,Thriller
4714,1501142534,Britt-Marie Was Here,Britt-Marie var här,2014.0,eng,Ficción
4715,031026345X,Velvet Elvis: Repainting the Christian Faith,Velvet Elvis: Repainting the Christian Faith,2005.0,,Religión y espiritualidad
4716,0140183523,Kim,Kim,1901.0,eng,Clásicos
4717,0764224735,"The Shunning (The Heritage of Lancaster County, #1)",The Shunning,1997.0,,Ficción
4718,0451464966,"Written in Red (The Others, #1)",Written in Red,2013.0,eng,Fantasía
4719,0393311198,The Seven-Percent Solution,"The Seven-Percent Solution: Being a Reprint from the Reminiscences of John H. Watson, MD",1974.0,eng,Misterio
4720,0439791464,"Gregor and the Marks of Secret (Underland Chronicles, #4)",Gregor and the Marks of Secret,2006.0,eng,Juvenil
4721,0525950796,The Prodigal God: Recovering the Heart of the Christian Faith,The Prodigal God: Christianity Redefined Through the Parable of the Prodigal Sons,2008.0,eng,Religión y espiritualidad
4722,0679736042,Toujours Provence,Toujours Provence,1991.0,eng,Viajes
4723,0375759867,The Lost Painting,The Lost Painting: The Quest for a Caravaggio Masterpiece,2005.0,eng,No ficción
4724,0385534817,The Light in the Ruins,The Light in the Ruins,2013.0,eng,Ficción histórica
4725,0307594882,My Beloved World,,2013.0,eng,Memorias
4726,0812536355,"A Deepness in the Sky (Zones of Thought, #2)",A Deepness in the Sky,1998.0,eng,Ciencia ficción
4727,0521657296,Critique of Pure Reason,Kritik der reinen Vernunft,1781.0,eng,Clásicos
4728,1579126294,"A Murder Is Announced (Miss Marple, #5)",A Murder is Announced,1950.0,eng,Misterio
4729,0810909650,Gnomes,Leven en werken van de Kabouter,1976.0,eng,Infantil
4730,0425197484,"Undead and Unemployed (Undead, #2)",Undead and Unemployed,2004.0,eng,Fantasía
4731,055338368X,Gates of Fire: An Epic Novel of the Battle of Thermopylae,Gates of Fire: An Epic Novel of the Battle of Thermopylae,1998.0,,Ficción histórica
4732,1416527265,"The Little Lady Agency (The Little Lady Agency, #1)",The Little Lady Agency,2005.0,eng,Romántica
4733,0140432078,On Liberty,On Liberty,1859.0,eng,Clásicos
4734,0062225073,Not My Father's Son,Not My Father's Son,2014.0,eng,Memorias
4735,1401322433,"Nigella Express: Good Food, Fast",Nigella Express: Good Food Fast,2007.0,eng,Cocina
4736,,The Dead Key,,2015.0,eng,Misterio
4737,044657161X,"Simply Irresistible (Lucky Harbor, #1)",Simply Irresistible,2010.0,eng,Romántica
4738,0425266516,"Gabriel''s Redemption (Gabriel''s Inferno, #3)",Gabriel's redemption,2013.0,eng,Romántica
4739,1934964107,"Scott Pilgrim, Volume 5: Scott Pilgrim Vs. the Universe","Scott Pilgrim, Volume 5: Scott Pilgrim Vs. the Universe",2009.0,eng,Cómic y novela gráfica
4740,0805082115,Better: A Surgeon's Notes on Performance,Better: A Surgeon's Notes on Performance,2007.0,eng,Ensayo
4741,,"Leave Me Breathless (Ross Siblings, #3)",,2012.0,eng,Romántica
4742,,"Play (Stage Dive, #2)",Play,2014.0,eng,Romántica
4743,0470484233,"Twilight and Philosophy: Vampires, Vegetarians, and the Pursuit of Immortality","Twilight and Philosophy: Vampires, Vegetarians, and the Pursuit of Immortality (The Blackwell Philosophy and Pop Culture Series)",2009.0,eng,Ensayo
4744,0345032799,Games People Play,Games People Play,1964.0,eng,Psicología
4745,0449818438,"Mitosis (The Reckoners, #1.5)",Mitosis,2013.0,eng,Ciencia ficción
4746,0192836382,La Dame aux Camélias,La Dame aux camélias,1848.0,eng,Clásicos
4747,1595549633,The Wedding Dress,The Wedding Dress,2012.0,eng,Romántica
4748,0786866020,Fish: A Proven Way to Boost Morale and Improve Results,Fish! A Remarkable Way to Boost Morale and Improve Results,1996.0,eng,Negocios
4749,0743449746,"D-Day, June 6, 1944: The Battle for the Normandy Beaches","D-Day June 6, 1944: The Climactic Battle of WWII",1994.0,eng,Historia
4750,0547251270,A Long Walk to Water: Based on a True Story,A Long Walk to Water,2010.0,eng,Juvenil
4751,0061449180,"Light (Gone, #6)",Light,2013.0,eng,Ciencia ficción
4752,9781951045210,Stuck-Up Suit,Stuck-Up Suit,2016.0,eng,Romántica
4753,0345419677,"To Your Scattered Bodies Go (Riverworld, #1)",To Your Scattered Bodies Go,1971.0,eng,Ciencia ficción
4754,0515142867,Midnight Bayou,Midnight Bayou,2001.0,eng,Romántica
4755,0156031191,Winter's Tale,Winter's Tale,1983.0,eng,Fantasía
4756,1568650957,The Doomsday Conspiracy,The Doomsday Conspiracy,1991.0,eng,Thriller
4757,1423301854,"Rapture in Death (In Death, #4)",Rapture in Death,1996.0,,Thriller
4758,0143036254,Common Sense,Common Sense,1776.0,eng,Ensayo
4759,0767903579,Falling Leaves: The Memoir of an Unwanted Chinese Daughter,Falling Leaves: The Memoir of an Unwanted Chinese Daughter,1997.0,eng,Memorias
4760,9789770810187,رحلتي من الشك إلى الإيمان,رحلتي من الشك إلى الإيمان,1970.0,ara,Religión y espiritualidad
4761,1250011914,"Whispers at Moonrise (Shadow Falls, #4)",Whispers at Moonrise ,2012.0,eng,Juvenil
4762,030746363X,"The 4-Hour Body: An Uncommon Guide to Rapid Fat-Loss, Incredible Sex, and Becoming Superhuman",The 4-Hour Body,2000.0,eng,Autoayuda
4763,0375727019,The Elementary Particles,Les Particules élémentaires,1998.0,eng,Ficción
4764,,"Beauty from Surrender (Beauty, #2)",Beauty from Surrender,2013.0,eng,Romántica
4765,0785114777,Dracula (Marvel Illustrated),Stoker's Dracula ,2005.0,,Cómic y novela gráfica
4766,0439014573,"The Adventures of Captain Underpants (Captain Underpants, #1)",The Adventures of Captain Underpants,1997.0,eng,Infantil
4767,0547564651,"How Children Succeed: Grit, Curiosity, and the Hidden Power of Character","How Children Succeed: Grit, Curiosity, and the Hidden Power of Character",2012.0,eng,No ficción
4768,0446677949,The Fountains of Paradise,The Fountains of Paradise,1979.0,eng,Ciencia ficción
4769,0670038342,The Bastard of Istanbul,Baba ve Piç,2006.0,eng,Ficción
4770,0307931900,Two Boys Kissing,Two Boys Kissing,2013.0,eng,Juvenil
4771,0061231401,"The Doomsday Key (Sigma Force, #6)",,,eng,Thriller
4772,1400043875,The Ruins,The Ruins,2006.0,eng,Terror
4773,0060525657,"A Dangerous Path (Warriors, #5)",A Dangerous Path,2004.0,eng,Infantil
4774,0449000753,"Dances with Wolves (Dances with Wolves, #1)",Dances with Wolves,1988.0,eng,Ficción histórica
4775,0375814698,"Bloodhound (Beka Cooper, #2)","Bloodhound (Beka Cooper, #2)",2009.0,eng,Fantasía
4776,160751351X,"The Night Angel Trilogy (Night Angel, #1-3)",The Night Angel Trilogy,2009.0,eng,Fantasía
4777,0675093244,A Rose for Emily and Other Stories,A Rose for Emily,1930.0,eng,Clásicos
4778,,The Holy Bible: English Standard Version,Holy Bible English Standard Version,2001.0,eng,Religión y espiritualidad
4779,0446400157,"A Morbid Taste for Bones (Chronicles of Brother Cadfael, #1)",A Morbid Taste for Bones,1977.0,eng,Misterio
4780,019283410X,The Lives of the Artists,"Le Vite de'' più eccellenti pittori, scultori, e architettori da Cimabue insino a'' tempi nostri",1550.0,eng,Arte
4781,0312934335,"Unleash the Night (Dark Hunter, #8; Were-Hunter, #2)",Unleash the Night,2005.0,eng,Fantasía
4782,0747594155,"Syren (Septimus Heap, #5)",Syren,2009.0,eng,Fantasía
4783,3453532988,"Metro 2033 (METRO, #1)",Метро 2033,2005.0,ger,Ciencia ficción
4784,1741753597,The Slap,The Slap,2008.0,eng,Ficción
4785,0064301389,"The Art Spirit: Notes, Articles, Fragments of Letters and Talks to Students, Bearing on the Concept and Technique of Picture Making, the Study of Art (Icon Editions)","The Art Spirit: Notes, Articles, Fragments of Letters and Talks to Students, Bearing on the Concept and Technique of Picture Making, the Study of Art Generally, and on Appreciation (Icon Editions)",1929.0,eng,Arte
4786,1611099692,"Brilliance (Brilliance Saga, #1)",Brilliance,2013.0,eng,Ciencia ficción
4787,9781503945623,Life and Other Near-Death Experiences,,2015.0,eng,Ficción
4788,0571219357,The Fortress of Solitude,The Fortress of Solitude,2003.0,eng,Ficción
4789,0553804820,The Darkest Evening of the Year,The Darkest Evening of the Year,2007.0,eng,Thriller
4790,0374104107,"Authority (Southern Reach, #2)",Authority ,2014.0,eng,Ciencia ficción
4791,0689859406,"The Wrath of Mulgarath (The Spiderwick Chronicles, #5)",The Wrath of Mulgarath,2004.0,eng,Infantil
4792,0061966908,The Scrapbook of Frankie Pratt,,2011.0,eng,Ficción
4793,0385498802,Bee Season,Bee Season,2000.0,eng,Ficción
4794,0060567112,"Indelible (Grant County, #4)",Indelible,2004.0,eng,Thriller
4795,0425098648,Night Chills,Night Chills,1976.0,eng,Terror
4796,0517543052,Be Here Now,Be Here Now,1971.0,eng,Religión y espiritualidad
4797,0425204200,"Trace (Kay Scarpetta, #13)",Trace,2004.0,eng,Thriller
4798,0440243904,"Genghis: Birth of an Empire (Conqueror, #1)",Genghis: Birth of an Empire,2007.0,eng,Ficción histórica
4799,0345373529,"The Ruby Knight (The Elenium, #2)",The Ruby Knight,1990.0,eng,Fantasía
4800,0060177241,The Thief of Always,The Thief of Always,1992.0,eng,Fantasía
4801,0553589385,"Kiss of Crimson (Midnight Breed, #2)",Kiss of Crimson ,2007.0,eng,Romántica
4802,0345497627,"The Keepsake (Rizzoli & Isles, #7)",The Keepsake,2008.0,eng,Thriller
4803,0316219266,The Everything Store: Jeff Bezos and the Age of Amazon,,2013.0,eng,Negocios
4804,,"The Air He Breathes (Elements, #1)",The Air He Breathes,2015.0,,Romántica
4805,1416580948,Kiss of a Demon King (Immortals After Dark #7),Kiss of a Demon King ,2009.0,eng,Romántica
4806,0553813153,"The Bonehunters (Malazan Book of the Fallen, #6)",The Bonehunters,2006.0,eng,Fantasía
4807,0988695103,"Forever My Girl (The Beaumont Series, #1)",,2012.0,eng,Romántica
4808,1477825940,"The Glass Magician (The Paper Magician Trilogy, #2)",The Glass Magician,2014.0,,Fantasía
4809,9380658674,Chanakya's Chant,Chanakya's Chant,2010.0,eng,Thriller
4810,0312265050,The Naked and the Dead,The Naked and the Dead,1948.0,eng,Clásicos
4811,019516895X,Battle Cry of Freedom,Battle Cry of Freedom,1988.0,eng,Historia
4812,0307162346,The Little Mermaid,The Little Mermaid (Little Golden Storybook),1989.0,,Infantil
4813,044661761X,Lifeguard,Lifeguard,2005.0,,Thriller
4814,038573882X,Because of Mr. Terupt,,2010.0,eng,Infantil
4815,0330398059,Blubber,Blubber,1974.0,eng,Infantil
4816,0061783196,"One Grave at a Time (Night Huntress, #6)","One Grave at a Time (Night Huntress, #6)",2011.0,eng,Fantasía
4817,1937053164,"Apollyon (Covenant, #4)",Apollyon,2013.0,eng,Juvenil
4818,0007288387,"I Heart New York (I Heart, #1)",I Heart New York,2009.0,eng,Romántica
4819,0545040523,"Airhead (Airhead, #1)",Airhead ,2008.0,eng,Juvenil
4820,0452281458,"Beauty''s Release (Sleeping Beauty, #3)","Beauty''s Release (Sleeping Beauty, #3)",1985.0,eng,Romántica
4821,0152063846,"Jessica''s Guide to Dating on the Dark Side (Jessica, #1)",Jessica's Guide to Dating on the Dark Side,2000.0,eng,Juvenil
4822,0871401525,"Complete Poems, 1904-1962",E.E. Cummings: Complete Poems 1904-1962,1991.0,eng,Poesía
4823,0609610570,Execution: The Discipline of Getting Things Done,,2009.0,eng,Negocios
4824,0393240231,Smoke Gets in Your Eyes: And Other Lessons from the Crematory,Smoke Gets in Your Eyes: And Other Lessons from the Crematory,2014.0,eng,Memorias
4825,0399156585,"The Rembrandt Affair (Gabriel Allon, #10)",The Rembrandt Affair,2010.0,eng,Thriller
4826,9781798850466,The Call of Cthulhu,The Call of Cthulhu,1928.0,eng,Terror
4827,0061147974,20th Century Ghosts,20th Century Ghosts,2005.0,eng,Terror
4828,0375724508,Ghostwritten,Ghostwritten,1999.0,eng,Ficción
4830,159514322X,"The Ruby Circle (Bloodlines, #6)",The Ruby Circle,2015.0,eng,Juvenil
4831,0316114278,Where the Mountain Meets the Moon,Where the Mountain Meets the Moon,2009.0,eng,Infantil
4832,087923573X,"Swallows and Amazons (Swallows and Amazons, #1)",Swallows and Amazons,1930.0,eng,Infantil
4833,1402245793,"Rock Hard (Sinners on Tour, #2)",Rock Hard,2011.0,eng,Romántica
4834,9780091949006,How to Build a Girl,How to Build a Girl,2014.0,eng,Ficción
4835,9793062924,"Sang Pemimpi (Tetralogi Laskar Pelangi, #2)",Sang Pemimpi,2006.0,ind,Ficción
4836,0743250621,The Know-It-All: One Man's Humble Quest to Become the Smartest Person in the World,The Know-It-All: One Man's Humble Quest to Become the Smartest Person in the World,2004.0,eng,Memorias
4837,0525953078,"Touch & Go (Tessa Leoni, #2)",,2013.0,eng,Thriller
4838,1400047463,The Double Bind,The Double Bind,2007.0,eng,Misterio
4839,0312642695,Summer Rental,,2011.0,eng,Romántica
4840,0007563035,The Ice Twins,The Ice Twins,2015.0,eng,Thriller
4841,1455549002,"The Edge of Always (The Edge of Never, #2)",The Edge of Always,2013.0,eng,Romántica
4842,0452284449,The Virgin Blue,The Virgin Blue,1997.0,eng,Ficción histórica
4843,1400069807,Salt Sugar Fat: How the Food Giants Hooked Us,Salt Sugar Fat: How the Food Giants Hooked Us ,2013.0,eng,No ficción
4844,0152020683,"Half Magic (Tales of Magic, #1)",Half Magic,1954.0,eng,Infantil
4845,1594744548,"Dawn of the Dreadfuls (Pride and Prejudice and Zombies, #0.5)","Dawn of the Dreadfuls (Pride and Prejudice and Zombies, #0.5)",2007.0,eng,Terror
4846,0553807242,"Live to Tell (Detective D.D. Warren, #4)",Live To Tell,2010.0,eng,Thriller
4847,0688128971,Lilly's Purple Plastic Purse,Lilly's Purple Plastic Purse,1996.0,,Infantil
4848,0140143505,"84, Charing Cross Road","84, Charing Cross Road",1970.0,eng,Memorias
4849,,"Father Mine (Black Dagger Brotherhood, #6.5)",,2008.0,eng,Romántica
4850,0553351397,Peace Is Every Step: The Path of Mindfulness in Everyday Life,Peace Is Every Step: The Path of Mindfulness in Everyday Life,1990.0,eng,Religión y espiritualidad
4851,,"Electric Daisy, Vol. 1 (Dengeki Daisy, #1)",電撃デイジー 1,2007.0,ind,Cómic y novela gráfica
4852,1501117203,Scrappy Little Nobody,Scrappy Little Nobody,2016.0,eng,Memorias
4853,9781501247538,The Einstein Prophecy,,2015.0,eng,Thriller
4854,0385608020,"Started Early, Took My Dog (Jackson Brodie, #4)","Started Early, Took My Dog",2010.0,eng,Misterio
4855,0930289447,Batman: A Death in the Family,Batman: A Death in the Family,1988.0,eng,Cómic y novela gráfica
4856,1400069599,TransAtlantic,TransAtlantic,2013.0,eng,Ficción histórica
4857,0061783161,"Eternal Kiss of Darkness (Night Huntress World, #2)",Eternal Kiss of Darkness,2010.0,eng,Romántica
4858,0743571355,"The Spellman Files (The Spellmans, #1)",The Spellman Files,2007.0,eng,Misterio
4859,0425165582,Books of Blood: Volumes One to Three (Books of Blood #1-3),Books of Blood: Volumes 1-3,1984.0,eng,Terror
4860,0060763892,"The Judas Strain (Sigma Force, #4)",The Judas Strain,2007.0,eng,Thriller
4861,0785263713,Searching for God Knows What,Searching for God Knows What,2000.0,eng,Religión y espiritualidad
4862,0060256710,The Missing Piece,The Missing Piece,1976.0,,Infantil
4863,0061006629,Fatherland,Fatherland,1992.0,eng,Ficción histórica
4864,0525951571,"Freedom™ (Daemon, #2)",Freedom™,2010.0,eng,Ciencia ficción
4865,0060088877,The Bridge of San Luis Rey,The Bridge of San Luis Rey,1927.0,eng,Clásicos
4866,9780241252086,White Nights,Белые ночи,1848.0,eng,Clásicos
4867,0425227723,"Skin Trade (Anita Blake, Vampire Hunter #17)",Skin Trade,2009.0,eng,Fantasía
4890,0310240018,Joni: An Unforgettable Story,Joni,1976.0,eng,Biografía
4868,0875793266,Jesus the Christ,Jesus the Christ: A Study of the Messiah and His Mission according to Holy Scriptures both Ancient and Modern,1915.0,,Religión y espiritualidad
4869,1570820872,Disney's the Lion King,Disney's the Lion King (Disney Classic Series),1994.0,eng,Infantil
4870,0141439866,Shirley,Shirley ,1849.0,,Clásicos
4871,0515116750,"Born in Ice (Born In Trilogy, #2)",Born in Ice,1995.0,eng,Romántica
4872,1842431021,Villa Incognito,Villa Incognito,2003.0,,Ficción
4873,0374260508,The Sellout,The Sellout,2015.0,eng,Ficción
4874,1401202225,"Fables, Vol. 4: March of the Wooden Soldiers","Fables, Volume 4: March of the Wooden Soldiers",2004.0,eng,Cómic y novela gráfica
4875,0804192979,Night School,Night School,2016.0,eng,Thriller
4876,0345515501,"The Silent Girl (Rizzoli & Isles, #9)",The Silent Girl,2011.0,eng,Thriller
4877,0007175191,Horton Hatches the Egg,Horton Hatches the Egg,1940.0,eng,Infantil
4878,,"A Shade of Blood (A Shade of Vampire, #2)",,,eng,Fantasía
4879,0062248472,Beyond Belief: My Secret Life Inside Scientology and My Harrowing Escape,Beyond Belief: My Secret Life Inside Scientology and My Harrowing Escape,2013.0,eng,Memorias
4880,0865163480,Apology,Απολογία,-390.0,eng,Clásicos
4881,1563893274,"Preacher, Volume 3: Proud Americans",Preacher: Proud Americans,1997.0,eng,Cómic y novela gráfica
4882,0307595110,"The Wolf Gift (The Wolf Gift Chronicles, #1)",The Wolf Gift,2012.0,eng,Terror
4883,0307960307,The Little Red Hen (Little Golden Book),The Little Red Hen (Little Golden Book),1954.0,,Infantil
4884,1455501476,Lethal,Lethal,2011.0,,Thriller
4885,0316017442,The Terror,The Terror,2007.0,eng,Terror
4886,0670447161,Madeline's Rescue,Madeline's Rescue,1953.0,eng,Infantil
4887,0061733636,"Game Change: Obama and the Clintons, McCain and Palin, and the Race of a Lifetime","Game Change: Obama and the Clintons, McCain and Palin, and the Race of a Lifetime",2010.0,,No ficción
4888,067172942X,"Garden of Shadows (Dollanganger, #5)",Garden of Shadows,1987.0,eng,Terror
4889,0061957895,"A Perfect Blood (The Hollows, #10)",A Perfect Blood,2012.0,eng,Fantasía
4891,0786932171,"War of the Twins (Dragonlance: Legends, #2)",War of the Twins,1986.0,eng,Fantasía
4892,031603617X,"Cross Fire (Alex Cross, #17)",Cross Fire,2010.0,eng,Thriller
4893,0142000159,Brunelleschi's Dome: How a Renaissance Genius Reinvented Architecture,Brunelleschi's Dome: How a Renaissance Genius Reinvented Architecture,2000.0,eng,Historia
4894,1577312295,Creative Visualization: Use the Power of Your Imagination to Create What You Want in Your Life,Creative Visualization: Use the Power of Your Imagination to Create What You Want in Your Life,1978.0,eng,Autoayuda
4895,0060584025,"Metro Girl (Alex Barnaby, #1)",Metro Girl,2004.0,eng,Aventura
4896,,"Never Never: Part Three (Never Never, #3)",,2016.0,eng,Misterio
4897,0312360819,"Second Grave on the Left (Charley Davidson, #2)",Second Grave on the Left,2011.0,eng,Fantasía
4898,155652532X,Katherine,Katherine,1954.0,eng,Ficción histórica
4899,0141020520,A Short History of Tractors in Ukrainian,A Short History of Tractors in Ukrainian,2005.0,eng,Ficción
4900,0062225464,Where They Found Her,,2015.0,eng,Thriller
4901,0553590162,"Industrial Magic (Women of the Otherworld, #4)",Industrial Magic,2004.0,eng,Fantasía
4902,2070364232,"Le Petit Nicolas (Le petit Nicolas, #1)",Le Petit Nicolas,1959.0,fre,Infantil
4903,,"The Atlantis Plague (The Origin Mystery, #2)",The Atlantis Plague,2013.0,eng,Ciencia ficción
4904,034547581X,We Were Soldiers Once... and Young: Ia Drang - The Battle that Changed the War in Vietnam,We Were Soldiers Once... and Young: Ia Drang - the Battle That Changed the War in Vietnam,1991.0,eng,Historia
4905,0451215710,Whiteout,Whiteout,2004.0,eng,Thriller
4906,0345349571,A Distant Mirror:  The Calamitous 14th Century,A Distant Mirror: The Calamitous 14th Century,1978.0,eng,Historia
4907,0142407577,Heat,Heat,2006.0,eng,Juvenil
4908,0060554738,The Game: Penetrating the Secret Society of Pickup Artists,The Game,2005.0,eng,No ficción
4909,0330348779,"N is for Noose (Kinsey Millhone, #14)","'N'"" is for Noose""",1998.0,eng,Misterio
4910,0749941995,Just Like Heaven (Smythe-Smith Quartet #1),Just Like Heaven,2011.0,eng,Romántica
4911,1423119509,"Percy Jackson and the Olympians Boxed Set (Percy Jackson and the Olympians, #1-5)",Percy Jackson and the Olympians,2009.0,,Juvenil
4912,0525952764,"Catch Me (Detective D.D. Warren, #6)",Catch Me,2012.0,eng,Thriller
4913,0778321606,"The Shop on Blossom Street (Blossom Street, #1)",The Shop on Blossom Street,2003.0,eng,Ficción
4914,1560768800,"Starless Night (Forgotten Realms: Legacy of the Drow, #2; Legend of Drizzt, #8)",Starless Night (Legacy of the Drow #2),1992.0,eng,Fantasía
4915,0446616621,"Night Fall (John Corey, #3)",Night Fall,2004.0,eng,Thriller
4916,0316000957,"Trials of Death (Cirque Du Freak, #5)","Trials of Death (Cirque du Freak, #5) ",2001.0,,Juvenil
4917,0446539813,"The Bourne Objective (Jason Bourne, #8)",Robert Ludlum's The Bourne Objective,2010.0,eng,Thriller
4919,0310247535,"Even Now (Lost Love, #1)",Even Now,2005.0,eng,Romántica
4920,0316059862,Testimony,Testimony,2008.0,eng,Ficción
4921,1937007588,"Magic Rises (Kate Daniels, #6)",Magic Rises,2013.0,eng,Fantasía
4922,0345524616,"Whispers Under Ground (Peter Grant, #3)",Whispers Under Ground,2012.0,eng,Fantasía
4923,031621129X,"Unlucky 13 (Women’s Murder Club, #13)",Unlucky 13,2014.0,eng,Thriller
4924,0446604089,The Best Laid Plans,The Best Laid Plans,1997.0,eng,Thriller
4925,0061433012,Nation,Nation,2008.0,eng,Fantasía
4926,0061259349,"Secrets of a Summer Night (Wallflowers, #1)",Secrets of a Summer Night,2004.0,eng,Romántica
4927,1595540342,"Red: The Heroic Rescue (The Circle, #2)",Red,2004.0,eng,Ciencia ficción
4928,0312655452,"A Trick of the Light (Chief Inspector Armand Gamache, #7)",A Trick of the Light,2011.0,eng,Misterio
4929,,"White Hot Kiss (The Dark Elements, #1)",White Hot Kiss,2014.0,eng,Fantasía
4930,4757518080,Pandora Hearts 1巻,Pandora Hearts 1,2006.0,jpn,Cómic y novela gráfica
4931,0345329457,At the Mountains of Madness and Other Tales of Terror,At the Mountains of Madness,1931.0,eng,Terror
4932,0060596988,Lit,Lit,2008.0,eng,Memorias
4933,0893662135,"Dragonsdawn (Pern, #9)","Dragonsdawn (Pern: Dragonriders of Pern, #6)",1988.0,,Ciencia ficción
4934,0399252649,Mockingbird,Mockingbird,2010.0,eng,Juvenil
4935,,28 حرف,28 حرف,2012.0,ara,Ficción
4936,1590521358,I Kissed Dating Goodbye,I Kissed Dating Goodbye: New Attitude Toward Romance and Relationship,1996.0,,Religión y espiritualidad
4937,0808553038,"The Egypt Game (Game, #1)",The Egypt Game,1967.0,eng,Infantil
4938,0375703055,Ellen Foster,Ellen Foster,1987.0,eng,Ficción
4939,0805210555,The Complete Stories,Sämtliche Erzählungen,1946.0,eng,Clásicos
4940,156924264X,Veganomicon: The Ultimate Vegan Cookbook,Veganomicon: The Ultimate Vegan Cookbook,2007.0,,Cocina
4941,0786933887,"Test of the Twins (Dragonlance: Legends, #3)","Test of the Twins (Dragonlance Legends, #3)",1986.0,eng,Fantasía
4942,0374530637,Wise Blood,Wise Blood,1952.0,eng,Clásicos
4943,9753638027,Kürk Mantolu Madonna,Kürk Mantolu Madonna,1943.0,tur,Clásicos
4944,0345379624,"Running with the Demon (Word & Void, #1)",Running with the Demon,1997.0,eng,Fantasía
4945,1557488150,In His Steps,In His Steps,1896.0,,Religión y espiritualidad
4946,1439136823,Lothaire (Immortals After Dark #12),Lothaire,2012.0,eng,Romántica
4947,1423102991,"Knuffle Bunny Too: A Case of Mistaken Identity (Knuffle Bunny, #2)",Knuffle Bunny Too: A Case of Mistaken Identity,2007.0,eng,Infantil
4948,0446195979,"The Whole Truth (A. Shaw, #1)",The Whole Truth,2008.0,eng,Thriller
4949,0061628018,"Stolen Innocence: My Story of Growing Up in a Polygamous Sect, Becoming a Teenage Bride, and Breaking Free of Warren Jeffs","Stolen Innocence: My Story of Growing Up in a Polygamous Sect, Becoming a Teenage Bride, and Breaking Free of Warren Jeffs",2008.0,,Memorias
4950,039925692X,Out of the Easy,Out of the Easy,2013.0,eng,Ficción histórica
4951,1401216226,Batman: The Man Who Laughs,Batman: The Man Who Laughs,2005.0,eng,Cómic y novela gráfica
4952,0060744510,"Midnight (Warriors: The New Prophecy, #1)",Midnight,2005.0,eng,Juvenil
4953,0062273205,The Hard Thing About Hard Things: Building a Business When There Are No Easy Answers,The Hard Thing about Hard Things: Building A Business When There Are No Easy Answers,2014.0,eng,Negocios
4954,1461052149,"The Fallen Star (Fallen Star, #1)",,2011.0,,Juvenil
4955,0345348664,"The Illearth War (The Chronicles of Thomas Covenant the Unbeliever, #2)",The Illearth War,1977.0,,Fantasía
4956,0340936150,My Booky Wook,My Booky Wook,2007.0,eng,Memorias
4957,0425259862,"Shadow Spell (The Cousins O''Dwyer Trilogy, #2)",Shadow Spell,2014.0,eng,Romántica
4958,1592406521,Just My Type: A Book About Fonts,Just My Type: A Book About Fonts,2010.0,eng,Arte
4959,0399155481,"Promises in Death (In Death, #28)",Promises in Death,2009.0,eng,Thriller
4960,0876853629,Love Is a Dog from Hell,"Love Is a Dog from Hell: Poems, 1974-1977",1977.0,eng,Poesía
4961,0316229296,"The Fifth Season (The Broken Earth, #1)",The Fifth Season,2015.0,eng,Ciencia ficción
4962,1846247195,The Zombie Room,,2012.0,eng,Terror
4964,0670019631,Shades of Grey,Shades of Grey,2009.0,eng,Ciencia ficción
4965,0140389660,"That Was Then, This Is Now","That Was Then, This Is Now",1971.0,eng,Juvenil
4966,0307582396,"The Mysterious Benedict Society and the Prisoner''s Dilemma (The Mysterious Benedict Society, #3)",The Mysterious Benedict Society and the Prisoner's Dilemma,2009.0,,Juvenil
4967,0061579033,The Family Fang,The Family Fang,2011.0,eng,Ficción
4968,0060744871,The Pursuit of Happyness,The Pursuit of Happyness,2006.0,,Memorias
4969,,Min kamp 1 (Min kamp #1),Min kamp 1,2009.0,nor,Memorias
4970,0385342322,"A Red Herring Without Mustard (Flavia de Luce, #3)",A Red Herring Without Mustard,2011.0,eng,Misterio
4971,0684804484,No Ordinary Time: Franklin and Eleanor Roosevelt: The Home Front in World War II,No Ordinary Time: Franklin and Eleanor Roosevelt: The Home Front in World War II,1994.0,eng,Historia
4972,0375701907,Straight Man,Straight Man,1997.0,eng,Ficción
4973,0375701966,The Moviegoer,The Moviegoer,1961.0,eng,Ficción
4974,0413774031,The Cherry Orchard,Вишнëвый сад,1904.0,eng,Clásicos
4975,0545052394,"11 Birthdays (Willow Falls, #1)",11 Birthdays,2009.0,eng,Juvenil
4976,026110215X,Unfinished Tales of Númenor and Middle-Earth,Unfinished Tales of Númenor and Middle-Earth,1980.0,,Fantasía
4977,0385521227,"Sisterhood Everlasting (Sisterhood, #5)",Sisterhood Everlasting,2011.0,eng,Juvenil
4978,0451452011,Infinity Welcomes Careful Drivers (Red Dwarf #1),Infinity Welcomes Careful Drivers,1989.0,eng,Ciencia ficción
4979,0060735430,Coyote Blue,Coyote Blue,1994.0,eng,Ficción
4980,,فوضى الحواس,فوضى الحواس,1997.0,ara,Ficción
4981,160096527X,Orthodoxy,Orthodoxy,1908.0,eng,Religión y espiritualidad
4982,0060542098,Fancy Nancy,Fancy Nancy,2005.0,,Infantil
4983,0099478420,The Heart of the Matter,The Heart of the Matter,1948.0,eng,Clásicos
4984,141971189X,"The Long Haul (Diary of a Wimpy Kid, #9)",The Long Haul ,2014.0,eng,Infantil
4985,0152046917,"Talking to Dragons (Enchanted Forest Chronicles, #4)",,1985.0,eng,Juvenil
4986,0316018708,Sail,Sail,2008.0,eng,Thriller
4987,1408859645,The Sleeper and the Spindle,The Sleeper and the Spindle,2014.0,eng,Infantil
4988,045141991X,A Fall of Marigolds,,2014.0,,Ficción histórica
4989,0452281431,"Beauty''s Punishment (Sleeping Beauty, #2)",Beauty's Punishment,1984.0,eng,Romántica
4990,1414310560,"The Negotiator (O''Malley, #1)",The Negotiator,2000.0,eng,Romántica
4991,0143417231,Can Love Happen Twice?,Can Love Happen Twice?,2011.0,eng,Romántica
4992,0060548924,"A Lion Among Men (The Wicked Years, #3)",A Lion Among Men,2008.0,eng,Fantasía
4993,0380720868,"Shadow of a Dark Queen (The Serpentwar Saga, #1)","Shadow of a Dark Queen (The Serpentwar Saga, #1)",1994.0,eng,Fantasía
4994,0802136680,This Boy's Life,This Boy's Life: A Memoir,1989.0,eng,Memorias
4995,0312382855,"Patient Zero (Joe Ledger, #1)",Patient Zero,2009.0,eng,Terror
4996,0679728899,Death Comes for the Archbishop,Death Comes for the Archbishop,1927.0,eng,Clásicos
4997,1841497967,"Fair Game (Alpha & Omega, #3)",,2012.0,eng,Fantasía
4998,1423194551,"The Son of Sobek (Percy Jackson & Kane Chronicles Crossover, #1)",The Son of Sobek,2013.0,eng,Juvenil
4999,1854596373,Tartuffe,"Le Tartuffe, ou L’Imposteur",1664.0,eng,Clásicos
5000,0446401056,Passion Unleashed (Demonica #3),Passion Unleashed,2009.0,eng,Romántica
5001,1421514818,"High School Debut, Vol. 01 (High School Debut, #1)",高校デビュー 1,2004.0,eng,Cómic y novela gráfica
5002,9953716889,في ديسمبر تنتهي كل الأحلام,في ديسمبر تنتهي كل الأحلام,2011.0,ara,Ficción
5003,030711838X,Just for You (Little Critter),Just for You,1975.0,eng,Infantil
5004,0060002492,Amazonia,Amazonia,2002.0,eng,Aventura
5005,0380810336,Feeling Good: The New Mood Therapy, Feeling Good: The New Mood Therapy,1980.0,eng,Autoayuda
5006,0515141399,Blue Smoke,Blue Smoke,2005.0,eng,Romántica
5007,0425210278,"Predator (Kay Scarpetta, #14)",Predator,2005.0,eng,Thriller
5008,0894864025,Codependent No More: How to Stop Controlling Others and Start Caring for Yourself,Codependent No More: How to Stop Controlling Others and Start Caring for Yourself,1986.0,,Autoayuda
5010,0743426800,"Inca Gold (Dirk Pitt, #12)",Inca Gold,1994.0,eng,Aventura
5011,1400069629,Delicious!,Delicious!,2014.0,eng,Ficción
5012,0446504122,NurtureShock: New Thinking About Children,NurtureShock: New Thinking About Children,2008.0,eng,Psicología
5013,044657967X,"Wild Fire (John Corey, #4)",Wild Fire,2006.0,eng,Thriller
5014,0743497295,Two Little Girls in Blue,Two Little Girls in Blue,2006.0,eng,Misterio
5015,055327211X,"Daughter of the Empire (The Empire Trilogy, #1)",Daughter of the Empire,1987.0,eng,Fantasía
5016,0689872372,"Everlost (Skinjacker, #1)",Everlost,2006.0,eng,Juvenil
5017,1439136807,Dreams of a Dark Warrior (Immortals After Dark #11),Dreams of a Dark Warrior,2011.0,eng,Romántica
5018,0142428698,"Theodore Boone: Kid Lawyer (Theodore Boone, #1)","Theodore Boone, Kid Lawyer",2010.0,eng,Juvenil
5019,0224063979,"Jimmy Corrigan, the Smartest Kid on Earth",Jimmy Corrigan: The Smartest Kid on Earth,2000.0,,Cómic y novela gráfica
5020,0142300705,"A Year Down Yonder (A Long Way from Chicago, #2)",A Year Down Yonder,2000.0,eng,Infantil
5021,,"Own the Wind (Chaos, #1)",Own the Wind,2013.0,eng,Romántica
5022,8423648990,Marina,Marina,1999.0,spa,Juvenil
5023,1594487588,My Name Is Memory,,2010.0,eng,Romántica
5024,0679744479,Written on the Body,Written on the Body,1992.0,eng,Ficción
5025,1450595987,"Tiger''s Voyage (The Tiger Saga, #3)",Tiger's Voyage,2011.0,eng,Juvenil
5026,0007203116,"Dead and Alive (Dean Koontz''s Frankenstein, #3)",Dean Koontz's Frankenstein: Dead and Alive,2009.0,eng,Terror
5027,0060894083,Genome: the Autobiography of a Species in 23 Chapters,Genome: The Autobiography of a Species in 23 Chapters,1999.0,eng,Ciencia
5028,0671449028,The Going-To-Bed Book,The Going-To-Bed Book,1982.0,eng,Infantil
5029,0064473627,"Knocked Out by My Nunga-Nungas (Confessions of Georgia Nicolson, #3)",Knocked out by my nunga-nungas,2001.0,eng,Juvenil
5030,0842332294,"Desecration (Left Behind, #9)",The Sacrilege: The Antichrist Takes the Throne,2001.0,eng,Ficción
5032,0385733976,Going Bovine,Going Bovine,2009.0,eng,Juvenil
5033,0752861743,The Postman Always Rings Twice,The Postman Always Rings Twice ,1934.0,eng,Clásicos
5034,0385736843,"The Dead-Tossed Waves (The Forest of Hands and Teeth, #2)",The Dead-Tossed Waves ,2010.0,eng,Juvenil
5035,0965925072,Shadow Divers,Shadow Divers: The True Adventure of Two Americans Who Risked Everything to Solve One of the Last Mysteries of World War II,2004.0,eng,No ficción
5036,0385907508,Moon Over Manifest,Moon Over Manifest,2010.0,eng,Infantil
5037,0375758771,The Glass Palace,The Glass Palace,2000.0,eng,Ficción histórica
5038,1595144358,Chopsticks,,2012.0,eng,Juvenil
5039,125001011X,Every Fifteen Minutes,,2015.0,eng,Thriller
5040,0385741391,"The Eye of Minds (The Mortality Doctrine, #1)",The Eye of Minds,2013.0,eng,Juvenil
5041,1579126936,"4:50 from Paddington (Miss Marple, #8)",4.50 From Paddington,1957.0,eng,Misterio
5042,0749934123,"Ceremony in Death (In Death, #5)",Ceremony in Death,1997.0,eng,Misterio
5043,0345807154,"Cockroaches (Harry Hole, #2)",Kakerlakkene,1998.0,eng,Thriller
5044,0425212033,"Grave Surprise (Harper Connelly, #2)",Grave Surprise,2006.0,eng,Misterio
5045,0060535032,"City of the Beasts (Eagle and Jaguar, #1)",La ciudad de las bestias,2002.0,eng,Juvenil
5046,9770915343,أولاد حارتنا,أولاد حارتنا,1959.0,ara,Clásicos
5047,0345460014,"The Scar (Bas-Lag, #2)",The Scar,2002.0,eng,Fantasía
5048,0060751649,"Haunted (The Mediator, #5)",Haunted,2003.0,eng,Juvenil
5049,0689860064,"Dragondrums (Harper Hall, #3)","Dragondrums (Pern: Harper Hall, #3)",1979.0,eng,Fantasía
5050,0446574465,The Story of Beautiful Girl,The Story of Beautiful Girl,2011.0,,Ficción
5188,0451076451,Rage,Rage,1977.0,eng,Terror
5051,0140280553,"Galileo''s Daughter: A Historical Memoir of Science, Faith and Love",Galileo's Daughter,1999.0,eng,Biografía
5052,0553241605,Mila 18,Mila 18,1961.0,eng,Ficción histórica
5053,0545176867,Drawing from Memory,,2011.0,eng,Memorias
5054,071956896X,"Sea of Poppies (Ibis Trilogy, #1)",Sea of Poppies,2008.0,eng,Ficción histórica
5055,0553290991,Nightfall,Nightfall,1970.0,eng,Ciencia ficción
5056,0152018484,How I Became a Pirate,How I Became a Pirate,2003.0,eng,Infantil
5057,0061129763,"The Monkey Wrench Gang (Monkey Wrench Gang, #1)","The Monkey Wrench Gang (Monkey Wrench Gang, #1)",1975.0,eng,Ficción
5058,1400063841,Last Night in Twisted River,Last Night in Twisted River,2009.0,eng,Ficción
5059,006204964X,"Love Wins: A Book About Heaven, Hell, and the Fate of Every Person Who Ever Lived",Love wins,2011.0,eng,Religión y espiritualidad
5060,0451233182,"Bite Club (The Morganville Vampires, #10)",Bite Club,2011.0,eng,Fantasía
5061,0312933541,A Matter of Honor,A Matter of Honor,1985.0,,Thriller
5062,0743482883,Mr. Perfect,Mr. Perfect,2000.0,eng,Romántica
5063,,"Up to Me (The Bad Boys, #2)",Up to Me,2013.0,eng,Romántica
5064,,"Waking Up Married (Waking Up, #1)",Waking Up Married,2012.0,eng,Romántica
5065,055380555X,No Time for Goodbye (No Time For Goodbye #1),No Time for Goodbye,2007.0,eng,Thriller
5066,0060730269,"Ida B. . . and Her Plans to Maximize Fun, Avoid Disaster, and (Possibly) Save the World","Ida B. . . and Her Plans to Maximize Fun, Avoid Disaster, and (Possibly) Save the World",2004.0,eng,Infantil
5067,0007273746,"The Dragon Keeper (Rain Wild Chronicles, #1)",The Dragon Keeper,2009.0,eng,Fantasía
5068,0195007778,A Sand County Almanac and Sketches Here and There,A Sand County Almanac,1949.0,,Ensayo
5069,0805072063,Lassie Come-Home,Lassie Come-Home,1940.0,,Infantil
5070,1932100660,"The China Study: The Most Comprehensive Study of Nutrition Ever Conducted And the Startling Implications for Diet, Weight Loss, And Long-term Health","The China Study: The Most Comprehensive Study of Nutrition Ever Conducted and the Startling Implications for Diet, Weight Loss and Long-term Health",2001.0,eng,No ficción
5071,0333710932,The Gruffalo,The Gruffalo,1999.0,eng,Infantil
5072,0345455290,"The Salmon of Doubt (Dirk Gently, #3)",The Salmon of Doubt: Hitchhiking the Galaxy One Last Time,2002.0,eng,Ficción
5073,1857987632,The City and the Stars,The City and the Stars,1956.0,eng,Ciencia ficción
5074,2723495612,"Tokyo Ghoul, tome 1 (Tokyo Ghoul, #1)",東京喰種トーキョーグール 1,2012.0,fre,Cómic y novela gráfica
5075,0316737372,"How to Train Your Dragon (How to Train Your Dragon, #1)",How to train your dragon,2003.0,eng,Infantil
5076,034911188X,Brief Interviews with Hideous Men,Brief Interviews with Hideous Men,1999.0,eng,Ficción
5077,1416516727,All Around the Town,All Around the Town,1992.0,,Thriller
5078,0061767581,"L.A. Candy (L.A. Candy, #1)",L.A. Candy,2009.0,eng,Juvenil
5079,1440154236,The Siren,The Siren,2009.0,eng,Fantasía
5080,0340686030,The Quiet Game,The Quiet Game,1999.0,eng,Thriller
5081,0679764410,American Sphinx: The Character of Thomas Jefferson,American Sphinx: The Character of Thomas Jefferson,1996.0,eng,Biografía
5082,0307948684,Headhunters,Hodejegerne,2008.0,eng,Thriller
5083,0399153357,"The Messenger (Gabriel Allon, #6)",The Messenger,2006.0,eng,Thriller
5084,0141023422,The Sheltering Sky,The Sheltering Sky,1949.0,eng,Ficción
5085,1406331163,The Rest of Us Just Live Here,The Rest of Us Just Live Here,2015.0,eng,Juvenil
5086,0345495357,The Lady Elizabeth,The Lady Elizabeth,2008.0,eng,Ficción histórica
5087,1455503258,The Astronaut Wives Club,The Astronaut Wives Club,2013.0,eng,No ficción
5088,0375757910,The Man Who Was Thursday: A Nightmare,The Man Who Was Thursday - A Nightmare,1908.0,eng,Clásicos
5089,006008460X,Cheaper by the Dozen,Cheaper by the Dozen,1948.0,eng,Memorias
5090,0446581194,The Monster of Florence,The Monster of Florence: A True Story,2008.0,eng,No ficción
5091,031605755X,Winter's Bone,Winter's Bone,2006.0,eng,Ficción
5092,0553816322,"Seduced by Moonlight (Merry Gentry, #3)","Seduced by Moonlighty (Merry Gentry, #3)",2004.0,eng,Fantasía
5093,0060888644,"Sword Song (The Saxon Stories, #4)",Sword Song,2007.0,eng,Ficción histórica
5094,0061251348,Deceptively Delicious: Simple Secrets to Get Your Kids Eating Good Food,Deceptively Delicious: Simple Secrets to Get Your Kids Eating Good Food,2007.0,eng,Cocina
5095,0316780375,The Weight of Water,The Weight of Water,1997.0,eng,Ficción
5096,1301786454,"Music of the Heart (Runaway Train, #1)",Music of the Heart,2013.0,eng,Romántica
5097,0451203771,Scarlet Feather,The Scarlet Feather,2000.0,eng,Ficción
5098,0988489112,"Truth (Consequences, #2)",,2012.0,eng,Romántica
5099,0060507772,"The Last Hero (Discworld, #27; Rincewind #7)",The Last Hero,2001.0,eng,Fantasía
5100,0553275720,Fantastic Voyage,Fantastic Voyage,1966.0,,Ciencia ficción
5101,0312243359,We Wish to Inform You That Tomorrow We Will Be Killed with Our Families,We Wish to Inform You That Tomorrow We Will Be Killed with Our Families,1998.0,eng,No ficción
5102,161638610X,The Harbinger: The Ancient Mystery that Holds the Secret of America's Future,,2011.0,,Religión y espiritualidad
5103,0062073168,"The English Girl (Gabriel Allon, #13)",The English Girl,2013.0,eng,Thriller
5104,1400068169,Clara and Mr. Tiffany,Clara and Mr. Tiffany,2010.0,,Ficción histórica
5105,0316254770,The Geography of You and Me,The Geography of You and Me,2014.0,eng,Juvenil
5106,1409521966,"Angel (Angel, #1)",Angel ,2010.0,eng,Juvenil
5107,1416997946,"Seeds of Rebellion (Beyonders, #2)","Seeds of Rebellion (Beyonders, #2)",2012.0,eng,Fantasía
5108,0440228654,Chinese Cinderella: The True Story of an Unwanted Daughter,Chinese Cinderella: The True Story of an Unwanted Daughter,1999.0,eng,Memorias
5109,0425182878,"Chosen Prey (Lucas Davenport, #12)",Chosen Prey,2001.0,eng,Thriller
5110,0785139877,Raymond E. Feist's Magician Master,,2010.0,,Cómic y novela gráfica
5111,9782755634761,Bossman,,2016.0,eng,Romántica
5112,0451225007,The Black Dagger Brotherhood: An Insider's Guide,The Black Dagger Brotherhood: An Insider's Guide,2008.0,eng,No ficción
5113,1600104835,"Locke & Key, Vol. 2: Head Games",Head Games ,2009.0,eng,Cómic y novela gráfica
5114,0192751034,"Ramona and Her Father (Ramona, #4)",Ramona and Her Father,1984.0,eng,Infantil
5115,1600963943,The Secret Adversary (Tommy and Tuppence #1),The Secret Adversary,1922.0,eng,Misterio
5116,0394752848,Hopscotch,Rayuela,1963.0,eng,Clásicos
5117,0345528204,"Fallen (Will Trent, #5)",Fallen,2011.0,eng,Thriller
5118,1250091845,"Stars Above (The Lunar Chronicles, #4.5)",Stars Above,2016.0,eng,Ciencia ficción
5119,038551851X,Clapton: The Autobiography,Clapton: The Autobiography,2007.0,eng,Biografía
5120,0312421435,No Logo,No Logo,1999.0,eng,Ensayo
5121,0451210557,No Second Chance,No Second Chance,2003.0,eng,Thriller
5122,0446698229,Fear and Loathing on the Campaign Trail '72,Fear and Loathing on the Campaign Trail '72,1973.0,eng,No ficción
5123,0743219600,Shroud for a Nightingale (Adam Dalgliesh #4),Shroud for a Nightingale,1971.0,eng,Misterio
5124,1250019834,"First Frost (Waverley Family, #2)",First Frost,2015.0,eng,Fantasía
5125,0330426648,Stories of Your Life and Others,Stories of Your Life and Others ,2002.0,eng,Ciencia ficción
5126,9707704667,Travesuras de la niña mala,Travesuras de la niña mala,2006.0,spa,Ficción
5127,1565126807,The Girl Who Fell from the Sky,The Girl Who Fell From the Sky,2010.0,eng,Ficción
5128,0375727272,Lunar Park,Lunar Park,2005.0,,Ficción
5129,0553804324,"Hide (Detective D.D. Warren, #2)","Hide (Detective D.D. Warren, #2) ",2007.0,eng,Thriller
5130,9832672368,Ayat-Ayat Cinta,Ayat-ayat Cinta,2004.0,ind,Ficción
5131,1682305031,"Broken Prince (The Royals, #2)",Broken prince,2016.0,eng,Juvenil
5132,0385349831,Manuscript Found in Accra,Manuscrito encontrado em Accra,2012.0,eng,Ficción
5133,031238078X,Save Me,Save Me,2011.0,,Thriller
5134,0007117140,Weaveworld,Weaveworld,1987.0,eng,Fantasía
5135,0671758896,"Loves Music, Loves to Dance","Loves Music, Loves to Dance",1991.0,eng,Thriller
5136,0689869126,"The Rivers of Zadaa (Pendragon, #6)",The Rivers of Zadaa,2005.0,eng,Juvenil
5137,,"Sweet Dreams (Colorado Mountain, #2)",Sweet Dreams,2011.0,eng,Romántica
5138,0345438310,Nicholas and Alexandra,Nicholas and Alexandra,1967.0,eng,Historia
5139,0345527771,"Wicked Business (Lizzy & Diesel, #2)",Wicked Business,2012.0,eng,Misterio
5140,037587089X,Escape from Mr. Lemoncello's Library (Mr. Lemoncello's Library #1),Escape from Mr. Lemoncello's Library,2013.0,eng,Infantil
5142,1414318634,"Her Mother''s Hope (Marta''s Legacy, #1)","Her Mother''s Hope (Marta''s Legacy, #1)",2010.0,eng,Ficción histórica
5143,0395870828,Tuesday,Tuesday,1991.0,,Infantil
5144,0399148701,"Red Rabbit (Jack Ryan Universe, #3)",Red Rabbit,2002.0,eng,Thriller
5145,0886773784,"Arrows of the Queen (Heralds of Valdemar, #1)",Arrows of the Queen (Heralds of Valdemar #1),1987.0,eng,Fantasía
5146,0374521727,Slouching Towards Bethlehem,Slouching Towards Bethlehem: Essays,1968.0,,Ensayo
5147,0006497012,"Rise of a Merchant Prince (The Serpentwar Saga, #2)",Rise of a Merchant Prince,1995.0,,Fantasía
5148,0062002325,"Angelfire (Angelfire, #1)",Angelfire,2011.0,eng,Juvenil
5149,1451665601,Mile 81,Mile 81,2011.0,eng,Terror
5150,0312426232,The Brooklyn Follies,The Brooklyn Follies,2005.0,eng,Ficción
5151,0689859392,"The Ironwood Tree (The Spiderwick Chronicles, #4)",The Ironwood Tree,2004.0,eng,Infantil
5152,0689846231,The Yearling,The Yearling,1930.0,eng,Clásicos
5153,0373210639,"Dare You To (Pushing the Limits, #2)",Dare You To,2013.0,eng,Juvenil
5154,0446569895,I Am Ozzy,I Am Ozzy,2009.0,eng,Memorias
5155,0767915305,The Sex Lives of Cannibals: Adrift in the Equatorial Pacific,The Sex Lives of Cannibals: Adrift in the Equatorial Pacific,2003.0,eng,Viajes
5156,0778313077,"Touch of Power (Healer, #1)",Touch of Power,2011.0,eng,Fantasía
5157,0375703063,A Virtuous Woman,A Virtuous Woman ,1989.0,eng,Ficción
5158,0515128546,"Tears of the Moon (Gallaghers of Ardmore / Irish Trilogy, #2)",Tears of the Moon,1999.0,eng,Romántica
5159,0316000973,"The Vampire Prince (Cirque Du Freak, #6)","The Vampire Prince (Cirque Du Freak, #6)",2002.0,,Juvenil
5160,034537472X,"The Sapphire Rose (The Elenium, #3)",The Sapphire Rose ,1991.0,eng,Fantasía
5161,1476798176,Did You Ever Have a Family,Did You Ever Have a Family,2015.0,eng,Ficción
5162,0751531219,The Gold Coast,The Gold Coast,1990.0,,Thriller
5163,0684839385,On Death and Dying,On Death and Dying,1969.0,eng,Psicología
5164,1780892888,"14th Deadly Sin (Women’s Murder Club, #14)",14th Deadly Sin,2015.0,eng,Thriller
5165,0060562498,"It Happened One Autumn (Wallflowers, #2)",It Happened One Autumn,2005.0,eng,Romántica
5166,0399155163,"Scarpetta (Kay Scarpetta, #16)",Scarpetta,2008.0,eng,Thriller
5167,055350584X,"Darkness, Take My Hand (Kenzie & Gennaro, #2)","Darkness, Take My Hand",1996.0,eng,Thriller
5168,0786901640,"Siege of Darkness (Forgotten Realms: Legacy of the Drow, #3; Legend of Drizzt, #9)",Siege of Darkness,1993.0,eng,Fantasía
5169,1416983244,"Perfect (Impulse, #2)",,2011.0,eng,Juvenil
5170,,"Play with Me (With Me in Seattle, #3)",Play With Me,2013.0,eng,Romántica
5171,0425189031,"Portrait in Death (In Death, #16)",Portrait in Death,2003.0,eng,Thriller
5172,,"Second Chance Boyfriend (One Week Girlfriend, #2)",Second Chance Boyfriend,2013.0,eng,Romántica
5173,1401202322,"Y: The Last Man, Vol. 4: Safeword (Y: The Last Man, #4)",Y: The Last Man Vol. 4: Safeword,2004.0,eng,Cómic y novela gráfica
5174,0399171088,The Collector,The Collector,2014.0,eng,Romántica
5175,0515138819,Sunshine,Sunshine,2003.0,eng,Fantasía
5176,0312939027,"D is for Deadbeat (Kinsey Millhone, #4)","'D'"" is for Deadbeat """,1987.0,eng,Misterio
5177,1608195228,Salvage the Bones,Salvage the Bones,2010.0,eng,Ficción
5178,,"The Hook Up (Game On, #1)",The Hook Up,2014.0,eng,Romántica
5179,0345481291,"Throne of Jade (Temeraire, #2)",Throne of Jade,2006.0,eng,Fantasía
5180,0671447548,Mornings on Horseback,Mornings on Horseback,1981.0,eng,Biografía
5181,1401210090,"Y: The Last Man, Vol. 7: Paper Dolls (Y: The Last Man, #7)",Y: The Last Man Vol. 7: Paper Dolls,2006.0,eng,Cómic y novela gráfica
5182,0345455681,London,London: The Novel,1997.0,eng,Ficción histórica
5183,1480118516,"Silence (Silence, #1)",Silence,2012.0,eng,Juvenil
5184,1250059305,My True Love Gave to Me: Twelve Holiday Stories,My True Love Gave to Me: Twelve Holiday Stories,2014.0,eng,Juvenil
5185,,"Sand Omnibus (Sand, #1-5)",Sand Omnibus,2014.0,eng,Ciencia ficción
5186,1612184715,"Off to Be the Wizard (Magic 2.0, #1)",Off to Be the Wizard,2013.0,eng,Ciencia ficción
5189,0140447423,"Germinal (Les Rougon-Macquart, #13)",Germinal,1885.0,eng,Clásicos
5190,,"Ceaseless (Existence Trilogy, #3)",Ceaseless,2012.0,eng,Juvenil
5191,0224093614,The Cat's Table,,2011.0,eng,Ficción
5192,1857988221,The Demolished Man,The Demolished Man,1953.0,eng,Ciencia ficción
5193,1423121295,"Lost in Time (Blue Bloods, #6)",Lost In Time,2011.0,eng,Juvenil
5194,0060725125,"Ninth Key (The Mediator, #2)",Ninth Key,2001.0,eng,Juvenil
5195,0425100650,Twilight Eyes,Twilight Eyes,1984.0,,Terror
5196,0525954570,"Find Her (Detective D.D. Warren, #8)",Find Her,2016.0,eng,Thriller
5197,1939392748,"Frigid (Frigid, #1)",Frigid,2013.0,eng,Romántica
5198,0553383833,Of Love and Shadows,De amor y de sombra,1984.0,eng,Ficción
5199,0805088415,"The Evolution of Calpurnia Tate (Calpurnia Tate, #1)",The Evolution of Calpurnia Tate,2009.0,eng,Juvenil
5200,1423108760,"Bad Girls Don''t Die (Bad Girls Don''t Die, #1)",Bad Girls Don't Die,2009.0,eng,Juvenil
5201,0425204030,"Atlantis Found (Dirk Pitt, #15)",Atlantis Found,1999.0,eng,Aventura
5202,0307377326,Asterios Polyp,Asterios Polyp,2009.0,eng,Cómic y novela gráfica
5203,0345383273,"Domes of Fire (The Tamuli, #1)",Domes of Fire,1992.0,,Fantasía
5204,1582405301,"The Walking Dead, Vol. 04: The Heart''s Desire","The Walking Dead, Vol. 4: The Heart''s Desire",2005.0,eng,Cómic y novela gráfica
5205,0439846838,"The Stonekeeper''s Curse (Amulet, #2)",The Stonekeeper's Curse,2009.0,eng,Cómic y novela gráfica
5206,0446695688,Sick Puppy,Sick Puppy,2000.0,eng,Ficción
5207,0836217357,The Days Are Just Packed: A Calvin and Hobbes Collection,The Days Are Just Packed: A Calvin and Hobbes Collection,1993.0,eng,Cómic y novela gráfica
5208,1600610862,"An Illustrated Life: Drawing Inspiration From The Private Sketchbooks Of Artists, Illustrators And Designers","An Illustrated Life: Drawing Inspiration From The Private Sketchbooks Of Artists, Illustrators And Designers",2008.0,,Arte
5209,0307990672,"Odd Apocalypse (Odd Thomas, #5)",Odd Apocalypse,2012.0,eng,Terror
5210,0679752552,Discipline and Punish: The Birth of the Prison,Surveiller et punir. Naissance de la prison,1975.0,eng,Ensayo
5211,0743412028,Pay It Forward,Pay It Forward,1999.0,eng,Ficción
5212,1401307922,The Creative License: Giving Yourself Permission to Be The Artist You Truly Are,The Creative License: Giving Yourself Permission to Be The Artist You Truly Are,2005.0,,Arte
5213,1591169283,"Full Moon o Sagashite, Vol. 1",満月をさがして 1,2001.0,eng,Cómic y novela gráfica
5214,0060935766,"The Archer''s Tale (The Grail Quest, #1)",Harlequin,2000.0,eng,Ficción histórica
5215,1594481571,Plan B: Further Thoughts on Faith,Plan B: Further Thoughts on Faith,2004.0,,Religión y espiritualidad
5216,0812974042,In the Company of the Courtesan,In the Company of the Courtesan,2006.0,eng,Ficción histórica
5217,0345531485,"The Skull Throne (Demon Cycle, #4)",The Skull Throne,2015.0,eng,Fantasía
5218,0312369506,"Devil May Cry (Dark-Hunter, #11)",Devil May Cry,2007.0,eng,Fantasía
5219,9785171004576,Two By Two,Two By Two,2016.0,eng,Romántica
5220,0316013838,Sea Glass,Sea Glass,2002.0,eng,Ficción
5221,1582349010,"River Secrets (The Books of Bayern, #3)",River Secrets,2006.0,,Fantasía
5222,1250034485,"Be Careful What You Wish For (The Clifton Chronicles, #4)",Be Careful What You Wish For,2014.0,eng,Ficción
5223,1461072514,"Inescapable (The Premonition, #1)",Inescapable,2013.0,eng,Fantasía
5224,0061668095,"Illusions (Wings, #3)",Illusions,2011.0,eng,Fantasía
5225,0451165667,Fatal Vision,Fatal Vision,1983.0,eng,No ficción
5226,1594201501,Gang Leader for a Day: A Rogue Sociologist Takes to the Streets,Gang Leader for a Day,2008.0,,No ficción
5227,0785127224,Magician: Apprentice  (Raymond E. Feist's Magician: Apprentice #1),"Magician: Apprentice (The Riftwar Saga, #1) ",1984.0,eng,Fantasía
5228,0785281126,Developing the Leader Within You,Developing the Leader Within You,1993.0,,Negocios
5229,0007157177,"That Hideous Strength (Space Trilogy, #3)",That Hideous Strength,1945.0,eng,Ciencia ficción
5231,0385664443,Ape House,Ape House,2010.0,eng,Ficción
5232,0345422554,Polgara the Sorceress (Malloreon),Polgara the Sorceress,1997.0,,Fantasía
5233,0385539088,China Rich Girlfriend (Crazy Rich Asians #2),China Rich Girlfriend,2015.0,eng,Ficción
5234,0736918833,A Woman After God's Own Heart,A Woman After God's Own Heart,1997.0,eng,Religión y espiritualidad
5235,1416543694,"State of the Union (Scot Harvath, #3)",State Of The Union,2004.0,eng,Thriller
5236,1250015545,The Good House,The Good House,2013.0,eng,Ficción
5237,0446675369,"Bless Me, Ultima","Bless Me, Ultima",1972.0,eng,Ficción
5238,0375703845,Glamorama,Glamorama,1998.0,eng,Ficción
5239,0312939043,"F is for Fugitive (Kinsey Millhone, #6)",F is for Fugitive,1988.0,eng,Misterio
5240,8770530688,"The Redeemer (Harry Hole, #6)","Frelseren (Harry Hole, #6)",2005.0,dan,Misterio
5241,0375703829,Silk,Seta,1996.0,eng,Ficción
5242,0312593317,A Secret Kept,Boomerang,2009.0,eng,Ficción
5243,0842332308,"The Remnant (Left Behind, #10)",The Remnant: On the Brink of Armageddon,2002.0,eng,Ciencia ficción
5244,0156106809,The Baron in the Trees,Il barone rampante,1957.0,eng,Clásicos
5245,0316133191,"Twilight: The Graphic Novel, Vol. 2  (Twilight: The Graphic Novel, #2)","Twilight: The Graphic Novel,",2011.0,eng,Cómic y novela gráfica
5246,,"Raw (RAW Family, #1)",Raw,2014.0,eng,Romántica
5247,0380809060,"The Great Book of Amber (The Chronicles of Amber, #1-10)",The Great Book of Amber,1999.0,eng,Fantasía
5248,0778303829,The Darkest Lie (Lords of the Underworld #6),The Darkest Lie (Lords of the Underworld #6),2010.0,eng,Fantasía
5249,8370540910,"Czas pogardy (Saga o Wiedźminie, #4)",Czas pogardy,1995.0,pol,Fantasía
5250,,"That Boy (That Boy, #1)",That Boy,2011.0,eng,Romántica
5251,0385535589,The Dressmaker,The Dressmaker,2012.0,eng,Ficción histórica
5252,0743474163,"Paradise (Second Opportunities, #1)",Paradise,1991.0,eng,Romántica
5253,0395304482,Jumanji,Jumanji,1981.0,eng,Infantil
5254,068816112X,Replay,Replay,1986.0,eng,Ciencia ficción
5255,0307377334,Incognito: The Secret Lives of the Brain,Incognito: The Secret Lives of the Brain,2011.0,eng,Ciencia
5256,0393062244,Death by Black Hole - And Other Cosmic Quandaries,Death by Black Hole: And Other Cosmic Quandaries,2006.0,eng,Ciencia
5257,0385491069,The Edible Woman,The Edible Woman,1969.0,,Ficción
5258,061861916X,The Ancestor's Tale: A Pilgrimage to the Dawn of Evolution,The Ancestor's Tale: A Pilgrimage to the Dawn of Evolution,2004.0,eng,Ciencia
5259,1250044650,Heartless,Heartless,2016.0,eng,Fantasía
5260,0060757353,"The Pigman (The Pigman, #1)",The Pigman,1968.0,eng,Juvenil
5261,0385515502,"Deep Storm (Jeremy Logan, #1)",Deep Storm,2007.0,eng,Thriller
5262,0545284104,"Abandon (Abandon, #1)",Abandon,2011.0,eng,Juvenil
5263,1400031818,"The Full Cupboard of Life (No. 1 Ladies'' Detective Agency, #5)",The Full Cupboard of Life,2003.0,eng,Misterio
5264,0060751967,"How to Marry a Millionaire Vampire (Love at Stake, #1)",How to Marry a Millionaire Vampire,2005.0,eng,Romántica
5265,0679882804,The Foot Book: Dr. Seuss's Wacky Book of Opposites (Bright and Early Board Books),The Foot Book: Dr. Seuss's Wacky Book of Opposites (Bright & Early Board Books),1968.0,eng,Infantil
5266,,"Beautiful Bitch (Beautiful Bastard, #1.5)",Beautiful Bitch,2013.0,eng,Romántica
5267,068987779X,"The Recruit (Cherub, #1)","The Recruit (Cherub, #1)",2004.0,eng,Juvenil
5268,078948045X,Anatomy for the Artist,Anatomy for the Artist,2001.0,eng,Arte
5269,0385493622,Fermat's Enigma: The Epic Quest to Solve the World's Greatest Mathematical Problem,Fermat's Enigma: The Epic Quest to Solve the World's Greatest Mathematical Problem,1997.0,eng,Ciencia
5270,0684832356,"The Christmas Box (The Christmas Box, #1)",The Christmas Box,1993.0,eng,Ficción
5271,0557364639,"My Blood Approves (My Blood Approves, #1)",My Blood Approves,2010.0,eng,Juvenil
5272,,"Until November (Until, #1)",Until November,2013.0,eng,Romántica
5273,014017821X,The Bloody Chamber and Other Stories,The Bloody Chamber & Other Stories,1979.0,eng,Ficción
5274,0060012781,A Cook's Tour: Global Adventures in Extreme Cuisines,A Cook's Tour: Global Adventures in Extreme Cuisines,2001.0,eng,Viajes
5275,0061176109,The Power of Art,Power of Art,2006.0,eng,Arte
5276,1602862567,"Finding Me: A Decade of Darkness, a Life Reclaimed - A Memoir of the Cleveland Kidnappings","Finding me : A Decade of Darkness, a Life Reclaimed",2014.0,eng,Memorias
5277,051511779X,"Born in Shame (Born In Trilogy, #3)",Born in Shame,1996.0,eng,Romántica
5300,061579615X,"Damaged (Damaged, #1)",Damaged,2013.0,eng,Romántica
5278,0738718688,"Return to Paradise (Leaving Paradise, #2)",Return to Paradise,2010.0,eng,Juvenil
5279,9781481533096,My Heart and Other Black Holes,My Heart and Other Black Holes,2015.0,eng,Juvenil
5280,0062295896,Girl in a Band,Girl in a Band,2015.0,eng,Memorias
5281,0525478922,"Ninth Grade Slays (The Chronicles of Vladimir Tod, #2)","Ninth Grade Slays (The Chronicles of Vladimir Tod, #2)",2008.0,eng,Juvenil
5282,0399153934,"Book of the Dead (Kay Scarpetta, #15)",Book of the Dead,2007.0,eng,Thriller
5283,0691017840,The Hero With a Thousand Faces,The Hero with a Thousand Faces,1949.0,eng,Ensayo
5284,0399156909,"Bad Blood (Virgil Flowers, #4)",Bad Blood,2010.0,eng,Thriller
5285,1577780728,"Jesus Freaks: Stories of Those Who Stood for Jesus, the Ultimate Jesus Freaks (Jesus Freaks, #1)","Jesus Freaks: DC Talk and The Voice of the Martyrs - Stories of Those Who Stood for Jesus, the Ultimate Jesus Freaks",1997.0,eng,Religión y espiritualidad
5286,1594204217,Cooked: A Natural History of Transformation,Cooked: A Natural History of Transformation ,2013.0,eng,Cocina
5287,0451456718,Daughter of the Blood (The Black Jewels #1),Daughter of the Blood,1998.0,eng,Fantasía
5288,0765326574,"The Lost Gate (Mither Mages, #1)",The Lost Gate,2011.0,eng,Fantasía
5289,0307960498,"Police (Harry Hole, #10)","Politi (Harry Hole, #10)",2013.0,eng,Thriller
5290,5559609129,"Vittorio, The Vampire (New Tales of the Vampires, #2)",Vittorio the Vampire,1999.0,eng,Terror
5291,1569314063,"Fushigi Yûgi: The Mysterious Play, Vol. 1: Priestess",ふしぎ遊戯 1,1992.0,eng,Cómic y novela gráfica
5292,097915930X,"The Lace Reader (The Lace Reader, #1)",The Lace Reader,2006.0,eng,Misterio
5293,0970398107,Anne Rice's The Tale of the Body Thief (A Graphic Novel),Anne Rice's The Tale of the Body Thief (Graphic Novel),2000.0,eng,Cómic y novela gráfica
5294,0802141676,The Lone Ranger and Tonto Fistfight in Heaven,The Lone Ranger and Tonto Fistfight in Heaven,1993.0,eng,Ficción
5295,0345443608,"A Stroke of Midnight (Merry Gentry, #4)","A Stroke of Midnight (Merry Gentry, #4)",2005.0,eng,Fantasía
5296,9781945540189,The Chemist,The Chemist,2016.0,eng,Thriller
5297,0618562036,"Empress Orchid (Empress Orchid, #1)",Empress Orchid,2003.0,eng,Ficción histórica
5298,1401323588,And Another Thing...,"And Another Thing... (Hitchhiker''s Guide to the Galaxy, #6)",2009.0,eng,Ciencia ficción
5299,0743453018,"Monday Mourning (Temperance Brennan, #7)",,2004.0,eng,Thriller
5301,0140367462,"The Princess and the Goblin  (Princess Irene and Curdie, #1)",The Princess and the Goblin,1872.0,eng,Clásicos
5302,1605981737,"The Preacher (Patrik Hedström, #2)",Predikanten,2004.0,,Misterio
5303,0007169957,There's a Wocket in My Pocket!,There's a Wocket in My Pocket,1974.0,eng,Infantil
5304,0425194515,Midnight,Midnight,1989.0,,Terror
5305,0312361270,The Gatecrasher,The Gatecrasher,1998.0,eng,Ficción
5306,0060733357,"The Confusion (The Baroque Cycle, #2)",The Confusion,2004.0,eng,Ficción histórica
5307,0857522272,"Raising Steam (Discworld, #40, Moist von Lipwig #3 )",Raising Steam,2013.0,eng,Fantasía
5308,0547959206,"Independent Study (The Testing, #2)",Independent Study,2014.0,eng,Juvenil
5309,0399163840,"X (Kinsey Millhone, #24)",X,2015.0,eng,Misterio
5310,0060567236,Lord of Light,Lord of Light,1967.0,eng,Ciencia ficción
5311,0224064924,Esio Trot,Esio Trot,1990.0,eng,Infantil
5312,1593070918,"Hellboy, Vol. 3: The Chained Coffin and Others (Hellboy, #3)",Hellboy: The Chained Coffin and Others,1998.0,eng,Cómic y novela gráfica
5313,0307279952,A Simple Plan,A Simple Plan,1993.0,,Thriller
5314,0316018740,"Run for Your Life (Michael Bennett, #2)",Run for Your Life,2009.0,eng,Thriller
5315,0374529949,Play It as It Lays,Play It as It Lays,1970.0,eng,Ficción
5316,0553590154,"Dime Store Magic (Women of the Otherworld, #3)",Dime Store Magic,2004.0,eng,Fantasía
5317,0553573357,"Blue Mars (Mars Trilogy, #3)",Blue Mars ,1996.0,eng,Ciencia ficción
5318,0722533942,The Valkyries,As Valkírias,1988.0,eng,Autoayuda
5319,1250022061,"The Long Way Home (Chief Inspector Armand Gamache, #10)",The Long Way Home,2014.0,eng,Misterio
5320,0375865861,Please Ignore Vera Dietz,Please Ignore Vera Dietz,2010.0,eng,Juvenil
5321,0060766212,"Curse of the Bane (The Last Apprentice / Wardstone Chronicles, #2)",The Spook's Curse,2005.0,,Juvenil
5322,006102001X,"The Struggle (The Vampire Diaries, #2)",The Struggle,1991.0,eng,Juvenil
5323,0440237556,"The Dark Highlander (Highlander, #5)",The Dark Highlander,2002.0,eng,Romántica
5324,0440237564,"The Immortal Highlander (Highlander, #6)",The Immortal Highlander ,2004.0,eng,Romántica
5325,0812971892,"No god but God: The Origins, Evolution and Future of Islam","No god but God: The Origins, Evolution, and Future of Islam",2005.0,eng,Religión y espiritualidad
5326,0679734465,"VALIS (VALIS Trilogy, #1)",Valis,1981.0,eng,Ciencia ficción
5327,0679724516,The Second Sex,"Le deuxième sexe: I. Les faits et les mythes, II. L''expérience vécue",1949.0,eng,Ensayo
5328,0545284155,"The Runaway King (The Ascendance Trilogy, #2)",The Runaway King,2013.0,eng,Juvenil
5329,0553286390,"Dragon Wing (The Death Gate Cycle, #1)","Dragon Wing (The Death Gate Cycle, #1)",1990.0,eng,Fantasía
5330,0385333900,Jailbird,Jailbird,1979.0,eng,Ficción
5331,1401213510,"Y: The Last Man, Vol. 9: Motherland (Y: The Last Man, #9)",Y: The Last Man Vol. 9: Motherland,2007.0,eng,Cómic y novela gráfica
5332,0380817926,"Ilium (Ilium, #1)",Ilium,2003.0,eng,Ciencia ficción
5333,1608866874,"Lumberjanes, Vol. 1: Beware the Kitten Holy",,2015.0,eng,Cómic y novela gráfica
5334,0553062182,The Highly Sensitive Person: How to Thrive When the World Overwhelms You,The Highly Sensitive Person - How to Thrive when the World Overwhelms You,1996.0,eng,Psicología
5335,0385515995,The Palace of Illusions,The Palace of Illusions,2008.0,eng,Ficción histórica
5336,0385495404,The First American: The Life and Times of Benjamin Franklin,The First American: The Life and Times of Benjamin Franklin,2000.0,eng,Biografía
5337,0446617091,"Dance of Death (Pendergast, #6; Diogenes, #2)",Dance of Death,2005.0,eng,Thriller
5338,0547248040,"This World We Live In (Last Survivors, #3)",This World We Live In,2010.0,eng,Juvenil
5339,1591167531,"Hunter x Hunter, Vol. 01 (Hunter x Hunter, #1)",Hunter × Hunter #1,1998.0,eng,Cómic y novela gráfica
5340,0749934131,"Vengeance in Death (In Death, #6)",Vengeance in Death,1997.0,eng,Thriller
5341,0553575384,"To Say Nothing of the Dog (Oxford Time Travel, #2)",To Say Nothing of the Dog,1998.0,eng,Ciencia ficción
5342,1846054761,"The Gift (Witch & Wizard, #2)",The Gift,2010.0,,Juvenil
5343,0060092572,The Terminal Man,The Terminal Man,1972.0,eng,Thriller
5344,,"A Game of Thrones: Comic Book, Issue 1",A Song of Ice and Fire Graphic Novels,2011.0,eng,Cómic y novela gráfica
5345,1416963960,"White Cat (Curse Workers, #1)",White Cat,2010.0,eng,Juvenil
5346,0679722319,Where I'm Calling From: New and Selected Stories,Where I’m Calling From: The Selected Stories,1988.0,eng,Ficción
5347,014303541X,"Something Rotten (Thursday Next, #4)",Something Rotten,2004.0,eng,Fantasía
5348,0517580519,"The Land of Painted Caves (Earth''s Children, #6)",The Land of the Painted Caves,2011.0,eng,Ficción histórica
5349,0060569662,Autobiography of a Face,Autobiography of a Face,1994.0,eng,Memorias
5350,0062224107,Vanishing Girls,Vanishing Girls,2015.0,eng,Juvenil
5351,0736421866,Snow White and the Seven Dwarfs (Little Golden Book),Snow White and the Seven Dwarfs,1812.0,,Infantil
5352,006124242X,"Darke (Septimus Heap, #6)",Darke,2011.0,eng,Fantasía
5353,0810996162,The Wimpy Kid Movie Diary (Diary of a Wimpy Kid),The Wimpy Kid Movie Diary: How Greg Heffley Went Hollywood,2010.0,eng,Infantil
5354,0679722637,The Thin Man,The Thin Man,1934.0,eng,Misterio
5355,0316726192,Trading Up,Trading Up,2003.0,eng,Ficción
5356,0553279718,"The Uplift War (The Uplift Saga, #3)",The Uplift War,1987.0,eng,Ciencia ficción
5357,0380974738,"Rage of a Demon King (The Serpentwar Saga, #3)",Rage of a Demon King (The Serpentwar Saga #3),1997.0,eng,Fantasía
5358,0140186301,Lucky Jim,Lucky Jim,1954.0,eng,Clásicos
5359,0060534052,"A Faint Cold Fear (Grant County, #3)",A Faint Cold Fear,2003.0,eng,Thriller
5360,0399167846,"The Rose Society (The Young Elites, #2)",The Rose Society,2015.0,eng,Fantasía
5361,0345484274,Angel Falls,Angel Falls,2000.0,,Romántica
5362,0670011304,Waiting For You,Waiting For You,2009.0,eng,Juvenil
5363,147673190X,The Short and Tragic Life of Robert Peace: A Brilliant Young Man Who Left Newark for the Ivy League,The Short and Tragic Life of Robert Peace: A Brilliant Young Man Who Left Newark for the Ivy League,2014.0,eng,Biografía
5364,0425201333,Mao's Last Dancer,,2003.0,,Memorias
5365,0553807234,"The Neighbor (Detective D.D. Warren, #3)",The Neighbor,2009.0,eng,Thriller
5366,140121813X,"Y: The Last Man, Vol. 10: Whys and Wherefores (Y: The Last Man, #10)",Y: The Last Man Vol. 10: Whys And Wherefores,2008.0,eng,Cómic y novela gráfica
5367,0812520475,"Eon (The Way, #1)",Eon,1984.0,eng,Ciencia ficción
5368,0812993101,The Summer Before the War,The Summer Before the War,2016.0,eng,Ficción histórica
5369,0679723951,"Memories, Dreams, Reflections","Erinnerungen, Träume, Gedanken von C.G. Jung",1961.0,eng,Memorias
5370,0425234339,"Bullet (Anita Blake, Vampire Hunter #19)",Bullet,2010.0,eng,Fantasía
5371,1409135195,"The Scottish Prisoner (Lord John Grey, #3)",The Scottish Prisoner,2011.0,eng,Ficción histórica
5372,0060725133,"Reunion (The Mediator, #3)",Reunion,2001.0,eng,Juvenil
5373,,بيكاسو وستاربكس,بيكاسو وستاربكس,2011.0,ara,Ensayo
5374,0571206921,Laughable Loves,Směšné lásky ,1970.0,eng,Ficción
5375,0061230839,"The Secret Diaries of Miss Miranda Cheever (Bevelstoke, #1)",The Secret Diaries of Miss Miranda Cheever,2007.0,eng,Romántica
5376,1557091528,The Constitution of the United States of America,The Constitution of the United States of America,1787.0,,Historia
5377,382285980X,Gustav Klimt: 1862-1918,Gustav Klimt: le monde comme une forme féminine,1992.0,,Arte
5378,0060955228,Under the Volcano,Under the Volcano,1947.0,eng,Clásicos
5379,9780957652231,Sleep Tight,Sleep tight,2014.0,eng,Thriller
5380,0679824111,"Dinosaurs Before Dark (Magic Tree House, #1)",Dinosaurs Before Dark,2002.0,eng,Infantil
5381,1416505490,Have Space Suit—Will Travel,Have Space Suit - Will Travel,1958.0,eng,Ciencia ficción
5382,1598184318,The Sea Wolf,The Sea Wolf,1904.0,eng,Clásicos
5383,0060725141,"Darkest Hour (The Mediator, #4)",Darkest Hour,2001.0,eng,Juvenil
5384,1770460608,Hark! A Vagrant,Hark! A Vagrant,2011.0,eng,Cómic y novela gráfica
5385,0375727132,The Dive From Clausen's Pier,The Dive From Clausen's Pier,2002.0,eng,Ficción
5386,0060576170,Death in Venice,Der Tod in Venedig,1912.0,eng,Clásicos
5387,0062508342,The Tibetan Book of Living and Dying,The Tibetan Book of Living and Dying,1992.0,,Religión y espiritualidad
5388,0345482409,Enchantment,Enchantment,1999.0,,Fantasía
5389,1594561796,The Fall of the House of Usher,The Fall of the House of Usher ,1839.0,eng,Clásicos
5390,141691420X,"The Soldiers of Halla (Pendragon, #10)",The Soldiers of Halla,2009.0,eng,Juvenil
5391,0385732074,"The Boyfriend List: 15 Guys, 11 Shrink Appointments, 4 Ceramic Frogs and Me, Ruby Oliver (Ruby Oliver, #1)","The Boyfriend List: 15 Guys, 11 Shrink Appointments, 4 Ceramic Frogs and Me, Ruby Oliver (Ruby Oliver, #1)",2005.0,eng,Juvenil
5392,0140236236,"Regeneration (Regeneration, #1)",Regeneration,1991.0,eng,Ficción histórica
5393,,"The Initiate (Divergent, #0.2)",Four: The Initiate,2014.0,eng,Ciencia ficción
5394,0091879205,Lucky Man,Lucky Man,2002.0,eng,Memorias
5395,1841957178,The Penelopiad,The Penelopiad,2005.0,eng,Ficción
5396,1597801607,The Improbable Adventures of Sherlock Holmes,The Improbable Adventures of Sherlock Holmes,2007.0,eng,Misterio
5397,0743265025,The Starter Wife,The Starter Wife,2005.0,,Ficción
5398,140120077X,"Fables, Vol. 2: Animal Farm","Fables, Volume 2: Animal Farm",2003.0,eng,Cómic y novela gráfica
5399,067974472X,The Fire Next Time,The Fire Next Time,1963.0,eng,Ensayo
5400,0786837462,Don't Let the Pigeon Stay Up Late!,Don't Let the Pigeon Stay Up Late!,2006.0,eng,Infantil
5401,1401204953,We3,We3,2005.0,eng,Cómic y novela gráfica
5402,0060096128,"Princess in Pink (The Princess Diaries, #5)",Princess in Pink,2003.0,eng,Juvenil
5403,0061288853,"The Coffin Club (Vampire Kisses, #5)","The Coffin Club (Vampire Kisses, #5)",2008.0,eng,Juvenil
5404,0375753141,Main Street,Main Street,1920.0,eng,Clásicos
5405,,Percy Jackson's Greek Gods (A Percy Jackson and the Olympians Guide),Percy Jackson's Greek Gods,2014.0,eng,Juvenil
5406,0618683070,"Dairy Queen (Dairy Queen, #1)",Dairy Queen,2006.0,eng,Juvenil
5407,0061493341,Telegraph Avenue,Telegraph Avenue,2012.0,eng,Ficción
5408,0385341962,"Undone (Will Trent, #3)",Genesis,2009.0,eng,Thriller
5409,125005480X,The Book of Speculation,The Book of Speculation,2015.0,eng,Ficción
5410,042523567X,"Flirt (Anita Blake, Vampire Hunter #18)",Flirt,2009.0,eng,Fantasía
5411,0515124214,"Inner Harbor (Chesapeake Bay Saga, #3)",Inner Harbor (Chesapeake Bay Saga #3),1998.0,eng,Romántica
5412,0061779725,"Bite Me (A Love Story, #3)",Bite Me,2010.0,eng,Ficción
5413,0394719689,Zen of Seeing: Seeing/Drawing as Meditation,Zen of Seeing: Seeing/Drawing as Meditation,1973.0,,Arte
5414,0886778581,"Green Rider (Green Rider, #1)",Green Rider,1998.0,eng,Fantasía
5415,0785729194,"The Dragonriders of Pern (Dragonriders of Pern, #1-3)",The Dragonriders of Pern,1968.0,,Ciencia ficción
5416,1594631395,"Boy, Snow, Bird","Boy, Snow, Bird",2013.0,eng,Ficción
5417,0312939035,"E is for Evidence (Kinsey Millhone, #5)",E Is for Evidence,1988.0,,Misterio
5418,140006760X,"The Social Animal: The Hidden Sources of Love, Character, and Achievement","The Social Animal: The Hidden Sources of Love, Character, and Achievement",2011.0,eng,Psicología
5419,0385533411,Solar,Solar,2010.0,eng,Ficción
5420,0226458083,The Structure of Scientific Revolutions,The Structure of Scientific Revolutions,1962.0,eng,Ciencia
5421,0312424671,Small Island,Small Island,2004.0,eng,Ficción histórica
5422,1250022134,"A Great Reckoning (Chief Inspector Armand Gamache, #12)",A Great Reckoning,2016.0,eng,Misterio
5423,0446610178,The Sky is Falling,The Sky is Falling,2000.0,eng,Thriller
5424,0385517254,The Fifth Discipline: The Art & Practice of The Learning Organization,,1990.0,,Negocios
5425,0553265954,Darkness at Noon,Sonnenfinsternis,1940.0,eng,Clásicos
5426,0425238814,"The Perfect Play (Play by Play, #1)",The Perfect Play,2011.0,eng,Romántica
5427,0767915593,Straight Talking,Straight Talking,1997.0,,Romántica
5428,0441014186,"Dauntless (The Lost Fleet, #1)","Dauntless (The Lost Fleet, #1)",2006.0,,Ciencia ficción
5429,0007133618,"The Curse of Chalion (World of the Five Gods, #1)",The Curse of Chalion,2000.0,eng,Fantasía
5430,0778322858,Me & Emma,Me & Emma,2005.0,,Ficción
5431,0515136263,"Chesapeake Blue (Chesapeake Bay Saga, #4)","Chesapeake Blue (Chesapeake Bay Saga, #4)",2002.0,eng,Romántica
5432,0316040096,Ash,Ash,2009.0,eng,Juvenil
5433,000721975X,"The Burning Land (The Saxon Stories, #5)",The Burning Land,2009.0,eng,Ficción histórica
5434,0609807919,"Second Helpings (Jessica Darling, #2)","Second Helpings (Jessica Darling, #2)",2003.0,eng,Juvenil
5435,0893816949,Diane Arbus: Monograph,Diane Arbus: An Aperture Monograph,1972.0,,Arte
5436,0763620912,"The Earth, My Butt, and Other Big Round Things","The Earth, My Butt, and Other Big Round Things",2003.0,eng,Juvenil
5437,1551111721,Lord Jim,Lord Jim,1900.0,eng,Clásicos
5438,0375836977,A Color of His Own,A Color of His Own,1975.0,,Infantil
5439,0671664263,Don't Panic: The Official Hitchhiker's Guide to the Galaxy Companion,Don't Panic: The Official Hitchhikers Guide to the Galaxy Companion,1987.0,eng,No ficción
5440,0142400769,"Things Not Seen (Things, #1)",Things Not Seen,2002.0,eng,Juvenil
5441,9781595541550,House,House,2006.0,eng,Terror
5442,0765335344,"Vicious (Villains, #1)",Vicious,2013.0,eng,Ciencia ficción
5443,0425194523,"Raise the Titanic! (Dirk Pitt, #4)",Raise the Titanic!,1976.0,eng,Aventura
5444,078685149X,The Supernaturalist,The Supernaturalist,2004.0,eng,Juvenil
5445,0060852003,"Queen of Babble in the Big City (Queen of Babble, #2)",Queen of Babble in the Big City,2007.0,eng,Romántica
5446,0394900871,Yertle the Turtle and Other Stories,Yertle the Turtle (Classic Seuss),1958.0,eng,Infantil
5447,1609071220,The Rent Collector,,2012.0,eng,Ficción
5448,037570342X,Family Matters,Family Matters,2001.0,eng,Ficción
5449,0553588729,The Happiest Baby on the Block: The New Way to Calm Crying and Help Your Newborn Baby Sleep Longer,The Happiest Baby on the Block,2002.0,eng,Autoayuda
5450,,"Until You (Fall Away, #1.5)",Until You,2013.0,,Romántica
5451,,Perahu Kertas,Perahu Kertas,2004.0,ind,Ficción
5452,0786856920,Schooled,Schooled,2000.0,eng,Juvenil
5453,1936608898,It Starts with Food: Discover the Whole30 and Change Your Life in Unexpected Ways,It Starts with Food: Discover the Whole30 and Change Your Life in Unexpected Ways,2012.0,eng,Autoayuda
5454,0151012709,Merle's Door: Lessons from a Freethinking Dog,Merle's Door: Lessons from a Freethinking Dog,2007.0,eng,Memorias
5455,0440227194,"Brian''s Winter (Brian''s Saga, #3)",Brian's Winter,1996.0,eng,Juvenil
5456,0452287073,How the García Girls Lost Their Accents ,How the Garcia Girls Lost Their Accents ,1991.0,eng,Ficción
5457,,"Be with Me (Wait for You, #2)",Be with Me,2014.0,eng,Romántica
5458,1406501077,"Jo''s Boys (Little Women, #3)","Jo''s Boys, and How They Turned Out: A Sequel to 'Little Men'""""",1886.0,eng,Clásicos
5459,0525955100,Home (Myron Bolitar #11),Home ,2016.0,eng,Thriller
5460,0872860744,Notes of a Dirty Old Man,Notes of a Dirty Old Man,1969.0,eng,Ficción
5461,0525952896,"The Absent One (Department Q, #2)",Fasandræberne,2008.0,eng,Thriller
5462,1594486344,The Good Lord Bird,The Good Lord Bird,2013.0,eng,Ficción histórica
5463,0689840349,"Greenwitch (The Dark Is Rising, #3)",Greenwitch,1974.0,eng,Fantasía
5464,158240612X,"The Walking Dead, Vol. 05: The Best Defense","The Walking Dead, Vol. 5: The Best Defense",2006.0,eng,Cómic y novela gráfica
5465,0671023462,"Kissed by an Angel/The Power of Love/Soulmates (Kissed by an Angel, #1-3)",,1995.0,eng,Juvenil
5466,,"Take a Chance (Rosemary Beach, #7; Chance, #1)","Take a Chance (Chance, #1)",2014.0,eng,Romántica
5467,0062072188,"Portrait of a Spy (Gabriel Allon, #11)",Portrait of a Spy,2011.0,eng,Thriller
5468,0316012823,"One Good Turn (Jackson Brodie, #2)",One Good Turn,2006.0,eng,Misterio
5469,0064407330,"Abarat (Abarat, #1)",Abarat,2002.0,eng,Fantasía
5470,0586203192,"2061: Odyssey Three (Space Odyssey, #3)",2061: Odyssey Three,1987.0,eng,Ciencia ficción
5471,,What Got You Here Won't Get You There: How Successful People Become Even More Successful,What Got You Here Won't Get You There: How Successful People Become Even More Successful,2007.0,,Negocios
5473,0061284424,"Afterlife (Evernight, #4)",Afterlife,2011.0,eng,Juvenil
5474,0399250484,Slam,Slam,2007.0,eng,Juvenil
5475,0547628382,"Dark Triumph (His Fair Assassin, #2)","Dark Triumph (His Fair Assassin, #2)",2013.0,eng,Juvenil
5476,0544289595,The Crossover,The Crossover,2014.0,eng,Juvenil
5477,,"Edensor (Tetralogi Laskar Pelangi, #3)",Edensor,2007.0,ind,Ficción
5478,0739464469,The Line of Beauty,The Line of Beauty,2004.0,eng,Ficción
5479,0749009519,The Rose Garden,The Rose Garden,2011.0,eng,Romántica
5480,1595541217,Monster,Monster,2005.0,eng,Terror
5481,0451208188,"The English Assassin (Gabriel Allon, #2)",The English Assassin,2002.0,eng,Thriller
5482,0743284887,Chuck Klosterman IV: A Decade of Curious People and Dangerous Ideas,Chuck Klosterman IV: A Decade of Curious People and Dangerous Ideas,2006.0,eng,Ensayo
5483,0060833459,The Effective Executive: The Definitive Guide to Getting the Right Things Done (Harperbusiness Essentials),The Effective Executive: The Definitive Guide to Getting the Right Things Done (Harperbusiness Essentials),1966.0,,Negocios
5484,1632150190,"The Wicked + The Divine, Vol. 1: The Faust Act","The Wicked + The Divine, Vol. 1: The Faust Act",2014.0,eng,Cómic y novela gráfica
5485,0553808036,Innocence,Innocence,2013.0,eng,Thriller
5486,0399154779,"Dark of the Moon (Virgil Flowers, #1)",Dark of the Moon,2004.0,eng,Thriller
5487,1401917593,The Law of Attraction: The Basics of the Teachings of Abraham,The Law of Attraction: The Basics of the Teachings of Abraham,2006.0,,Religión y espiritualidad
5488,1423157524,"In The Afterlight (The Darkest Minds, #3)",In The Afterlight,2014.0,eng,Juvenil
5489,0373210450,"Goddess Interrupted (Goddess Test, #2)",Goddess Interrupted,2012.0,eng,Juvenil
5490,0689859384,"Lucinda''s Secret (The Spiderwick Chronicles, #3)",Lucinda’s Secret,2003.0,eng,Infantil
5491,0688213855,"Henry Huggins (Henry Huggins, #1)",Henry Huggins,1950.0,eng,Infantil
5492,0064434516,Bedtime for Frances,Bedtime for Frances,1960.0,eng,Infantil
5493,4770020678,Totto-chan: The Little Girl at the Window,窓ぎわのトットちゃん,1981.0,eng,Memorias
5494,0804178429,"Half the World (Shattered Sea, #2)",Half the World,2015.0,eng,Fantasía
5495,0375758259,When Genius Failed: The Rise and Fall of Long-Term Capital Management,When Genius Failed: The Rise and Fall of Long-Term Capital Management,2000.0,eng,Negocios
5496,1590303164,Writing Down the Bones: Freeing the Writer Within,Writing Down the Bones: Freeing the Writer Within,1986.0,eng,Autoayuda
5497,0316000981,"Hunters of the Dusk (Cirque Du Freak, #7)","Hunters of the Dusk (Cirque Du Freak, #7)",2002.0,,Juvenil
5498,0886777631,"City of Golden Shadow (Otherland, #1)",City of Golden Shadow,1996.0,eng,Ciencia ficción
5635,1523662441,RoomHate,RoomHate,2016.0,eng,Romántica
5499,0425217299,"An Ice Cold Grave (Harper Connelly, #3)",An Ice Cold Grave,2007.0,eng,Misterio
5500,9780140329674,Jacob Have I Loved,Jacob Have I Loved,1980.0,eng,Juvenil
5501,0316089516,The Postcard Killers,The Postcard Killers,2010.0,eng,Thriller
5502,1421536382,"Kamisama Kiss, Vol. 1",神様はじめました 1,2008.0,eng,Cómic y novela gráfica
5503,,"Maybe Not (Maybe, #1.5)",Maybe Not,2014.0,eng,Romántica
5504,0689869118,"Black Water (Pendragon, #5)",Black Water,2004.0,eng,Juvenil
5505,0425093255,"Five Little Pigs (Hercule Poirot, #24)",Five Little Pigs,1942.0,eng,Misterio
5506,0345524497,Embassytown,Embassytown,2011.0,eng,Ciencia ficción
5507,0553582763,By the Light of the Moon,By the Light of the Moon,2002.0,,Thriller
5508,0553212419,"Sherlock Holmes: The Complete Novels and Stories, Volume I","Sherlock Holmes: The Complete Novels and Stories, Volume I",1927.0,eng,Clásicos
5509,0060809086,"Strong Poison (Lord Peter Wimsey, #6)",Strong Poison,1930.0,eng,Misterio
5510,0836220625,The Far Side Gallery,The Far Side Gallery,1984.0,eng,Cómic y novela gráfica
5511,0373210698,"The Eternity Cure (Blood of Eden, #2)",The Eternity Cure,2013.0,eng,Juvenil
5512,0425163717,"Holiday in Death (In Death, #7)",Holiday in Death,1998.0,eng,Thriller
5513,,"Thief (Love Me with Lies, #3)",Thief,2013.0,eng,Romántica
5514,074349282X,Between a Rock and a Hard Place,Between a Rock and a Hard Place,2004.0,eng,Memorias
5515,0345379063,"Legend (The Drenai Saga, #1)",Legend ,1984.0,eng,Fantasía
5516,0803736703,"Three Times Lucky (Tupelo Landing, #1)",,2012.0,eng,Infantil
5517,0330418882,"Every Boy''s Got One (Boy, #3)","Every Boy''s Got One (Boy, #3)",2004.0,eng,Romántica
5518,0451166604,Small Sacrifices: A True Story of Passion and Murder,Small Sacrifices: A True Story of Passion and Murder,1987.0,eng,No ficción
5519,0385538898,The Guest Room,,2016.0,eng,Ficción
5520,0811874559,All My Friends Are Dead,All My Friends Are Dead,2010.0,eng,Cómic y novela gráfica
5521,1405038160,"The Six Sacred Stones (Jack West Jr, #2)",The Six Sacred Stones,2007.0,eng,Aventura
5522,051512317X,"Rising Tides (Chesapeake Bay Saga, #2)",Rising Tides (Chesapeake Bay Saga #2),1998.0,eng,Romántica
5523,1421506130,"Bleach, Volume 15",Bleach―ブリーチ― 15,2004.0,eng,Cómic y novela gráfica
5524,0060727535,Cash,Cash: The Autobiography of Johnny Cash,1997.0,eng,Biografía
5525,0006471250,A Stranger In The Mirror,A Stranger in the Mirror,1976.0,eng,Thriller
5526,0375821821,Flush,Flush,2005.0,eng,Juvenil
5527,0679600213,Out of Africa,Out of Africa,1937.0,eng,Memorias
5528,0743281632,"The Watchman (Elvis Cole, #11; Joe Pike, #1)",The Watchman,2007.0,eng,Thriller
5529,1400067820,Antifragile: Things That Gain from Disorder,Antifragile: Things That Gain from Disorder,2012.0,eng,Ensayo
5530,0062267728,"From Ashes (From Ashes, #1)",,2012.0,eng,Romántica
5531,1451683405,Free Will,Free Will,2012.0,eng,Ensayo
5532,149262246X,This Is Where It Ends,This Is Where It Ends,2016.0,eng,Juvenil
5533,0778324214,"Stray (Shifters, #1)",Stray,2007.0,eng,Fantasía
5534,0316018600,A Summer Affair,A Summer Affair,2008.0,,Romántica
5535,0385737432,Liar & Spy,Liar & Spy,2012.0,eng,Juvenil
5536,0142302392,"Mariel of Redwall (Redwall, #4)",Mariel of Redwall,1991.0,,Infantil
5537,0142003344,The Blank Slate: The Modern Denial of Human Nature,The Blank Slate: The Modern Denial of Human Nature,2002.0,eng,Ensayo
5538,0345496531,The Dreaming Void,The Dreaming Void,2007.0,eng,Ciencia ficción
5539,0545040566,"Being Nikki (Airhead, #2)",Being Nikki,2009.0,eng,Juvenil
5540,0743482859,Antony and Cleopatra,The Tragedie of Antony and Cleopatra,1606.0,eng,Clásicos
5541,0689839081,"Among the Impostors (Shadow Children, #2)","Among the Impostors (Shadow Children, #2)",2001.0,eng,Juvenil
5542,1442413174,"Thirst No. 3: The Eternal Dawn (Thirst, #3)",The Eternal Dawn,2010.0,eng,Juvenil
5543,0743442849,Addicted,Addicted,1998.0,eng,Ficción
5544,0765329581,"Article 5 (Article 5, #1)",Article 5,2012.0,eng,Juvenil
5545,0312241356,"And the Band Played On: Politics, People, and the AIDS Epidemic","And the Band Played On: Politics, People, and the AIDS Epidemic",1987.0,,No ficción
5546,,"Found in You (Fixed, #2)",Found in You,2013.0,eng,Romántica
5547,0440244447,"Midnight Rising (Midnight Breed, #4)",Midnight Rising,2008.0,eng,Romántica
5548,0060534044,"Kisscut (Grant County, #2)",Kisscut,2002.0,eng,Thriller
5549,1936365014,It Chooses You,,2011.0,eng,Memorias
5550,0747549923,Last Exit to Brooklyn,Last Exit to Brooklyn,1964.0,eng,Ficción
5551,0571207766,The Feast of the Goat,La fiesta del chivo,2000.0,eng,Ficción histórica
5552,0439755204,"Drums, Girls & Dangerous Pie (Drums, Girls & Dangerous Pie, #1)","Drums, Girls & Dangerous Pie",2004.0,eng,Juvenil
5553,1439172560,The First Bad Man,The First Bad Man,2015.0,eng,Ficción
5554,0886776066,"To Green Angel Tower, Part 2 (Memory, Sorrow, and Thorn, #3; Part 2)",To Green Angel Tower (Storm),1993.0,eng,Fantasía
5555,,"Jet (Marked Men, #2)",Jet,2013.0,eng,Romántica
5556,1400097029,The Sea,The Sea,2005.0,eng,Ficción
5557,0316405345,Invisible,Invisible,2014.0,eng,Thriller
5558,0425210758,Mr. Murder,Mr. Murder,1993.0,eng,Thriller
5559,0316074144,"Changeless (Parasol Protectorate, #2)",Changeless,2010.0,eng,Fantasía
5560,0812505182,The Magic of Recluce (The Saga of Recluce #1),The Magic of Recluce,1991.0,eng,Fantasía
5561,0451211030,"The Bastard (Kent Family Chronicles, #1)","The Bastard (Kent Family Chronicles, Vol. 1)",1974.0,eng,Ficción histórica
5562,1594745765,"The Last Policeman (The Last Policeman, #1)",The Last Policeman,2012.0,eng,Ciencia ficción
5564,0446608378,Thunderhead,Thunderhead,1999.0,eng,Thriller
5565,0316106534,"Allies of the Night (Cirque du Freak, #8)","Allies of the Night (Cirque Du Freak, Book 8)",2002.0,,Juvenil
5566,0425241505,"Dragon Bound (Elder Races, #1)",Dragon bound,2011.0,eng,Fantasía
5567,0553269216,"Rainbow Valley (Anne of Green Gables, #7)",Rainbow Valley,1919.0,eng,Clásicos
5568,0843955848,The Colorado Kid (Hard Case Crime #13),The Colorado Kid,2005.0,eng,Misterio
5569,0194232638,The Monkey's Paw (Oxford Bookworms),The Monkey's Paw,1902.0,eng,Clásicos
5570,0553297260,Darkness,Darkness,1991.0,,Terror
5571,157683932X,The Pursuit of Holiness,The Pursuit of Holiness,1978.0,eng,Religión y espiritualidad
5572,0380811081,"Again the Magic (Wallflowers, #0)",Again the Magic ,2004.0,eng,Romántica
5573,0061093327,Low Country,Low Country,1998.0,eng,Ficción
5574,0385737637,Revolution,Revolution,2010.0,eng,Juvenil
5575,0345451325,Halo: The Fall of Reach,The Fall of Reach,2001.0,eng,Ciencia ficción
5576,0061957917,"Ever After (The Hollows, #11)",,2013.0,eng,Fantasía
5577,0446324825,Audrey Rose,Audrey Rose,1975.0,,Terror
5578,110194661X,The Nix,The Nix,2016.0,eng,Ficción
5579,0061935107,"Vanish (Firelight, #2)",Vanish,2011.0,eng,Juvenil
5580,0836218523,The Calvin and Hobbes Lazy Sunday Book,The Calvin and Hobbes Lazy Sunday Book,1989.0,eng,Cómic y novela gráfica
5581,0809510839,Carmilla,Carmilla,1872.0,eng,Clásicos
5582,0439436567,"Drowned Wednesday (The Keys to the Kingdom, #3)",Drowned Wednesday,2004.0,eng,Juvenil
5583,0375829830,Saving Francesca,Saving Francesca,2003.0,eng,Juvenil
5584,,"Avoiding Commitment (Avoiding, #1)",Avoiding Commitment,2012.0,eng,Romántica
5585,0316224189,"Confessions of a Murder Suspect (Confessions, #1)",Confessions of a murder suspect,2012.0,eng,Juvenil
5586,1401205011,"Y: The Last Man, Vol. 6: Girl on Girl (Y: The Last Man, #6)",Y: The Last Man Vol. 6: Girl on Girl,2005.0,eng,Cómic y novela gráfica
5587,0307394956,Skeletons at the Feast,Skeletons at the Feast,2008.0,,Ficción histórica
5588,0449221490,"L is for Lawless (Kinsey Millhone, #12)",L is for Lawless,1994.0,,Misterio
5589,0440420059,Milkweed,Milkweed,2003.0,eng,Juvenil
5590,0060283262,If You Give a Pig a Party,If You Give a Pig a Party (If You Give...),2000.0,,Infantil
5591,0140157727,"Virtual Light (Bridge, #1)",Virtual Light,1993.0,eng,Ciencia ficción
5592,0061719544,American on Purpose: The Improbable Adventures of an Unlikely Patriot,American on Purpose,2009.0,eng,Memorias
5593,1401303382,Always Looking Up: The Adventures of an Incurable Optimist,Always Looking Up: The Adventures of an Incurable Optimist,2008.0,eng,Memorias
5594,0061852058,"Nine Rules to Break When Romancing a Rake (Love By Numbers, #1)",Nine Rules to Break When Romancing a Rake,2010.0,eng,Romántica
5595,0316185906,The Lifeboat,The Lifeboat,2012.0,eng,Ficción
5596,0781805503,Quo Vadis,Quo vadis?,1895.0,eng,Clásicos
5597,0062235796,"The Jewel (The Lone City, #1)",The Jewel,2014.0,eng,Juvenil
5598,0439672449,"The Fire Within (The Last Dragon Chronicles, #1)",The Fire Within,2001.0,eng,Juvenil
5599,0586203818,"Servant of the Empire (The Empire Trilogy, #2)","Servant of the Empire (The Empire Trilogy, #2)",1990.0,eng,Fantasía
5600,0515144592,"The Hollow (Sign of Seven, #2)",The Hollow,2008.0,eng,Romántica
5601,0590259385,Is Your Mama a Llama?,Is Your Mama A Llama?,1989.0,,Infantil
5602,1476792496,"After We Collided (After, #2)",After We Collided,2013.0,eng,Romántica
5603,0385535635,"Heads in Beds: A Reckless Memoir of Hotels, Hustles, and So-Called Hospitality","Heads in Beds: A Reckless Memoir of Hotels, Hustles, and So-Called Hospitality",2012.0,,Memorias
5604,067975833X,Confederates in the Attic: Dispatches from the Unfinished Civil War,Confederates in the Attic: Dispatches from the Unfinished Civil War,1998.0,eng,Historia
5605,0312546343,"This Book Is Full of Spiders: Seriously, Dude, Don''t Touch It (John Dies at the End, #2)",,2012.0,eng,Terror
5606,3822835536,Dali: The Paintings,Dali: The Paintings,1994.0,,Arte
5607,1416505067,"Seven Deadly Wonders (Jack West Jr, #1)",Seven Ancient Wonders,2005.0,eng,Aventura
5608,1605045535,"Unleashed (Ross Siblings, #1)",,2009.0,eng,Romántica
5609,0345443586,"Mistral''s Kiss (Merry Gentry, #5)",Mistral's Kiss,2006.0,eng,Fantasía
5610,0743287932,The 8th Habit: From Effectiveness to Greatness,,,eng,Autoayuda
5611,044640098X,Desire Unchained (Demonica #2),Desire Unchained (Shadow Lover),2009.0,eng,Romántica
5612,0399146261,Cold Fire / Hideaway / The Key to Midnight,Cold Fire ; Hideaway; The Key to Midnight,2000.0,eng,Thriller
5636,1416960597,Living Dead Girl,Living Dead Girl,2008.0,eng,Juvenil
5613,0765327821,"I Am Not A Serial Killer (John Cleaver, #1)","I Am Not A Serial Killer (John Cleaver, #1)",2009.0,eng,Terror
5614,1476789258,Eight Hundred Grapes,Eight Hundred Grapes,2015.0,,Ficción
5615,044900578X,"Welcome to the World, Baby Girl! (Elmwood Springs, #1)","Welcome to the World, Baby Girl!",1998.0,eng,Ficción
5616,0393318680,Filth,Filth,1998.0,eng,Ficción
5617,0316066346,The Girls,The Girls,2005.0,eng,Ficción
5618,0345543009,"Turbo Twenty-Three (Stephanie Plum, #23)",Turbo Twenty-Three,2016.0,eng,Misterio
5619,0446618675,The Alibi,The Alibi,1999.0,eng,Thriller
5620,0062088149,A Land More Kind Than Home,A Land More Kind Than Home,2012.0,eng,Ficción
5621,0590224735,"Kristy''s Great Idea (The Baby-Sitters Club, #1)",Kristy's Great Idea,1986.0,eng,Infantil
5622,0545298423,"Shatterproof (The 39 Clues: Cahills vs. Vespers, #4)",,2012.0,,Juvenil
5623,0307718964,Five Days at Memorial: Life and Death in a Storm-Ravaged Hospital,,2013.0,eng,No ficción
5624,1400031540,"The Fifth Woman (Kurt Wallander, #6)",Den femte kvinnan,1996.0,eng,Misterio
5625,1594489998,The Wordy Shipmates,The Wordy Shipmates,2008.0,eng,Historia
5626,0140443150,Bel-Ami,Bel-Ami,1885.0,eng,Clásicos
5627,0226500667,A River Runs Through It and Other Stories,A River Runs Through It and Other Stories,1976.0,eng,Ficción
5628,1451616880,The Time in Between,El tiempo entre costuras,2009.0,eng,Ficción histórica
5629,0452280397,Paradise,,1997.0,eng,Ficción
5630,0425190455,Idoru (Bridge #2),Idoru,1996.0,eng,Ciencia ficción
5631,0373777922,"The Best Man (Blue Heron, #1)",The Best Man,2013.0,eng,Romántica
5632,0064473457,"Castle in the Air (Howl''s Moving Castle, #2)",Castle in the Air,1990.0,,Fantasía
5633,0545298407,"A King''s Ransom (The 39 Clues: Cahills vs. Vespers, #2)",A King's Ransom,2011.0,eng,Juvenil
5634,1594202435,The Poisoner's Handbook: Murder and the Birth of Forensic Medicine in Jazz Age New York,The Poisoner's Handbook: Murder and the Birth of Forensic Medicine in Jazz Age New York,2010.0,eng,Historia
5637,0938077872,The Dhammapada,धर्मपद [Dhammapada],-500.0,eng,Religión y espiritualidad
5638,,"Law Man (Dream Man, #3)",Law Man,2012.0,eng,Romántica
5639,0671028367,"Deadly Decisions (Temperance Brennan, #3)",Deadly Décisions,2000.0,eng,Misterio
5640,0812995821,Rising Strong,Rising Strong,2015.0,eng,Autoayuda
5641,0385344031,"Speaking from Among the Bones (Flavia de Luce, #5)",Speaking from Among the Bones,2013.0,eng,Misterio
5642,0316018775,Swimsuit,Swimsuit,2009.0,eng,Thriller
5643,0842371516,Through Gates of Splendor,Through Gates of Splendor,1956.0,eng,Biografía
5644,,"Dirty Red (Love Me with Lies, #2)",Dirty Red,2012.0,eng,Romántica
5645,0316213071,The Darkest Part of the Forest,The Darkest Part of the Forest,2015.0,eng,Fantasía
5646,0380794470,"Dream a Little Dream (Chicago Stars, #4)",Dream a Little Dream,1998.0,eng,Romántica
5647,,تاكسي: حواديت المشاوير,تاكسي: حواديت المشاوير,2006.0,ara,Ficción
5648,0312144075,The Samurai's Garden,The Samurai's Garden,1994.0,eng,Ficción histórica
5649,9780062439598,The Hating Game,The Hating Game,2016.0,eng,Romántica
5650,0804177996,Black-Eyed Susans,Black-Eyed Susans,2015.0,eng,Thriller
5651,,"Neanderthal Seeks Human (Knitting in the City, #1)",Neanderthal Seeks Human,2013.0,eng,Romántica
5652,1416971777,"Goliath (Leviathan, #3)",Goliath,2011.0,eng,Ciencia ficción
5653,1421506718,"Reborn! Vol. 01: Reborn Arrives! (Reborn!, #1)",家庭教師ヒットマンREBORN! 1,2004.0,,Cómic y novela gráfica
5654,,"Criminal (Will Trent, #6)",Criminal,2012.0,eng,Thriller
5655,0425180964,"The Bear and the Dragon (Jack Ryan Universe, #11)",The Bear and the Dragon,2000.0,eng,Thriller
5656,0399158987,"W is for Wasted (Kinsey Millhone, #23)",W is for Wasted,2013.0,eng,Misterio
5657,1584790830,I'm Just Here for the Food: Food + Heat = Cooking,I'm Just Here for the Food: Food + Heat = Cooking,2002.0,eng,Cocina
5658,0312335288,All Things Wise and Wonderful,Vets Might Fly and Vet in a Spin,1976.0,,Memorias
5659,0312934327,Sins of the Night (Dark-Hunter #7),Sins of the Night,2005.0,eng,Romántica
5660,1595143998,"Shades of Earth (Across the Universe, #3)",Shades of Earth,2013.0,eng,Ciencia ficción
5661,1416509631,"Tehanu (Earthsea Cycle, #4)",Tehanu,1990.0,eng,Fantasía
5662,0062217070,"Reboot (Reboot, #1)",Reboot,2013.0,eng,Ciencia ficción
5663,1594486638,Hunger Makes Me a Modern Girl,Hunger Makes Me a Modern Girl,2015.0,eng,Memorias
5664,1400067669,Thomas Jefferson: The Art of Power,Thomas Jefferson: The Art of Power,2012.0,eng,Biografía
5665,0007113803,"Murder in Mesopotamia (Hercule Poirot, #14)",Murder in Mesopotamia,1936.0,eng,Misterio
5666,0553575376,"Excession (Culture, #5)",Excession,1996.0,eng,Ciencia ficción
5667,038079487X,"What Looks Like Crazy on an Ordinary Day (Idlewild, #1)",What Looks Like Crazy on an Ordinary Day,1997.0,eng,Ficción
5668,0449000621,"G is for Gumshoe (Kinsey Millhone, #7)",G is for Gumshoe,1990.0,eng,Misterio
5669,1455521310,"King and Maxwell (Sean King & Michelle Maxwell, #6)",King & Maxwell,2013.0,eng,Thriller
5670,0060958340,Love's Executioner and Other Tales of Psychotherapy,Love's Executioner & Other Tales of Psychotherapy,1989.0,,Psicología
5671,0316037885,"The Magician''s Apprentice (Black Magician, #0.5)",The Magician's Apprentice,2009.0,eng,Fantasía
5672,0593046315,"Reaper''s Gale (The Malazan Book of the Fallen, #7)",Reaper's Gale,2007.0,eng,Fantasía
5673,1595541209,The Visitation,The Visitation,1999.0,,Ficción
5674,1600106951,"Locke & Key, Vol. 3: Crown of Shadows", Crown of Shadows,2010.0,eng,Cómic y novela gráfica
5675,1576751740,Leadership and Self-Deception: Getting Out of the Box,Leadership and Self Deception: Getting Out of the Box,2000.0,,Negocios
5676,1857230213,"The Garden of Rama (Rama, #3)","The Garden of Rama (Rama, #3)",1991.0,eng,Ciencia ficción
5677,031235164X,"Blue-Eyed Devil (Travises, #2)",,2008.0,eng,Romántica
5678,0140184937,Our Man in Havana,Our Man in Havana,1958.0,eng,Clásicos
5679,140123206X,Batman: The Black Mirror,Batman: The Black Mirror,2011.0,eng,Cómic y novela gráfica
5680,0316097543,Kill Me If You Can,Kill Me If You Can,2011.0,eng,Thriller
5681,9781417749546,"Killers of the Dawn (Cirque Du Freak, #9)","Killers of the Dawn (Cirque Du Freak, #9)",2003.0,,Juvenil
5682,0515089931,Tramp for the Lord,Tramp for the Lord,1974.0,,Religión y espiritualidad
8119,9780062367884,Falling into Place,Falling Into Place,2014.0,,Juvenil
5683,0060278684,If You Take a Mouse to the Movies,If You Take a Mouse to the Movies,2000.0,,Infantil
5684,1423340418,"A Lick of Frost (Merry Gentry, #6)",A Lick of Frost,2007.0,eng,Fantasía
5685,0099690608,The Abyss,The Abyss,1989.0,eng,Ciencia ficción
5686,031262168X,"The Witch''s Daughter (The Witch''s Daughter, #1)",The Book of Shadows,1991.0,eng,Fantasía
5687,149262344X,The Readers of Broken Wheel Recommend,Läsarna i Broken Wheel rekommenderar,2013.0,eng,Ficción
5688,0060004878,"Live by Night (Coughlin, #2)",Live by Night,2012.0,eng,Ficción histórica
5689,0062004042,"Until I Die (Revenants, #2)",Until I Die,2012.0,eng,Juvenil
5690,1439192812,The Magic of Reality: How We Know What's Really True,The Magic of Reality: How We Know What's Really True,2011.0,eng,Ciencia
5691,0842356290,"Remember (Redemption, #2)",Remember,2002.0,eng,Ficción
5692,0316097527,"Alex Cross, Run (Alex Cross, #20)","Alex Cross, Run",2013.0,,Thriller
5693,0812979915,Stuff White People Like: A Definitive Guide to the Unique Taste of Millions,Stuff White People Like: the Definitive Guide to the Unique Taste of Millions,2008.0,eng,Ensayo
5694,0425259870,"Blood Magick (The Cousins O''Dwyer Trilogy, #3)",Blood Magick,2014.0,eng,Romántica
5695,0345348672,"The Power That Preserves (The Chronicles of Thomas Covenant the Unbeliever, #3)",The Power That Preserves,1977.0,eng,Fantasía
5696,0718149866,The Brightest Star in the Sky,The Brightest Star in the Sky,2009.0,eng,Ficción
5697,0062001035,Entwined,Entwined,2011.0,eng,Juvenil
5698,1592407110,"Girl Walks into a Bar . . .: Comedy Calamities, Dating Disasters, and a Midlife Miracle",,2012.0,,Memorias
5699,0307350436,El coronel no tiene quien le escriba,El coronel no tiene quien le escriba,1961.0,spa,Clásicos
5700,0140283358,Waiting for the Barbarians,Waiting for the Barbarians,1980.0,eng,Clásicos
5701,0385423608,The Last Seven Months of Anne Frank,The Last Seven Months of Anne Frank,1988.0,,Historia
5702,147670869X,"The Innovators: How a Group of  Hackers, Geniuses and Geeks Created the Digital Revolution","The Innovators: How a Group of Inventors, Hackers, Geniuses and Geeks Created the Digital Revolution",2014.0,eng,Historia
5703,1400065593,Kabul Beauty School: An American Woman Goes Behind the Veil,Kabul Beauty School: An American Woman Goes Behind the Veil,2007.0,eng,Memorias
5704,0684859238,To Have and Have Not,To Have and Have Not ,1937.0,eng,Clásicos
5705,0451219597,Jackdaws,Jackdaws,2001.0,eng,Thriller
5706,,حبيبتي بكماء,,2013.0,ara,Ficción
5707,0060750863,"The System of the World (The Baroque Cycle, #3)",The System of the World,2004.0,eng,Ciencia ficción
5708,0060734000,"Touching Spirit Bear (Spirit Bear, #1)",Touching Spirit Bear,1997.0,eng,Juvenil
5709,1439142009,The Flamethrowers,The Flamethrowers,2013.0,eng,Ficción
5710,0062076108,"Twice Tempted (Night Prince, #2)",Twice Tempted ,2013.0,eng,Romántica
5711,1439187010,Unorthodox: The Scandalous Rejection of My Hasidic Roots,,2012.0,eng,Memorias
5712,0062318322,"The Selection Stories: The Prince & The Guard (The Selection, #0.5, 2.5)",The Selection Stories: The Prince & The Guard,2014.0,eng,Juvenil
5713,0061914177,Crush It!: Why Now Is the Time to Cash In on Your Passion,Crush It!: Why Now Is the Time to Cash in on Your Passion,2009.0,eng,Negocios
5714,044101173X,Redemption Ark,Redemption Ark,2003.0,eng,Ciencia ficción
5715,0345485777,"The Venetian Betrayal (Cotton Malone, #3)",The Venetian Betrayal,2007.0,eng,Thriller
5716,0151189781,"Collected Poems, 1909-1962",Collected Poems 1909-1962,1963.0,eng,Poesía
5717,0395957753,The Robe,The Robe,1942.0,eng,Ficción histórica
5718,0786834277,Beauty and the Beast,Beauty and the Beast,2002.0,,Infantil
5719,1594486409,The Yonahlossee Riding Camp for Girls,The Yonahlossee Riding Camp for Girls,2013.0,eng,Ficción
5720,1250052386,"Lead (Stage Dive, #3)",Lead,2014.0,eng,Romántica
5721,0553588370,"No Humans Involved (Women of the Otherworld, #7)",No Humans Involved,2007.0,eng,Fantasía
5722,0060766247,"Night of the Soul Stealer (The Last Apprentice / Wardstone Chronicles, #3)",Night of the Soul Stealer,2007.0,,Juvenil
5723,0747538352,The Gift of Fear: Survival Signals That Protect Us from Violence,The Gift of Fear: and Other Survival Signals That Protect Us from Violence,1997.0,,Psicología
5724,1442406593,"Endless Summer (The Boys Next Door, #1-2)",Endless Summer,2010.0,eng,Juvenil
5725,006194436X,"Big Nate Strikes Again (Big Nate Novels, #2)",,2010.0,eng,Infantil
5726,0778319059,Don't You Cry,Don't You Cry,2016.0,,Thriller
5727,,"His Needs, Her Needs: Building an Affair-Proof Marriage","Que Necesita El, Que Necesita Ella ",1986.0,eng,Autoayuda
5728,0515141666,"Dance of the Gods (Circle Trilogy, #2)",Dance of the Gods,2006.0,eng,Romántica
5729,1442402008,"Nevermore (Nevermore, #1)",Nevermore,2010.0,eng,Juvenil
5730,0802131808,The Blind Owl,بوف کور,1937.0,eng,Clásicos
5731,0061906220,Pete the Cat: I Love My White Shoes,,2010.0,eng,Infantil
5732,0307738612,"The Ring of Solomon (Bartimaeus, #0.5)",The Ring of Solomon,2010.0,eng,Fantasía
5733,0439568471,"Welcome to Dead House (Goosebumps, #1)",Welcome to Dead House,1992.0,eng,Infantil
5734,0060837055,The Master Butchers Singing Club,The Master Butchers Singing Club,2003.0,,Ficción
5735,0765319233,"Chronicles of the Black Company (The Chronicles of the Black Company, #1-3)",Chronicles of The Black Company (The Black Company / Shadows Linger / The White Rose),1986.0,eng,Fantasía
5736,1481438867,"Until Friday Night (The Field Party, #1)",Until Friday Night,2015.0,eng,Juvenil
5737,0671774670,Mother of Pearl,Mother of Pearl,1999.0,eng,Ficción
5738,1501124374,Everyone Brave is Forgiven,Everyone Brave Is Forgiven,2016.0,eng,Ficción histórica
5739,0553129198,The Great Train Robbery,The Great Train Robbery,1975.0,,Ficción histórica
5740,0739437585,Safe Harbour,Safe Harbour,2003.0,,Romántica
5741,0345467515,The Things We Do for Love,The Things We Do for Love,2004.0,eng,Ficción
5742,0765343266,"Son of the Shadows (Sevenwaters, #2)",Son of the Shadows,2000.0,eng,Fantasía
5743,0451207793,The Key to Rebecca,The Key to Rebecca,1980.0,eng,Thriller
5744,0451233328,"Hard Bitten (Chicagoland Vampires, #4)",Hard Bitten,2011.0,eng,Fantasía
5745,060961066X,Barefoot Contessa Family Style: Easy Ideas and Recipes That Make Everyone Feel Like Family,Barefoot Contessa Family Style: Easy Ideas and Recipes That Make Everyone Feel Like Family,2002.0,eng,Cocina
5746,,"Vain (The Seven Deadly, #1)",,2012.0,eng,Romántica
5747,0812974417,At the Mountains of Madness,At the Mountains of Madness,1936.0,eng,Terror
5748,0515128554,"Heart of the Sea (Gallaghers of Ardmore / Irish Trilogy, #3)",Heart of the Sea,2000.0,eng,Romántica
5749,0440244498,"Veil of Midnight (Midnight Breed, #5)",Veil of Midnight,2008.0,eng,Romántica
5750,0380792648,Subterranean,Subterranean,1999.0,eng,Thriller
5751,0375713751,I Don't Know How She Does It,I Don't Know How She Does It,2001.0,eng,Ficción
5752,1563897156,"Preacher, Volume 9: Alamo",,2001.0,eng,Cómic y novela gráfica
5753,1500453307,"The Long Way to a Small, Angry Planet (Wayfarers, #1)","The Long Way to a Small, Angry Planet",2014.0,eng,Ciencia ficción
5754,0140286802,Collected Fictions,Cuentos completos,1998.0,eng,Clásicos
5755,0689868235,Valiant (Modern Faerie Tales #2),Tithe: A Modern Faerie Tale ,2002.0,eng,Fantasía
5756,0743464664,The Russia House,The Russia House,1989.0,,Thriller
5757,1606840592,"Raised by Wolves (Raised by Wolves, #1)",Raised by Wolves,2010.0,eng,Fantasía
5758,0451219244,Promise Me (Myron Bolitar #8),"Promise Me (Myron Bolitar, #8)",2006.0,eng,Thriller
5759,0061720852,"Midnight (The Vampire Diaries: The Return, #3)",The Vampire Diaries: The Return: Midnight,2011.0,eng,Fantasía
5760,0312934343,"Dark Side of the Moon (Dark-Hunter #9, Were-Hunter #3)",Dark Side of the Moon,2006.0,eng,Fantasía
5761,0151010986,"Mistakes Were Made (But Not by Me): Why We Justify Foolish Beliefs, Bad Decisions, and Hurtful Acts","Mistakes Were Made (But Not by Me): Why We Justify Foolish Beliefs, Bad Decisions, and Hurtful Acts",2007.0,eng,Psicología
5762,,Abducted (Lizzy Gardner #1),Abducted,2011.0,eng,Thriller
5763,0451197879,Roadwork,Roadwork,1981.0,eng,Terror
5764,0425204049,"Valhalla Rising (Dirk Pitt, #16)","Valhalla Rising (Dirk Pitt, #16)",2001.0,eng,Aventura
5765,0060845503,The Third Chimpanzee: The Evolution and Future of the Human Animal,The Third Chimpanzee: The Evolution and Future of the Human Animal,1991.0,eng,Ciencia
5766,0688163181,The Given Day (Coughlin #1),The Given Day,2008.0,eng,Ficción histórica
5767,0613026667,Just Me in the Tub (Mercer Mayer's Little Critter),Just Me in the Tub (Mercer Mayer's Little Critter),1994.0,,Infantil
5768,0062267175,"Crush (Crash, #3)",Crush,2013.0,eng,Romántica
5769,031608106X,"Deadline (Newsflesh Trilogy, #2)",Deadline,2011.0,eng,Ciencia ficción
5770,0525951059,Long Lost  (Myron Bolitar #9),Long Lost,2009.0,eng,Thriller
5771,0440242916,"Faithless (Grant County, #5)",Faithless,2005.0,eng,Thriller
5772,1430300612,My Stroke of Insight: A Brain Scientist's Personal Journey,My Stroke of Insight,2006.0,eng,Memorias
5773,1582406847,"The Walking Dead, Vol. 06: This Sorrowful Life",The Walking Dead 6,2007.0,eng,Cómic y novela gráfica
5774,0061161535,Inés of My Soul,Inés del alma mía,2006.0,eng,Ficción histórica
5775,0425199584,Cold Fire,Cold Fire,1991.0,,Terror
5776,031632468X,Frog Music,Frog Music,2014.0,eng,Ficción histórica
5777,1573227951,An Instance of the Fingerpost,An Instance of the Fingerpost,1997.0,eng,Ficción histórica
5778,9797591514,5 cm,5 cm,2005.0,ind,Ficción
5779,0060517123,Crossing the Chasm: Marketing and Selling High-Tech Products to Mainstream Customers,Crossing the Chasm: Marketing and Selling High-Tech Products to Mainstream Customers,1991.0,eng,Negocios
5780,0345497457,"Shugo Chara!, Vol. 1: Who Do You Want to Be? (Shugo Chara!, #1)",Shugo Chara! 1 (Shugo Chara!),2006.0,,Cómic y novela gráfica
5781,045121577X,The Innocent,The Innocent,2005.0,eng,Thriller
5782,0586062009,Robots and Empire (Robot #4),Robots and Empire,1985.0,eng,Ciencia ficción
5783,0060085495,Island,Island,1962.0,eng,Ciencia ficción
5784,0375424474,Your Inner Fish: A Journey into the 3.5-Billion-Year History of the Human Body,Your Inner Fish: A Journey into the 3.5-Billion-Year History of the Human Body,2008.0,,Ciencia
5785,0573613052,No Exit,Huis clos,1944.0,eng,Clásicos
5786,1591841666,The Dip: A Little Book That Teaches You When to Quit (and When to Stick),The Dip: A Little Book That Teaches You When to Quit (and When to Stick),2007.0,,Negocios
5787,0618982507,Are You My Mother?,Are You My Mother?: A Comic Drama,2012.0,eng,Cómic y novela gráfica
5788,9719234202,ABNKKBSNPLAKo?! (Mga Kwentong Chalk ni Bob Ong),ABNKKBSNPLAKo?! (Mga Kwentong Chalk ni Bob Ong),2001.0,fil,Memorias
5789,1780481012,The Farseer Trilogy (Farseer Trilogy #1-3),,2011.0,eng,Fantasía
5790,0312992629,The Blue Bistro,The Blue Bistro,2005.0,eng,Ficción
5791,1250001544,"Third Grave Dead Ahead (Charley Davidson, #3)",Third Grave Dead Ahead,2012.0,eng,Fantasía
5792,0060930314,Identity,L'identité,1997.0,eng,Ficción
8279,0152024174,Peak (Peak #1),Peak,2007.0,eng,Juvenil
5793,0805099247,"The Heart of Betrayal (The Remnant Chronicles, #2)",The Heart of Betrayal,2015.0,eng,Fantasía
5794,0060856262,First They Killed My Father: A Daughter of Cambodia Remembers,First They Killed My Father: A Daughter of Cambodia Remembers ,2000.0,eng,Memorias
5795,0425142485,The Funhouse,The Funhouse,1980.0,eng,Terror
5796,074329730X,The Speed of Trust: The One Thing that Changes Everything,The SPEED of Trust: The One Thing that Changes Everything,2006.0,eng,Negocios
5797,0671004549,You Belong To Me,You Belong to Me,1998.0,eng,Thriller
5798,0552152161,Not Without My Daughter,Not Without My Daughter,1987.0,eng,Memorias
5799,0553584529,"The Killing Hour (Quincy & Rainie, #4)",The Killing Hour,2003.0,eng,Thriller
5800,0345418514,"Castle Roogna (Xanth, #3)",Castle Roogna,1979.0,eng,Fantasía
5801,0671673688,While My Pretty One Sleeps,While My Pretty One Sleeps,1989.0,eng,Thriller
5802,0856761222,Arsenic and Old Lace,Arsenic and Old Lace,1939.0,,Ficción
5803,0061132233,"Dance with a Vampire (Vampire Kisses, #4)","Dance with a Vampire (Vampire Kisses, #4)",2007.0,eng,Juvenil
5804,0140045295,Sometimes a Great Notion,Sometimes a Great Notion,1964.0,,Ficción
5805,0590554093,"Tris''s Book (Circle of Magic, #2)",Tris's Book,1998.0,eng,Juvenil
5806,1439171211,The Moral Landscape: How Science Can Determine Human Values,The Moral Landscape: How Science Can Determine Human Values,2010.0,eng,Ensayo
5807,9781410472090,The Mill River Recluse,The Mill River Recluse,2014.0,eng,Ficción
5808,1582344159,Hey Nostradamus!,Hey Nostradamus!,2003.0,eng,Ficción
5809,0802135587,Che Guevara: A Revolutionary Life,Che Guevara: A Revolutionary Life,1997.0,eng,Biografía
5810,,"The Secret Hour (Midnighters, #1)",The Secret Hour,2004.0,eng,Juvenil
5811,1250012899,"Chosen at Nightfall (Shadow Falls, #5)",,2014.0,eng,Juvenil
5812,0007235801,Like the Flowing River ,Ser Como o Rio que Flui,2000.0,eng,Ensayo
5813,159038783X,"The Candy Shop War (The Candy Shop War, #1)",The Candy Shop War,2007.0,,Juvenil
5814,0553588184,"Broken (Women of the Otherworld, #6)",Broken,2006.0,eng,Fantasía
9324,0571234607,Capital,Capital,2012.0,,Ficción
5815,0738713708,"Lament: The Faerie Queen''s Deception (Books of Faerie, #1)","Lament: The Faerie Queen''s Deception (Books of Faerie, #1) ",2008.0,eng,Juvenil
5816,0140549056,Why Mosquitoes Buzz in People's Ears,Why Mosquitoes Buzz in People's Ears: A West African Tale,1975.0,,Infantil
5817,0812993861,"Shopaholic to the Stars (Shopaholic, #7)","Shopaholic to the Stars (Shopaholic, #7)",2014.0,eng,Romántica
5818,0399154345,High Noon,High Noon,2007.0,eng,Romántica
5819,1471110672,The Farm,The Farm,2014.0,eng,Thriller
5820,1608463869,Men Explain Things to Me,Men Explain Things to Me,2014.0,eng,Ensayo
5821,,"Rock with Me (With Me in Seattle, #4)",Rock With Me,2013.0,eng,Romántica
5822,0316044776,"The Prince of Mist (Niebla, #1)",El príncipe de la niebla,1986.0,eng,Juvenil
5823,0930452895,Driving Miss Daisy,Driving Miss Daisy,1986.0,eng,Ficción
5824,,"Hardpressed (Hacker, #2)",,2013.0,eng,Romántica
5825,0749934174,"Conspiracy in Death (In Death, #8)",Conspiracy in Death,1999.0,eng,Misterio
5826,0375422714,"In the Company of Cheerful Ladies (No. 1 Ladies'' Detective Agency, #6)",In the Company of Cheerful Ladies,2004.0,eng,Misterio
5827,0060885459,"The First Four Years  (Little House, #9)",The First Four Years,1953.0,eng,Infantil
5828,1848764561,The Elephant Tree,,2010.0,eng,Ficción
5829,0743294378,"Bones to Ashes (Temperance Brennan, #10)",Bones to Ashes,2007.0,eng,Misterio
5830,,Grimm's Fairy Tales,Grimms Märchen,1857.0,eng,Infantil
5831,9780752863856,The Definitive Book of Body Language,The Definitive Book of Body Language,2004.0,eng,Psicología
5832,,"Between the Lines (Between the Lines, #1)",Between the Lines,2011.0,eng,Romántica
5833,0316881791,Never Cry Wolf,Never Cry Wolf : The Amazing True Story of Life Among Arctic Wolves,1963.0,eng,No ficción
5834,031612852X,"Tick Tock (Michael Bennett, #4)",Tick Tock,2010.0,eng,Thriller
5835,184724954X,Cleopatra's Daughter,Cleopatra's Daughter,2009.0,eng,Ficción histórica
5836,0684859734,"Grave Secrets (Temperance Brennan, #5)",Grave Secrets,2002.0,eng,Misterio
5837,0345548485,"Shattered (The Iron Druid Chronicles, #7)",Shattered,2014.0,eng,Fantasía
5838,0765316986,"Zoe''s Tale (Old Man''s War, #4)",Zoe's Tale,2008.0,eng,Ciencia ficción
5839,1416543791,"The First Commandment (Scot Harvath, #6)",The First Commandment,2007.0,eng,Thriller
5840,0007144350,Complete Works of Oscar Wilde,Collected Works,1908.0,eng,Clásicos
5841,9780936184746,The New Best Recipe,"The New Best Recipe: All-New Edition with 1,000 Recipes",1995.0,,Cocina
5842,0399171622,"The Rose & the Dagger (The Wrath & the Dawn, #2)",The Rose & the Dagger,2016.0,eng,Fantasía
5843,0553418297,The Fold,The Fold,2015.0,eng,Ciencia ficción
5844,1250022088,The Nature of the Beast (Chief Inspector Armand Gamache #11),The Nature of the Beast,2015.0,eng,Misterio
5845,0060520620,The Proper Care and Feeding of Husbands,The Proper Care and Feeding of Husbands,2003.0,,Autoayuda
5846,1595542884,"Green: The Beginning and the End (The Circle, #0)",Green,2009.0,eng,Fantasía
5847,,"Black Butler, Vol. 3 (Black Butler, #3)",黒執事 III [Kuroshitsuji III],2007.0,ind,Cómic y novela gráfica
5848,031624371X,"The Crown Tower (The Riyria Chronicles, #1)",The Crown Tower,2013.0,eng,Fantasía
5849,1401229697,Daytripper,Daytripper,2011.0,eng,Cómic y novela gráfica
5850,,"Club Shadowlands (Masters of the Shadowlands, #1)","Club Shadowlands (Masters of the Shadowlands, #1)",2009.0,eng,Romántica
5851,0307266761,The Museum of Innocence,Masumiyet Müzesi,2008.0,eng,Ficción
5852,0399184511,The Mothers,The Mothers,2016.0,eng,Ficción
5853,0385031149,Faust, Faust. Der Tragödie erster und zweiter Teil ,1832.0,eng,Clásicos
5854,0062273264,"Faking It (Losing It, #2)",Faking It,2013.0,eng,Romántica
5855,0439545285,"Charlie Bone and the Castle of Mirrors (The Children of the Red King, #4)","Charlie Bone and the Castle of Mirrors (The Children of the Red King, # 4)",2005.0,,Juvenil
5856,,"Accordance (Significance, #2)",Accordance,2011.0,eng,Romántica
5857,0399256121,Bloodrose (Nightshade #3; Nightshade World #6),Bloodrose,2012.0,eng,Fantasía
5858,0425205959,"Cards on the Table (Hercule Poirot, #15)",Cards on the Table,1936.0,eng,Misterio
5859,1442449616,"Tales from a Not-So-Smart Miss Know-It-All (Dork Diaries, #5)",Tales From a Not-So-Smart Miss Know-it-all,2012.0,eng,Infantil
5860,038070952X,"Ramona and Her Mother (Ramona, #5)",Ramona and Her Mother,1980.0,eng,Infantil
5861,0007119356,"Appointment with Death (Hercule Poirot, #19)",Appointment with Death,1938.0,eng,Misterio
5862,0060734574,"Natural Born Charmer (Chicago Stars, #7)",Natural Born Charmer,2004.0,eng,Romántica
5863,0679721886,The Woman Warrior,The Woman Warrior: Memoirs of a Girlhood Among Ghosts,1975.0,eng,Memorias
5864,0307111547,Three Little Kittens,The Three Little Kittens (A First Little Golden Book),1942.0,eng,Infantil
5865,0872861554,Tales of Ordinary Madness,"Erections, Ejaculations, Exhibitions and General Tales of Ordinary Madness",1978.0,eng,Ficción
5866,,"Before Jamaica Lane (On Dublin Street, #3)",,2014.0,eng,Romántica
5867,0345453751,"The Sword of Shannara Trilogy (Shannara, #1-3)",The Sword of Shannara Trilogy,1979.0,,Fantasía
5868,1476776881,Maybe in Another Life,Maybe In Another Life,2015.0,,Ficción
5869,1451697244,"Carry On, Warrior: Thoughts on Life Unarmed"," Carry On, Warrior: Thoughts on Life Unarmed ",2013.0,eng,Autoayuda
5870,9626344245,The Valley of Fear,The Valley of Fear,1914.0,eng,Misterio
5871,0515144665,"The Pagan Stone (Sign of Seven, #3)",The Pagan Stone,2008.0,eng,Romántica
5872,0142196584,A Tale of Two Cities / Great Expectations,,,eng,Clásicos
5873,0671792806,Principle-Centered Leadership,Principle Centered Leadership,1991.0,eng,Negocios
5874,0741444569,"Monster Hunter International (Monster Hunter International, #1)",Monster Hunter International,2009.0,eng,Fantasía
5875,0062026542,"The Bitter Kingdom (Fire and Thorns, #3)",The Bitter Kingdom,2013.0,eng,Fantasía
5876,0141004924,"The Teeth of the Tiger (Jack Ryan Universe, #12)",The Teeth of the Tiger,2003.0,eng,Thriller
5877,034541957X,"Moreta: Dragonlady of Pern (Pern, #7)",Moreta: Dragonlady Of Pern,1983.0,eng,Ciencia ficción
5878,0307960382,Frosty the Snowman (Frosty the Snowman),Frosty the Snowman (Little Golden Book),1992.0,,Infantil
5879,1563894904,"Preacher, Volume 6: War in the Sun",Preacher: War in the Sun,1999.0,eng,Cómic y novela gráfica
5880,0060841826,"The Queen of Attolia (The Queen''s Thief, #2)",The Queen of Attolia,2000.0,,Fantasía
5881,0816638624,A Single Man,A Single Man,1964.0,eng,Ficción
5882,1455502758,Mortality,Mortality,2012.0,eng,Ensayo
5883,0439672465,"Icefire (The Last Dragon Chronicles, #2)",Icefire,2003.0,eng,Juvenil
5884,9781410499493,Norse Mythology,Norse Mythology,2017.0,eng,Fantasía
5885,0684848015,Citizen Soldiers: The U. S. Army from the Normandy Beaches to the Bulge to the Surrender of Germany,Citizen Soldiers: The U. S. Army from the Normandy Beaches to the Bulge to the Surrender of Germany,1997.0,,Historia
5886,0671737821,Honor's Splendour,Honor's Splendour,1987.0,eng,Romántica
5887,0316175560,Shut Out,Shut Out,2011.0,eng,Juvenil
5888,,"Bad Rep (Bad Rep, #1)",,2012.0,eng,Romántica
5889,0786286806,"Valley of Silence (Circle Trilogy, #3)",Valley of Silence,2006.0,eng,Romántica
5890,0440421241,"The Prophet of Yonwood (Book of Ember, #3)",The Prophet of Yonwood,2006.0,eng,Juvenil
5891,178089015X,"Hope to Die (Alex Cross, #22)",Hope to Die,2014.0,eng,Thriller
5892,1439159661,"Deep Kiss of Winter (Includes: Immortals After Dark, #8; Alien Huntress, #3.5)",Deep Kiss Of Winter ,2009.0,eng,Romántica
5893,1416963987,Doll Bones,Doll Bones,2013.0,eng,Juvenil
5894,0399158022,"Red Mist (Kay Scarpetta, #19)",Red Mist,2011.0,eng,Thriller
5895,0385344015,"I Am Half-Sick of Shadows (Flavia de Luce, #4)",I Am Half-Sick of Shadows ,2011.0,eng,Misterio
5896,,"Wild Man (Dream Man, #2)",Wild Man,2011.0,eng,Romántica
5897,0062351427,Welcome to Night Vale,Welcome to Night Vale,2015.0,eng,Ciencia ficción
5898,073642198X,Sleeping Beauty: a Little Golden Book (Disney Princess),,1986.0,eng,Infantil
5899,0380815583,"An Offer From a Gentleman (Bridgertons, #3)",An Offer From a Gentleman,2001.0,eng,Romántica
5900,0062327186,"Dumplin'' (Dumplin'', #1)",Dumplin',2015.0,eng,Juvenil
5901,0356502422,Ancillary Mercy (Imperial Radch #3),Ancillary Mercy,2015.0,eng,Ciencia ficción
5902,0373775814,The Darkest Surrender  (Lords of the Underworld #8),The Darkest Surrender,2011.0,eng,Romántica
5903,042518160X,Danse Macabre,Danse Macabre,1981.0,eng,No ficción
5904,,"Seducing Cinderella (Fighting for Love, #1)",Seducing Cinderella,2012.0,eng,Romántica
5905,1400075718,"Blue Shoes and Happiness (No. 1 Ladies'' Detective Agency, #7)",Blue Shoes and Happiness ,2006.0,eng,Misterio
5906,1860499260,The Vagina Monologues,The Vagina Monologues,1996.0,,Ensayo
5907,0375761144,Our Mutual Friend,Our Mutual Friend,1865.0,eng,Clásicos
5908,0316926051,A Handful of Dust,A Handful of Dust,1934.0,eng,Clásicos
5909,0842335722,Leota's Garden,Leota's Garden,1999.0,eng,Ficción
5910,0385524986,Not My Daughter,Not My Daughter,2009.0,,Ficción
5911,0312990960,The Book of Illusions,The Book of Illusions,2002.0,eng,Ficción
5912,0440242177,"To Tame a Highland Warrior (Highlander, #2)",To Tame a Highland Warrior,1999.0,eng,Romántica
5913,0316058254,A Mango-Shaped Space,A Mango-Shaped Space,2005.0,eng,Juvenil
5914,0752849522,Quentins,Quentins,2002.0,,Ficción
5915,037576013X,Daniel Deronda,Daniel Deronda,1876.0,eng,Clásicos
5916,0316375144,Here's to Us,,2016.0,eng,Ficción
5917,0373774524,"Chasing Perfect (Fool''s Gold, #1)",Chasing Perfect,2010.0,eng,Romántica
5918,1401360238,The Debutante Divorcee,The Debutante Divorcée,2006.0,eng,Ficción
5919,0310919797,Life Application Study Bible: NIV,,1992.0,eng,Religión y espiritualidad
5920,0446580287,"The Wheel of Darkness (Pendergast, #8)","The Wheel of Darkness (Pendergast, #8)",2007.0,eng,Thriller
5921,1101886692,"Sleeping Giants (Themis Files, #1)",Sleeping Giants,2016.0,eng,Ciencia ficción
5922,1609074602,Blackmoore,Blackmoore,2013.0,eng,Romántica
5923,140120113X,The Sandman: Endless Nights,The Sandman: Endless Nights,2003.0,eng,Cómic y novela gráfica
5924,0099435136,The First Wives Club,The First Wives Club,1992.0,eng,Ficción
5925,0755308441,The Vanishing Act of Esme Lennox,The Vanishing Act of Esme Lennox,2006.0,eng,Ficción
5926,1594482306,The Night Watch,The Night Watch,2006.0,eng,Ficción histórica
5927,1250034515,"Mightier Than the Sword (The Clifton Chronicles, #5)",Mightier Than the Sword,2015.0,eng,Ficción
5928,0099460173,"Blood Canticle (The Vampire Chronicles, #10)",Blood Canticle,2003.0,eng,Fantasía
5929,0307262995,Nature Girl,Nature Girl,2006.0,eng,Ficción
5930,0671743058,Boy's Life,Boy's Life,1991.0,eng,Ficción
5931,0375759018,Adam Bede,Adam Bede,1859.0,,Clásicos
5932,038548951X,Sister of My Heart,Sister of My Heart,1997.0,eng,Ficción
5933,0312427808,The Housekeeper and the Professor,博士の愛した数式 ,2003.0,eng,Ficción
5934,044900063X,"H is for Homicide (Kinsey Millhone, #8)",H is for Homicide,1991.0,eng,Misterio
5935,1596911050,JPod,JPod,2006.0,eng,Ficción
5936,0553584480,The Face,The Face,2003.0,eng,Thriller
5937,1594201927,The Ascent of Money: A Financial History of the World,The Ascent of Money: A Financial History of the World,2007.0,eng,Historia
5938,0804140413,Food: A Love Story,Food: A Love Story,2014.0,eng,No ficción
5939,0670012092,The Impossible Knife of Memory,The Impossible Knife of Memory,2014.0,eng,Juvenil
5940,0195087453,"Purgatorio (The Divine Comedy, #2)",Purgatorio,1320.0,ita,Clásicos
5941,0446564087,"Deliver Us from Evil (A. Shaw, #2)",Deliver Us From Evil,2010.0,eng,Thriller
5942,0525952365,One Last Thing Before I Go,One Last Thing Before I Go,2009.0,,Ficción
5943,1423116186,"By the Time You Read This, I''ll Be Dead","By The Time You Read This, I''ll Be Dead",2009.0,,Juvenil
5944,1451617526,The Girls of Atomic City: The Untold Story of the Women Who Helped Win World War II,,2013.0,eng,Historia
5945,0739317148,"City of Night (Dean Koontz''s Frankenstein, #2)",Dean Koontz's Frankenstein: City of Night ,2005.0,,Terror
5946,1416914234,"The Quillan Games (Pendragon, #7)",The Quillan Games,2005.0,eng,Juvenil
5947,0812966929,number9dream,number9dream,2001.0,,Ficción
5948,0060987324,Girlfriend in a Coma,Girlfriend in a Coma,1998.0,eng,Ficción
5949,0613096487,"The Green Mile, Part 1: The Two Dead Girls","The Green Mile, Part 1: The Two Dead Girls",1996.0,eng,Terror
5950,0385722435,Ella Minnow Pea: A Novel in Letters,Ella Minnow Pea: A Novel in Letters,2001.0,eng,Ficción
5974,0062351206,"The Queen (The Selection, #0.4)",The Queen,2014.0,eng,Juvenil
5951,0765310082,"Toll the Hounds (The Malazan Book of the Fallen, #8)",Toll the Hounds,2008.0,eng,Fantasía
5952,0593057775,The Bone Garden ,The Bone Garden,2007.0,eng,Thriller
5953,979962570X,"Supernova: Ksatria, Puteri, dan Bintang Jatuh","Supernova: Ksatria, Puteri, dan Bintang Jatuh",2001.0,ind,Ficción
5954,0062363239,A Head Full of Ghosts,A Head Full of Ghosts,2015.0,eng,Terror
5955,0385348614,Better Than Before: Mastering the Habits of Our Everyday Lives,Better Than Before: Mastering the Habits of Our Everyday Lives,2015.0,eng,Autoayuda
5956,0756409608,"Broken Homes (Peter Grant, #4)",Broken Homes,2013.0,eng,Fantasía
5957,0553563734,"The King''s Buccaneer (Krondor''s Sons, #2)",The King's Buccaneer,1992.0,eng,Fantasía
5958,0062105620,Maya's Notebook,El cuaderno de Maya,2011.0,eng,Ficción
5959,0060760885,"One Crazy Summer (Gaither Sisters, #1)",One Crazy Summer,2010.0,eng,Infantil
5960,0061931411,"Dragon Haven (Rain Wild Chronicles, #2)",Dragon Haven,2010.0,eng,Fantasía
5961,140690483X,"Right Ho, Jeeves (Jeeves, #6)","Right Ho, Jeeves",1934.0,eng,Clásicos
5962,0316113670,"If You''re Reading This, It''s Too Late (Secret, #2)","If You''re Reading This, It''s Too Late",2008.0,eng,Juvenil
5963,0060744545,"Moonrise (Warriors: The New Prophecy, #2)",Moonrise,2005.0,eng,Infantil
5964,1590388127,The Wednesday Letters,The Wednesday Letters,2007.0,eng,Ficción
5965,1595142525,"Betrayals (Strange Angels, #2)",Betrayals,2009.0,eng,Juvenil
5966,0316014508,You've Been Warned,You've Been Warned,2007.0,eng,Thriller
5967,0439372941,"Chasing Vermeer (Chasing Vermeer, #1)",Chasing Vermeer,2004.0,eng,Infantil
5968,031021923X,The Jesus I Never Knew,The Jesus I Never Knew,1995.0,eng,Religión y espiritualidad
5970,,"The Unidentified Redhead (Redhead, #1)",The Unidentified Redhead,2010.0,eng,Romántica
5971,0545175305,"The Adventures of Ook and Gluk, Kung-Fu Cavemen from the Future",,2010.0,eng,Infantil
5972,0689823827,A Child's Garden of Verses,A Child's Garden of Verses,1885.0,eng,Poesía
5973,0330339184,The Informers,The Informers,1994.0,eng,Ficción
5975,0061784788,"The Devil Colony (Sigma Force, #7)",The Devil Colony,2010.0,eng,Thriller
5976,1607062542,"The Walking Dead, Vol. 12: Life Among Them",The Walking Dead Volume 12,2010.0,eng,Cómic y novela gráfica
5977,0307700313,"Some Luck (Last Hundred Years: A Family Saga, #1)",Some Luck,2014.0,eng,Ficción histórica
5978,0826412769,Pedagogy of the Oppressed,Pedagogia do Oprimido,1968.0,eng,Ensayo
5979,1594746370,"William Shakespeare''s Star Wars: Verily, A New Hope (William Shakespeare''s Star Wars, #4)","William Shakespeare''s Star Wars: Verily, a New Hope",2013.0,eng,Ciencia ficción
5980,1401204589,Identity Crisis,Identity Crisis,2004.0,eng,Cómic y novela gráfica
5981,0375870415,"Unspoken (The Lynburn Legacy, #1)",Unspoken,2012.0,eng,Juvenil
5982,2290032042,"Rama II (Rama, #2)",Rama II,1989.0,fre,Ciencia ficción
5983,186046095X,The Gospel According to Jesus Christ,O Evangelho segundo Jesus Cristo,1991.0,eng,Ficción
5984,0316123080,"Who Could That Be at This Hour? (All the Wrong Questions, #1)","'Who Could That Be at This Hour?'""""",2012.0,eng,Juvenil
5985,0061797057,"The Calling (Darkness Rising, #2)",The Calling,2012.0,eng,Juvenil
5986,159582748X,Avatar: The Last Airbender: The Lost Adventures,Avatar The Last Airbender: The Lost Adventures,2011.0,eng,Cómic y novela gráfica
5987,9780544264977,Hidden,Hidden,2013.0,eng,Thriller
5988,1416916172,Five Little Peppers and How They Grew,Five Little Peppers and How They Grew,1881.0,eng,Infantil
5989,1599903229,"Princess of the Midnight Ball (The Princesses of Westfalin Trilogy, #1)",Princess of the Midnight Ball,2009.0,eng,Juvenil
5990,,الطنطورية,الطنطورية ,2010.0,ara,Ficción histórica
5991,0140505393,Miss Rumphius,Miss Rumphius,1981.0,eng,Infantil
5992,0020306652,Ball Four,Ball Four,1970.0,eng,Deportes
5993,140120256X,"Fables, Vol. 3: Storybook Love","Fables, Volume 3: Storybook Love",2004.0,eng,Cómic y novela gráfica
5994,9580469717,Aura,Aura,1962.0,eng,Ficción
5995,006074104X,The Dance Of Anger: A Woman's Guide to Changing the Patterns of Intimate Relationships,The Dance of Anger: A Woman's Guide to Changing the Patterns of Intimate Relationships,1985.0,eng,Psicología
5996,0393325350,A Random Walk Down Wall Street,,1973.0,eng,Negocios
5997,1439178232,Forget You,Forget You,2010.0,eng,Juvenil
5998,098870742X,"Wanted (Wanted, #1)",,2012.0,eng,Romántica
5999,0330247042,Marathon Man,Marathon Man,1974.0,eng,Thriller
6000,1607515423,The Apothecary's Daughter,The Apothecary's Daughter,2008.0,eng,Ficción histórica
6001,,"Rock the Heart (Black Falcon, #1)",Rock the Heart,2012.0,eng,Romántica
6002,0345313151,"Bearing an Hourglass (Incarnations of Immortality, #2)",Bearing an Hourglass,1984.0,eng,Fantasía
6003,0698113578,The Five Chinese Brothers,The Five Chinese Brothers,1938.0,eng,Infantil
6004,0615417175,"Providence (Providence, #1)",Providence,2010.0,eng,Romántica
6005,0345418506,"The Source of Magic (Xanth, #2)","The Source of Magic (Xanth, #2)",1979.0,,Fantasía
6006,0064440583,"Days with Frog and Toad (Frog and Toad, #4)",Days with Frog and Toad,1979.0,eng,Infantil
6007,0679747192,"Cities of the Plain (The Border Trilogy, #3)",Cities of the Plain ,1996.0,,Ficción
6008,,"Captive Prince (Captive Prince, #1)",Captive Prince,2015.0,eng,Fantasía
6009,006083577X,"The King of Attolia (The Queen''s Thief, #3)",The King of Attolia,2006.0,eng,Fantasía
6010,0786854448,"Disney after Dark (Kingdom Keepers, #1)",The Kingdom Keepers,2004.0,,Juvenil
6011,0393320928,What Do You Care What Other People Think?,What Do You Care What Other People Think? Further Adventures of a Curious Character,1988.0,eng,Memorias
6012,0241141826,Skippy Dies,Skippy Dies,2010.0,eng,Ficción
6013,0671721720,"The Honor of the Queen (Honor Harrington, #2)",The Honor of the Queen,1993.0,,Ciencia ficción
6014,0671729462,"My Sweet Audrina (Audrina, #1)",My Sweet Audrina,1982.0,,Ficción
6015,,"The Atlantis World (The Origin Mystery, #3)",The Atlantis World,2014.0,eng,Ciencia ficción
6016,,"Embrace (The Violet Eden Chapters, #1)",Embrace,2010.0,eng,Juvenil
6017,0061043583,"Unnatural Death (Lord Peter Wimsey, #3)",Unnatural Death,1927.0,eng,Misterio
6018,1559360615,"Angels in America, Part One: Millennium Approaches",Angels in America: A Gay Fantasia on National Themes: Millennium Approaches (Part One),1992.0,eng,Ficción
6019,0385341326,My Best Friend's Girl,My Best Friend's Girl,2006.0,,Ficción
6020,038077352X,"Dreaming of You (The Gamblers, #2)",Dreaming of You ,1994.0,eng,Romántica
6021,0375758739,Comfort Me with Apples: More Adventures at the Table,Comfort Me with Apples: More Adventures at the Table,2001.0,eng,Memorias
6022,0679601082,The Complete Poems,John Keats : The Complete Poems,1820.0,eng,Poesía
6023,0671011332,"Almost Heaven (Sequels, #3)",Almost Heaven,1989.0,eng,Romántica
6024,0143017861,Three Day Road,Three Day Road,2005.0,eng,Ficción histórica
6025,0752852612,Red Harvest,Red Harvest,1929.0,eng,Misterio
6026,,"Trust in Me (Wait for You, #1.5)",Trust in Me,2013.0,eng,Romántica
6027,1421502410,"Naruto, Vol. 11: Impassioned Efforts (Naruto, #11)",NARUTO -ナルト- 巻ノ十一 ,2002.0,eng,Cómic y novela gráfica
6028,0446583146,One Summer,One Summer,2011.0,eng,Ficción
6029,1416530711,"Whitney, My Love (Westmoreland, #2)","Whitney, My Love",1985.0,eng,Romántica
6030,0802132219,Train to Pakistan,Train to Pakistan,1956.0,eng,Ficción histórica
6031,9780375966668,Jasper Jones,Jasper Jones,2009.0,eng,Juvenil
6032,1572245379,The Untethered Soul: The Journey Beyond Yourself,The Untethered Soul,2007.0,,Autoayuda
6033,159448600X,A Brief History of Seven Killings,A Brief History of Seven Killings,2014.0,eng,Ficción histórica
6034,0525421556,Hold Still,Hold Still,2009.0,eng,Juvenil
6035,0671702513,The Prize,The Prize,1991.0,eng,Romántica
6036,1455507199,The Middlesteins,The Middlesteins,2012.0,eng,Ficción
6037,067443000X,Capital in the Twenty-First Century,Le capital au XXIe siècle ,2013.0,eng,Ensayo
6038,0316159433,Flyboys: A True Story of Courage,Flyboys: A True Story of Courage,2003.0,,Historia
6039,067122350X,Eloise ,Eloise,1955.0,eng,Infantil
6040,0857532014,"The Screaming Staircase (Lockwood & Co., #1)",The Screaming Staircase,2013.0,eng,Juvenil
6041,0804138818,Summer House with Swimming Pool,Zomerhuis met zwembad,2011.0,eng,Ficción
6042,0375724672,True History of the Kelly Gang,True History of the Kelly Gang,2000.0,eng,Ficción histórica
6043,006008216X,"Get Shorty (Chili Palmer, #1)",Get Shorty,1990.0,eng,Ficción
6044,1476740488,"One Tiny Lie (Ten Tiny Breaths, #2)",One Tiny Lie,2013.0,eng,Romántica
6045,0451523482,The Day of the Locust,The Day of the Locust,1939.0,eng,Clásicos
6046,0679747044,Genius: The Life and Science of Richard Feynman,Genius: The Life and Science of Richard Feynman,1992.0,eng,Biografía
6047,0312360401,Honolulu,Honolulu,2009.0,,Ficción histórica
6048,0553588451,Full Moon Rising (Riley Jenson Guardian #1),Full Moon Rising,2006.0,eng,Fantasía
6049,0375414959,Bridge of Sighs,Bridge of Sighs,2007.0,,Ficción
6050,0340752483,Winter Solstice,Winter Solstice,2000.0,eng,Ficción
6051,1423165993,"United We Spy (Gallagher Girls, #6)",United We Spy,2013.0,eng,Juvenil
6052,045123054X,"The Morganville Vampires, Volume 1 (The Morganville Vampires, #1-2)","The Morganville Vampires, Volume 1",2009.0,eng,Juvenil
6053,0439680093,"Raven''s Gate (The Gatekeepers, #1)",Raven's Gate,2005.0,,Juvenil
6054,0374292086,Wolf in White Van,Wolf in White Van,2014.0,eng,Ficción
6055,0449912426,Three Comrades,Drei Kameraden,1936.0,eng,Clásicos
6056,1423134494,"Bloody Valentine (Blue Bloods, #5.5)",Bloody Valentine,2010.0,eng,Juvenil
6057,0375500723,The Heart of a Woman,The Heart of a Woman,1981.0,eng,Memorias
6058,,"Chrzest ognia (Saga o Wiedźminie, #5)",Chrzest ognia,1996.0,pol,Fantasía
6059,0316070629,"Alex Cross''s Trial (Alex Cross, #15)",Alex Cross's Trial,2009.0,eng,Thriller
6060,0385524382,Sway: The Irresistible Pull of Irrational Behavior,Sway: The Irresistible Pull of Irrational Behavior,2008.0,eng,Psicología
6061,0027436292,King of the Wind: The Story of the Godolphin Arabian,King of the Wind: The Story of the Godolphin Arabian,1948.0,eng,Infantil
6062,1451636016,Waking Up: A Guide to Spirituality Without Religion,Waking Up: A Guide to Spirituality Without Religion,2014.0,eng,Religión y espiritualidad
6063,0192835149,"The Call of the Wild, White Fang and Other Stories","The Call of the Wild, White Fang and Other Stories ",1906.0,eng,Clásicos
6064,0140277447,The Rape of Nanking,The Rape of Nanking: The Forgotten Holocaust of World War II,1997.0,eng,Historia
6065,0670020532,Why Evolution Is True,Why Evolution Is True,2008.0,,Ciencia
6066,0743271327,Brokeback Mountain,Brokeback Mountain,1997.0,eng,Ficción
6067,0380782340,"Nobody''s Baby But Mine (Chicago Stars, #3)",Nobody's Baby But Mine,1997.0,eng,Romántica
6068,1250010098,Keep Quiet,Keep Quiet,2014.0,eng,Thriller
6069,033041335X,Sons of Fortune,Sons of Fortune,2002.0,eng,Ficción
6070,0374266514,The Solitaire Mystery: A Novel About Family and Destiny,Kabalmysteriet,1990.0,eng,Ficción
6071,0762447699,You Are a Badass: How to Stop Doubting Your Greatness and Start Living an Awesome Life,,2013.0,,Autoayuda
6072,0755328175,Rumour Has It,Rumor Has it,2009.0,eng,Romántica
6073,0425208435,Dragon Tears,Dragon Tears,1993.0,,Terror
6074,0316123404,Surface Detail (Culture #9),Surface Detail,2010.0,eng,Ciencia ficción
6075,,"The Mating  (Law of the Lycans, #2)",The Mating,2010.0,eng,Romántica
6076,0440240948,"The Gates of Rome (Emperor, #1)",The Gates of Rome,2002.0,eng,Ficción histórica
6077,1607069458,"Rat Queens, Vol. 1: Sass & Sorcery",,2014.0,eng,Cómic y novela gráfica
6078,0425173747,"Curtain (Hercule Poirot, #39)",Curtain: Poirot’s Last Case,1975.0,eng,Misterio
6079,1594480036,"Grass for His Pillow (Tales of the Otori, #2)",Grass for His Pillow ,2003.0,,Fantasía
6080,0345495934,"Swallowing Darkness (Merry Gentry, #7)",Swallowing Darkness,2008.0,eng,Fantasía
6081,,"The Fixed Trilogy (Fixed, #1-3)",,2014.0,eng,Romántica
6082,0316250813,California,California,2014.0,eng,Ficción
6083,0552144312,Guards! Guards!: The Play,,1992.0,eng,Fantasía
6084,0786818697,The Pigeon Finds a Hot Dog!,The Pigeon Finds a Hot Dog!,2004.0,eng,Infantil
6085,080417766X,"Aftermath (Star Wars: Aftermath, #1)",Aftermath,2015.0,eng,Ciencia ficción
6086,0060776250,"Vampireville (Vampire Kisses, #3)","Vampireville (Vampire Kisses, #3)",2006.0,eng,Juvenil
6087,0007120699,"Hercule Poirot''s Christmas (Hercule Poirot, #20)",Hercule Poirot's Christmas,1938.0,eng,Misterio
6088,0525953612,Mrs. Lincoln's Dressmaker,Mrs. Lincoln's Dressmaker,2013.0,eng,Ficción histórica
6089,9953320993,الرحيق المختوم, الرحيق المختوم: بحث في السيرة النبوية على صاحبها أفضل الصلاة والسلام ,1979.0,ara,Religión y espiritualidad
6090,0307460207,The Baker's Daughter,The Baker's Daughter,2012.0,eng,Ficción histórica
6091,,"The Shadows (Black Dagger Brotherhood, #13)",The Shadows,2015.0,eng,Romántica
6092,0823404706,Little Red Riding Hood,Rotkäppchen,1983.0,eng,Infantil
6093,0439995442,"Captain Underpants and the Attack of the Talking Toilets (Captain Underpants, #2)",Captain Underpants and the Attack of the Talking Toilets,1999.0,eng,Infantil
6094,0857203312,Ghost Boy,Ghost Boy,2011.0,eng,Memorias
6095,0804137382,Essentialism: The Disciplined Pursuit of Less,Essentialism: The Disciplined Pursuit of Less,2014.0,eng,Autoayuda
6096,0743249291,"Wideacre  (The Wideacre Trilogy, #1)",Wideacre,1987.0,eng,Ficción histórica
6097,0141311290,The Magic Finger (Young Puffin Developing Reader),,1966.0,eng,Infantil
6098,,"If I Were You (Inside Out, #1)",If I were you,2012.0,eng,Romántica
6099,,"Beautifully Damaged (Beautifully Damaged, #1)",Beautifully Damaged,2012.0,eng,Romántica
6100,,"Wethering the Storm (The Storm, #2)",Wethering the Storm,2013.0,eng,Romántica
6101,0872201929,Meditations on First Philosophy,Meditationes de prima philosophia,1641.0,eng,Clásicos
6102,0749748001,"The Enchanted Wood (The Faraway Tree, #1)",The Enchanted Wood,1939.0,eng,Infantil
6103,,"Forever Black (Forever, #1)",Forever Black,2013.0,eng,Romántica
6104,1592243002,Daisy Miller,Daisy Miller,1878.0,,Clásicos
6105,1401340873,Arcadia,Arcadia,2012.0,eng,Ficción
6106,0307444058,Pat the Bunny,Pat the Bunny (Touch and Feel Book),1940.0,,Infantil
6107,0345528697,The Swans of Fifth Avenue,The Swans of Fifth Avenue,2016.0,eng,Ficción histórica
6108,1591828783,"Cardcaptor Sakura, Vol. 1 (Cardcaptor Sakura, #1)",カードキャプターさくら,1996.0,eng,Cómic y novela gráfica
6109,0060525126,"Size 14 Is Not Fat Either (Heather Wells, #2)",Size 14 Is Not Fat Either,2006.0,eng,Misterio
6110,0061997188,The Pioneer Woman Cooks: Food from My Frontier ,,2011.0,eng,Cocina
6112,061808360X,Gorillas in the Mist,Gorillas in the Mist,1983.0,eng,Memorias
6113,0451210638,A Case of Need,A Case of Need,1968.0,eng,Thriller
6114,0805097457,The Love Affairs of Nathaniel P.,The Love Affairs of Nathaniel P. ,2013.0,eng,Ficción
6115,,"Revealed (House of Night, #11)",Revealed,2013.0,eng,Fantasía
6116,9781503933385,We're All Damaged,,2016.0,eng,Ficción
6117,0312374976,"Sworn to Silence (Kate Burkholder, #1)",Sworn to Silence,2009.0,eng,Thriller
6118,0425256227,"Magic Breaks (Kate Daniels, #7)",Magic Breaks,2014.0,eng,Fantasía
6119,0413771008,The Seagull,Чайка,1895.0,eng,Clásicos
6120,4103534257,"1Q84 BOOK 3 (1Q84, #3)",1Q84 Book 3 [Ichi-kyū-hachi-yon],2010.0,jpn,Ficción
6121,0330418874,"Boy Meets Girl (Boy, #2)",Boy Meets Girl,2004.0,eng,Romántica
6122,0060097477,"Dancing in My Nuddy-Pants (Confessions of Georgia Nicolson, #4)",Dancing in my nuddy-pants!,2002.0,eng,Juvenil
6123,0345413997,The Door Into Summer,The Door into Summer,1957.0,eng,Ciencia ficción
6124,0316011274,Luna,Luna,2004.0,eng,Juvenil
6125,1400077915,Runaway,Runaway,2004.0,eng,Ficción
6126,1841494186,"Matter (Culture, #8)",Matter,2008.0,eng,Ciencia ficción
6127,9785041082352,Leo,Leo,2013.0,eng,Romántica
6128,0393310329,Maurice,Maurice,1971.0,eng,Clásicos
6129,1441836314,"New York to Dallas (In Death, #33)",New York to Dallas,2011.0,eng,Thriller
6130,0060080841,The Stepford Wives,The Stepford Wives,1972.0,eng,Ciencia ficción
6131,0671890913,The Longest Day,The Longest Day,1959.0,eng,Historia
6132,0060584033,Motor Mouth (Alex Barnaby #2),Motor Mouth,2006.0,eng,Misterio
6133,0743437349,"The Reality Bug (Pendragon, #4)",The Reality Bug,2003.0,eng,Juvenil
6134,0446195510,True Blue,True Blue,2009.0,eng,Thriller
6135,0553561189,"Mistress of the Empire (The Empire Trilogy, #3)","Mistress of the Empire (The Empire Trilogy, #3)",1992.0,eng,Fantasía
6136,0062117181,Defiance (Defiance #1),Defiance,2012.0,eng,Juvenil
6137,0316376116,"Winter Street (Winter, #1)",Winter Street,2014.0,eng,Ficción
6138,0448095025,The Hidden Staircase (Nancy Drew #2),"The Hidden Staircase (Nancy Drew Mystery Stories, #2)",1930.0,eng,Juvenil
6139,0449205622,Captains and the Kings,Captains and the Kings,1972.0,eng,Ficción histórica
6140,0062073125,"The Fallen Angel (Gabriel Allon, #12)",The Fallen Angel,2012.0,eng,Thriller
6141,185549664X,"Harry Potter and the Order of the Phoenix (Harry Potter, #5, Part 1)",,2003.0,,Fantasía
6142,0310247527,"One Tuesday Morning (9/11, #1)",One Tuesday Morning,2003.0,eng,Ficción
6143,0425241130,"Hit List (Anita Blake, Vampire Hunter #20)",Hit List,2011.0,eng,Fantasía
6144,0413772195,Interesting Times: The Play,Interesting Times,1995.0,eng,Fantasía
6145,9781515956075,The Wall of Winnipeg and Me,The Wall of Winnipeg and Me,2016.0,eng,Romántica
6146,1416516743,Let Me Call You Sweetheart,Let Me Call You Sweetheart,1995.0,eng,Misterio
6147,0385341598,The Onion Field,The Onion Field,1973.0,,No ficción
6148,0743233492,"Break No Bones (Temperance Brennan, #9)",Break No Bones,2006.0,eng,Thriller
6149,1583334386,"The Willpower Instinct: How Self-Control Works, Why It Matters, and What You Can Do to Get More of It","The Willpower Instinct: How Self-Control Works, Why It Matters, and What You Can Do to Get More of It",2011.0,eng,Autoayuda
6150,0345457714,"Broken Angels (Takeshi Kovacs, #2)",Broken Angels,2003.0,eng,Ciencia ficción
6151,038533947X,"Beyond Reach (Grant County, #6)",Beyond Reach,2007.0,eng,Thriller
6153,0449221512,"I is for Innocent (Kinsey Millhone, #9)",I is for Innocent,1992.0,eng,Misterio
6154,2020418770,V.,V.,1963.0,fre,Ficción
6155,1593080212,Heart of Darkness and Selected Short Fiction,,1899.0,eng,Clásicos
6156,0671203231,Why I Am Not a Christian and Other Essays on Religion and Related Subjects,Why I Am Not a Christian and Other Essays on Religion and Related Subjects,1927.0,eng,Ensayo
6157,0375725342,The Art of Travel,The Art of Travel,2002.0,,Viajes
6158,0007162499,"The Summer Garden (The Bronze Horseman, #3)","Tatiana and Alexander (The Bronze Horseman, #2)",2006.0,eng,Romántica
6159,0316407135,"Cross Justice (Alex Cross, #23)",Cross Justice,2015.0,,Thriller
6160,9645571766,عقاید یک دلقک,Ansichten eines Clowns,1963.0,per,Ficción
6161,0812995201,The Weight of Blood,The Weight of Blood,2014.0,eng,Misterio
6162,0060531231,"When He was Wicked (Bridgertons, #6)",When He was Wicked,2004.0,eng,Romántica
6163,0399157867,"V is for Vengeance (Kinsey Millhone, #22)",V is for Vengeance,2011.0,eng,Misterio
6164,0689839057,"Among the Betrayed (Shadow Children, #3)",Among the Betrayed,2002.0,eng,Juvenil
6165,0399154302,"Spook Country (Blue Ant, #2)",Spook Country,2007.0,eng,Ciencia ficción
6166,069109750X,The I Ching or Book of Changes,易 [Yì],-750.0,eng,Religión y espiritualidad
6167,1419151126,"The 39 Steps (Richard Hannay, #1)",The Thirty-Nine Steps,1915.0,,Thriller
6168,0307267679,Blue Nights,Blue Nights,2011.0,eng,Memorias
6169,0765312182,"Blindsight (Firefall, #1)",Blindsight,2006.0,eng,Ciencia ficción
6170,052595421X,Paddle Your Own Canoe: One Man's Fundamentals for Delicious Living,,2013.0,eng,Memorias
6171,1401228305,"American Vampire, Vol. 1","American Vampire, Volume 1",2010.0,eng,Cómic y novela gráfica
6172,0399155279,"Heat Lightning (Virgil Flowers, #2)",Heat Lightning,2008.0,eng,Thriller
6173,0140447601,Democracy in America ,De la démocratie en Amérique,1835.0,eng,Ensayo
6174,0440220459,Drop Shot (Myron Bolitar #2),Drop Shot,1996.0,eng,Thriller
6175,0316016659,"The Lake of Souls (Cirque Du Freak, #10)","The Lake of Souls (Cirque Du Freak, #10)",2002.0,,Juvenil
6176,,"Find You in the Dark (Find You in the Dark, #1)",Find You in the Dark,2012.0,eng,Romántica
6177,0399155430,The School of Essential Ingredients,The School of Essential Ingredients,2009.0,eng,Ficción
6178,1466266732,"Intuition (The Premonition, #2)",,2011.0,eng,Fantasía
6179,0007271212,Azincourt,Azincourt ,2008.0,eng,Ficción histórica
6180,2264022442,Paddy Clarke Ha Ha Ha,Paddy Clarke Ha Ha Ha,1993.0,,Ficción
6181,0449911594,Dinner at the Homesick Restaurant,Dinner at the Homesick Restaurant,1982.0,eng,Ficción
6183,0439545307,"Charlie Bone and the Hidden King (The Children of the Red King, #5)","Charlie Bone and the Hidden King (The Children of the Red King, # 5)",2006.0,,Infantil
6184,0099461889,Money,Money,1984.0,eng,Ficción
6185,0743484207,"Secret Prey (Lucas Davenport, #9)",Secret Prey,1998.0,eng,Thriller
6186,1600100295,The Complete Clive Barker's The Great And Secret Show,Clive Barker's The Great and Secret Show: Volume 1 (Clive Barker's the Great and Secret Show),1989.0,eng,Cómic y novela gráfica
6187,0755334434,His Last Bow: 8 Stories,His Last Bow: Some Reminiscences of Sherlock Holmes,1917.0,eng,Misterio
6188,0553580272,House Atreides (Prelude to Dune #1),Dune: House Atreides,1999.0,eng,Ciencia ficción
6189,000710653X,"Charmed Life (Chrestomanci, #1)",Charmed Life ,1977.0,eng,Fantasía
6190,0140436111,The Pickwick Papers,The Posthumous Papers of the Pickwick Club,1837.0,eng,Clásicos
6191,0307377040,Netherland,Netherland,2008.0,eng,Ficción
6192,0345460065,The Romanov Prophecy,The Romanov Prophecy,2004.0,eng,Thriller
6193,0446556823,Ecstasy Unveiled (Demonica #4),Ecstasy Unveiled,2010.0,eng,Romántica
6195,0805210644,Amerika,Amerika,1927.0,eng,Clásicos
6196,0971977550,"30 Days of Night, Vol. 1",30 Days of Night,2001.0,,Cómic y novela gráfica
6197,0060827696,"Sunset (Warriors: The New Prophecy, #6)",Sunset,2006.0,eng,Infantil
6198,,النبطي,النبطي,2010.0,ara,Ficción
6199,1565126297,When She Woke,When She Woke,2011.0,eng,Ciencia ficción
6200,0446321214,The Naked Face,The Naked Face,1970.0,eng,Thriller
6201,0060096152,"Princess in Training (The Princess Diaries, #6)",Princess in Training,2006.0,,Juvenil
6202,0306816083,The Portable Atheist: Essential Readings for the Nonbeliever,The Portable Atheist: Essential Readings for the Non-believer,2007.0,eng,Ensayo
6203,0446556815,Sin Undone (Demonica #5),Sin Undone,2010.0,eng,Romántica
6250,2081354802,Soumission,Soumission ,2015.0,fre,Ficción
6204,1570625190,The Tao of Physics: An Exploration of the Parallels between Modern Physics and Eastern Mysticism,The Tao of Physics: An Exploration of the Parallels Between Modern Physics and Eastern Mysticism,1975.0,eng,Ciencia
6205,,"Unbeautifully (Undeniable, #2)",,2013.0,eng,Romántica
6206,9781910751244,The Girl With No Past,The Girl With No Past,2015.0,eng,Thriller
6207,0374104115,"Acceptance (Southern Reach, #3)",Acceptance,2014.0,eng,Ciencia ficción
6208,,"Lady Luck (Colorado Mountain, #3)",Lady Luck,2011.0,eng,Romántica
6209,0545140315,"The Lonely Hearts Club (The Lonely Hearts Club, #1)",The Lonely Hearts Club,2010.0,eng,Juvenil
6210,074347418X,"Ransom (Highlands'' Lairds, #2)",Ransom,1999.0,eng,Romántica
6211,0007120818,"The Big Four (Hercule Poirot, #5)",The Big Four,1927.0,eng,Misterio
6212,0007119305,"Peril at End House (Hercule Poirot, #8)",Peril at End House,1932.0,eng,Misterio
6213,0857522817,Disclaimer,Disclaimer,2015.0,eng,Thriller
6214,0062240080,"The Divergent Series 2-Book Collection (Divergent, #1-2)",,2012.0,eng,Juvenil
6215,0547577532,The Prague Cemetery,Il cimitero di Praga,2010.0,eng,Ficción histórica
6216,1400069262,Beatrice and Virgil,Beatrice and Virgil,2010.0,eng,Ficción
6217,1569319022,"Shaman King, Vol. 1: A Shaman in Tokyo",シャーマンキング 1,1998.0,eng,Cómic y novela gráfica
6218,0765341840,"From the Two Rivers: The Eye of the World, Part 1 (Wheel of time, #1-1)","Eye of the World (The Wheel of Time, #1-1)",1990.0,eng,Fantasía
6219,0192861891,Hyperspace,"Hyperspace: A Scientific Odyssey Through Parallel Universes, Time Warps, and the Tenth Dimension",1994.0,eng,Ciencia
6220,0393318486,How the Mind Works,How the Mind Works,1997.0,eng,Psicología
6222,0310266289,"Leaving (Bailey Flanigan, #1)",Leaving,2011.0,eng,Romántica
6223,0142003239,"Live and Let Die (James Bond, #2)",Live and Let Die,1954.0,eng,Thriller
6224,0545425123,The World of the Hunger Games (Hunger Games Trilogy),,2012.0,eng,No ficción
6225,087220605X,Utilitarianism,Utilitarianism,1861.0,eng,Ensayo
6226,1442444924,"Winger (Winger, #1)",Winger,2013.0,eng,Juvenil
6227,0062294415,The Magic Strings of Frankie Presto,The Magic Strings of Frankie Presto,2012.0,eng,Ficción
6228,0553392921,"Fool''s Quest  (The Fitz and The Fool, #2)",Fool's Quest,2015.0,eng,Fantasía
6229,0684852586,Invasion of the Body Snatchers,The Body Snatchers,1955.0,eng,Ciencia ficción
6230,0380732238,Smack,Junk,1996.0,eng,Juvenil
6231,,Killing Patton: The Strange Death of World War II's Most Audacious General,Killing Patton: The Strange Death of World War II's Most Audacious General,2014.0,eng,Historia
6232,0312375069,The Devotion of Suspect X,容疑者Xの献身 [Yōgisha X no kenshin],2005.0,,Misterio
6233,0807218987,"Charlie Bone and the Time Twister (The Children of the Red King, #2)",Charlie Bone and the Time Twister ,2003.0,,Infantil
6234,8433972618,Porno,Porno,2005.0,,Ficción
6235,0439545269,"Charlie Bone and the Invisible Boy (The Children of the Red King, #3)","Charlie Bone and the Invisible Boy (The Children of the Red King, # 3)",2004.0,eng,Infantil
6236,,"First Shift: Legacy (Shift, #1)",First Shift: Legacy,2012.0,eng,Ciencia ficción
6237,0316036226,"Worst Case (Michael Bennett, #3)",Worst Case,2010.0,eng,Thriller
6238,0451209303,The Unlikely Spy,The Unlikely Spy,1996.0,eng,Thriller
6239,006128887X,"Royal Blood (Vampire Kisses, #6)","Royal Blood (Vampire Kisses, #6)",2009.0,eng,Juvenil
6240,1571741038,"Conversations With God: An Uncommon Dialogue, Book 3","Conversations with God, an uncommon dialogue, book 3",1996.0,eng,Religión y espiritualidad
6241,1101875100,M Train,M Train,2015.0,eng,Memorias
6242,0060786469,Love Medicine,Love Medicine,1984.0,eng,Ficción
6243,0446577898,"The Inner Circle (Culper Ring, #1)",The Inner Circle,2011.0,eng,Thriller
6244,1599900572,"Dragon Slippers (Dragon Slippers, #1)","Dragon Slippers (Dragon Slippers, #1)",2006.0,eng,Juvenil
6245,0399173595,The Princess Diarist,The Princess Diarist,2016.0,eng,Memorias
6246,0593046358,"The Crippled God (The Malazan Book of the Fallen, #10)",The Crippled God,2011.0,eng,Fantasía
6247,085707685X,"Tales from a Not-So-Graceful Ice Princess (Dork Diaries, #4)",Tales From a Not-So-Graceful Ice Princess,2012.0,,Infantil
6248,1416979182,"Gone (Wake, #3)",Gone ,2010.0,eng,Juvenil
6249,1401203140,Pride of Baghdad,Pride of Baghdad,2006.0,eng,Cómic y novela gráfica
6251,0385488181,Eiger Dreams: Ventures Among Men and Mountains,Eiger Dreams: Ventures Among Men and Mountains,1990.0,,Viajes
6252,0345479718,"Woken Furies (Takeshi Kovacs, #3)",Woken Furies,2005.0,eng,Ciencia ficción
6253,9385152149,"Scion of Ikshvaku (RamChandra, #1)",,2015.0,eng,Fantasía
6254,0316074152,"Blameless (Parasol Protectorate, #3)",Blameless,2010.0,eng,Fantasía
6255,0738210072,Belly Laughs: The Naked Truth About Pregnancy and Childbirth,Belly Laughs: The Naked Truth About Pregnancy and Childbirth,2004.0,,Autoayuda
6256,0061053716,Imajica,Imajica,1991.0,eng,Fantasía
6257,0060891548,On Writing Well: The Classic Guide to Writing Nonfiction,On Writing Well: The Classic Guide to Writing Nonfiction,1976.0,eng,No ficción
6258,0060724277,I'm OK - You're OK,I'm OK-You're OK,1967.0,eng,Autoayuda
6259,0345441702,The Sicilian,The Sicilian,1984.0,eng,Ficción
6260,0425256766,"Fire Touched (Mercy Thompson, #9)",Fire Touched,2016.0,eng,Fantasía
6261,0752876813,The Copper Beech,The Copper Beech,1992.0,eng,Ficción
6262,0307140210,Frosty the Snow Man,Frosty the Snow Man,1950.0,,Infantil
6263,0312370156,"The Compound (The Compound, #1)",The Compound,2008.0,eng,Juvenil
6264,0749311614,The Covenant,The Covenant,1980.0,eng,Ficción histórica
6265,2253140872,L'Écume des jours,L’écume des jours,1947.0,fre,Clásicos
6266,1442422017,"The Pledge (The Pledge, #1)",The Pledge,2011.0,eng,Juvenil
6267,0515132187,The Villa,The Villa,2001.0,eng,Romántica
6268,,"Beautiful Broken Rules (Broken, #1)",,2013.0,eng,Romántica
6269,0843956534,"Dark Desire (Dark, #2)",Dark Desire,1999.0,eng,Romántica
6270,0062071076,"Fragments (Partials Sequence, #2)",Fragments,2013.0,eng,Ciencia ficción
6271,0062068520,"A Rogue by Any Other Name (The Rules of Scoundrels, #1)",A Rogue by Any Other Name,2012.0,eng,Romántica
6272,0060638508,Being and Time,Sein und Zeit,1927.0,eng,Ensayo
6273,0684822761,In Our Time,In Our Time,1925.0,,Clásicos
6274,0060974990,Savage Inequalities: Children in America's Schools,Savage Inequalities: Children in America's Schools,1991.0,eng,No ficción
6275,014132502X,"The Enemy (The Enemy, #1)",The Enemy,2009.0,eng,Juvenil
6276,0312997116,As the Crow Flies,As The Crow Flies,1990.0,,Ficción
6277,0684855631,"The Empty Chair (Lincoln Rhyme, #3)",The Empty Chair ,2000.0,eng,Thriller
6278,0316252905,Jamaica Inn,Jamaica Inn,1935.0,eng,Clásicos
6279,0060531827,"Airborn (Matt Cruse, #1)",Airborn,2004.0,eng,Juvenil
6280,0440167361,The Other,,1971.0,eng,Terror
6281,,"The English Spy (Gabriel Allon, #15)",The English Spy,2015.0,eng,Thriller
6282,006202468X,"Wildwood (Wildwood Chronicles, #1)",Wildwood,2011.0,eng,Infantil
6284,0553561405,"Serpent Mage (The Death Gate Cycle, #4)",Serpent Mage,1992.0,eng,Fantasía
6285,1416535071,Born on a Blue Day: Inside the Extraordinary Mind of an Autistic Savant,Born on a Blue Day: Inside the Extraordinary Mind of an Autistic Savant,2006.0,eng,Memorias
6286,,"The Bet (The Bet, #1)",The Bet,2013.0,eng,Romántica
6287,0061930059,Little Princes: One Man's Promise to Bring Home the Lost Children of Nepal,Little Princes: One Man's Promise to Bring Home the Lost Children of Nepal,2010.0,eng,Memorias
6288,1400066336,The Descendants,The Descendants,2007.0,,Ficción
6289,9781408729465,Too Late,,2016.0,eng,Romántica
6290,0345496205,"Kitchen Princess, Vol. 01 (Kitchen Princess, #1)",Kitchen no Ohimesama,2005.0,eng,Cómic y novela gráfica
6291,0099416425,Lust for Life,Lust for Life: A Novel of Vincent Van Gogh,1934.0,eng,Biografía
6292,0451462807,"Skinwalker (Jane Yellowrock, #1)",Skinwalker,2009.0,eng,Fantasía
6293,0060564652,Hissy Fit,Hissy Fit,2004.0,eng,Ficción
6294,1846059739,Private Games (Private #3),Private Games ,2012.0,eng,Thriller
6295,0143036424,"The Cold Dish (Walt Longmire, #1)",The Cold Dish,2004.0,eng,Misterio
6296,0142301515,Crown Duel (Crown & Court #1-2),Crown Duel ,1997.0,,Fantasía
6297,0060776390,Pinkalicious,Pinkalicious,2006.0,eng,Infantil
6298,0374529604,The Poetry of Pablo Neruda,The Poetry of Pablo Neruda,1974.0,eng,Poesía
6299,0452283205,Falling Angels,Falling Angels,2001.0,eng,Ficción histórica
6300,0552772291,Sleeping Arrangements,Sleeping Arrangements,2001.0,eng,Ficción
6301,1606841750,"Ashes (Ashes Trilogy, #1)",Monsters,2011.0,eng,Juvenil
6302,0486444074,Lady Susan,Lady Susan,1871.0,eng,Clásicos
6303,,"Sweet Home (Sweet Home, #1)",,2013.0,eng,Romántica
6304,0743484363,Remember Me,Remember Me ,1994.0,,Thriller
6305,0894802046,The Silver Palate Cookbook,"The Silver Palate Cookbook: Delicious Recipes, Menus, Tips, Lore From Manhattan''s Celebrated  Gourmet  Food Shop.",1982.0,,Cocina
6306,0446354678,Memories of Midnight,Memories of Midnight,1990.0,eng,Thriller
6307,0140089225,The Bone People,The Bone People,1984.0,eng,Ficción
6308,0060728272,"Wolf Brother (Chronicles of Ancient Darkness, #1)",Wolf Brother,2004.0,eng,Juvenil
6309,0356502023,"The Crimson Campaign (Powder Mage, #2)",The Crimson Campaign,2014.0,eng,Fantasía
6310,0316246573,The Universe Versus Alex Woods,The Universe Versus Alex Woods,2013.0,eng,Ficción
6311,1416927883,"Stormy, Misty''s Foal (Misty, #3)","Stormy, Misty''s Foal",1963.0,eng,Infantil
6312,3867197571,"Bakuman, Band 1: Traum und Realität",バクマン。 1,2009.0,ger,Cómic y novela gráfica
6313,0380776847,"Heaven, Texas (Chicago Stars, #2)","Heaven, Texas",1995.0,eng,Romántica
6314,0425067947,"The Murder on the Links (Hercule Poirot, #2)",The Murder on the Links,1923.0,eng,Misterio
6315,0871404028,High-Rise,High-Rise,1975.0,,Ficción
6316,1421270536,The Anti-Christ,Der Antichrist,1888.0,eng,Ensayo
6317,037541486X,The Looming Tower: Al-Qaeda and the Road to 9/11,The Looming Tower: Al-Qaeda and the Road to 9/11,2006.0,eng,Historia
6318,0441094996,The Cat Who Walks Through Walls (The World As Myth),The Cat Who Walks through Walls,1985.0,eng,Ciencia ficción
6319,0425099334,Shattered,Shattered,1973.0,eng,Thriller
6320,843391426X,Hollywood,Hollywood,1989.0,,Ficción
6321,0752885170,"Dexter By Design (Dexter, #4)",Dexter by Design,2008.0,eng,Thriller
6322,0345915623,A Son of the Circus,A Son of the Circus,1994.0,,Ficción
6323,0751525677,Apt Pupil,,1982.0,eng,Terror
6324,0446602213,"Morning, Noon & Night","Morning, Noon & Night",1995.0,eng,Thriller
6325,0425210731,"Memory in Death (In Death, #22)",Memory in Death ,2006.0,eng,Thriller
6326,0156949601,The Waves,The Waves,1931.0,eng,Clásicos
6327,0385516401,The Nine: Inside the Secret World of the Supreme Court,The Nine: Inside the Secret World of the Supreme Court,2007.0,eng,No ficción
6328,0452297036,The Violets of March,The Violets of March,2011.0,eng,Romántica
6329,0307593916,Please Look After Mom,엄마를 부탁해,2008.0,eng,Ficción
6330,0345388666,"The Shining Ones (The Tamuli, #2)",The Shining Ones,1993.0,,Fantasía
6331,0785117210,House of M,House of M,2006.0,eng,Cómic y novela gráfica
6332,0525421351,"Tenth Grade Bleeds (The Chronicles of Vladimir Tod, #3)",Tenth Grade Bleeds,2009.0,eng,Juvenil
6333,0060827882,Trinity,Trinity: A Novel of Ireland,1976.0,,Ficción histórica
6334,0394800028,The Cat in the Hat Comes Back,The Cat in the Hat Comes Back,1958.0,eng,Infantil
6335,0702229784,Oscar and Lucinda,Oscar and Lucinda,1988.0,eng,Ficción histórica
6336,0375422730,"The Good Husband of Zebra Drive (No. 1 Ladies'' Detective Agency, #8)",The Good Husband of Zebra Drive,2007.0,eng,Misterio
6337,0451527542,Up from Slavery,Up from Slavery,1900.0,eng,Biografía
6338,0399154221,"The Secret Servant (Gabriel Allon, #7)",The Secret Servant,2007.0,eng,Thriller
6339,,"Hearts in Darkness (Hearts in Darkness, #1)",Hearts In Darkness,2011.0,eng,Romántica
6340,0743468422,"Shards of Honour  (Vorkosigan Saga, #1)",Shards of Honor,1986.0,eng,Ciencia ficción
6341,0752866052,"Asterix the Gaul (Asterix, #1)",Astérix le Gaulois,1960.0,eng,Cómic y novela gráfica
6342,1589190637,"A Light in the Window (Mitford Years, #2)","A Light in the Window (The Mitford Years, #2)",1995.0,,Ficción
6343,1455574880,"The Forever of Ella and Micha (The Secret, #2)",The Forever of Ella and Micha,2013.0,eng,Romántica
6344,0553804332,"Say Goodbye (Quincy & Rainie, #6)",Say Goodbye,2008.0,eng,Thriller
6345,0307105474,Scuffy the Tugboat (Big Little Golden Book),Scuffy the Tugboat and His Adventures Down the River,1946.0,,Infantil
6346,006074457X,"Dawn (Warriors: The New Prophecy, #3)",Dawn,2005.0,eng,Juvenil
6347,0307118398,Just Me and My Dad (Little Critter),Just Me and My Dad (Look-Look),1977.0,eng,Infantil
6348,034546639X,All I Really Need to Know I Learned in Kindergarten,All I Really Need To Know I Learned in Kindergarten,1986.0,eng,Autoayuda
6349,0312981260,Temple,Temple,1999.0,eng,Thriller
6350,0786837888,"Peter and the Secret of Rundoon (Peter and the Starcatchers, #3)",Peter and the Secret of Rundoon,2007.0,eng,Juvenil
6351,0767915747,Holy Cow: An Indian Adventure,Holy Cow: An Indian Adventure,2002.0,eng,Viajes
6352,0345515633,"Last to Die (Rizzoli & Isles, #10)",Last to Die,2012.0,,Thriller
6353,034549749X,Kraken,Kraken: An Anatomy,2010.0,,Fantasía
6354,184391400X,The Wall,Le Mur,1939.0,eng,Clásicos
6355,1476702993,The House We Grew Up In,The House We Grew Up In,2013.0,eng,Ficción
6356,0007466064,"A Dance with Dragons: Dreams and Dust (A Song of Ice and Fire #5, Part 1 of 2)",A Dance With Dragons: Part 1 Dreams and Dust,2011.0,eng,Fantasía
6357,141658661X,"Full Black (Scot Harvath, #10)",Full Black,2011.0,eng,Thriller
6358,9781491512432,The Sisterhood,,2012.0,eng,Ficción histórica
6359,0340796146,"Five on a Treasure Island (Famous Five, #1)",Five on a Treasure Island ,1942.0,eng,Infantil
6360,0312997191,Summer People,Summer People,2003.0,eng,Ficción
6361,0836213122,There's Treasure Everywhere: A Calvin and Hobbes Collection,There's Treasure Everywhere: A Calvin and Hobbes Collection,1996.0,eng,Cómic y novela gráfica
6362,1569319960,"Boys Over Flowers: Hana Yori Dango, Vol. 1 (Boys Over Flowers, #1)",花より男子 1,1992.0,eng,Cómic y novela gráfica
6363,1416596585,"In the Plex: How Google Thinks, Works, and Shapes Our Lives","In the Plex: How Google Thinks, Works, and Shapes Our Lives",2011.0,eng,Negocios
6364,0571225403,When We Were Orphans,When We Were Orphans,2000.0,eng,Ficción
6365,,"Price of a Kiss (Forbidden Men, #1)",,2013.0,eng,Romántica
6366,0393068579,Stitches,Stitches: A Memoir,2009.0,eng,Cómic y novela gráfica
6367,1594488134,The Last Nude,The Last Nude,2012.0,eng,Ficción histórica
6368,0590554107,"Daja''s Book (Circle of Magic, #3)",Daja's Book,1998.0,eng,Fantasía
6369,0345419359,"All the Weyrs of Pern (Pern, #11)",All the Weyrs of Pern,1991.0,eng,Ciencia ficción
6370,,"Beautiful Sacrifice (The Maddox Brothers, #3)",Beautiful Sacrifice,2015.0,eng,Romántica
6371,0345481305,"Black Powder War (Temeraire, #3)",Black Powder War,2006.0,eng,Fantasía
6372,1416503811,"Heartbreaker (Buchanan-Renard, #1)",Heartbreaker,2000.0,eng,Romántica
6373,0590480871,David Goes To School,,1999.0,eng,Infantil
6374,0590554115,"Briar''s Book (Circle of Magic, #4)",Briar's Book,1999.0,eng,Fantasía
6375,0380710811,"The First Man in Rome (Masters of Rome, #1)",The First Man in Rome,1990.0,eng,Ficción histórica
6376,067102731X,"Every Dead Thing (Charlie Parker, #1)",Every Dead Thing,1999.0,eng,Thriller
6377,014101587X,"The Confessor (Gabriel Allon, #3)",The Confessor,2003.0,eng,Thriller
6378,0345479122,"The Wallflower, Vol. 1 (The Wallflower, #1)",ヤマトナデシコ七変化,2000.0,eng,Cómic y novela gráfica
6379,0312547730,Rise of the Governor (The Walking Dead #1),The Walking Dead: Rise of the Governor,2011.0,eng,Terror
6380,0786929804,"The Thousand Orcs (Forgotten Realms: Hunter''s Blades, #1; Legend of Drizzt, #14)",The Thousand Orcs (Hunter's Blades #1),2002.0,eng,Fantasía
6381,0812996089,Miller's Valley,Miller's Valley,2016.0,eng,Ficción
6382,080213422X,The Painted Bird,,1965.0,,Ficción
6383,0752876872,The Glass Lake,The Glass Lake,1994.0,eng,Ficción
6384,0465028020,The Happiness Hypothesis: Finding Modern Truth in Ancient Wisdom,The Happiness Hypothesis: Finding Modern Truth in Ancient Wisdom,2005.0,eng,Psicología
6385,1594567395,The Masque of the Red Death,The Masque of the Red Death,1842.0,eng,Clásicos
6386,0345496574,The Evolutionary Void,The Evolutionary Void,2009.0,eng,Ciencia ficción
6387,1416989404,"The Forbidden Game (The Forbidden Game, #1-3)",The Forbidden Game,1997.0,eng,Juvenil
6388,1416953558,Perfect You,Perfect You,2008.0,eng,Juvenil
6389,0452269652,Jazz,Jazz,1992.0,eng,Ficción
6390,1405204273,The Te of Piglet,,1992.0,eng,Autoayuda
6391,0316735167,"You''re the One That I Want (Gossip Girl, #6)",You're the one that I want,2004.0,eng,Juvenil
6392,0810114844,The Twelve Chairs,Двенадцать стульев,1927.0,,Clásicos
6393,1558744630,"Chicken Soup for the Teenage Soul: 101 Stories of Life, Love and Learning (Chicken Soup for the Soul)",Chicken Soup for the Teenage Soul (Chicken Soup for the Soul),1997.0,eng,Autoayuda
6395,0399218858,The Very Quiet Cricket,The Very Quiet Cricket,1990.0,eng,Infantil
6396,0763631620,"The Naming (The Books of Pellinor, #1)",The Gift,2002.0,eng,Fantasía
6397,0441010652,"Something from the Nightside (Nightside, #1)",Something from the Nightside,2003.0,eng,Fantasía
6398,0740718584,The Millionaire Mind,,2006.0,,Negocios
6399,0006178715,The Stars Shine Down,The Stars Shine Down,1992.0,eng,Ficción
6400,0811826848,The Beatles Anthology,The Beatles Anthology,2000.0,eng,Música
6401,0061707803,Sex at Dawn: The Prehistoric Origins of Modern Sexuality,Sex at Dawn: The Prehistoric Origins of Modern Sexuality,2010.0,eng,Ciencia
6402,0316911488,"You Know You Love Me (Gossip Girl, #2)",You Know You Love Me,2002.0,eng,Juvenil
6403,1442402849,Night World: The Ultimate Fan Guide,Night World: The Ultimate Fan Guide.,2009.0,,Juvenil
6404,0688040748,A Chair for My Mother,A Chair for My Mother ,1982.0,eng,Infantil
6405,0349103232,The Crow Road,The Crow Road,1992.0,eng,Ficción
6406,0385338104,The Book of Joe,The Book of Joe,2003.0,eng,Ficción
6407,0880386525,Dragonlance Chronicles (Dragonlance #1-3),Dragonlance Chronicles: Dragons of Autumn Twilight/Dragons of Winter Night/Dragons of Spring Dawning (Collectors Edition),1985.0,,Fantasía
6408,1421505754,"Beauty Pop, Vol. 1 (Beauty Pop, #1)",ビューティーポップ 1 [Byūtī poppu 1],2004.0,eng,Cómic y novela gráfica
6409,0061119725,From Head to Toe,From Head to Toe,1997.0,,Infantil
6410,1590521676,Boy Meets Girl: Say Hello to Courtship,Boy Meets Girl: Say Hello to Courtship,2000.0,eng,Religión y espiritualidad
6411,1401205003,"Fables, Vol. 6: Homelands","Fables, Volume 6: Homelands",2006.0,eng,Cómic y novela gráfica
6412,,"Reasonable Doubt: Volume 1 (Reasonable Doubt, #1)",Reasonable Doubt,2014.0,eng,Romántica
6413,0374299102,"Home (Gilead, #2)",Home,2008.0,eng,Ficción
6414,0718031822,For the Love: Fighting for Grace in a World of Impossible Standards,For the Love: Fighting for Grace in a World of Impossible Standards,2015.0,,Autoayuda
6415,,"The Game Changer (The Perfect Game, #2)",,2013.0,eng,Romántica
6416,1476751803,"Sweet Filthy Boy (Wild Seasons, #1)",Sweet Filthy Boy ,2014.0,eng,Romántica
6417,0521293731,The Winter's Tale,The Winter's Tale,1600.0,eng,Clásicos
6418,1405088834,The Temporal Void,The Temporal Void,2008.0,eng,Ciencia ficción
6419,1607069466,"Sex Criminals, Vol. 1: One Weird Trick","Sex Criminals, Volume One: One Weird Trick",2014.0,eng,Cómic y novela gráfica
6420,0842361936,"The Rising: Antichrist is Born  (Before They Were Left Behind, #1)",The Rising : Antichrist is Born : Before They Were Left Behind,2003.0,eng,Ficción
6421,0375990690,"Teardrop (Teardrop, #1)",Teardrop,2013.0,eng,Juvenil
6422,0399156399,"The Scarpetta Factor (Kay Scarpetta, #17)",The Scarpetta Factor ,2009.0,eng,Thriller
6423,0374384738,"The Winner''s Kiss (The Winner''s Trilogy, #3)",The Winner's Kiss,2016.0,eng,Juvenil
6424,,"Bad Things (Tristan & Danika, #1)",,2013.0,eng,Romántica
6425,0345382846,"Here be Dragons (Welsh Princes, #1)",Here be Dragons,1985.0,eng,Ficción histórica
6426,1400045371,Loving What Is: Four Questions That Can Change Your Life,Loving What Is: Four Questions That Can Change Your Life,2002.0,,Autoayuda
6427,0060521228,The Whipping Boy,The Whipping Boy,1986.0,eng,Infantil
6428,1781106282,"Short Stories from Hogwarts of Heroism, Hardship and Dangerous Hobbies (Pottermore Presents, #1)","Short Stories from Hogwarts of Heroism, Hardship and Dangerous Hobbies",2016.0,eng,Juvenil
6429,0448445867,Nancy Drew: #1-64,"Nancy Drew Complete Series Set, Books 1-64",,eng,Juvenil
6430,1593080786,Pygmalion and Three Other Plays,Pygmalion and Three Other Plays,2004.0,eng,Clásicos
6431,0345477367,"Path of Destruction (Star Wars: Darth Bane, #1)",,2006.0,eng,Ciencia ficción
6432,9781477820469,Miramont's Ghost,,2015.0,eng,Ficción histórica
6433,0758272812,"Storm (Elemental, #1)",Storm,2012.0,eng,Juvenil
6434,0061976792,"The Last Little Blue Envelope (Little Blue Envelope, #2)",The Last Little Blue Envelope,2011.0,eng,Juvenil
6435,0684813785,The Making of the Atomic Bomb,The Making of the Atomic Bomb,1986.0,eng,Historia
6437,0842319476,Unveiled: Tamar (Lineage of Grace #1),Unveiled: Tamar (Lineage of Grace #1),2000.0,,Ficción histórica
6438,1559360739,"Angels in America, Part Two: Perestroika",,1993.0,eng,Clásicos
6439,033034837X,The Third Twin,The Third Twin,1996.0,eng,Thriller
6440,0765340771,"The Butlerian Jihad (Legends of Dune, #1)",Dune: The Butlerian Jihad,2002.0,eng,Ciencia ficción
6441,0385491743,The 80/20 Principle: The Secret to Achieving More with Less,The 80/20 Principle: The Secret to Success by Achieving More with Less,1950.0,,Negocios
6442,0385152132,The Complete Poetry and Prose,The Complete Poetry & Prose of William Blake,1965.0,eng,Poesía
6443,0385542070,Nutshell,Nutshell,2016.0,eng,Ficción
6444,1421501694,"Death Note, Vol. 2: Confluence (Death Note, #2)",デスノート #2 (Desu Nōto) Gōryū (合流),2004.0,eng,Cómic y novela gráfica
6445,1569714983,"Akira, Vol. 1",Akira 1,1984.0,eng,Cómic y novela gráfica
6446,074326603X,"Imperium: A Novel of Ancient Rome (Cicero, #1)",Imperium,2006.0,eng,Ficción histórica
6447,0394743253,The Sportswriter,The Sportswriter,1986.0,,Ficción
6448,0439703700,"Grim Tuesday (The Keys to the Kingdom, #2)",Grim Tuesday,2004.0,,Juvenil
6449,272346783X,Le bleu est une couleur chaude,Le bleu est une couleur chaude,2010.0,fre,Cómic y novela gráfica
6450,0385539282,The Road to Little Dribbling: Adventures of an American in Britain,The Road to Little Dribbling,2015.0,eng,Viajes
6451,140227663X,"The Firebird (Slains, #2)",The Firebird,2013.0,eng,Ficción histórica
6452,1427803196,"Gakuen Alice, Vol. 01 (Gakuen Alice, #1)",学園アリス１,2003.0,eng,Cómic y novela gráfica
6453,0316353299,Blue Highways,Blue Highways: A Journey into America,1982.0,,Viajes
6454,0345485599,Breathing Lessons,Breathing Lessons,1988.0,eng,Ficción
6455,0517206064,Selected Poems,Selected Poems of Emily Dickinson,1890.0,eng,Poesía
6456,1593081316,The Strange Case of Dr. Jekyll and Mr. Hyde and Other Stories ,The Strange Case of Dr. Jekyll and Mr. Hyde ,1886.0,eng,Clásicos
6457,0884944441,The Miracle of Forgiveness,The Miracle of Forgiveness,1969.0,,Religión y espiritualidad
6459,0373775490,The Darkest Secret (Lords of the Underworld #7),"The Darkest Secret (Lords of the Underworld, #7)",2011.0,eng,Romántica
6460,0307594173,God Help the Child,God Help the Child,2014.0,eng,Ficción
6461,1593079788,"The Umbrella Academy, Vol. 1: The Apocalypse Suite","The Umbrella Academy, Vol 1: The Apocalypse Suite",2007.0,eng,Cómic y novela gráfica
6462,1937053571,"Sentinel (Covenant, #5)",,2013.0,eng,Fantasía
6463,1590597141,Founders at Work: Stories of Startups' Early Days,Founders at Work: Stories of Startups' Early Days,2001.0,eng,Negocios
6464,,"Crush (Crush, #1)",,2012.0,eng,Juvenil
6465,0307406105,"Infected (Infected, #1)",Infected,2008.0,eng,Terror
6466,0374351384,This Song Will Save Your Life,This Song Will Save Your Life,2013.0,eng,Juvenil
6467,014006690X,The Women of Brewster Place,The Women of Brewster Place,1982.0,eng,Ficción
6468,0785190228,"Ms. Marvel, Vol. 2: Generation Why","Ms. Marvel, Vol. 2: Generation Why",2015.0,eng,Cómic y novela gráfica
6469,0800758188,Passion and Purity: Learning to Bring Your Love Life Under Christ's Control,Passion and Purity: Learning to Bring Your Love Life Under Christ's Control,1984.0,,Religión y espiritualidad
6470,1442440759,"Burn for Burn (Burn for Burn, #1)",Burn for Burn,2012.0,eng,Juvenil
6471,1416571760,The Greater Journey: Americans in Paris,The Greater Journey: Americans In Paris,2011.0,eng,Historia
6472,0345390407,"The Hidden City (The Tamuli, #3)",The Hidden City,1994.0,eng,Fantasía
6473,,The Glassblower,Die Glasbläserin,2000.0,eng,Ficción histórica
6474,0307599469,Seating Arrangements,Seating Arrangements,2012.0,,Ficción
6475,0142002429,The Broom of the System,The Broom of the System,1987.0,,Ficción
6476,0425226743,Practice Makes Perfect (Berkley Sensation),Practice Makes Perfect,2009.0,eng,Romántica
6477,0439700930,"The Dark Hills Divide (The Land of Elyon, #1)",The Dark Hills Divide,2003.0,eng,Juvenil
6478,0062284835,"Fracture Me (Shatter Me, #2.5)",Fracture Me,2013.0,eng,Juvenil
6479,031623107X,You Will Know Me,You Will Know Me,2016.0,eng,Thriller
6480,0345363132,The Sunne in Splendour,The Sunne in Splendour,1982.0,eng,Ficción histórica
6481,0571169341,Arcadia,Arcadia,1993.0,eng,Ficción
6482,9781480030473,An Innocent Client,An Innocent Client,2008.0,eng,Thriller
6483,0671725661,West Side Story,West Side Story,1961.0,,Ficción
6484,0552142743,"The Masterharper of Pern (Pern, #15)",The MasterHarper of Pern,1998.0,eng,Ciencia ficción
6485,0375424040,The Drunkard's Walk: How Randomness Rules Our Lives,The Drunkard's Walk: How Randomness Rules Our Lives,2008.0,eng,Ciencia
6486,0316210730,"Merry Christmas, Alex Cross (Alex Cross, #19)","Merry Christmas, Alex Cross",2011.0,eng,Thriller
6487,0321344758,Don't Make Me Think: A Common Sense Approach to Web Usability,Don't Make Me Think! A common sense approach to web usability,2000.0,eng,No ficción
6488,0425206866,"Shakespeare''s Landlord (Lily Bard, #1)","Shakespeare''s Landlord (Lily Bard, #1)",1996.0,eng,Misterio
6489,1620610086,"Shadows (Lux, #0.5)",Shadows,2012.0,eng,Juvenil
6490,141699176X,"Pathfinder (Pathfinder, #1)",Pathfinder,2010.0,eng,Ciencia ficción
6491,0316348406,Shrill: Notes from a Loud Woman,"Shrill: Women Are Funny, It''s Okay to Be Fat, and Feminists Don''t Have to Be Nice",2016.0,eng,Memorias
6492,0451456734,"Queen of the Darkness (The Black Jewels, #3)",Queen of the Darkness,2000.0,,Fantasía
6493,,"Axel (Corps Security, #1)",Axel,2013.0,,Romántica
6494,0425240169,"A Lot like Love (FBI/US Attorney, #2)",A Lot Like Love,2011.0,eng,Romántica
6495,0553154346,"Big Red (Big Red, #1)",Big Red,1945.0,,Infantil
6496,0345427637,"The Angel of Darkness (Dr. Laszlo Kreizler, #2)",The Angel of Darkness,1997.0,eng,Ficción histórica
6497,0007466072,"A Dance with Dragons: After the Feast (A Song of Ice and Fire #5, Part 2 of 2)",A Dance With Dragons: Part 2 After The Feast,2011.0,eng,Fantasía
6498,0307119394,I Was So Mad,I Was So Mad (Look-Look),1983.0,eng,Infantil
6499,9791680000,"Silver Blaze (The Memoirs of Sherlock Holmes, #1)",Sherlock Holmes : Silver Blaze,1892.0,eng,Clásicos
6500,0312422288,Sellevision,Sellevision,2000.0,,Ficción
6501,031298166X,Crooked House,Crooked House,1949.0,eng,Misterio
6502,000675399X,"The Sword in the Stone (The Once and Future King, #1)",The Sword in the Stone,1938.0,eng,Clásicos
6503,0439498821,"The Year of Secret Assignments (Ashbury/Brookfield, #2)",Finding Cassie Crazy,2003.0,eng,Juvenil
6504,0307962520,"Prince Lestat (The Vampire Chronicles, #11)",Prince Lestat,2014.0,eng,Fantasía
6505,0553280511,The Blue Castle ,The Blue Castle,1926.0,eng,Clásicos
6506,0007284977,The Gift,The Gift,2008.0,eng,Ficción
6507,0553807730,"Deeply Odd (Odd Thomas, #6)",,2013.0,eng,Terror
6508,0930289226,"Swamp Thing, Vol. 1: Saga of the Swamp Thing","The Saga of the Swamp Thing, Vol 20 - 27",1983.0,eng,Cómic y novela gráfica
6509,0345438205,"3001: The Final Odyssey (Space Odyssey, #4)",3001: The Final Odyssey,1997.0,,Ciencia ficción
6510,0380730367,"Prayers for Rain (Kenzie & Gennaro, #5)",Prayers for Rain ,1999.0,,Thriller
6511,0312534353,"The Immortals Boxed Set (The Immortals, #1-3)",,2010.0,,Fantasía
6512,0007120982,"The Mirror Crack''d from Side to Side (Miss Marple, #9)",The Mirror Crack'd from Side to Side,1962.0,eng,Misterio
6513,0440245265,"Shades of Midnight (Midnight Breed, #7)",Shades of Midnight,2009.0,eng,Romántica
6514,0750026049,The Hat,The Hat,1997.0,eng,Infantil
6515,0062117378,"Pivot Point (Pivot Point, #1)",Pivot Point,2013.0,eng,Juvenil
6516,1400031524,"The Dogs of Riga (Kurt Wallander, #2)",Hundarna i Riga,1992.0,eng,Misterio
6517,0385352875,The Water Knife,The Water Knife,2015.0,eng,Ciencia ficción
6518,,"Food Inc.: A Participant Guide: How Industrial Food is Making Us Sicker, Fatter, and Poorer-And What You Can Do About It","Food Inc.: A Participant Guide: How Industrial Food is Making Us Sicker, Fatter, and Poorer-And What You Can Do About It",2009.0,eng,No ficción
6519,0399150862,The Cove  (FBI Thriller #1),The Cove,1996.0,eng,Thriller
6520,0752816993,"The Monkey''s Raincoat (Elvis Cole, #1)",The Monkey's Raincoat,1987.0,eng,Misterio
6521,0316955108,The Caine Mutiny,The Caine Mutiny,1951.0,eng,Clásicos
6522,1442474289,Black Ice,,2014.0,,Thriller
6523,0753820331,"The Neon Rain (Dave Robicheaux, #1)",The neon rain,1987.0,eng,Misterio
6524,0375700188,The Imitation of Christ, De Imitatione Christi,1418.0,,Religión y espiritualidad
6525,1481060953,"Avoiding Responsibility (Avoiding, #2)",,2012.0,eng,Romántica
6526,0060588284,Kitten's First Full Moon,Kitten's First Full Moon,2004.0,eng,Infantil
6527,163215711X,"Saga, Vol. 6 (Saga, #6)","Saga, Volume Six",2016.0,eng,Cómic y novela gráfica
6528,0778322955,"A Good Yarn (Blossom Street, #2)",A Good Yarn,2005.0,eng,Romántica
6529,1401324029,"Naked Heat (Nikki Heat, #2)",Naked Heat,2010.0,eng,Misterio
6530,0671722921,Titus Andronicus,,1589.0,eng,Clásicos
6531,0061670855,"The Initiation / The Captive Part I (The Secret Circle, #1-2)",,2008.0,eng,Juvenil
6532,0439568404,"Night of the Living Dummy (Goosebumps, #7)",Night of the Living Dummy,1993.0,,Juvenil
6533,0449208060,"Shall We Tell the President? (Kane & Abel, #3)",Shall We Tell the President?,1977.0,eng,Thriller
6534,0425230155,"Grave Secret (Harper Connelly, #4)","Grave Secret (Harper Connelly, #4)",2009.0,eng,Misterio
6535,0140260706,Equus,Equus : a play,1973.0,eng,Ficción
6536,0380789833,"Shards of a Broken Crown (The Serpentwar Saga, #4)","Shards of a Broken Crown (The Serpentwar Saga, #4)",1998.0,,Fantasía
6537,0316201545,"The Enchantress Returns (The Land of Stories, #2)",The Enchantress Returns,2013.0,eng,Infantil
6538,,"The Master Magician (The Paper Magician Trilogy, #3)",The Master Magician,2015.0,eng,Fantasía
6539,0553582755,One Door Away from Heaven,One Door Away from Heaven,2001.0,eng,Thriller
6540,0312605390,"Love in the Afternoon (The Hathaways, #5)",Love in the Afternoon,2010.0,eng,Romántica
6541,0060891270,"Attack of the Fiend (The Last Apprentice / Wardstone Chronicles, #4)",Attack of the Fiend (The Last Apprentice #4),2007.0,eng,Juvenil
6542,,"The Marriage Trap (Marriage to a Billionaire, #2)",The Marriage Trap,2012.0,eng,Romántica
6543,0671796666,The Jordan Rules,The Jordan Rules,1992.0,,Deportes
6544,0307381757,The Heretic Queen,The Heretic Queen,2008.0,eng,Ficción histórica
6545,0310228638,"If You Want to Walk on Water, You''ve Got to Get Out of the Boat","If You Want to Walk on Water, You''ve Got to Get Out of the Boat",2001.0,,Religión y espiritualidad
6546,0670020486,The Piano Teacher,The Piano Teacher,2008.0,eng,Ficción histórica
6547,0689823959,I Have Lived a Thousand Years,I Have Lived A Thousand Years: Growing Up In The Holocaust,1997.0,eng,Memorias
6548,1594203075,Willpower: Rediscovering the Greatest Human Strength,Willpower: Rediscovering the Greatest Human Strength,2011.0,,Psicología
6549,052595192X,"Secrets to the Grave (Oak Knoll, #2)",Secrets to the Grave,2010.0,eng,Thriller
6550,1596435704,"Prized (Birthmarked, #2)",Prized,2011.0,eng,Ciencia ficción
6551,0345318854,"With a Tangled Skein (Incarnations of Immortality, #3)",With a Tangled Skein,1985.0,eng,Fantasía
6552,0316059854,Body Surfing,Body Surfing,2007.0,eng,Ficción
6553,1551113813,The Good Soldier,The Good Soldier,1915.0,,Clásicos
6554,0553567713,"Into the Labyrinth (The Death Gate Cycle, #6)",Into the Labyrinth,1993.0,eng,Fantasía
6555,1411608313,"Day by Day Armageddon (Day by Day Armageddon,#1)",Day by Day Armageddon,2004.0,eng,Terror
6556,039487336X,The Berenstain Bears' Trouble at School,,1987.0,eng,Infantil
6557,0345517989,The Talisman (Volume 1): The Road of Trials,,2009.0,eng,Cómic y novela gráfica
6558,0553269828,"Sundiver (The Uplift Saga, #1)",Sundiver,1980.0,eng,Ciencia ficción
6559,1569472025,Moab Is My Washpot (Memoir #1),Moab Is My Washpot,1997.0,eng,Memorias
6560,099050560X,"Hardline (Hacker, #3)",Hardline,2014.0,eng,Romántica
6561,0425214435,"Eyes of Prey (Lucas Davenport, #3)",Eyes of Prey,1991.0,eng,Thriller
6562,0545298415,"The Dead of Night (The 39 Clues: Cahills vs. Vespers, #3)",,2012.0,eng,Juvenil
6563,0060776242,"Kissing Coffins (Vampire Kisses, #2)","Kissing Coffins (Vampire Kisses, #2)",2005.0,eng,Juvenil
6564,0446556246,War,WAR,2010.0,eng,No ficción
6565,1442413336,Where Things Come Back,Where Things Come Back,2011.0,eng,Juvenil
6566,0316154512,A Wedding in December,A Wedding in December,2005.0,,Ficción
6567,0007162219,Big Bang: The Origin of the Universe,Big Bang: The Origin of the Universe,2004.0,,Ciencia
6568,1401201180,"The League of Extraordinary Gentlemen, Vol. 2","The League of Extraordinary Gentlemen, Vol. 2",2003.0,eng,Cómic y novela gráfica
6569,0143035304,"Birds of a Feather (Maisie Dobbs, #2)",Birds of a Feather,2004.0,eng,Misterio
6570,1904910033,You Can Win: A Step by Step Tool for Top Achievers,You Can Win,1998.0,,Autoayuda
6571,0399256199,"The Outcasts (Brotherband Chronicles, #1)",The Outcasts,2011.0,eng,Juvenil
6572,0847829863,On Ugliness,Storia della bruttezza,2007.0,,Ensayo
6573,007141858X,How to Talk to Anyone: 92 Little Tricks for Big Success in Relationships,How to Talk to Anyone: 92 Little Tricks for Big Success in Relationships,1999.0,eng,Autoayuda
6574,1591163277,"Case Closed, Vol. 1",名探偵コナン 1,1994.0,eng,Cómic y novela gráfica
6575,0060652942,The Abolition of Man,The Abolition of Man,1943.0,eng,Ensayo
6576,1569319049,"Yu Yu Hakusho, Volume 1: Goodbye, Material World! (Yu Yu Hakusho, #1)",Yu Yu Hakusho,1990.0,eng,Cómic y novela gráfica
6577,0857207563,"The King''s Curse (The Plantagenet and Tudor Novels, #7)",,2014.0,eng,Ficción histórica
6578,0060758287,"Shaman''s Crossing (Soldier Son, #1)",Shaman's Crossing,2005.0,,Fantasía
6579,0446694533,Gods in Alabama,Gods in Alabama,2005.0,eng,Ficción
6580,039915597X,"U Is for Undertow (Kinsey Millhone, #21)",U Is for Undertow,2009.0,eng,Misterio
6581,0786907509,"Passage to Dawn (Forgotten Realms: Legacy of the Drow, #4; Legend of Drizzt, #10)",Passage to Dawn,1993.0,eng,Fantasía
6583,1501135910,Shoe Dog: A Memoir by the Creator of NIKE,Shoe Dog: A Memoir by the Creator of Nike,2016.0,eng,Memorias
6584,,"The One You Love (Emma Holden Suspense Mystery, #1)",,2011.0,eng,Thriller
6585,0425204189,"Survivor In Death (In Death, #20)","Survivor in Death (In Death, #20)",2005.0,eng,Thriller
6586,067031255X,Figure Drawing for All It's Worth (How to draw and paint),Figure Drawing for All It's Worth (How to draw and paint),1943.0,,Arte
6587,1573228737,Affinity,Affinity,1999.0,eng,Ficción histórica
6588,0553381571,The Water is Wide: A Memoir,The Water is Wide,1969.0,,Memorias
6589,0425197387,"Iceberg (Dirk Pitt, #3)",Iceberg,1974.0,eng,Aventura
6590,0751507954,The Authoritative Calvin and Hobbes: A Calvin and Hobbes Treasury,The Authoritative Calvin and Hobbes,1990.0,eng,Cómic y novela gráfica
6591,0743234413,Cloudstreet,Cloudstreet,1991.0,eng,Ficción
6592,0843955430,The Girl Next Door,The Girl Next Door,1989.0,eng,Terror
6593,0671732498,A Separate Reality,A Separate Reality,1968.0,,Religión y espiritualidad
6594,1400078377,Out,Out  アウト,1997.0,eng,Thriller
6595,0064404455,Tom's Midnight Garden,Tom's Midnight Garden,1958.0,,Infantil
6597,1442494786,"What Really Happened in Peru (The Bane Chronicles, #1)",,2013.0,eng,Fantasía
6598,0786929715,"Brothers Majere (Dragonlance: Preludes, #3)", ,1989.0,,Fantasía
6599,031623480X,"Grain Brain: The Surprising Truth about Wheat, Carbs,  and Sugar--Your Brain''s Silent Killers","Grain Brain: The Surprising Truth about Wheat, Carbs, and Sugar--Your Brain''s Silent Killers",2013.0,eng,No ficción
6600,0072434171,Pilgrim at Tinker Creek,Pilgrim at Tinker Creek,1974.0,eng,Memorias
6601,0553588117,"Prince of the Blood (Krondor''s Sons, #1)",Prince of the Blood,1989.0,eng,Fantasía
6602,9993911550,The Courts of Chaos (The Chronicles of Amber #5),The Courts of Chaos,1978.0,eng,Fantasía
6603,0307719219,"Why Nations Fail: The Origins of Power, Prosperity, and Poverty","Why Nations Fail: The Origins of Power, Prosperity, and Poverty ",2012.0,,Ensayo
6604,006078721X,Zorro,El Zorro,2005.0,eng,Ficción histórica
6605,0761123695,The Introvert Advantage: How to Thrive in an Extrovert World,The Introvert Advantage: How to Thrive in an Extrovert World,2002.0,eng,Psicología
6606,1563894289,"Preacher, Volume 5: Dixie Fried",Preacher: Dixie Fried,1998.0,eng,Cómic y novela gráfica
6607,0451530306,The Rainbow,The Rainbow,1915.0,eng,Clásicos
6608,0439405572,"The Capture (Guardians of Ga''Hoole, #1)",The Capture,2003.0,eng,Infantil
6609,0307272702,Why We Get Fat: And What to Do About It,Why We Get Fat: And What to Do about It,2010.0,eng,No ficción
6610,0399154485,"T is for Trespass (Kinsey Millhone, #20)",T is for Trespass ,2007.0,eng,Misterio
6611,156389405X,"Preacher, Volume 4: Ancient History","Preacher: Ancient History (Preacher, #4)",1998.0,eng,Cómic y novela gráfica
6612,0143036491,The Great Influenza: The Story of the Deadliest Pandemic in History,The Great Influenza: The Epic Story of the Deadliest Plague in History,2004.0,eng,Historia
6613,082546207X,The Heavenly Man: The Remarkable True Story of Chinese Christian Brother Yun,The Heavenly Man: The Remarkable True Story of Chinese Christian Brother Yun,2000.0,eng,Biografía
6615,0142437298,Herzog,Herzog,1964.0,eng,Ficción
6616,147111810X,"UnSouled (Unwind, #3)",UnSouled,2013.0,eng,Juvenil
6617,0807012394,The Miracle of Mindfulness: An Introduction to the Practice of Meditation,The Miracle of Mindfulness: A Manual on Meditation,1975.0,,Religión y espiritualidad
6618,0439050227,David Gets In Trouble,David Gets in Trouble,2002.0,,Infantil
6619,0340739304,"The Face Of Deception (Eve Duncan, #1)",The Face Of Deception,1998.0,eng,Thriller
6620,0060958332,The Language Instinct: How the Mind Creates Language,The Language Instinct: How the Mind Creates Language,1994.0,eng,Ciencia
6621,1616203048,Descent,Descent,2015.0,eng,Thriller
6622,142150605X,"Black Cat, Volume 01","Black Cat, Volume 1",2001.0,eng,Cómic y novela gráfica
6623,0316097772,Dare Me,Dare Me,2012.0,eng,Ficción
6624,0451234871,"Last Breath (The Morganville Vampires, #11)",Last Breath,2011.0,eng,Fantasía
6625,,The Yacoubian Building,عمارة يعقوبيان,2002.0,eng,Ficción
6626,0307394549,Martha Stewart's Cookies: The Very Best Treats to Bake and to Share,Martha Stewart's Cookies,2008.0,eng,Cocina
6627,0312426216,"Pardonable Lies (Maisie Dobbs, #3)",Pardonable Lies,2005.0,eng,Misterio
6628,1582349231,"The Frog Princess (Tales of the Frog Princess, #1)","The Frog Princess (The Tales of the Frog Princess, #1)",2002.0,eng,Infantil
6629,0143104403,Twelve Angry Men,Twelve Angry Men (Penguin Classics),1954.0,,Ficción
6630,1401223036,Batman: Whatever Happened to the Caped Crusader?,Batman: Whatever Happened to the Caped Crusader?,2009.0,eng,Cómic y novela gráfica
6631,0061997161,The Pioneer Woman: Black Heels to Tractor Wheels,The Pioneer Woman: Black Heels to Tractor Wheels,2011.0,eng,Memorias
6632,0394826205,Swimmy,Swimmy ,1963.0,eng,Infantil
6633,142640607X,Babbitt,Babbitt,1922.0,,Clásicos
6634,0679736328,Suttree,Suttree,1979.0,eng,Ficción
6635,0061689424,"Love Bites (Vampire Kisses, #7)","Love Bites (Vampire Kisses, #7)",2010.0,eng,Juvenil
6636,0802170390,The Gathering,The Gathering,2007.0,eng,Ficción
6637,1416950737,sTORI Telling,sTORI Telling,2008.0,eng,Memorias
6638,0316210900,"Cross My Heart (Alex Cross, #21)",Cross My Heart,2013.0,eng,Thriller
6639,0307377903,The Righteous Mind: Why Good People are Divided by Politics and Religion,The Righteous Mind: Why Good People Are Divided by Politics and Religion,2012.0,eng,Psicología
6640,0439700884,"Lady Friday (The Keys to the Kingdom, #5)",Lady Friday,2007.0,eng,Fantasía
6641,1849234752,"Rock Chick Rescue (Rock Chick, #2)",Rock Chick Rescue,2009.0,eng,Romántica
6642,1613772270,"Locke & Key, Vol. 5: Clockworks",Clockworks,2013.0,eng,Cómic y novela gráfica
6643,0316002569,Every Soul a Star,Every Soul A Star,2008.0,eng,Juvenil
6644,1582433542,Jesus Land,Jesus Land : A Memoir,2005.0,eng,Memorias
6645,0618194576,Flotsam,Flotsam,2006.0,eng,Infantil
6646,,"Silent Scream (D.I. Kim Stone, #1)",Silent Scream,2015.0,eng,Thriller
6647,0316013560,The Lion and the Mouse,The Lion & the Mouse,2009.0,eng,Infantil
6648,0679764089,The Collected Poems,The Collected Poems of Langston Hughes,1994.0,,Poesía
6649,0765328666,"Girl of Nightmares (Anna, #2)",Girl of Nightmares,2012.0,eng,Terror
6650,0743468414,"Barrayar (Vorkosigan Saga, #7)",,1991.0,eng,Ciencia ficción
6651,1427817693,"Alice in the Country of Hearts, Vol. 01 (Alice in the Country of Hearts, #1)",Heart no Kuni no Alice  ,2008.0,eng,Cómic y novela gráfica
6652,0316156280,"Lord of the Shadows (Cirque Du Freak, #11)","Lord of the Shadows (Cirque Du Freak, #11)",2005.0,eng,Juvenil
6653,0441203981,"Elric of Melniboné (Elric, #1)",Elric of Melniboné,1972.0,eng,Fantasía
6654,0375404031,The Endurance: Shackleton's Legendary Antarctic Expedition,The Endurance: Shackleton's legendary Antarctic expedition,1998.0,eng,Historia
6655,0316002585,"The Candymakers (The Candymakers, #1)",,2010.0,eng,Infantil
6656,0717287564,Winnie the Pooh and Tigger Too (Disney's Wonderful World of Reading),Winnie the Pooh and Tigger Too,1976.0,eng,Infantil
6657,,"More Than This (More Than, #1)",,2013.0,eng,Romántica
6658,0061059919,"The Fury (The Vampire Diaries, #3)",The Fury,1991.0,eng,Juvenil
6659,1455539740,Hamilton: The Revolution,Hamilton: The Revolution,2016.0,eng,Música
6660,0399256504,"Shelter (Mickey Bolitar, #1)",Shelter,2011.0,eng,Juvenil
6661,0060548940,"Out of Oz (The Wicked Years, #4)",,2011.0,eng,Fantasía
6662,1593080425,Selected Stories,Selected Stories of O. Henry ,1977.0,,Clásicos
6663,0898214971,The Taste of Home Cookbook,The Taste of Home Cookbook,2006.0,,Cocina
6664,0684800705,"The Metamorphosis, In the Penal Colony, and Other Stories: The Great Short Works of Franz Kafka",,1915.0,eng,Clásicos
6665,0345396936,Cry to Heaven,Cry to Heaven,1982.0,eng,Ficción histórica
6666,0062012037,"Goddess (Starcrossed, #3)",Goddess,2013.0,eng,Juvenil
6667,0451229444,"Crave (Fallen Angels, #2)",Crave,2010.0,eng,Romántica
6668,0553268465,The Dogs of War,The Dogs of War,1974.0,,Thriller
6669,031285787X,"Necroscope (Necroscope, #1)",Necroscope ,1986.0,,Terror
6670,0515103292,When Rabbit Howls,When Rabbit Howls,1980.0,eng,Memorias
6671,0062026089,"Variant (Variant, #1)",Variant,2011.0,eng,Ciencia ficción
6672,141651631X,"Path of the Assassin (Scot Harvath, #2)",Path of the Assassin,2003.0,eng,Thriller
6673,0345379071,"Waylander (The Drenai Saga, #3)",Waylander ,1986.0,eng,Fantasía
6674,0670011835,After,After,2009.0,eng,Juvenil
6675,0385491050,Surfacing,Surfacing,1972.0,eng,Ficción
6676,000748805X,You Had Me At Hello,You Had Me At Hello,2012.0,,Romántica
6677,0316037702,Ghost in the Wires: My Adventures as the World's Most Wanted Hacker,Ghost in the Wires: My Adventures as the World's Most Wanted Hacker,2011.0,eng,Biografía
6678,0812538366,"The Wheel of Time: Boxed Set #1 (Wheel of Time, #1-3)","The Wheel of Time: Boxed Set #1 (Wheel of Time, #1-3)",1990.0,,Fantasía
6680,0670011460,Something Like Fate,Something Like Fate,2010.0,,Juvenil
6681,0312206488,"Excalibur (The Warlord Chronicles, #3)",Excalibur,1997.0,,Ficción histórica
6682,0670021679,My Name is Mary Sutter,My Name Is Mary Sutter,2010.0,eng,Ficción histórica
6683,0152047387,"So You Want to Be a Wizard (Young Wizards, #1)",So You Want to Be a Wizard,1983.0,eng,Juvenil
6684,000711933X,"Death in the Clouds (Hercule Poirot, #12)",Death in the Clouds,1935.0,eng,Misterio
6685,1416586598,"Foreign Influence (Scot Harvath, #9)",Foreign Influence,2010.0,eng,Thriller
6686,0446580295,"Cemetery Dance (Pendergast, #9)",Cemetery Dance,2009.0,eng,Thriller
6687,0446540331,Hitch-22: A Memoir,Hitch-22: Some Confessions and Contradictions,2010.0,eng,Memorias
6688,0156029065,Baudolino,Baudolino,2000.0,eng,Ficción histórica
6689,0505523892,"Dark Magic (Dark, #4)",Dark Magic,2000.0,eng,Romántica
6690,034548343X,The Amber Room,The Amber Room,2003.0,,Thriller
6691,038566740X,"The Omen Machine (Sword of Truth, #12; Richard and Kahlan, #1)","The Omen Machine (Richard and Kahlan, #1)",2011.0,eng,Fantasía
6692,1853262439,The Comedy of Errors,,1594.0,,Clásicos
6693,0425098087,Zodiac,Zodiac,1986.0,,No ficción
6694,1784751995,15th Affair (Women's Murder Club #15),15th Affair,2016.0,eng,Misterio
6695,9780743215565,The Constant Gardener,The Constant Gardener,2001.0,,Thriller
6696,0446699489,Wish You Well,Wish You Well,2000.0,eng,Ficción
6697,1563054426,Barnyard Dance,Barnyard Dance,1993.0,eng,Infantil
6698,0399162380,"Field of Prey (Lucas Davenport, #24)",,2014.0,eng,Thriller
6699,1451686633,The Passenger,The Passenger,2016.0,eng,Thriller
6700,,"Rush Too Far (Rosemary Beach, #4; Too Far, #4)","Rush Too Far (Too Far, #4)",2014.0,eng,Romántica
6701,0812524268,"Red Prophet (Tales of Alvin Maker, #2)","Red Prophet (Tales of Alvin Maker, #2)",1988.0,eng,Fantasía
6702,0810918684,Animalia,Animalia,1986.0,eng,Infantil
6703,,"A Hidden Fire (Elemental Mysteries, #1)",A Hidden Fire,2011.0,,Romántica
6704,1555838537,Stone Butch Blues,Stone Butch Blues,1993.0,eng,Ficción
6705,1423175123,Don't Look Back,Don't Look Back,2014.0,eng,Juvenil
6706,0544409914,"Girl Waits with Gun (Kopp Sisters, #1)",Girl Waits with Gun,2015.0,eng,Ficción histórica
6707,0307962903,Astonish Me,Astonish Me,2014.0,eng,Ficción
6708,0394800230,A Fish Out of Water,A Fish Out of Water,1961.0,eng,Infantil
6709,0743421922,"Look to Windward (Culture, #7)",Look to Windward,2000.0,eng,Ciencia ficción
6710,0375866671,The Running Dream,,2011.0,eng,Juvenil
6711,,"Epilogue (The Dark Duet, #3)",,2013.0,eng,Romántica
6712,1585424803,Ultramarathon Man: Confessions of an All-Night Runner,Ultramarathon Man: Confessions of an All-Night Runner,2005.0,,Deportes
6713,0385349580,An Officer and a Spy,An Officer and a Spy,2013.0,eng,Ficción histórica
6714,0385535376,In the Kingdom of Ice: The Grand and Terrible Polar Voyage of the USS Jeannette,In the Kingdom of Ice: The Grand and Terrible Polar Voyage of the USS Jeannette,2014.0,eng,Historia
6715,0743484371,A Stranger Is Watching,A Stranger Is Watching,1977.0,eng,Thriller
6716,0142408786,"Double Fudge (Fudge, #5)",Double Fudge,2002.0,eng,Infantil
6717,0451233557,"The Morganville Vampires, Volume 3 (The Morganville Vampires, #5-6)","The Morganville Vampires, Volume 3",2010.0,eng,Fantasía
6718,0340841125,Be Careful What You Wish For,Be Careful What You Wish For,2006.0,eng,Romántica
6719,1420100963,Storm Born (Dark Swan #1),Storm Born,2008.0,eng,Fantasía
6720,1600108865,"Locke & Key, Vol. 4: Keys to the Kingdom","Locke & Key, Vol. 4: Keys to the Kingdom",2011.0,eng,Cómic y novela gráfica
6721,0061345725,"Envy (Luxe, #3)",Envy,2009.0,eng,Ficción histórica
6722,1250024633,"Horde (Razorland, #3)",Horde,2013.0,eng,Ciencia ficción
6723,1905490208,Girls of Riyadh,بنات الرياض,2005.0,eng,Ficción
6724,0694011479,The Mixed-Up Chameleon,The Mixed-Up Chameleon,1975.0,,Infantil
6725,0446616419,Kitty and the Midnight Hour (Kitty Norville #1),Kitty and the Midnight Hour,2005.0,eng,Fantasía
6726,0375706410,Waiting,Waiting,1999.0,eng,Ficción
6727,1421808307,Burmese Days,Burmese Days,1934.0,,Clásicos
6728,0755300203,The Jester,The Jester,2003.0,eng,Ficción histórica
6729,0140065172,Ordinary People,Ordinary People,1976.0,eng,Ficción
6730,1596436581,In Real Life,In Real Life,2014.0,eng,Cómic y novela gráfica
6731,0749909226,Bad Moon Rising (Dark-Hunter #18; Were-Hunter #4; Hellchaser #2),Bad Moon Rising,2009.0,eng,Fantasía
6732,3704313173,"Robin Hood, The Prince of Thieves","Robin Hood, le prince des voleurs",1862.0,eng,Clásicos
6733,1595140838,"Peeps (Peeps, #1)",Peeps,2005.0,eng,Ciencia ficción
6734,0763630152,"The Riddle (The Books of Pellinor, #2)",,2004.0,eng,Fantasía
6735,1595142908,"Jealousy (Strange Angels, #3)",Jealousy,2010.0,,Fantasía
6736,0811202054,Collected Poems,Collected Poems,1952.0,eng,Poesía
6737,0804141266,Vinegar Girl,Vinegar Girl,2016.0,eng,Ficción
6738,097640110X,"The Hedge Knight (The Hedge Knight Graphic Novels, #1)",The Hedge Knight,1998.0,eng,Cómic y novela gráfica
6739,,"Breathe (Colorado Mountain, #4)",Breathe,2012.0,eng,Romántica
6740,1849163847,"The Blackhouse (Lewis Trilogy, #1)",The Black house,2009.0,eng,Misterio
6741,0060562536,"Scandal in Spring (Wallflowers, #4)",Scandal in Spring,2006.0,eng,Romántica
6742,0671004530,On the Street Where You Live,On the Street Where You Live,2001.0,eng,Thriller
6743,0758216424,"Succubus on Top (Georgina Kincaid, #2)",Succubus On Top,2008.0,eng,Fantasía
6744,0786913886,"The Silent Blade (Forgotten Realms: Paths of Darkness, #1; Legend of Drizzt, #11)",The Silent Blade (Paths of Darkness #1),1998.0,eng,Fantasía
6745,0345501039,Inherit the Wind,Inherit the Wind,1955.0,eng,Ficción
6746,0312274920,Round Ireland with a Fridge,Round Ireland with a Fridge,1997.0,eng,Viajes
6747,0385738595,"The Dark and Hollow Places (The Forest of Hands and Teeth, #3)",The Dark And Hollow Places,2011.0,eng,Terror
6748,1455599735,Uganda Be Kidding Me,Uganda Be Kidding Me,2014.0,eng,Memorias
6749,031604086X,"This Book Is Not Good for You (Secret, #3)",This Book Is Not Good for You,2009.0,eng,Juvenil
6750,1416544208,Eating the Dinosaur,Eating the Dinosaur,2009.0,eng,Ensayo
6751,0553214829,The Declaration of Independence and The Constitution of the United States,The Declaration of Independence and The Constitution of the United States ,1776.0,,Historia
6752,0765317508,"Aztec (Aztec, #1)",Aztec,1980.0,eng,Ficción histórica
6753,0765379945,All the Birds in the Sky,All the Birds in the Sky,2016.0,eng,Ciencia ficción
6754,0062009494,Dodger,Dodger,2012.0,eng,Juvenil
6755,044022750X,"The River (Brian''s Saga, #2)",The River,1991.0,,Juvenil
6756,0375833641,"Wildwood Dancing (Wildwood, #1)",Wildwood Dancing,2007.0,eng,Fantasía
6757,0449226352,Home Again,Home Again,1996.0,eng,Romántica
6758,0425083896,Books of Blood: Volume One (Books of Blood #1),Books of Blood: Volume One,1984.0,eng,Terror
6759,,"Indebted (The Premonition, #3)",,2012.0,eng,Fantasía
6760,0451208706,The Man From St. Petersburg,The Man from St. Petersburg,1982.0,eng,Thriller
6761,0515142905,"Daring to Dream (Dream Trilogy, #1)",Daring to Dream,1996.0,eng,Romántica
6762,0425176304,"Judgment in Death (In Death, #11)",Judgment in Death,2000.0,eng,Thriller
6763,0399154019,"Innocent in Death (In Death, #24)","Innocent in Death (In Death, #24)",2007.0,eng,Thriller
6764,0062217208,Waiting to Be Heard: A Memoir,Waiting to Be Heard: A Memoir,2013.0,eng,Memorias
6765,0152050841,"Once Upon a Marigold (Upon a Marigold, #1)",Once Upon a Marigold,2002.0,eng,Juvenil
6766,0743467213,"The Wedding (Lairds'' Fiancées, #2)",The Wedding,1996.0,eng,Romántica
6767,0385344058,"The Dead in Their Vaulted Arches (Flavia de Luce, #6)",The Dead in Their Vaulted Arches,2014.0,eng,Misterio
6768,0451526570,Heart of Darkness and The Secret Sharer,Heart of Darkness,1910.0,eng,Clásicos
6769,0316201642,S.,S.,2013.0,eng,Ficción
6770,0060875070,Lullabies for Little Criminals,Lullabies for Little Criminals,2006.0,eng,Ficción
6772,,رباعيات خيام,رباعیات [Robāʿiāt-e ʿOmar Khayyām],1120.0,per,Poesía
6773,1442409096,"Sever (The Chemical Garden, #3)",Sever,2013.0,eng,Ciencia ficción
6774,1250014468,"Fourth Grave Beneath My Feet (Charley Davidson, #4)",Fourth Grave Beneath My Feet,2012.0,eng,Fantasía
6775,0785113797,"Runaways, Vol. 1: Pride and Joy (Runaways, #1)",,2006.0,eng,Cómic y novela gráfica
6776,078693137X,"The Legend of Huma (Dragonlance: Heroes, #1)",The Legend of Huma (Dragonlance: Heroes #1),1988.0,eng,Fantasía
6777,0316778508,The Dogs of Babel,The Dogs of Babel,2003.0,eng,Ficción
6778,0670446149,Madeline and the Bad Hat,Madeline and the Bad Hat,1956.0,eng,Infantil
6779,0553807714,"77 Shadow Street (Pendleton, #1)",77 Shadow Street,2011.0,eng,Terror
6780,0439436575,"Sir Thursday (The Keys to the Kingdom, #4)",Sir Thursday,2006.0,eng,Fantasía
6781,1400033721,"Parallel Worlds: A Journey Through Creation, Higher Dimensions, and the Future of the Cosmos","Parallel Worlds: A Journey Through Creation, Higher Dimensions, and the Future of the Cosmos",2004.0,eng,Ciencia
6782,0849901812,Facing Your Giants: A David and Goliath Story for Everyday People,Facing Your Giants: The God Who Made a Miracle Out of David Stands Ready to Make One Out of You,2006.0,,Religión y espiritualidad
6783,,"Fate (My Blood Approves, #2)",Fate,2010.0,eng,Fantasía
6784,0553381156,Ina May's Guide to Childbirth,Ina May's Guide to Childbirth,2003.0,,No ficción
6785,0805059962,Anne Frank : The Biography,Anne Frank : The Biography,1998.0,,Biografía
6786,9381626685,The Krishna Key,The Krishna Key,2012.0,eng,Thriller
6787,0802151825,Tropic of Capricorn,Tropic of Capricorn,1938.0,eng,Clásicos
6788,0874068134,An Occurrence at Owl Creek Bridge,An Occurrence at Owl Creek Bridge,1890.0,eng,Clásicos
6789,1419953249,The Sweet Gum Tree,The Sweet Gum Tree,2005.0,eng,Romántica
6790,042519518X,"Flight of the Old Dog (Patrick McLanahan, #1)",Flight Of The Old Dog,1987.0,eng,Thriller
6791,1582433224,A Complicated Kindness,A Complicated Kindness,2004.0,eng,Ficción
6792,1416914188,"Raven Rise (Pendragon, #9)",Raven Rise,2008.0,eng,Fantasía
6793,1476748446,Glory over Everything: Beyond The Kitchen House,Glory over Everything: Beyond The Kitchen House,2016.0,eng,Ficción histórica
6795,014303507X,"A New Song (Mitford Years, #5)",Mitford Years New Song Unabridged,1999.0,,Ficción
6796,0752891634,"Deeper Than the Dead (Oak Knoll, #1)",Deeper than the Dead,2008.0,eng,Thriller
6797,0765316552,"Dust of Dreams (The Malazan Book of the Fallen, #9)",Dust of Dreams,2009.0,eng,Fantasía
6798,0441014151,Accelerando (Singularity),Accelerando,2005.0,eng,Ciencia ficción
6799,0812996348,Girl at War,Girl at War,2015.0,eng,Ficción histórica
6800,0316012335,"Lord Loss (The Demonata, #1)",Lord Loss,2005.0,eng,Terror
6801,0545040604,"Runaway (Airhead, #3)",Runaway ,2010.0,eng,Juvenil
6802,1400031567,"Sidetracked (Kurt Wallander, #5)",Villospår,1995.0,eng,Misterio
6803,,"Sometimes It Lasts (Sea Breeze, #5)",Sometimes It Lasts,2013.0,eng,Romántica
6804,0307970388,Drift: The Unmooring of American Military Power,Drift: The Unmooring of American Military Power,2012.0,eng,Ensayo
6805,0547959214,"Graduation Day (The Testing, #3)",Graduation Day,2014.0,eng,Ciencia ficción
6806,0446675059,The Honk and Holler Opening Soon,The Honk and Holler Opening Soon,1998.0,eng,Ficción
6807,0446531383,Strange Highways,Strange Highways,1995.0,,Terror
6808,0802135226,The Passion,The Passion,1987.0,eng,Ficción
6809,1400096936,The Power of the Dog,The Power of the Dog,2005.0,eng,Thriller
6810,0062347268,America's First Daughter,America's First Daughter,2016.0,eng,Ficción histórica
6811,0061957933,"The Undead Pool (The Hollows, #12)",The Undead Pool,2014.0,eng,Fantasía
6812,0441017800,"On the Edge (The Edge, #1)",On the Edge,2009.0,eng,Fantasía
6813,0689856407,Kira-Kira,,2004.0,eng,Juvenil
6814,0765333511,"The Human Division (Old Man''s War, #5)",The Human Division,2013.0,eng,Ciencia ficción
6815,,"The Fate of Ten (Lorien Legacies, #6)",,2015.0,eng,Ciencia ficción
6816,0670037729,"The Fourth Bear (Nursery Crime, #2)",The Fourth Bear,2006.0,eng,Misterio
6817,1401225659,"The Unwritten, Vol. 1: Tommy Taylor and the Bogus Identity","The Unwritten, Volume 1: Tommy Taylor and the Bogus Identity",2010.0,eng,Cómic y novela gráfica
6818,0224061631,The Enchantress of Florence,The Enchantress of Florence,2008.0,eng,Ficción
6819,9380349300,"Life is What You Make It: A Story of Love, Hope and How Determination Can Overcome Even Destiny","Life is What You Make It: A Story of Love, Hope and How Determination Can Overcome Even Destiny",2011.0,eng,Autoayuda
6820,0679724699,"The History of Sexuality, Volume 1: An Introduction",Histoire de la sexualité 1. La Volonté de savoir,1976.0,eng,Ensayo
6821,0743271181,"Takedown (Scot Harvath, #5)",Takedown,2006.0,eng,Thriller
6822,1598184547,"From the Earth to the Moon (Extraordinary Voyages, #4)",De la Terre à la Lune,1865.0,eng,Clásicos
6823,0842332367,"Armageddon: The Cosmic Battle of the Ages (Left Behind, #11)",Armageddon: The Cosmic Battle of the Ages,2003.0,eng,Ficción
6824,0375507485,Van Gogh: The Life,Van Gogh: The Life,2011.0,eng,Biografía
6825,0060922249,Care of the Soul: A Guide for Cultivating Depth and Sacredness in Everyday Life,Care of the Soul : A Guide for Cultivating Depth and Sacredness in Everyday Life,1988.0,,Religión y espiritualidad
6826,0061836923,"Moonlight Mile (Kenzie & Gennaro,#6)",Moonlight Mile ,2010.0,eng,Misterio
6827,0307957233,Vampires in the Lemon Grove,,2013.0,eng,Ficción
6828,0670038717,"First Among Sequels (Thursday Next, #5)",First Among Sequels ,2007.0,eng,Fantasía
6829,0375760911,The Idiot Girls' Action-Adventure Club: True Tales from a Magnificent and Clumsy Life,The Idiot Girls' Action-Adventure Club: True Tales from a Magnificent and Clumsy Life,2002.0,eng,Memorias
6830,0061561630,"City of Dragons (Rain Wild Chronicles, #3)",City of Dragons,2011.0,eng,Fantasía
6831,006232005X,"The Heist (Gabriel Allon, #14)",The Heist,2014.0,eng,Thriller
6832,0802715168,The Judgment of Paris: The Revolutionary Decade That Gave the World Impressionism,The Judgment of Paris: The Revolutionary Decade that Gave the World Impressionism,2006.0,eng,Arte
6833,0425214591,Darkfall,Darkfall,1984.0,eng,Terror
6834,0062265970,"Sweet Reckoning (Sweet, #3)",,2014.0,eng,Juvenil
6835,0553384813,"Well-Schooled in Murder (Inspector Lynley, #3)",Well-Schooled in Murder,1989.0,eng,Misterio
6836,0743474171,"Perfect (Second Opportunities, #2)",Perfect,1993.0,eng,Romántica
6838,1594480869,"Brilliance of the Moon (Tales of the Otori, #3)",Brilliance of the Moon ,2003.0,,Fantasía
6839,0060737557,Suicide Notes,Suicide Notes,2008.0,eng,Juvenil
6840,0345498127,Starter for Ten,Starter for Ten,2003.0,eng,Ficción
6841,0307020916,The Three Little Pigs,The Three Little Pigs (A Little Golden Book),1973.0,eng,Infantil
6864,0312938829,"Dream Chaser (Dark-Hunter #13, Dream-Hunter #3)",Dream Chaser,2008.0,eng,Romántica
6842,0192838431,"Twenty Years After (The D''Artagnan Romances, #2)",Vingt ans après,1845.0,,Clásicos
6843,145558116X,Friction,Friction,2015.0,eng,Thriller
6844,0140115854,Moon Palace,Moon Palace,1989.0,eng,Ficción
6845,055357325X,"The Seventh Gate (The Death Gate Cycle, #7)",The Seventh Gate,1994.0,eng,Fantasía
6846,1593070950,"Hellboy, Vol. 2: Wake the Devil (Hellboy, #2)",Hellboy: Wake the Devil,1994.0,eng,Cómic y novela gráfica
6847,1442407689,"The Unwanteds (Unwanteds, #1)",,2011.0,eng,Juvenil
6848,1933718552,"Ashfall (Ashfall, #1)",Ashfall,2011.0,eng,Juvenil
6849,,"Bright Side (Bright Side, #1)",,2014.0,eng,Romántica
6850,0140546235,The Day Jimmy's Boa Ate the Wash,The Day Jimmy's Boa Ate the Wash,1980.0,,Infantil
6851,1455518379,"The Panther  (John Corey, #6)",The Panther,2012.0,eng,Thriller
6852,1841954802,Under the Skin,Under the Skin,2000.0,,Ciencia ficción
6853,0449208281,The Unexpected Mrs. Pollifax  (Mrs. Pollifax #1),The Unexpected Mrs. Pollifax,1966.0,eng,Misterio
6854,1455525839,"White Fire (Pendergast, #13)",White Fire,2013.0,eng,Thriller
6855,1841496049,"The Innocent Mage (Kingmaker, Kingbreaker, #1)","The Innocent Mage (Kingmaker, Kingbreaker, #1)",2005.0,eng,Fantasía
6856,3453162897,Wir Kinder vom Bahnhof Zoo,Wir Kinder vom Bahnhof Zoo,1978.0,ger,Biografía
6857,0345346297,Dragons of Eden: Speculations on the Evolution of Human Intelligence,The Dragons of Eden: Speculations on the Evolution of Human Intelligence,1977.0,eng,Ciencia
6858,0425212696,"S is for Silence (Kinsey Millhone, #19)",S is for Silence,2005.0,eng,Misterio
6859,0340884355,"Maximum Security (Cherub, #3)",Maximum Security (Cherub #3),2005.0,eng,Juvenil
6860,2211065899,Frédéric,Frederick,1967.0,fre,Infantil
6861,037321006X,"Inside Out (Insider, #1)",Inside Out,2010.0,eng,Ciencia ficción
6862,1603093001,"March: Book One (March, #1)",March: Book One,2013.0,eng,Cómic y novela gráfica
6863,0374504644,Everything That Rises Must Converge: Stories,Everything that Rises Must Converge,1965.0,eng,Ficción
6865,067102082X,The Gun Seller,The Gun Seller,1996.0,eng,Thriller
6866,0307595609,I Remember Nothing: and Other Reflections,I remember nothing and other reflections,2010.0,eng,Memorias
6867,0143039652,Malgudi Days,Malgudi Days,1943.0,eng,Ficción
6868,006245773X,The Subtle Art of Not Giving a F*ck: A Counterintuitive Approach to Living a Good Life,The Subtle Art of Not Giving a F*ck: A Counterintuitive Approach to Living a Good Life,2016.0,eng,Autoayuda
6869,0393086925,Six Days of the Condor,Six Days of the Condor,1974.0,eng,Thriller
6870,0307263940,Digging to America,Digging to America,2006.0,eng,Ficción
6871,0547807686,"The Dark Monk (The Hangman''s Daughter, #2)","Die Henkerstochter und der schwarze Mönch (Band 2 aus der Reihe 'Die Henkerstochter-Saga'"")""",2009.0,eng,Ficción histórica
6872,8756787650,"Flaskepost fra P (Afdeling Q, #3)",Flaskepost fra P,2009.0,dan,Misterio
6873,0142400300,"The Bellmaker (Redwall, #7)",The Bellmaker,1994.0,,Fantasía
6874,0425218422,Caressed by Ice (Psy-Changeling #3),,2007.0,eng,Romántica
6875,0312362919,Artisan Bread in Five Minutes a Day: The Discovery That Revolutionizes Home Baking,,2007.0,eng,Cocina
6876,1841591009,"The Code of the Woosters (Jeeves, #7)",The Code Of The Woosters,1938.0,eng,Ficción
6877,0330487191,A House for Mr Biswas,A House for Mr. Biswas,1961.0,eng,Ficción
6878,0399157565,"The Bone Bed (Kay Scarpetta, #20)",The Bone Bed,2012.0,eng,Thriller
6879,0718154835,The Fry Chronicles (Memoir #2),The Fry Chronicles: An Autobiography,2010.0,eng,Memorias
6880,0915144867,Second Treatise of Government,Second Treatise of Government,1689.0,eng,Ensayo
6881,9780545872119,Better off Friends,Better Off Friends,2014.0,eng,Juvenil
6882,0393072223,The Shallows: What the Internet is Doing to Our Brains,The Shallows: What the Internet is Doing to Our Brains,2010.0,eng,Ensayo
6883,0452297648,The House at Tyneford,The House at Tyneford,2011.0,eng,Ficción histórica
6884,0446676500,"The Autobiography of Martin Luther King, Jr.","The Autobiography of Martin Luther King, Jr.",1986.0,eng,Biografía
6885,0743444299,"Geisha, a Life",Geisha: A Life,2002.0,eng,Memorias
6886,0060684127,The Knowledge of the Holy,The Knowledge of the Holy: The Attributes of God: Their Meaning in the Christian Life,1961.0,eng,Religión y espiritualidad
6887,1401360203,Day Watch (Watch #2),Дневной дозор,2000.0,eng,Fantasía
6888,076534629X,The Codex,The Codex,2003.0,,Aventura
6889,0312424086,A Home at the End of the World,A Home at the End of the World,1990.0,eng,Ficción
6890,1401237770,"Batman, Volume 2: The City of Owls","Batman, Volume 2: The City of Owls",2013.0,eng,Cómic y novela gráfica
6891,0886773520,Magic's Pawn (Valdemar: Last Herald-Mage #1),Magic's Pawn,1989.0,eng,Fantasía
6892,0099595818,CivilWarLand in Bad Decline,CivilWarLand in Bad Decline,1996.0,eng,Ficción
6893,031269945X,SEAL Team Six: Memoirs of an Elite Navy SEAL Sniper,SEAL Team Six: Memoirs of an Elite Navy SEAL Sniper,2011.0,eng,Memorias
6894,0609810111,Sacred Contracts: Awakening Your Divine Potential,Sacred Contracts: Awakening Your Divine Potential,2001.0,eng,Religión y espiritualidad
6895,1400095565,How We Are Hungry,How We Are Hungry,2005.0,eng,Ficción
6896,0872206335,"Five Dialogues: Euthyphro, Apology, Crito, Meno, Phaedo","Euthyphro, Apology, Crito, Meno, Phaedo",-385.0,eng,Clásicos
6897,,"Wrong (Wrong, #1)",Wrong,2015.0,eng,Romántica
6898,0525453679,The Happy Prince,The Happy Prince and The House of Pomegranates,1888.0,eng,Clásicos
6899,,"The Line (Witching Savannah, #1)",The Line,2014.0,eng,Fantasía
6900,1682305066,"Twisted Palace (The Royals, #3)",Twisted Palace,2016.0,eng,Juvenil
6901,0375955712,"The Diamond of Darkhold (Book of Ember, #4)",The Diamond of Darkhold,2008.0,eng,Juvenil
6902,0609807250,Standing for Something: 10 Neglected Virtues That Will Heal Our Hearts and Homes,Standing for Something: 10 Neglected Virtues That Will Heal Our Hearts and Homes,2000.0,,Religión y espiritualidad
6903,0141019085,"A Death in Vienna (Gabriel Allon, #4)",A Death In Vienna,2003.0,eng,Thriller
6904,0993800130,"Pucked (Pucked, #1)",,2015.0,eng,Romántica
6905,0062415832,Notorious RBG: The Life and Times of Ruth Bader Ginsburg,,2015.0,eng,Biografía
6906,0758266928,"Touch of Frost (Mythos Academy, #1)",Touch of Frost,2011.0,eng,Juvenil
6907,9780312595685,Never Knowing,Never Knowing,2011.0,eng,Thriller
6908,0752858521,The Aquitaine Progression,The Aquitaine Progression,1984.0,eng,Thriller
6909,0192838628,"The Forsyte Saga (The Forsyte Chronicles, #1-3)",The Forsyte Saga,1921.0,eng,Clásicos
6910,0449003787,"O is for Outlaw (Kinsey Millhone, #15)","'O'"" is for Outlaw""",1999.0,eng,Misterio
6911,1423111443,"Deadly Little Secret (Touch, #1)","Deadly Little Secret (Touch, #1)",2008.0,eng,Juvenil
6912,0345543084,"The Chase (Fox and O''Hare, #2)",The Chase,2014.0,eng,Thriller
6913,0753819929,The Orange Girl,Appelsinpiken,2003.0,eng,Ficción
6914,0425132951,The House of Thunder,The House of Thunder,1982.0,eng,Thriller
6915,0439829119,"The Dead of Night (Tomorrow, #2)",The Dead of the Night,1994.0,eng,Juvenil
6916,0316252964,My Cousin Rachel,My Cousin Rachel,1951.0,eng,Misterio
6917,0812971671,Absurdistan,Absurdistan,2006.0,eng,Ficción
6918,0312599064,"Invincible (Chronicles of Nick, #2)",Invincible (Chronicles of Nick #2),2011.0,eng,Fantasía
6919,0786887583,Napalm & Silly Putty,Napalm & Silly Putty,2001.0,eng,No ficción
6920,0751500283,The Indispensable Calvin and Hobbes,The Indispensable Calvin and Hobbes: A Calvin and Hobbes Treasury,1992.0,eng,Cómic y novela gráfica
6921,0812968379,Funny in Farsi: A Memoir of Growing Up Iranian in America,Funny in Farsi: A Memoir of Growing Up Iranian in America,2003.0,eng,Memorias
6922,0875847471,Leading Change,,1988.0,,Negocios
6923,0749934360,"Witness in Death (In Death, #10)",Witness in Death,2000.0,eng,Misterio
6924,0671540661,The Shadow of the Torturer (The Book of the New Sun #1),The Shadow of the Torturer,1980.0,eng,Ciencia ficción
6925,0316194689,Ask the Passengers,Ask the Passengers,2012.0,eng,Juvenil
6926,0575132507,"Foxglove Summer (Peter Grant, #5)",Foxglove Summer,2014.0,eng,Fantasía
6927,0099465639,The Grand Sophy,The Grand Sophy,1950.0,eng,Romántica
6928,0226320618,The Road to Serfdom,The Road to Serfdom,1944.0,eng,Ensayo
6929,,Terms of Enlistment (Frontlines #1),Terms of Enlistment,2013.0,eng,Ciencia ficción
6930,,"Reaper''s Legacy (Reapers MC, #2)",Reaper's Legacy,2014.0,eng,Romántica
6931,0385337493,"Lord John and the Brotherhood of the Blade  (Lord John Grey, #2)",Lord John and the Brotherhood of the Blade ,2007.0,eng,Ficción histórica
6932,0375700811,The Executioner's Song,The Executioner's Song,1979.0,eng,No ficción
6933,0399161481,"Suspect (Scott James & Maggie, #1)",Suspect,2013.0,eng,Thriller
6934,1400033446,Tar Baby,Tar Baby,1981.0,eng,Ficción
6935,0140320970,The Twenty-One Balloons,The Twenty-One Balloons,1947.0,eng,Infantil
6936,0399157689,"Stolen Prey (Lucas Davenport, #22)",Stolen Prey,2012.0,eng,Thriller
6937,0465067107,The Design of Everyday Things,The Psychology of Everyday Things,1988.0,eng,No ficción
6938,0439632501,Running Out of Time,Running Out of Time,1995.0,eng,Juvenil
6939,0007236344,Damaged: The Heartbreaking True Story of a Forgotten Child,Damaged,2007.0,,Memorias
6940,,"Her Final Breath (Tracy Crosswhite, #2)",,2015.0,eng,Thriller
6941,0671737635,"Something Wonderful (Sequels, #2)",Something Wonderful,1988.0,eng,Romántica
6942,0399154914,Tribute,Tribute,2008.0,eng,Romántica
6943,0739420232,"16 Lighthouse Road (Cedar Cove, #1)",16 Lighthouse Road,2001.0,eng,Romántica
6944,0553381334,A Man in Full,A Man in Full,1998.0,,Ficción
6945,1578562589,Having a Mary Heart in a Martha World: Finding Intimacy With God in the Busyness of Life,Having a Mary Heart in a Martha World: Finding Intimacy With God in the Busyness of Life,2000.0,eng,Religión y espiritualidad
6946,0061706558,I'd Know You Anywhere,I'd Know You Anywhere,2010.0,eng,Thriller
6947,0763665665,The Strange and Beautiful Sorrows of Ava Lavender,The Strange and Beautiful Sorrows of Ava Lavender,2014.0,eng,Juvenil
6948,0062200461,"Sense & Sensibility (The Austen Project, #1)",Sense & Sensibility,2013.0,eng,Ficción
6949,1433672960,7: An Experimental Mutiny Against Excess,,2011.0,eng,Religión y espiritualidad
6950,0575095776,"Archangel''s Consort (Guild Hunter, #3)",,2011.0,eng,Fantasía
6951,0380842939,Sacajawea (Lewis & Clark Expedition),Sacajawea,1978.0,eng,Ficción histórica
6952,1599901196,"The Declaration (The Declaration, #1)",The Declaration,2007.0,,Juvenil
6953,1616552956,"Avatar: The Last Airbender (The Rift, #1)","Avatar: The Last Airbender: The Rift, Part 1",2014.0,eng,Cómic y novela gráfica
6954,0099447126,Independence Day,Independence Day,1995.0,eng,Ficción
6955,141654383X,"The Last Patriot (Scot Harvath, #7)",The Last Patriot,2008.0,eng,Thriller
6956,1416928065,"Leven Thumps and the Gateway to Foo (Leven Thumps, #1)","Leven Thumps and the Gateway to Foo (Leven Thumps, #1)",2005.0,,Juvenil
6957,1414368186,Bridge to Haven,Bridge to Haven,2014.0,eng,Romántica
6958,030795871X,The Engagements,The Engagements,2013.0,eng,Ficción
6959,0590664875,"Runaway Ralph (Ralph S. Mouse, #2)",Runaway Ralph,1970.0,,Infantil
6960,,"Creed (Unfinished Hero, #2)",Creed,2012.0,eng,Romántica
6961,0849945119,Blink,Blink,2002.0,,Thriller
6962,006232022X,"The Black Widow (Gabriel Allon, #16)",The Black Widow,2016.0,eng,Thriller
6963,1570089264,Believing Christ: The Parable of the Bicycle and Other Good News,Believing Christ: The Parable of the Bicycle and Other Good News,1992.0,eng,Religión y espiritualidad
6964,9781250008121,Wake (Watersong #1),Wake (Watersong #1),2012.0,eng,Juvenil
6965,9781477828731,A Dark Lure,,2015.0,eng,Thriller
6966,0385495323,The Code Book: The Science of Secrecy from Ancient Egypt to Quantum Cryptography,"The Code Book. How to Make It, Break It, Hack It, Crack It",1999.0,eng,Ciencia
6967,0451460936,"Touch the Dark (Cassandra Palmer, #1)",Touch the Dark,2006.0,eng,Fantasía
6968,0446359203,Carrion Comfort,Carrion Comfort,1989.0,eng,Terror
6969,,"The Mind Readers (Mind Readers, #1)",The Mind Readers,2010.0,eng,Juvenil
6970,044024417X,"The Highlander''s Touch (Highlander, #3)",The Highlander's Touch ,2000.0,eng,Romántica
6971,030759565X,The Smitten Kitchen Cookbook,,2012.0,,Cocina
6972,0786816589,"The Cross of Lead (Crispin, #1)",Crispin: The Cross of Lead,2002.0,eng,Juvenil
6973,0345322215,"Wielding a Red Sword (Incarnations of Immortality, #4)",Wielding a Red Sword,1986.0,eng,Fantasía
6974,,"Deep (Stage Dive, #4)",Deep,2015.0,eng,Romántica
6975,0312933533,Honor Among Thieves,Honour Among Thieves,1993.0,,Thriller
6976,1401224687,"Superman: Earth One, Volume 1","Superman: Earth One, Volume 1",2010.0,eng,Cómic y novela gráfica
6977,1442440430,The Mortal Instruments (The Mortal Instruments #1-4),The Mortal Instrument Series: City of Bones / City of Ashes / City of Glass / City of Fallen Angels,2011.0,eng,Juvenil
6978,0800786645,Foxe's Book of Martyrs,Foxe's Book of Martyrs,1563.0,eng,Religión y espiritualidad
6979,0060009241,"See Jane Score (Chinooks Hockey Team, #2)",See Jane Score,2003.0,eng,Romántica
6980,0312421850,A Yellow Raft in Blue Water,A Yellow Raft in Blue Water: A Novel,1987.0,eng,Ficción
6981,0756405718,"Rosemary and Rue (October Daye, #1)",Rosemary and Rue,2009.0,eng,Fantasía
6982,0441013465,"Another Fine Myth (Myth Adventures, #1)",Another Fine Myth,1978.0,eng,Fantasía
6983,,"Forever Mine (The Moreno Brothers, #1)",Forever Mine ,2010.0,eng,Romántica
6984,1568584253,"Soccernomics: Why England Loses, Why Germany and Brazil Win, and Why the U.S., Japan, Australia, Turkey--and Even Iraq--Are Destined to Become the Kings of the World''s Most Popular Sport","Soccernomics: Why England Loses, Why Germany and Brazil Win, and Why the U.S., Japan, Australia, Turkey--and Even Iraq--Are Destined to Become the Kings of the World''s Most Popular Sport",2009.0,eng,Deportes
6985,0340893613,"Sapphique (Incarceron, #2)",Sapphique,2000.0,eng,Ciencia ficción
6986,0553567152,"Don''t Die, My Love","Don''t Die, My Love",1995.0,,Juvenil
6987,067155302X,Harvest,Harvest ,1996.0,eng,Thriller
6988,0764524836,How to Cook Everything Vegetarian: Simple Meatless Recipes for Great Food,How to Cook Everything Vegetarian: Simple Meatless Recipes for Great Food,2007.0,eng,Cocina
6989,1250061776,A Little Something Different,A Little Something Different,2014.0,eng,Romántica
6990,0062236679,This is the Story of a Happy Marriage,This Is the Story of a Happy Marriage,2011.0,eng,Memorias
6991,1615579184,Diary of a Wimpy Kid: #1-4,,2009.0,eng,Infantil
6992,0307588920,"Think of a Number (Dave Gurney, #1)",Think of a Number,2010.0,eng,Misterio
6993,1449461077,Lullabies,,2014.0,eng,Poesía
6994,0515137111,Birthright,Birthright,2003.0,eng,Romántica
6995,1590382234,The Peacegiver: How Christ Offers to Heal Our Hearts and Homes,The Peacegiver: How Christ Offers to Heal Our Hearts and Homes,2004.0,eng,Religión y espiritualidad
6996,0099268701,Cod: A Biography of the Fish that Changed the World,Cod: A Biography of the Fish that Changed the World,1988.0,eng,Historia
6997,0307265633,The Hidden Reality: Parallel Universes and the Deep Laws of the Cosmos,The Hidden Reality: Parallel Universes and the Search for the Deep Laws of the Cosmos,2011.0,eng,Ciencia
6998,0393322572,The Feminine Mystique,The Feminine Mystique,1963.0,eng,Ensayo
6999,0099478471,Brighton Rock,Brighton Rock,1938.0,eng,Clásicos
7000,,كخه يا بابا,كخه يا بابا,2011.0,ara,Desconocido
7001,0670021156,"Stones Into Schools: Promoting Peace With Books, Not Bombs, in Afghanistan and Pakistan","Stones into Schools: Promoting Peace with Books, Not Bombs, in Afghanistan and Pakistan",2009.0,eng,Memorias
7002,0307264238,A Mercy,A Mercy,2008.0,eng,Ficción histórica
7003,0553573861,Zodiac,Zodiac,1988.0,eng,Thriller
7004,9780008156862,Departure,Departure,2014.0,eng,Ciencia ficción
7005,1453720693,"Rock Chick Redemption (Rock Chick, #3)",,2010.0,eng,Romántica
7006,1579126952,"The Mystery of the Blue Train (Hercule Poirot, #6)",The Mystery of the Blue Train,1928.0,eng,Misterio
7007,0316097403,"Private #1 Suspect (Private, #2)",Private:  #1 Suspect,2011.0,eng,Thriller
7008,0747553866,Pastoralia,Pastoralia,2000.0,eng,Ficción
7009,0446575062,The Defining Decade: Why Your Twenties Matter--And How to Make the Most of Them Now,The Defining Decade: Why Your Twenties Matter--And How to Make the Most of Them Now,2012.0,,Autoayuda
7010,1582408289,"The Walking Dead, Vol. 07: The Calm Before",The Walking Dead V 7,2007.0,eng,Cómic y novela gráfica
7011,1844285073,Curious George Rides a Bike,Curious George Rides a Bike,1952.0,,Infantil
7012,0671655973,Methuselah's Children,Methuselah's Children,1958.0,eng,Ciencia ficción
7013,0062124366,"Hana (Delirium, #1.5)",Hana,2011.0,eng,Juvenil
7014,1563896176,"Preacher, Volume 8: All Hell''s a-Coming","Preacher, Volume 8: All Hell''s a-Coming",2000.0,eng,Cómic y novela gráfica
7015,1880418738,"The Little Sisters of Eluria (The Dark Tower, #0.5)",The Little Sisters of Eluria,2008.0,eng,Terror
7016,067988632X,"Inside, Outside, Upside Down (Berenstain Bears Bright and Early Board Book)","Inside, Outside, Upside Down",1968.0,eng,Infantil
7017,0399156135,"The First Rule (Elvis Cole, #13; Joe Pike, #2)",The First Rule,2010.0,eng,Thriller
7018,042519891X,"The Magical Worlds of Harry Potter: A Treasury of Myths, Legends, and Fascinating Facts","The Magical Worlds of Harry Potter: A Treasury of Myths, Legends, and Fascinating Facts",2001.0,eng,No ficción
7019,0763619612,The Dot,The Dot,2003.0,eng,Infantil
7020,1599901676,"Forest Born (The Books of Bayern, #4)",Forest Born,2009.0,eng,Fantasía
7021,0425188930,The Damnation Game,The Damnation Game,1985.0,eng,Terror
7022,0060002107,Ignorance,L'ignorance,2000.0,fre,Ficción
7023,1416918736,"Private (Private, #1)",Private,2006.0,eng,Juvenil
7024,,استمتع بحياتك,استمتع بحياتك,2006.0,ara,Autoayuda
7025,0385340222,Sisters,Sisters,2007.0,eng,Ficción
7026,055329461X,The Difference Engine ,The Difference Engine,1990.0,eng,Ciencia ficción
7027,1563895196,"Preacher, Volume 7: Salvation",Preacher: Salvation,1999.0,,Cómic y novela gráfica
7028,0062102427,How Will You Measure Your Life?,How Will You Measure Your Life?,2012.0,,Negocios
7029,0763655988,I Want My Hat Back,I Want My Hat Back,2011.0,eng,Infantil
7030,0786932287,"The Lone Drow (Forgotten Realms: Hunter''s Blades, #2; Legend of Drizzt, #15)",The Lone Drow,2003.0,eng,Fantasía
7031,0670031607,"Why We Suck: A Feel Good Guide to Staying Fat, Loud, Lazy and Stupid","Why We Suck: A Feel Good Guide to Staying Fat, Loud, Lazy and Stupid",2008.0,,Ensayo
7032,2266127748,Bonjour tristesse,Bonjour tristesse,1954.0,fre,Clásicos
7033,1466867507,"Cometh the Hour (The Clifton Chronicles, #6)",Cometh the Hour,2016.0,eng,Ficción
7034,1402792808,A Walk Across the Sun,A Walk Across the Sun,2011.0,eng,Thriller
7035,0575099127,House of Suns,House of Suns,2008.0,eng,Ciencia ficción
7036,9781491231135,"A Shadow of Light (A Shade of Vampire, #4)",,2013.0,eng,Fantasía
7037,1594561753,The Black Cat,The Black Cat,1843.0,eng,Clásicos
7039,1930900244,The Brothers Lionheart,Bröderna Lejonhjärta,1973.0,eng,Infantil
7040,1250010071,Don't Go,,2013.0,eng,Thriller
7041,0749934182,"Loyalty in Death (In Death, #9)",Loyalty in Death,1999.0,eng,Misterio
7042,0739429337,"Q is for Quarry (Kinsey Millhone, #17)","'Q'"" is for Quarry""",2002.0,eng,Misterio
7043,,نادي السيارات,,2013.0,ara,Ficción
7044,0340830107,The Ship of Brides,The Ship of Brides,2005.0,eng,Ficción histórica
7045,0440867576,The Story of Tracy Beaker,The Story of Tracy Beaker,1991.0,eng,Infantil
7046,042520040X,"Generation Kill: Devil Dogs, Iceman, Captain America, and the New Face of American War",Generation Kill,2004.0,eng,No ficción
7047,0747236380,The Servants of Twilight,Twilight,1984.0,eng,Terror
7048,0399155015,"Moscow Rules (Gabriel Allon, #8)",Moscow Rules,2008.0,eng,Thriller
7049,1101874937,Lab Girl,Lab Girl,2016.0,eng,Memorias
7050,0061240885,"Playing with Fire (Skulduggery Pleasant, #2)",Playing with Fire,2008.0,eng,Juvenil
7051,,"Forever with You (Fixed, #3)",,2014.0,,Romántica
7052,0060598328,The Saving Graces,The Saving Graces,1999.0,eng,Ficción
7053,0440222680,Fade Away (Myron Bolitar #3),Fade Away,1996.0,eng,Misterio
7054,0316156299,"Sons of Destiny (Cirque Du Freak, #12)","Sons of Destiny (Cirque Du Freak, Book 12)",2002.0,,Juvenil
7055,0060935499,Amadeus,Amadeus,1979.0,eng,Ficción
7056,078691811X,"The Icewind Dale Trilogy Collector''s Edition (Forgotten Realms: Icewind Dale, #1-3; Legend of Drizzt, #4-6)","The Icewind Dale Trilogy Collector''s Edition (Forgotten Realms: Icewind Dale, #1-3)",2000.0,eng,Fantasía
7057,0312569033,"Monument 14 (Monument 14, #1)",Monument 14,2012.0,eng,Juvenil
7058,0060727217,"The Black Lyon (Montgomery/Taggert, #1)",The Black Lyon,1980.0,eng,Romántica
7059,1594489424,Grace (Eventually): Thoughts on Faith,Grace [Eventually]: Thoughts on Faith,2007.0,eng,Religión y espiritualidad
7060,0307354164,Everyday Food: Great Food Fast,Everyday Food: Great Food Fast,2007.0,eng,Cocina
7061,,"Beautiful Bombshell (Beautiful Bastard, #2.5)",Beautiful Bombshell,2013.0,eng,Romántica
7062,1408319462,"Slated (Slated, #1)",Slated,2012.0,eng,Juvenil
7063,9799731232,Bumi Manusia,Bumi Manusia,1975.0,ind,Ficción histórica
7064,0843958448,"Dark Gold (Dark, #3)",Dark Gold (Dark #3),2000.0,eng,Romántica
7065,0743294394,"206 Bones (Temperance Brennan, #12)",206 Bones,2009.0,eng,Misterio
7066,0375409289,A Gate at the Stairs,A Gate at the Stairs,2009.0,eng,Ficción
7067,,"Hostile Witness (Witness Series, #1)",Hostile Witness,2004.0,eng,Thriller
7068,0140187723,Martin Eden,Martin Eden,1909.0,eng,Clásicos
7069,8370541240,"Wieża Jaskółki (Saga o Wiedźminie, #6)",Wieża Jaskółki,1997.0,pol,Fantasía
7070,0385339526,"Genghis: Lords of the Bow (Conqueror, #2)","Lords of the Bow (Conqueror, #2)",2008.0,eng,Ficción histórica
7071,9781503947870,A Death in Sweden,,2016.0,,Thriller
7072,1401235638,"Wonder Woman, Volume 1: Blood","Wonder Woman, Volume 1: Blood",2012.0,eng,Cómic y novela gráfica
7073,9781531876197,Loving Mr. Daniels,Loving Mr. Daniels,2014.0,eng,Romántica
7074,1904271359,"King Henry IV, Part 1 (Wars of the Roses, #2)",The History of Henry the Fourth,1597.0,eng,Clásicos
7075,0316236535,"Go Away, Big Green Monster!","Go Away, Big Green Monster!",1992.0,eng,Infantil
7076,1427817413,"Deadman Wonderland, Volume 1 (Deadman Wonderland, #1)",デッドマン・ワンダーランド 1,2007.0,eng,Cómic y novela gráfica
7077,1612184650,The Bloodletter's Daughter: A Novel of Old Bohemia,The Bloodletter's Daughter: A Novel of Old Bohemia,2012.0,eng,Ficción histórica
7078,0822210789,Steel Magnolias (DPS Acting Edition),,1988.0,eng,Ficción
7079,0449911942,Rabbit at Rest (Rabbit Angstrom #4),Rabbit at Rest,1990.0,eng,Ficción
7080,0553582909,Icebound,Prison of Ice ,1976.0,eng,Thriller
7081,0688163653,"The Lives of Christopher Chant (Chrestomanci, #2)",The Lives of Christopher Chant,1988.0,,Fantasía
7082,0553383051,Fevre Dream,Fevre Dream,1982.0,eng,Terror
7083,0803725507,Snowmen at Night,Snowmen at Night,2002.0,eng,Infantil
7084,,"Hollywood Dirt (Hollywood Dirt, #1)",Hollywood Dirt,2015.0,eng,Romántica
7085,1478314605,"Futures and Frosting (Chocolate Lovers, #2)",Futures and Frosting,2012.0,eng,Romántica
7086,0451528891,"Common Sense, The Rights of Man and Other Essential Writings",,1776.0,eng,Ensayo
7087,006228553X,The Good Luck of Right Now,The Good Luck of Right Now,2014.0,eng,Ficción
7088,0375424482,"The Miracle at Speedy Motors (No.1 Ladies'' Detective Agency, #9)",The Miracle at Speedy Motors ,2008.0,eng,Misterio
7089,0142002046,"Goldfinger (James Bond, #7)",Goldfinger,1959.0,eng,Thriller
7090,3746611091,"Nana (Les Rougon-Macquart, #9)",Nana,1880.0,ger,Clásicos
7091,1442454148,"Rise of the Elgen (Michael Vey, #2)",Rise of the Elgen,2012.0,eng,Juvenil
7093,0307356361,The Abstinence Teacher,The Abstinence Teacher,2007.0,,Ficción
7094,,"No Man''s Land (John Puller, #4)",No Man's Land,2016.0,eng,Thriller
7095,0812541626,The Runelords (Runelords #1),The Sum of All Men,1998.0,eng,Fantasía
7096,0241963745,The Other Typist,The Other Typist,2013.0,eng,Misterio
7097,,"Welcome to Shadowhunter Academy (Tales from the Shadowhunter Academy, #1)",,2015.0,eng,Juvenil
7098,2290011150,Alien,Alien,1979.0,eng,Ciencia ficción
7099,0399157077,"The Sentry (Elvis Cole, #14; Joe Pike, #3)",The Sentry,2011.0,eng,Thriller
7100,1456527738,"Sempre (Sempre, #1)",Sempre,2014.0,eng,Romántica
7101,042527067X,"Magic Shifts (Kate Daniels, #8)",Magic Shifts,2015.0,eng,Fantasía
7102,0553573764,Mariana,Mariana,1994.0,,Ficción histórica
7103,0141311428,Going Solo,Going Solo,1986.0,eng,Memorias
7104,0786838825,"Clementine (Clementine, #1)","Clementine (Clementine, #1)",2006.0,eng,Infantil
7105,1841498874,"The Dragon''s Path (The Dagger and the Coin, #1)",The Dragon's Path,2011.0,eng,Fantasía
7106,0151686564,Old Possum's Book of Practical Cats,Old Possum's Book of Practical Cats,1939.0,eng,Poesía
7107,1471132978,"The Taming of the Queen (The Plantagenet and Tudor Novels, #11)",The Taming of the Queen,2015.0,eng,Ficción histórica
7108,9781483023038,The Pecan Man,,2012.0,,Ficción
7109,1565849930,"The Man Who Smiled (Kurt Wallander, #4)",Mannen som log,1994.0,eng,Misterio
7110,1931514607,"Paradise Kiss, Vol. 1 (Paradise Kiss, #1)",Paradise Kiss 1,2000.0,eng,Cómic y novela gráfica
7133,0345516532,Under the Wide and Starry Sky,Under the Wide and Starry Sky,2014.0,eng,Ficción histórica
7111,1591842247,Talent is Overrated: What Really Separates World-Class Performers from Everybody Else,Talent Is Overrated: What Really Separates World-Class Performers from Everybody Else,2008.0,eng,Negocios
7112,0312947062,One Silent Night (Dark-Hunter #15),One Silent Night,2008.0,eng,Romántica
7113,0743468406,"The Warrior''s Apprentice (Vorkosigan Saga, #2)",The Warrior's Apprentice,1986.0,eng,Ciencia ficción
7114,,عابر سرير,عابر سرير,2003.0,ara,Ficción
7115,0805017224,The Complete Phantom of the Opera,The Complete Phantom of the Opera,1987.0,eng,Música
7116,0810993236,"The Unusual Suspects (The Sisters Grimm, #2)",The Unusual Suspects,2005.0,eng,Infantil
7117,0060608528,Life Together: The Classic Exploration of Christian Community,Gemeinsames Leben,1939.0,,Religión y espiritualidad
7118,0345418484,"White Gold Wielder (The Second Chronicles of Thomas Covenant, #3)",The White Gold Wielder,1983.0,eng,Fantasía
7119,0345334310,"The Ship Who Sang (Brainship, #1)",The Ship Who Sang,1969.0,eng,Ciencia ficción
7120,076537708X,"The Dark Forest (Remembrance of Earth’s Past, #2)",黑暗森林,2008.0,eng,Ciencia ficción
7121,1841499005,"Blackout (Newsflesh Trilogy, #3)",Blackout,2012.0,eng,Ciencia ficción
7122,1455500135,"Cold Vengeance (Pendergast, #11)",Cold Vengance,2011.0,,Thriller
7123,0425153975,The Eyes of Darkness,The Eyes of Darkness,1981.0,eng,Thriller
7124,0451456726,"Heir to the Shadows (The Black Jewels, #2)",Heir to the Shadows,1999.0,eng,Fantasía
7125,1492103748,"Tears of Tess (Monsters in the Dark, #1)",,2013.0,eng,Romántica
7127,044661002X,"Kushiel''s Scion (Imriel''s Trilogy, #1)",Kushiel's Scion,2006.0,eng,Fantasía
7128,0441010644,Chasm City,Chasm City,2001.0,eng,Ciencia ficción
7129,0230744273,"The Lost Child of Philomena Lee: A Mother, Her Son and a 50 Year Search","The Lost Child of Philomena Lee: A Mother, Her Son And A Fifty Year Search",2009.0,eng,Biografía
7130,0545010306,Let's Pretend This Never Happened (Dear Dumb Diary #1),Let's Pretend This Never Happened (Dear Dumb Diary #1),2004.0,,Infantil
7131,0786868910,"Breaking Night: A Memoir of Forgiveness, Survival, and My Journey from Homeless to Harvard","Breaking Night: A Memoir of Forgiveness, Survival, and My Journey from Homeless to Harvard",2010.0,eng,Memorias
7132,0399157034,"Treachery in Death (In Death, #32)",Treachery in Death,2011.0,eng,Thriller
7134,,"Blood Rites (The Grey Wolves, #2)",Blood Rites ,2011.0,eng,Fantasía
7135,0143039571,The Adventures of Augie March,The Adventures of Augie March,1953.0,,Clásicos
7136,,"Carter Reed (Carter Reed, #1)",Carter Reed,2013.0,eng,Romántica
7137,0743225082,"Man and Boy (Harry Silver, #1)",Man and Boy,1999.0,eng,Ficción
7138,0330353829,The Memoirs of Cleopatra,The Memoirs of Cleopatra,1997.0,eng,Ficción histórica
7139,0345505514,"The Jefferson Key (Cotton Malone, #7)",The Jefferson Key,2011.0,eng,Thriller
7140,0345808002,All My Puny Sorrows,All My Puny Sorrows,2014.0,eng,Ficción
7141,0804138567,Bittersweet,Bittersweet,2014.0,eng,Ficción
7142,0553341030,In Search of Schrödinger's Cat: Quantum Physics and Reality,In Search of Schrödinger's Cat : Quantum Physics And Reality,1984.0,eng,Ciencia
7143,0765357054,"The Keep (Adversary Cycle, #1)",The Keep ,1981.0,eng,Terror
7144,0316101877,"Middle School: The Worst Years of My Life (Midde School, #1)",,2011.0,eng,Juvenil
7145,0446603775,"Dawn (Xenogenesis, #1)",Dawn,1987.0,eng,Ciencia ficción
7146,0553383663,"The Google Story: Inside the Hottest Business, Media, and Technology Success of Our Time","The Google Story: Inside the Hottest Business, Media, and Technology Success of Our Time",2006.0,,Negocios
7147,1933633638,Every Man Dies Alone,Jeder stirbt für sich allein,1947.0,eng,Ficción histórica
7148,0698410424,"Rebel of the Sands (Rebel of the Sands, #1)",Rebel of the Sands,2016.0,eng,Fantasía
7149,0441005667,"Forever Peace (The Forever War, #2)",Forever Peace ,1997.0,eng,Ciencia ficción
7150,0425178579,"Betrayal in Death (In Death, #12)",Betrayal in Death,2001.0,eng,Thriller
7151,0440351839,Man and His Symbols,Man and His Symbols,1964.0,eng,Psicología
7152,159038363X,"Pillar of Light (The Work and the Glory, #1)","The Work and the Glory, Vol. 1: Pillar of Light",1994.0,,Ficción histórica
7153,0545208858,"The Cloud Searchers (Amulet, #3)",Amulet: Book Three: The Cloud Searchers,2010.0,eng,Cómic y novela gráfica
7154,1501126229,Lily and the Octopus,Lily and the Octopus,2016.0,eng,Ficción
7155,061870986X,In the Lake of the Woods,In the Lake of the Woods,1994.0,eng,Ficción
7156,0312949820,"Tempt Me at Twilight (The Hathaways, #3)",Tempt Me at Twilight,2009.0,eng,Romántica
7157,1402798431,"Tiger''s Destiny (The Tiger Saga, #4)",Tiger's Destiny,2012.0,eng,Fantasía
7158,0440222702,Back Spin (Myron Bolitar #4),Back Spin,1997.0,eng,Misterio
7159,0380808080,"This Heart of Mine (Chicago Stars, #5)",This Heart of Mine,2000.0,eng,Romántica
7160,1937053415,"Elixir (Covenant, #3.5)",Elixir,2012.0,,Fantasía
7161,0571297889,Apple Tree Yard,Apple Tree Yard,2013.0,eng,Thriller
7162,2841873900,The Ice Limit (Ice Limit #1),The Ice Limit,2000.0,fre,Thriller
7163,,"Twisted (Tangled, #2)",Twisted,2014.0,eng,Romántica
7164,0316127191,"Heartless (Parasol Protectorate, #4)",Heartless,2011.0,eng,Fantasía
7165,0764200119,"When Calls the Heart (Canadian West, #1)",When Calls the Heart,1983.0,eng,Romántica
7166,0062224859,Big Girl Panties,,2013.0,eng,Romántica
7167,0671870114,Saving Grace,Saving Grace,1993.0,eng,Romántica
7168,0312605382,"Married By Morning (The Hathaways, #4)",Married By Morning,2010.0,eng,Romántica
7169,1400041988,Pnin,Pnin,1953.0,eng,Clásicos
7170,0345322231,"Being a Green Mother (Incarnations of Immortality, #5)","Being a Green Mother (Incarnations of Immortality, #5)",1987.0,eng,Fantasía
7171,1905294964,"The Inkheart Trilogy: Inkheart, Inkspell, Inkdeath (Inkworld, #1-3)",Inkheart,1990.0,eng,Juvenil
7172,1419176528,The Overcoat,Шинель,1842.0,,Clásicos
7173,4770019572,Musashi,宮本武蔵 Miyamoto Musashi,1935.0,eng,Ficción histórica
7174,0545052424,"Finally (Willow Falls, #2)",Finally,2010.0,,Juvenil
7175,0385532458,Ford County,Ford County,2008.0,eng,Ficción
7176,0140436030,The Monk,The Monk,1796.0,eng,Clásicos
7177,0399168796,"Gathering Prey (Lucas Davenport, #25)",Gathering Prey,2015.0,,Thriller
7178,0345522028,Songs of Willow Frost,Songs of Willow Frost,2013.0,eng,Ficción histórica
7179,0312340702,"Jar City (Inspector Erlendur, #3)",Mýrin,2000.0,eng,Misterio
7180,0743437810,"The Vanished Man (Lincoln Rhyme, #5)",The Vanished Man,2003.0,eng,Thriller
7181,0399256156,One for the Murphys,,2012.0,eng,Juvenil
7182,0310211883,"Fresh Wind, Fresh Fire: What Happens When God''s Spirit Invades the Heart of His People","Fresh Wind, Fresh Fire",1997.0,,Religión y espiritualidad
7183,0062128027,"The Madman’s Daughter (The Madman’s Daughter, #1)",The Madman’s Daughter,2013.0,eng,Juvenil
7184,0316211222,"Second Honeymoon (Honeymoon, #2)",Second Honeymoon,2013.0,eng,Thriller
7185,,"Hero (Hero, #1)",Hero,2015.0,eng,Romántica
7186,0786891122,Brain Droppings,Brain Droppings,1997.0,eng,Ensayo
7187,0345371984,Last Chance to See,Last Chance to See,1990.0,,Viajes
7188,0439903440,"Swindle (Swindle, #1)",Swindle,2008.0,eng,Juvenil
7189,1596436239,Relish: My Life in the Kitchen,,2013.0,eng,Cómic y novela gráfica
7190,0803739095,What I Thought Was True,What I Thought Was True,2014.0,eng,Juvenil
7191,613321368X,Pretty Little Liars (TV Series),,,eng,Desconocido
7192,0062081861,"Ruthless (Pretty Little Liars, #10)",Ruthless,2011.0,eng,Juvenil
7193,0399162178,The Secret Life of Violet Grant,The Secret Life of Violet Grant,2014.0,eng,Ficción histórica
7194,0425213617,"Wicked Ties (Wicked Lovers, #1)",Wicked Ties,2007.0,eng,Romántica
7195,043984665X,"Charlie Bone and the Beast (The Children of the Red King, #6)","Charlie Bone and the Beast (The Children of the Red King, # 6)",2007.0,eng,Juvenil
7196,,The Baller: A Down and Dirty Football Novel,The Baller: A Down and Dirty Football Novel,2016.0,eng,Romántica
7197,0765336413,"The Providence of Fire (Chronicle of the Unhewn Throne, #2)",The Providence of Fire,2015.0,eng,Fantasía
7198,0300115466,Existentialism Is a Humanism,L'Existentialisme est un humanisme ,1946.0,eng,Ensayo
7199,0679456201,My Life on the Road,My Life on the Road,2015.0,eng,Memorias
7200,159184312X,Making Ideas Happen: Overcoming the Obstacles Between Vision and Reality,,2010.0,,Negocios
7201,0061767603,"Sweet Little Lies (L.A. Candy, #2)",Sugar and Spice,2010.0,eng,Juvenil
7202,,"Remy (Real, #3)",,2013.0,eng,Romántica
7203,,"Rock Chick Revenge (Rock Chick, #5)",,2011.0,eng,Romántica
7204,0439643635,The Little Match Girl,Den Lille Pige med Svovlstikkerne,1845.0,eng,Infantil
7205,0156031566,The Places in Between,The Places In Between,2004.0,eng,Viajes
7206,0425280101,"Stars of Fortune (The Guardians Trilogy, #1)",Stars of Fortune,2015.0,eng,Romántica
7207,0062123742,I Suck at Girls,,2012.0,,Memorias
7208,0425205967,"Cat Among the Pigeons (Hercule Poirot, #32)",Cat Among the Pigeons,1959.0,eng,Misterio
7209,0385535309,Paris,Paris,2013.0,eng,Ficción histórica
7210,0486270645,The Necklace and Other Short Stories,The Necklace and Other Short Stories,1884.0,eng,Clásicos
7211,0446694258,Void Moon,Void Moon,1999.0,eng,Thriller
7212,0543895882,Captains Courageous,Captains Courageous,1897.0,eng,Clásicos
7213,,"Shadow Prey (Lucas Davenport, #2)",,1990.0,eng,Thriller
7214,8466302204,Violin,Violin,1997.0,eng,Terror
7215,1250076420,The Forgetting Time,The Forgetting Time,2016.0,eng,Ficción
7216,141694737X,Dear Zoo: A Lift-the-Flap Book,,,,Infantil
7217,1421501708,"Death Note, Vol. 3: Hard Run (Death Note, #3)",デスノート #3 (Desu Nōto) Gekisō (激走),2004.0,eng,Cómic y novela gráfica
7218,0399256180,"The Lost Stories (Ranger''s Apprentice, #11)",The Lost Stories,2011.0,eng,Juvenil
7219,,"Deep Down (Jack Reacher, #16.5)","Deep Down (Jack Reacher, #16.5)",2012.0,eng,Thriller
7220,1921794097,Saving June,Saving June,2011.0,eng,Juvenil
7221,0451475496,"Eeny Meeny (Helen Grace, #1)",Eeny Meeny,2014.0,eng,Thriller
7222,1250003334,"Of Triton (The Syrena Legacy, #2)",,2013.0,eng,Fantasía
7223,0553807722,What the Night Knows,What the Night Knows,2010.0,eng,Terror
7224,,"Knight & Play (Knight, #1)",Knight & Play,2012.0,eng,Romántica
7225,,"Queen of Fire (Raven''s Shadow, #3)",Queen of Fire,2015.0,eng,Fantasía
7226,0345418468,"The Wounded Land (The Second Chronicles of Thomas Covenant, #1)",The Wounded Land,1979.0,,Fantasía
7227,0679736395,Darkness Visible: A Memoir of Madness,Darkness Visible: A Memoir of Madness,1990.0,,Memorias
7228,1451657706,In the Shadow of the Banyan,In the Shadow of the Banyan,2012.0,,Ficción histórica
7229,0374379939,Dead End in Norvelt,,2011.0,eng,Juvenil
7230,1439147973,"Spider''s Bite (Elemental Assassin, #1)",Spider's Bite,2010.0,eng,Fantasía
7231,0486277909,Self-Reliance and Other Essays,Self-Reliance and Other Essays,1844.0,eng,Ensayo
7232,0312420331,Crash,Crash,1973.0,eng,Ficción
7233,0380811960,How to Talk So Kids Will Listen & Listen So Kids Will Talk,How to Talk So Teens Will Listen and Listen So Teens Will Talk,1979.0,eng,Autoayuda
7234,0879101369,Fiddler on the Roof,Fiddler On the Roof: Based on Sholom Aleichem's Stories,1964.0,eng,Música
7235,1459245954,"Afterburn (Jax & Gia, #1)",Afterburn,2013.0,eng,Romántica
7236,0385732953,"All-of-a-Kind Family (All-of-a-Kind Family, #1)",All-of-a-Kind Family,1951.0,eng,Infantil
7237,0525953183,Influx,Influx,2014.0,eng,Ciencia ficción
7238,0345396553,"Ilse Witch (Voyage of the Jerle Shannara, #1)",Ilse Witch ,2000.0,eng,Fantasía
7239,0375701044,Personal History,Personal History,1997.0,eng,Memorias
7240,,"The Dry (Aaron Falk, #1)",The Dry,2017.0,eng,Misterio
7241,0312983271,Full House (Full #1),Full House,1981.0,eng,Romántica
7242,0806501901,The Broken Wings,الأجنحة المتكسرة,1912.0,eng,Ficción
7243,0446554995,"Two Graves (Pendergast, #12)",Two Graves,2012.0,,Thriller
7244,0062116851,"Blood of Dragons (Rain Wild Chronicles, #4)",Blood of Dragons,2013.0,eng,Fantasía
7245,0450837319,A Bridge Too Far,A Bridge Too Far,1974.0,eng,Historia
7246,0060540745,Loser,Loser,2002.0,eng,Juvenil
7247,0752860550,"Sepulchre (Languedoc, #2)",Sepulchre,2007.0,eng,Thriller
7248,0061714313,"Kill the Dead (Sandman Slim, #2)",,2010.0,eng,Fantasía
7249,0812992180,Vagabonding: An Uncommon Guide to the Art of Long-Term World Travel,Vagabonding: An Uncommon Guide to the Art of Long-Term World Travel,2002.0,eng,Viajes
7250,0425247546,"Kiss the Dead (Anita Blake, Vampire Hunter #21)",Kiss the Dead,2012.0,eng,Fantasía
7251,0684804522,The Garden of Eden,The Garden of Eden,1985.0,eng,Ficción
7252,0425219437,"Sweet Surrender (Sweet, #1)","Sweet Surrender (Sweet Series, #1)",2008.0,eng,Romántica
7253,0345418476,"The One Tree (The Second Chronicles of Thomas Covenant, #2)",The One Tree,1982.0,eng,Fantasía
7254,0836217691,Homicidal Psycho Jungle Cat: A Calvin and Hobbes Collection,Homicidal Psycho Jungle Cat: A Calvin and Hobbes Collection,1994.0,eng,Cómic y novela gráfica
7255,,"Surrender Your Love (Surrender Your Love, #1)",Surrender Your Love,2013.0,eng,Romántica
7256,9781482962246,CyberStorm,CyberStorm,2013.0,eng,Thriller
7257,0743406567,Fargo Rock City: A Heavy Metal Odyssey in Rural North Dakota,Fargo Rock City: A Heavy Metal Odyssey in Rural North Dakota,2001.0,eng,Memorias
7258,0886775981,"To Green Angel Tower, Part 1 (Memory, Sorrow, and Thorn, #3; Part 1)",To Green Angel Tower (Siege),1993.0,eng,Fantasía
7259,0307589676,"I Am Nujood, Age 10 and Divorced","Moi Nojoud, 10 ans, divorcée",2009.0,eng,Memorias
7260,0345376048,The Feast of All Saints,The Feast of All Saints,1979.0,eng,Ficción histórica
7261,0316033979,To Rise Again at a Decent Hour,To rise again at a decent hour,2014.0,eng,Ficción
7262,0571199976,Proof,Proof: A Play,2000.0,eng,Ficción
7263,0441653049,"The Past Through Tomorrow (Future History, #1-21)",The Past through Tomorrow,1967.0,eng,Ciencia ficción
7264,0394720954,"Master of the Senate (The Years of Lyndon Johnson, #3)",Master of the Senate,2002.0,eng,Biografía
7265,,"Saint Odd (Odd Thomas, #7)",Saint Odd,2015.0,eng,Terror
7266,037581423X,The Wonderful Story of Henry Sugar and Six More,The Wonderful Story Of Henry Sugar And Six More,1977.0,eng,Infantil
7267,0802757693,"Real Murders (Aurora Teagarden, #1)",,1990.0,eng,Misterio
7268,0399157212,"Port Mortuary (Kay Scarpetta, #18)",Port Mortuary,2010.0,eng,Thriller
7269,0449912450,Arch of Triumph: A Novel of a Man Without a Country,Arc de Triomphe,1945.0,,Ficción
7270,1563890976,The Death of Superman,The Death of Superman,1993.0,eng,Cómic y novela gráfica
7271,1841959111,The Raw Shark Texts,The Raw Shark Texts,2007.0,eng,Ficción
7272,1423160924,"The Hammer of Thor (Magnus Chase and the Gods of Asgard, #2)",The Hammer of Thor,2016.0,eng,Juvenil
7274,0553295411,"Fire Sea (The Death Gate Cycle, #3)",Fire Sea,1991.0,eng,Fantasía
7275,0743236718,"Far from the Tree: Parents, Children, and the Search for Identity","Far from the Tree: Parents, Children, and the Search for Identity",2012.0,eng,No ficción
7276,0679826424,"Junie B. Jones and the  Stupid Smelly Bus (Junie B. Jones, #1)",Junie B. Jones and the Stupid Smelly Bus,1992.0,eng,Infantil
7277,0060882867,The Autumn of the Patriarch,El otoño del patriarca,1975.0,eng,Clásicos
7278,0007201788,"Bones of the Hills (Conqueror, #3)",Bones of the Hills,2008.0,eng,Ficción histórica
7279,0307957241,Hallucinations,Hallucinations,1995.0,eng,Ciencia
7280,0385344414,"Burned (Fever, #7)",Burned,2015.0,eng,Fantasía
7281,9798407267133,The Murders in the Rue Morgue,The Murders in the Rue Morgue,1841.0,eng,Clásicos
7282,0451458222,The Summer Tree (The Fionavar Tapestry #1),The Summer Tree,1984.0,eng,Fantasía
7283,0064400964,"Betsy-Tacy (Betsy-Tacy, #1)",Betsy-Tacy,1940.0,eng,Infantil
7284,0316014559,Sweethearts,Sweethearts,2008.0,eng,Juvenil
7285,0434017841,The Monsters of Templeton,The Monsters of Templeton,2008.0,eng,Ficción
7286,0425263150,"Midnight Crossroad (Midnight, Texas, #1)",Midnight Crossroad,2014.0,eng,Misterio
7287,0553584707,"Catering to Nobody (A Goldy Bear Culinary Mystery, #1)",Catering to Nobody,1990.0,eng,Misterio
7288,0373210574,"The Lost Prince (The Iron Fey: Call of the Forgotten, #1)",The Lost Prince,2012.0,eng,Fantasía
7289,0743294386,"Devil Bones (Temperance Brennan, #11)",Devil Bones,2008.0,eng,Misterio
7290,0517223007,From Here to Eternity,From Here to Eternity,1951.0,eng,Clásicos
7291,1401911846,Change Your Thoughts - Change Your Life: Living the Wisdom of the Tao,Change Your Thoughts - Change Your Life: Living the Wisdom of the Tao,1899.0,eng,Autoayuda
7292,0446693790,"Dude, Where''s My Country?","Dude, Where''s My Country?",2003.0,eng,Ensayo
7293,0345412214,The Last Don,The Last Don,1996.0,eng,Ficción
7294,,محال,محال,2012.0,ara,Ficción
7295,0060724501,"Ready or Not (All-American Girl, #2)",Ready or Not,2005.0,eng,Juvenil
7296,0743453026,"Cross Bones (Temperance Brennan, #8)",Cross Bones,2005.0,,Misterio
7297,0809015803,All But My Life: A Memoir,All But My Life,1959.0,eng,Memorias
7298,0688143202,Rikki-Tikki-Tavi,Rikki-Tikki-Tavi,1894.0,,Clásicos
7299,1401218377,"All-Star Superman, Vol. 2","All-Star Superman, Vol. 2",2009.0,eng,Cómic y novela gráfica
7300,0553805444,The World of Ice & Fire: The Untold History of Westeros and the Game of Thrones,The World of Ice and Fire,2014.0,eng,Fantasía
7301,0380820854,"To Sir Phillip, With Love (Bridgertons, #5)","To Sir Phillip, With Love",2003.0,eng,Romántica
7302,140009769X,Miracle in the Andes,Miracle in the Andes: 72 Days on the Mountain and My Long Trek Home,2006.0,,Memorias
7303,1484148037,"Lost & Found (Lost & Found, #1)",,2013.0,eng,Romántica
7304,0689839103,"Among the Barons (Shadow Children, #4)",Among the Barons,2003.0,eng,Juvenil
7305,0803740816,The War that Saved My Life (The War That Saved My Life #1),,2015.0,eng,Juvenil
7306,0439568420,"Say Cheese and Die! (Goosebumps, #4)",Say Cheese and Die!,1992.0,eng,Juvenil
7307,0060932309,"Sharpe''s Tiger (Sharpe, #1)",Sharpe's Tiger,1997.0,eng,Ficción histórica
7308,0060837640,Jinx,Jinx,2007.0,eng,Juvenil
7309,0141181737,Death in Venice and Other Tales,Der Tod in Venedig,1911.0,eng,Clásicos
7310,0345539931,"As Chimney Sweepers Come to Dust (Flavia de Luce, #7)",As Chimney Sweepers Come to Dust ,2015.0,eng,Misterio
7311,0312421990,What Was She Thinking? [Notes on a Scandal],Notes on a Scandal,2003.0,eng,Ficción
7312,045147516X,"The Beast (Black Dagger Brotherhood, #14)",The Beast,2016.0,eng,Romántica
7313,0425193942,"Sullivan''s Island (Lowcountry Tales, #1)",Sullivan's Island,1999.0,eng,Ficción
7314,1892213753,"Cardcaptor Sakura: Master of the Clow, Vol. 1 (Cardcaptor Sakura, #7)",カードキャプターさくら 7 [Cardcaptor Sakura 7],1998.0,eng,Cómic y novela gráfica
7315,1460995457,"The Soulkeepers (The Soulkeepers, #1)",The Soulkeepers (The Soulkeepers #1),2011.0,eng,Fantasía
7316,0446611913,Up Country,Up Country,2002.0,,Thriller
7317,0439636485,Private Peaceful,Private Peaceful,2003.0,eng,Juvenil
7318,0425215679,"Her Royal Spyness (Her Royal Spyness Mysteries, #1)",Her Royal Spyness (Her Royal Spyness Mysteries #1),2007.0,eng,Misterio
7319,,"Gunmetal Magic (Kate Daniels, #5.5)",Gunmetal Magic,2012.0,eng,Fantasía
7320,,"Half a War (Shattered Sea, #3)",Half a War,2015.0,eng,Fantasía
7321,,"Rock Chick Renegade (Rock Chick, #4)",,2011.0,eng,Romántica
7322,,"The Marriage Mistake (Marriage to a Billionaire, #3)",The Marriage Mistake,2012.0,eng,Romántica
7323,0694006513,Jamberry,Jamberry,1982.0,,Infantil
7324,0385670516,"Darkest Powers Trilogy (Darkest Powers, #1-3)","Darkest Powers Trilogy (Darkest Powers, #1-3)",2009.0,eng,Juvenil
7325,0812570812,"Rhapsody: Child of Blood (Symphony of Ages, #1)",Rhapsody: Child of Blood,1999.0,eng,Fantasía
7326,0553278118,Doctors,Doctors,1988.0,eng,Ficción
7327,1566562937,Samarkand,Samarcande,1988.0,eng,Ficción histórica
7328,0399156879,"Indulgence in Death (In Death, #31)",Indulgence in Death,2010.0,eng,Thriller
7329,0316230812,We Need New Names,We Need New Names,2013.0,eng,Ficción
7330,0307021521,The Little Red Caboose (Little Golden Book),The Little Red Caboose (Little Golden Book),1953.0,,Infantil
7331,0451226801,Pretty in Plaid,"Pretty in Plaid: A Life, a Witch, and a Wardrobe, or, the Wonder Years Before the Condescending, Egomanical, Self-Centered Smart-Ass Phase",2009.0,eng,Memorias
7332,0875421180,Wicca: A Guide for the Solitary Practitioner,Wicca: A Guide for the Solitary Practitioner,1988.0,eng,Religión y espiritualidad
7334,0330425781,Graffiti Moon,Graffiti Moon,2010.0,eng,Juvenil
7335,0688040454,Mufaro's Beautiful Daughters: An African Tale,Mufaro's Beautiful Daughters: An African Tale,1986.0,eng,Infantil
7336,0380818612,"Paladin of Souls (World of the Five Gods, #2)",Paladin of Souls,2003.0,eng,Fantasía
7337,0670024961,Mastery,Mastery,2012.0,,Autoayuda
7338,0743422007,"God Bless You, Dr. Kevorkian","God Bless You, Dr. Kevorkian",1999.0,eng,Ficción
7339,1416551050,A Homemade Life: Stories and Recipes from My Kitchen Table,A Homemade Life: Stories and Recipes from My Kitchen Table,2009.0,eng,Cocina
7340,0618007016,The Three Pigs,The Three Pigs,2001.0,eng,Infantil
7341,1400078393,Learned Optimism: How to Change Your Mind and Your Life,Learned Optimism: How to Change Your Mind and Your Life,1990.0,eng,Psicología
7342,0061779849,"Desires of the Dead (The Body Finder, #2)",Desires of the Dead,2011.0,eng,Juvenil
7343,0590462253,The Littles,The Littles,1967.0,,Infantil
7344,0064440192,Amelia Bedelia and the Surprise Shower,Amelia Bedelia and the Surprise Shower,1966.0,eng,Infantil
7345,0689851324,"Homecoming (Tillerman Cycle, #1)","Homecoming (Tillerman Family, #1)",1981.0,eng,Juvenil
7346,0440240972,"Spell of the Highlander (Highlander, #7)",Spell of the Highlander ,2005.0,eng,Romántica
7347,0553563696,"The Hand of Chaos (The Death Gate Cycle, #5)",The Hand of Chaos,1993.0,eng,Fantasía
7348,0440225442,One False Move (Myron Bolitar #5),One False Move,1998.0,eng,Thriller
7349,0380000830,The Guns of Avalon (The Chronicles of Amber #2),The Guns of Avalon,1972.0,eng,Fantasía
7350,0435124773,The Great Gilly Hopkins,The Great Gilly Hopkins,1978.0,eng,Juvenil
7351,0425199320,"Trojan Odyssey (Dirk Pitt, #17)",Trojan Odyssey,2003.0,eng,Aventura
7352,0345338545,Follow the River,Follow the River,1981.0,eng,Ficción histórica
7353,0743484908,Measure for Measure,Measure for Measure,1603.0,eng,Clásicos
7355,1423176375,All Our Yesterdays,All Our Yesterdays,2013.0,eng,Ciencia ficción
7356,0544025830,Coming Clean,,2013.0,eng,Memorias
7357,0141009829,Forever Amber ,Forever Amber,1944.0,eng,Ficción histórica
7358,0375868704,"The Emerald Atlas (The Books of Beginning, #1)",The Emerald Atlas,2011.0,eng,Juvenil
7359,0241144159,Swing Time,Swing Time,2016.0,eng,Ficción
7360,0805073663,In Harm's Way: The Sinking of the U.S.S. Indianapolis and the Extraordinary Story of Its Survivors,In Harm's Way: The Sinking of the U.S.S. Indianapolis and the Extraordinary Story of Its Survivors,2001.0,,Historia
7361,1598163221,"Chibi Vampire, Vol. 01",Karin,2003.0,eng,Cómic y novela gráfica
7362,0525425888,Everything Leads to You,Everything Leads to You,2014.0,eng,Juvenil
7363,0316058297,Jeremy Fink and the Meaning of Life,Jeremy Fink and the Meaning of Life,2006.0,eng,Juvenil
7364,0399237321,"Thank You, Mr. Falker","Thank You, Mr. Falker",1998.0,eng,Infantil
7365,0399158448,The Peripheral,The Peripheral,2014.0,eng,Ciencia ficción
7366,0307269760,Too Much Happiness,Too Much Happiness,2009.0,eng,Ficción
7367,162266910X,"Tempting the Best Man (Gamble Brothers, #1)",Tempting the Best Man,2012.0,eng,Romántica
7368,,"Captive Prince: Volume Two (Captive Prince, #2)",Prince's Gambit,2015.0,eng,Fantasía
7369,0373605692,"The Siren (The Original Sinners, #1)",The Siren,2012.0,,Romántica
7370,0743263065,Ironweed,Ironweed,1983.0,eng,Ficción
7371,0345505670,"Deception (Alex Delaware, #25)",Deception,2009.0,eng,Thriller
7372,0141019999,Stupid White Men,Stupid white men and other sorry excuses for the state of the nation,2001.0,eng,Ensayo
7373,1408857901,"A Court of Wings and Ruin (A Court of Thorns and Roses, #3)",A Court of Wings and Ruin,2017.0,eng,Fantasía
7374,0007302142,"The Faceless Ones (Skulduggery Pleasant, #3)",The Faceless Ones,2008.0,eng,Juvenil
7375,0618658947,The Great Railway Bazaar,The Great Railway Bazaar: By Train Through Asia ,1969.0,eng,Viajes
7376,1439192987,"Black List (Scot Harvath, #11)",Black List,2012.0,eng,Thriller
7377,1563894815,"Transmetropolitan, Vol. 2: Lust for Life (Transmetropolitan, #2)","Transmetropolitan, Vol. 2: Lust for Life",1999.0,eng,Cómic y novela gráfica
7378,0441013651,"The Atrocity Archives (Laundry Files, #1)",The Atrocity Archives,2004.0,eng,Ciencia ficción
7379,0786888016,The Pleasure of My Company,The Pleasure of My Company,2003.0,eng,Ficción
7380,0143036432,"Dark Fire (Matthew Shardlake, #2)",Dark Fire,2004.0,eng,Ficción histórica
7381,,"Beautiful Beginning (Beautiful Bastard, #3.5)",,2013.0,eng,Romántica
7383,0142401420,"Outcast of Redwall (Redwall, #8)",Outcast of Redwall,1995.0,eng,Juvenil
7384,0385341067,Mister Pip,Mister Pip,2006.0,eng,Ficción
7385,030723827X,Giada's Family Dinners,Giada's Family Dinners,2006.0,,Cocina
7386,1559362766,Doubt,Doubt: A Parable,2005.0,,Ficción
7387,0142409863,"Book of Shadows (Sweep, #1)",Book of Shadows,2001.0,eng,Juvenil
7388,0312348266,"Secrets of a Shoe Addict (Shoe Addict, #2)",Secrets of a shoe addict,2008.0,,Romántica
7389,147679250X,"After We Fell (After, #3)",After We Fell,2014.0,eng,Romántica
7390,1442152613,Elizabeth Street,Elizabeth Street,2006.0,eng,Ficción histórica
7391,,"The Assassin and the Pirate Lord (Throne of Glass, #0.1)",The Assassin and the Pirate Lord,2012.0,eng,Fantasía
7392,0143037579,Fear and Trembling,Frygt og Bæven,1843.0,eng,Religión y espiritualidad
7393,044023803X,"Hawksong (The Kiesha''ra, #1)",Hawksong,2003.0,eng,Fantasía
7394,0333725034,"The Naked God (Night''s Dawn, #3)",The Naked God ,1999.0,,Ciencia ficción
7395,0060266880,"Come Back, Amelia Bedelia","Come Back, Amelia Bedelia",1971.0,,Infantil
7396,0671726528,Kon-Tiki: Across The Pacific In A Raft,Kon-Tiki Ekspedisjonen,1948.0,eng,Viajes
7397,1594487294,How to Get Filthy Rich in Rising Asia,How to Get Filthy Rich in Rising Asia,2013.0,eng,Ficción
7398,0143039822,Relativity: The Special and the General Theory,Über die spezielle und die allgemeine Relativitätstheorie,1916.0,eng,Ciencia
7399,006098824X,Getting Over It,Getting Over It,2000.0,,Ficción
7401,055337849X,The Brothers K,The Brothers K,1992.0,eng,Ficción
7402,0307591565,The Happiness Advantage: The Seven Principles of Positive Psychology That Fuel Success and Performance at Work,The Happiness Advantage: The Seven Principles of Positive Psychology That Fuel Success and Performance at Work,2010.0,,Autoayuda
7403,0765330539,"A Dog''s Journey (A Dog''s Purpose, #2)",A Dog's Journey: Another Novel for Humans,2012.0,eng,Ficción
7404,0525952470,The Meaning of Marriage: Facing the Complexities of Commitment with the Wisdom of God,,2011.0,eng,Religión y espiritualidad
7405,1401225667,Batman & Robin: Batman Reborn,Batman & Robin: Batman Reborn,2010.0,eng,Cómic y novela gráfica
7406,1421501201,"MeruPuri, Vol. 1 (MeruPuri, #1)",めるぷり メルヘン☆プリンス 1,2002.0,eng,Cómic y novela gráfica
7407,0156029588,The Flanders Panel,La tabla de Flandes,1990.0,eng,Misterio
7408,0823404420,The Princess and the Pea,Prinsessen på ærten,1835.0,,Infantil
7409,0684842505,The Short Stories,The Short Stories of F. Scott Fitzgerald,1920.0,eng,Clásicos
7410,067172939X,"Dark Angel (Casteel, #2)",Dark Angel,1986.0,eng,Ficción
7411,0553298046,"Specter of the Past (Star Wars: The Hand of Thrawn, #1)",Star Wars: Specter of the Past,1997.0,eng,Ciencia ficción
7414,0061128856,What the Dead Know,What The Dead Know,2007.0,eng,Misterio
7415,,"Rome (Marked Men, #3)","Rome (Marked Men, #3)",2014.0,eng,Romántica
7416,0141439777,"The Life and Opinions of Tristram Shandy, Gentleman","The Life and Opinions of Tristram Shandy, Gentleman",1767.0,eng,Clásicos
7417,0439287197,Giraffes Can't Dance,,,eng,Infantil
7418,0142001821,The Passion of Artemisia,The Passion of Artemisia,2001.0,eng,Ficción histórica
7419,0937611352,Heal Your Body: The Mental Causes for Physical Illness and the Metaphysical Way to Overcome Them,Heal Your Body,1976.0,eng,Autoayuda
7420,159182236X,"Tokyo Mew Mew, Vol. 1 (Tokyo Mew Mew, #1)",東京ミュウミュウ (Tokyo Mew Mew) 1,2003.0,eng,Cómic y novela gráfica
7421,0062020560,The Miseducation of Cameron Post,The Miseducation of Cameron Post,2012.0,eng,Juvenil
7422,006082543X,Coraline (Illustrated/Graphic Novel Edition),Coraline,2008.0,eng,Cómic y novela gráfica
7423,0061477958,"House of Many Ways (Howl''s Moving Castle, #3)",House of Many Ways,2008.0,eng,Fantasía
7424,1101874996,The Cartel,The Cartel,2015.0,eng,Thriller
7425,1101902760,A Mother's Reckoning: Living in the Aftermath of Tragedy,A Mother's Reckoning: Living in the Aftermath of Tragedy,2016.0,eng,Memorias
7426,0446695696,"Skin Tight (Mick Stranahan, #1)",Skin Tight,1989.0,eng,Misterio
7427,0142002062,"Moonraker (James Bond, #3)",Moonraker,1955.0,eng,Thriller
7428,0521357306,Two Treatises of Government,Two Treatises of Government,1689.0,eng,Ensayo
7429,1420925229,Civil Disobedience and Other Essays,Civil Disobedience and Reading,1995.0,eng,Ensayo
7430,0316030899,"Rose in Bloom (Eight Cousins, #2)",Rose in Bloom,1876.0,eng,Clásicos
7431,9780451470775,Mosquitoland,Mosquitoland,2015.0,eng,Juvenil
7432,9781477830048,The Perfect Son,The Perfect Son,2015.0,eng,Ficción
7433,0375836942,Looking for Alibrandi,Looking for Alibrandi,1992.0,eng,Juvenil
7434,,"Raid (Unfinished Hero, #3)",Raid,2013.0,eng,Romántica
7435,1250014409,"Fifth Grave Past the Light (Charley Davidson, #5)",Fifth Grave Past the Light,2013.0,eng,Fantasía
7436,0312957572,"The Seventh Scroll (Ancient Egypt, #2)",The Seventh Scroll,1995.0,eng,Aventura
7437,0316084220,A Midsummer's Nightmare,A Midsummer's Nightmare,2012.0,eng,Juvenil
7438,1476717710,The Troop,The Troop,2014.0,eng,Terror
7439,1405092726,"Revelation (Matthew Shardlake, #4)",Revelation,2008.0,eng,Ficción histórica
7440,0292760280,100 Love Sonnets,Cien sonetos de amor,1959.0,eng,Poesía
7441,1400067243,Lucky Us,Lucky Us,2014.0,,Ficción
7442,006053124X,"It''s in His Kiss (Bridgertons, #7)",It's In His Kiss,2005.0,eng,Romántica
7443,1781106290,"Short Stories from Hogwarts of Power, Politics and Pesky Poltergeists (Pottermore Presents, #2)","Short Stories from Hogwarts of Power, Politics and Pesky Poltergeists",2016.0,eng,Fantasía
7444,0198245971,Phenomenology of Spirit,Phänomenologie des Geistes,1807.0,eng,Ensayo
7445,,"Fire Inside (Chaos, #2)",,2013.0,eng,Romántica
7446,0330351435,"The Neutronium Alchemist (Night''s Dawn, #2)",The Neutronium Alchemist,1997.0,eng,Ciencia ficción
7447,0373776578,The Darkest Seduction (Lords of the Underworld #9),The Darkest Seduction,2012.0,eng,Romántica
7448,0062310712,"King''s Cage (Red Queen, #3)",King's Cage,2017.0,eng,Juvenil
7449,0805090800,Invisible,Invisible,2009.0,eng,Ficción
7450,9789770930755,ظل الأفعى,ظل الأفعى,2006.0,ara,Ficción
7451,0061701246,Ten Things We Did (and Probably Shouldn't Have),Ten Things We Did (and Probably Shouldn't Have) ,2011.0,eng,Juvenil
7452,1442430001,"Rebel Heart (Dust Lands, #2)",Rebel Heart,2012.0,eng,Juvenil
7453,0553803077,Sickened: The Memoir of a Munchausen by Proxy Childhood,Sickened,2003.0,,Memorias
7454,0316713732,The Last Time They Met,The Last Time They Met,2001.0,,Ficción
7455,0062409204,News of the World,News of the World,2016.0,eng,Ficción histórica
7456,1416505415,"Blowback (Scot Harvath, #4)",Blowback,2005.0,eng,Thriller
7457,014310425X,Jaya: An Illustrated Retelling of the Mahabharata,Jaya: An Illustrated Retelling of the Mahabharata,2010.0,eng,Religión y espiritualidad
7458,0312099436,Women of the Silk,Women of the Silk,1991.0,eng,Ficción histórica
7459,0140621318,The Prisoner of Zenda,The Prisoner of Zenda,1894.0,eng,Clásicos
7460,0557489563,"Flutter (My Blood Approves, #3)",Flutter,2010.0,eng,Juvenil
7461,,"Tall, Tatted and Tempting (The Reed Brothers, #1)",,2013.0,eng,Romántica
7462,0140178139,Leviathan,Leviathan,1992.0,eng,Ficción
7463,0446608890,Saving Faith,Saving Faith,1999.0,eng,Thriller
7464,0786914041,"The Spine of the World (Forgotten Realms: Paths of Darkness, #2; Legend of Drizzt, #12)",The Spine of the World (Paths of Darkness #2),1999.0,eng,Fantasía
7465,0439568331,"The Haunted Mask (Goosebumps, #11)",The Haunted Mask,1993.0,eng,Infantil
7466,0765349655,Tyrannosaur Canyon (Wyman Ford #1),Tyrannosaur Canyon,2005.0,eng,Thriller
7467,0425285049,The Girl Before,The Girl Before,2017.0,eng,Thriller
7468,0747569118,Wayside School Gets A Little Stranger (Wayside School #3),Wayside School Gets a Little Stranger,1995.0,eng,Infantil
7469,0446362662,Summer of Night,Summer of Night,1991.0,eng,Terror
7470,0345506391,"The Dresden Files:  Storm Front, Volume 1-  The Gathering Storm",Jim Butcher's the Dresden Files: Storm Front,2009.0,eng,Cómic y novela gráfica
7471,0446695718,Tourist Season,Tourist Season,1986.0,eng,Misterio
7472,,السنجة,السنجة,2012.0,ara,Ficción
7473,0778322602,"204 Rosewood Lane (Cedar Cove, #2)",204 Rosewood Lane,2002.0,eng,Romántica
7474,0345539478,"Unseen (Will Trent, #7)",Unseen,2013.0,eng,Thriller
7475,0525422439,"Eleventh Grade Burns (The Chronicles of Vladimir Tod, #4)",The Chronicles of Vladimir Tod: Eleventh Grade Burns,2010.0,,Juvenil
7476,0345330137,Double Star,Double Star,1956.0,eng,Ciencia ficción
7477,0778322335,"A Perfect Evil (Maggie O''Dell, #1)",A Perfect Evil,2000.0,eng,Thriller
7478,1594631290,Help Thanks Wow: The Three Essential Prayers,,2012.0,eng,Religión y espiritualidad
7479,0142402451,"The Long Patrol (Redwall, #10)",The Long Patrol,1997.0,,Fantasía
7480,0670022950,The Better Angels of Our Nature: Why Violence Has Declined,The Better Angels of Our Nature. Why Violence has Declined,2010.0,eng,Ensayo
7481,0525444459,"When We Were Very Young (Winnie-the-Pooh, #3)",When We Were Very Young,1924.0,eng,Infantil
7482,0399169520,My Sunshine Away,My Sunshine Away,2015.0,eng,Ficción
7483,1414310587,The Truth Seeker (O'Malley #3),The Truth Seeker (O'Malley #3),2001.0,,Thriller
7484,9799625734,Filosofi Kopi: Kumpulan Cerita dan Prosa Satu Dekade,Filosofi Kopi: Kumpulan Cerita dan Prosa Satu Dekade,2006.0,ind,Ficción
7485,,سینوهه,Sinuhe egyptiläinen ,1945.0,per,Ficción histórica
7486,0393079988,Great House,Great House,2010.0,eng,Ficción
7487,0062430211,"The Kept Woman (Will Trent, #8)",The Kept Woman,2016.0,eng,Thriller
7488,,"Maid for Love (Gansett Island Series, #1)","Maid for Love (Gansett Island Series, #1)",2011.0,eng,Romántica
7489,0842365834,And the Shofar Blew,And the Shofar Blew,2003.0,eng,Ficción
7490,1841490237,"Prentice Alvin (Tales of Alvin Maker, #3)",Prentice Alvin (Tales of Alvin Maker #3),1989.0,eng,Fantasía
7491,1400079446,"44 Scotland Street (44 Scotland Street, #1)",44 Scotland Street,2005.0,eng,Ficción
7492,0743466772,Chill Factor,Chill Factor,2005.0,eng,Thriller
7493,0747595380,Odd and the Frost Giants,Odd and the Frost Giants,2008.0,eng,Infantil
7494,1483911896,The Magpies,,2013.0,eng,Thriller
7495,0435900668,Season of Migration to the North,موسم الهجرة إلى الشمال,1966.0,eng,Ficción
7496,006093140X,The Golden Notebook,The Golden Notebook,1962.0,eng,Clásicos
7497,0007191324,"The Winter Rose (The Tea Rose, #2)",The Winter Rose,2008.0,,Ficción histórica
7498,0345434811,"The Last Full Measure (The Civil War Trilogy, #3)",The Last Full Measure,1991.0,eng,Ficción histórica
7499,2226135022,Oscar et la dame rose,Oscar et la dame rose,1996.0,,Ficción
7500,1400034728,When Bad Things Happen to Good People,When Bad Things Happen to Good People,1981.0,,Religión y espiritualidad
7501,0006499163,"Post Captain (Aubrey/Maturin, #2)",Post Captain,1972.0,eng,Ficción histórica
7502,1599901102,"Dragon Flight (Dragon Slippers, #2)","Dragon Flight (Dragon Slippers, #2)",2008.0,eng,Fantasía
7503,0543904709,"What Katy Did (Carr Family, #1)",What Katy Did  ,1872.0,eng,Clásicos
7504,0140309276,Homer Price (A Puffin Book),Homer Price,1942.0,eng,Infantil
7505,059039696X,"Shatterglass (The Circle Opens, #4)",Shatterglass,2003.0,eng,Fantasía
7506,0345456327,"The Belgariad, Vol. 1: Pawn of Prophecy / Queen of Sorcery / Magician''s Gambit (The Belgariad, #1-3)",The Belgariad: Part One - Pawn of Prophecy / Queen of Sorcery / Magician's Gambit,1982.0,eng,Fantasía
7507,1400064112,The Lucifer Effect: Understanding How Good People Turn Evil,The Lucifer Effect: Understanding How Good People Turn Evil,2007.0,eng,Psicología
7508,0345471016,The Scent of Rain and Lightning,The Scent of Rain and Lightning,2010.0,eng,Misterio
7509,0553276328,"Pacific Vortex! (Dirk Pitt, #1)",Pacific Vortex!,1983.0,eng,Aventura
7510,,"One More Chance (Rosemary Beach, #8; Chance, #2)",One More Chance,2014.0,eng,Romántica
7511,0316098108,Aurora,Aurora,2015.0,eng,Ciencia ficción
7512,0749934417,"Purity in Death (In Death, #15)",Purity in Death,2002.0,eng,Ciencia ficción
7513,0060548266,"The Hollow Hills (Arthurian Saga, #2)",The Hollow Hills,1973.0,eng,Fantasía
7514,0689857950,"Among the Brave (Shadow Children, #5)","Among the Brave (Shadow Children, #5)",2004.0,eng,Juvenil
7515,0312330340,"Marching Powder: A True Story of Friendship, Cocaine, and South America''s Strangest Jail","Marching Powder: A True Story of Friendship, Cocaine, and South America''s Strangest Jail",2003.0,eng,Memorias
7516,1931514585,"Mars, Volume 01",マース (Mars) #1,1996.0,eng,Cómic y novela gráfica
7517,0465023924,Six Easy Pieces: Essentials of Physics By Its Most Brilliant Teacher,Six Easy Pieces: Essentials of Physics Explained by Its Most Brilliant Teacher,1962.0,eng,Ciencia
7518,0307336794,"The Art of Simple Food: Notes, Lessons, and Recipes from a Delicious Revolution",The Art of Simple Food: Notes and Recipes from a Delicious Revolution,2007.0,,Cocina
7519,0345418522,"Centaur Aisle (Xanth, #4)","Centaur Aisle (Xanth, #4)",1981.0,,Fantasía
7520,0385340117,The Year of Fog,The Year of Fog,2006.0,,Ficción
7521,1563897504,Crisis on Infinite Earths,Crisis on Infinite Earths,1985.0,eng,Cómic y novela gráfica
7522,1594482225,The Areas of My Expertise: An Almanac of Complete World Knowledge Compiled with Instructive Annotation and Arranged in Useful Order,The Areas of My Expertise,2005.0,eng,No ficción
7523,,"Hogwarts: An Incomplete and Unreliable Guide (Pottermore Presents, #3)",Hogwarts: An Incomplete and Unreliable Guide,2016.0,eng,Fantasía
7524,0140317201,"Ronia, the Robber''s Daughter",Ronja Rövardotter,1981.0,eng,Infantil
7525,1439102392,"Spider Bones (Temperance Brennan, #13)",Spider Bones,2010.0,eng,Misterio
7526,1416909834,No Talking,No Talking,2007.0,eng,Infantil
7527,0385354193,"Blood on Snow (Blood on Snow, #1)",Blod på snø,2014.0,eng,Thriller
7528,1468139339,"Wait for Me (Against All Odds, #1)",Wait for Me,2011.0,eng,Romántica
7529,1905802498,The Garden of Evening Mists,The Garden of Evening Mists,2011.0,eng,Ficción histórica
7530,,"The Cellar (The Cellar, #1)",,2014.0,eng,Thriller
7531,1421511835,"The Gentlemen''s Alliance †, Vol. 1",紳士同盟† 1,2005.0,eng,Cómic y novela gráfica
7533,0843949945,"Dark Guardian (Dark, #9)",Dark Guardian,2002.0,eng,Romántica
7534,1581345267,Prophet,Prophet,1992.0,eng,Thriller
7535,0062280708,"The Wicked Will Rise (Dorothy Must Die, #2)",The Wicked Will Rise,2015.0,eng,Fantasía
7536,0505524473,"Dark Fire (Dark, #6)",Dark Fire,2001.0,eng,Romántica
7537,1555976905,Citizen: An American Lyric,Citizen: An American Lyric,2014.0,eng,Poesía
7538,1585673927,"Carry on, Jeeves (Jeeves, #3)","Carry On, Jeeves",1925.0,eng,Clásicos
7539,006137587X,"The Magic Thief (Magic Thief, #1)",The Magic Thief,2008.0,eng,Juvenil
7540,0316787531,Our Band Could Be Your Life: Scenes from the American Indie Underground 1981-1991,Our Band Could Be Your Life: Scenes from the American Indie Underground 1981-1991,2001.0,,Música
7541,0609809105,"I, Elizabeth","I, Elizabeth",1992.0,eng,Ficción histórica
7542,,The Woman Who Stole My Life,The Woman who Stole my Life,2014.0,eng,Ficción
7543,1897299214,Pyongyang: A Journey in North Korea,Pyongyang,2003.0,eng,Cómic y novela gráfica
7544,0451211472,Night Over Water,Night over Water,1991.0,eng,Thriller
7545,1476764581,I Am Having So Much Fun Here Without You,I Am Having So Much Fun Here Without You,2014.0,eng,Ficción
7546,0316912123,"All I Want is Everything (Gossip Girl, #3)",All I Want Is Everything,2003.0,eng,Juvenil
7547,0684841487,Competitive Strategy: Techniques for Analyzing Industries and Competitors,Competitive Strategy: Techniques for Analyzing Industries and Competitors,1980.0,,Negocios
7548,0310286700,Systematic Theology: An Introduction to Biblical Doctrine,Systematic Theology: An Introduction to Biblical Doctrine,1994.0,,Religión y espiritualidad
7571,1416532358,Ricochet,Ricochet,2006.0,eng,Thriller
7549,0449003795,"P is for Peril (Kinsey Millhone, #16)","'P'"" is for Peril""",2000.0,,Misterio
7550,1449474195,"Adulthood Is a Myth (Sarah''s Scribbles, #1)","Adulthood Is a Myth: A 'Sarah''s Scribbles'"" Collection""",2016.0,eng,Cómic y novela gráfica
7551,1585676772,"The Darkness That Comes Before (The Prince of Nothing, #1)",The Darkness That Comes Before,2003.0,eng,Fantasía
7552,1416551603,"The Dirty Life: On Farming, Food, and Love","The Dirty Life: On Farming, Food, and Love",2010.0,eng,Memorias
7553,1442402350,"Dust & Decay (Rot & Ruin, #2)",Dust & Decay,2011.0,eng,Juvenil
7554,1423170288,"Alienated (Alienated, #1)",Alienated,2014.0,eng,Juvenil
7555,9780571332762,Bone Gap,Bone Gap,2015.0,eng,Juvenil
7556,0743430344,"Big Cherry Holler (Big Stone Gap, #2)","Big Cherry Holler (Big Stone Gap, Book 2)",2001.0,eng,Ficción
7557,0385342608,"Yes, Chef",,2012.0,eng,Memorias
7558,0060096187,Teen Idol,Teen Idol,2004.0,eng,Juvenil
7559,0307271072,The Thing Around Your Neck,The Thing Around Your Neck,2009.0,eng,Ficción
7560,1250095255,Caraval,Caraval,2017.0,eng,Fantasía
7561,0061573132,Bright Shiny Morning,Bright Shiny Morning,2008.0,eng,Ficción
7562,078915479X,The Story of an Hour,The Story of an Hour,1894.0,eng,Clásicos
7563,0140249435,Rabbit Is Rich (Rabbit Angstrom #3),Rabbit Is Rich,1981.0,eng,Clásicos
7564,1400069343,"Lots of Candles, Plenty of Cake","Lots of Candles, Plenty of Cake",2012.0,eng,Memorias
7565,193481332X,Scars,Scars,2010.0,eng,Juvenil
7566,0060837381,The Fixer Upper,The Fixer Upper,2009.0,eng,Romántica
7567,,"Negeri 5 Menara (Negeri 5 Menara, #1)",Negeri 5 Menara,2009.0,ind,Ficción
7568,0345496876,"Empire of Ivory (Temeraire, #4)",Empire of Ivory,2007.0,,Fantasía
7569,0805062882,"An Army at Dawn: The War in North Africa, 1942-1943 (World War II Liberation Trilogy, #1)","An Army at Dawn: The War in Africa, 1942-1943",2002.0,eng,Historia
7570,0743460529,Daddy's Little Girl,Daddy's Little Girl,2002.0,,Thriller
7572,1400061261,Can't Wait to Get to Heaven,Can't Wait to Get to Heaven,2006.0,eng,Ficción
7573,076532153X,Among Others,Among Others,2011.0,eng,Fantasía
7574,0749934395,"Seduction in Death (In Death, #13)",Seduction in Death,2001.0,eng,Thriller
7575,0679723226,Double Indemnity,Double Indemnity,1936.0,eng,Clásicos
7576,0312947054,"Upon the Midnight Clear (Dark-Hunter #12, Dream-Hunter #2)",Upon the Midnight Clear,2007.0,eng,Romántica
7577,0321525655,Presentation Zen: Simple Ideas on Presentation Design and Delivery,Presentation Zen: Simple Ideas on Presentation Design and Delivery (Voices That Matter),2007.0,,Negocios
7578,0786927720,"Sea of Swords (Forgotten Realms: Paths of Darkness, #4; Legend of Drizzt, #13)", ,2001.0,eng,Fantasía
7579,0679601597,"Goodbye, Columbus and Five Short Stories","Goodbye, Columbus and Five Short Stories",1959.0,,Ficción
7580,0545141028,"Bone: Quest for the Spark, Vol. 1","Bone: Quest For The Spark, Book One ",2009.0,eng,Juvenil
7581,1591843529,The Personal MBA: Master the Art of Business,,2010.0,,Negocios
7582,0062132466,The Last Original Wife,,2013.0,eng,Ficción
7583,0312546564,"No Mercy (Dark-Hunter #18, Were-Hunter, #5)",No Mercy,2010.0,eng,Fantasía
7584,0553418602,The Library at Mount Char,The Library at Mount Char,2015.0,eng,Fantasía
7585,0439845823,"Fire Star (The Last Dragon Chronicles, #3)",Fire Star,2005.0,eng,Juvenil
7586,0375761411,Texas,Texas,1985.0,,Ficción histórica
7587,0446532754,Your Best Life Now: 7 Steps to Living at Your Full Potential,Your Best Life Now: 7 Steps to Living at Your Full Potential,2004.0,,Autoayuda
7588,0375836888,Turtle in Paradise,,2010.0,eng,Infantil
7589,0671720147,"The Vor Game (Vorkosigan Saga, #6)",The Vor Game,1990.0,eng,Ciencia ficción
7590,1441213570,Choosing to SEE,,2010.0,,Memorias
7591,0316216828,Broken Monsters,Broken Monsters,2014.0,eng,Thriller
7592,0385720254,The Unabridged Journals of Sylvia Plath,The Journals of Sylvia Plath,1982.0,eng,Memorias
7593,0316068225,"This Is Water: Some Thoughts, Delivered on a Significant Occasion, about Living a Compassionate Life",This is Water,2009.0,eng,Ensayo
7594,0691024170,QED: The Strange Theory of Light and Matter,QED: The Strange Theory of Light and Matter,1985.0,,Ciencia
7595,1595143920,"Defiance (Strange Angels, #4)",Defiance,2011.0,,Juvenil
7596,0553587080,"Haunted (Women of the Otherworld, #5)",Haunted,2005.0,eng,Fantasía
7597,0609804138,The Sweet Potato Queens' Book of Love,The Sweet Potato Queens' Book of Love,1999.0,eng,Autoayuda
7598,0375814701,"Mastiff (Beka Cooper, #3)",Mastiff,2011.0,eng,Juvenil
7599,0060825316,The Madonnas of Leningrad,The Madonnas of Leningrad,2006.0,,Ficción histórica
7601,031236847X,"Sweetheart (Archie Sheridan & Gretchen Lowell, #2)",Sweetheart,2008.0,eng,Thriller
7602,972212076X,Caim,Caim,2009.0,por,Ficción
7603,0425190447,"All Tomorrow''s Parties (Bridge, #3)",All Tomorrow's Parties,1999.0,eng,Ciencia ficción
7604,0575088877,"The Quantum Thief (Jean le Flambeur, #1)",The Quantum Thief,2010.0,eng,Ciencia ficción
7605,,"Shock Wave (Virgil Flowers, #5)",Shock Wave,2011.0,eng,Thriller
7606,0415254086,Tractatus Logico-Philosophicus,Logisch-Philosophische Abhandlung,1921.0,eng,Ensayo
7607,0002314576,"Lord Edgware Dies (Hercule Poirot, #9)",Lord Edgware Dies,1933.0,eng,Misterio
7608,1401200923,"Batman: Hush, Vol. 2",Batman (Volume 2): Hush,2003.0,eng,Cómic y novela gráfica
7609,1416585834,Dog on It (A Chet and Bernie Mystery #1),Dog on It,2008.0,eng,Misterio
7610,0312642717,Spring Fever,,2012.0,eng,Romántica
7611,0007169922,And to Think That I Saw it on Mulberry Street,And to Think That I Saw It on Mulberry Street,1937.0,eng,Infantil
7612,141654786X,"The Bully Pulpit: Theodore Roosevelt, William Howard Taft, and the Golden Age of Journalism","The Bully Pulpit: Theodore Roosevelt, William Howard Taft, and the Golden Age of Journalism",2013.0,eng,Biografía
7613,1416997962,"Chasing the Prophecy (Beyonders, #3)","Chasing the Prophecy (Beyonders, #3)",2013.0,eng,Juvenil
7614,0671875965,"The Short Victorious War (Honor Harrington, #3)",The Short Victorious War,1994.0,,Ciencia ficción
7615,0385315546,Drinking: A Love Story,Drinking: A Love Story,1996.0,,Memorias
7616,1421820609,"Five Weeks in a Balloon (Extraordinary Voyages, #1)",Cinq semaines en ballon,1863.0,,Clásicos
7617,1250000238,"Dragon''s Oath (House of Night Novellas, #1)",Dragon's Oath,2011.0,eng,Juvenil
7618,0451463803,"Grave Witch (Alex Craft, #1)",Grave Witch,2010.0,eng,Fantasía
7619,0002317850,"Sleeping Murder (Miss Marple, #13)",Sleeping Murder,1976.0,eng,Misterio
7620,0553212559,Ethan Frome and Other Short Fiction,Ethan Frome and Other Short Fiction,1911.0,eng,Clásicos
7621,,"The Assassin and the Desert (Throne of Glass, #0.3)",The Assassin and the Desert,2012.0,eng,Fantasía
7622,0679724621,On the Genealogy of Morals/Ecce Homo,On the Genealogy of Morals / Ecce Homo,1887.0,eng,Ensayo
7623,0618257322,Adrift: Seventy-Six Days Lost at Sea,Adrift: Seventy-Six Days Lost at Sea,1986.0,eng,Memorias
7624,1416530738,"Once and Always (Sequels, #1)",Once and Always,1987.0,eng,Romántica
7625,0061784796,"Bloodline (Sigma Force, #8)",Bloodline,2012.0,eng,Thriller
7626,0316701319,"Best Friends for Never (The Clique, #2)","Best Friends for Never (The Clique, #2)",2004.0,,Juvenil
7627,0007331789,"Death of Kings (The Saxon Stories, #6)",Death of Kings,2011.0,eng,Ficción histórica
7628,1605292885,Onward: How Starbucks Fought for Its Life without Losing Its Soul,Onward: How Starbucks Fought for Its Life without Losing Its Soul,2007.0,eng,Negocios
7629,158648303X,Auschwitz,Auschwitz: A New History,2005.0,eng,Historia
7630,1592289444,The Long Walk: The True Story of a Trek to Freedom,The Long Walk: The True Story of a Trek to Freedom,1956.0,eng,Memorias
7631,0515135062,Three Fates,Three Fates,2002.0,eng,Ficción
7632,1484715772,"Passenger (Passenger, #1)",Passenger,2016.0,eng,Juvenil
7633,0425215687,"Born in Death (In Death, #23)","Born in Death (In Death, #23)",2006.0,eng,Misterio
7634,0385534833,"Close Your Eyes, Hold Hands","Close Your Eyes, Hold Hands",2014.0,eng,Ficción
7635,0451199863,"A Pocket Full of Rye (Miss Marple, #7)",A Pocket Full of Rye,1953.0,eng,Misterio
7636,8188575658,Of Course I Love You...! Till I Find Someone Better...,of course i love you,2008.0,eng,Romántica
7637,0778324907,"Virgin River (Virgin River, #1)",Virgin River,2007.0,,Romántica
7638,1597800449,The Algebraist,The Algebraist,2004.0,eng,Ciencia ficción
7639,964913980X,درخت زیبای من,Meu Pé de Laranja Lima,1968.0,per,Ficción
7640,0385539126,Stone Mattress: Nine Tales,Stone Mattress,2014.0,eng,Ficción
7641,0151012377,The Whistling Season,The Whistling Season,2006.0,,Ficción histórica
7642,1595145931,"Rebel Spring (Falling Kingdoms, #2)",Rebel Spring,2013.0,eng,Fantasía
7643,0316211265,"NYPD Red 2 (NYPD Red, #2)",NYPD Red 2,2014.0,eng,Thriller
7644,0812970438,Chesapeake,Chesapeake,1978.0,eng,Ficción histórica
7645,0515121495,The List,The List,1997.0,eng,Thriller
7646,1561371734,Ralph S. Mouse by Beverly Cleary: Teacher Guide (Novel Units),,,,Infantil
7647,0743451791,"Devil in a Blue Dress (Easy Rawlins, #1)",Devil in a Blue Dress,1990.0,eng,Misterio
7648,0763622583,Shakespeare's Romeo and Juliet,Shakespeare's Romeo and Juliet,2003.0,,Infantil
7649,0679733973,The Killer Inside Me,The Killer Inside Me,1952.0,,Thriller
7650,0192835203,Lady Audley's Secret,Lady Audley's Secret,1862.0,eng,Clásicos
7651,0156010593,All the Names,Todos os Nomes,1997.0,eng,Ficción
7652,0345472446,"Lucia, Lucia","Lucia, Lucia",2003.0,eng,Ficción
7653,0062114611,Tiger Lily,Tiger Lily,2012.0,eng,Juvenil
7654,0842382895,"Return (Redemption, #3)",Return,2003.0,eng,Ficción
7655,0394895894,"The Ruby in the Smoke (Sally Lockhart, #1)",The Ruby in the Smoke,1985.0,eng,Juvenil
7656,0375753834,Georgiana: Duchess of Devonshire,Georgiana: Duchess of Devonshire,1998.0,eng,Biografía
7657,0802723462,"Scarlet (Scarlet, #1)",Scarlet,2012.0,eng,Juvenil
7658,1402271875,Stealing Parker,Stealing Parker,2012.0,eng,Juvenil
7659,1250065941,The Weekenders,,2016.0,,Ficción
7660,1401204864,"Fables, Vol. 5: The Mean Seasons","Fables, Volume 5: The Mean Seasons",2005.0,eng,Cómic y novela gráfica
7661,0850515033,Dom Casmurro,Dom Casmurro,1899.0,por,Clásicos
7662,0440539811,The Illuminatus! Trilogy,The Illuminatus! Trilogy,1975.0,eng,Ciencia ficción
7663,0374324913,"Lockdown (Escape from Furnace, #1)",Lockdown,2009.0,eng,Juvenil
7664,0060777109,The Final Solution,The Final Solution: A Story of Detection,2004.0,eng,Misterio
7665,0345518284,Beachcombers,,2010.0,eng,Ficción
7666,1607062607,"Chew, Vol. 2: International Flavor",International Flavor,2010.0,eng,Cómic y novela gráfica
7667,0440212812,Lost Souls,Lost Souls,1992.0,eng,Terror
7668,0192801694,The Secret Agent,The Secret Agent: A Simple Tale,1907.0,,Clásicos
7669,0375705104,The Way of Zen,The Way of Zen,1957.0,eng,Religión y espiritualidad
7670,0857662937,"Nexus (Nexus, #1)",Nexus,2012.0,eng,Ciencia ficción
7671,0380007789,The Wolf and the Dove,The wolf and the dove,1974.0,,Romántica
7672,006228567X,"The Traitor (Divergent, #0.4)",,2014.0,eng,Juvenil
7673,1439138338,Nora Webster,Nora Webster,2014.0,eng,Ficción
7674,0615487424,"Requiem (Providence, #2)",Requiem (Providence #2),2011.0,eng,Romántica
7675,0345505492,"The Emperor''s Tomb (Cotton Malone, #6)",The Emperor's Tomb,2010.0,eng,Thriller
7676,0525953086,"Fear Nothing (Detective D.D. Warren, #7)",Fear Nothing,2014.0,eng,Thriller
7677,0618443363,Baking: From My Home to Yours,Baking: From My Home to Yours,1980.0,eng,Cocina
7678,0670021792,Promises to Keep,,2010.0,eng,Ficción
7679,,"For You (The ''Burg, #1)",For You,2011.0,eng,Romántica
7680,1421513439,"Love★Com, Vol. 1",ラブ★コン 1,2001.0,eng,Cómic y novela gráfica
7681,0425067823,"Elephants Can Remember (Hercule Poirot, #37)",Elephants Can Remember,1972.0,eng,Misterio
7682,,"Friend-Zoned (Friend-Zoned, #1)",,2013.0,eng,Romántica
7683,0761129588,What to Expect the First Year (What to Expect),What to Expect the First Year,1989.0,eng,Autoayuda
7684,0440221315,The Gift,The Gift,1986.0,eng,Romántica
7685,039925644X,The Lions of Little Rock,The Lions of Little Rock,2012.0,eng,Juvenil
7686,074322423X,Self Matters: Creating Your Life from the Inside Out,Self Matters: Creating Your Life from the Inside Out,2000.0,eng,Autoayuda
7687,1453860959,"Hollowland (The Hollows, #1)",,2010.0,eng,Ciencia ficción
7688,1427818762,"Hetalia: Axis Powers, Vol. 1 (Hetalia: Axis Powers, #1)",ヘタリア 1 Axis Powers,2008.0,eng,Cómic y novela gráfica
7689,1591827582,Finding Nemo,Finding Nemo,1996.0,,Infantil
7690,0060087803,Calling Doctor Amelia Bedelia,Calling Doctor Amelia Bedelia (I Can Read Book 2),2002.0,,Infantil
7692,1589190645,"These High, Green Hills (Mitford Years, #3)","These High, Green Hills",1995.0,,Ficción
7693,9781444792492,How Google Works,How Google Works,2014.0,eng,Negocios
7694,,"Killing Sarai (In the Company of Killers, #1)",Killing Sarai,2013.0,eng,Thriller
7695,0007350430,The Time of My Life,The Time of My Life,2011.0,eng,Ficción
7696,0525444467,"Now We Are Six (Winnie-the-Pooh, #4)",Now We Are Six,1927.0,eng,Infantil
7697,0061671355,"The Captive Part II / The Power (The Secret Circle, #2-3)",The Secret Circle: The Captive Part II and The Power,2009.0,eng,Juvenil
7698,1250019672,Ladies' Night,Ladies' Night ,2013.0,eng,Ficción
7699,0312591837,Family Pictures ,Family Pictures,2013.0,eng,Ficción
7700,0440245273,"Taken by Midnight (Midnight Breed, #8)","Taken by Midnight (Midnight Breed, #8)",2010.0,eng,Romántica
7701,9725681363,Os Maias,Os Maias,1888.0,por,Clásicos
7702,,"The Law of Moses (The Law of Moses, #1)",The Law of Moses,2014.0,eng,Romántica
7703,0544920953,Good as Gone,Good as Gone,2016.0,eng,Thriller
7704,0515142883,Holding the Dream (Dream Trilogy #2),Holding the Dream,1996.0,eng,Romántica
7705,,"Fallen Crest Family (Fallen Crest High, #2)",,2013.0,eng,Juvenil
7706,1402208766,"Mr. Darcy''s Diary (Jane Austen Heroes, #1)",Mr. Darcy's Diary,2005.0,eng,Romántica
7707,2266120921,"L.A. Requiem (Elvis Cole, #8)",L.A. Requiem,1999.0,fre,Misterio
7708,0446582352,A Grown-Up Kind of Pretty,,2010.0,eng,Ficción
7709,1444734148,Is It Just Me?,,2012.0,eng,Memorias
7710,0375725768,"Eventide (Plainsong, #2)",Eventide,2004.0,eng,Ficción
7711,080905101X,Fahrenheit 451: The Authorized Adaptation,Fahrenheit 451: The Authorized Adaptation,2009.0,eng,Cómic y novela gráfica
7712,,"Special A, Vol. 1 (Special A, #1)",スペシャル·エー,2003.0,ind,Cómic y novela gráfica
7713,1421527618,All You Need Is Kill,オール・ユー・ニード・イズ・キル,2004.0,eng,Ciencia ficción
7714,0395137195,The Bronze Bow,The Bronze Bow,1961.0,eng,Ficción histórica
7715,0802142400,On Love,Essays in Love,1993.0,eng,Ensayo
7716,0679772677,A Civil Action,A Civil Action,1995.0,eng,No ficción
7717,0142407089,Millions of Cats,Millions of Cats,1928.0,,Infantil
7718,,"Dark Challenge (Dark, #5)",Dark challenge,2000.0,,Romántica
7719,1611130433,Mistress,Mistress,2013.0,,Thriller
7720,0395570352,Grandfather's Journey,Grandfather's Journey,1993.0,eng,Infantil
7721,0060519134,"Savannah Blues (Weezie and Bebe Mysteries, #1)",Savannah Blues,2002.0,eng,Misterio
7722,038081093X,Excavation,Excavation,2000.0,eng,Aventura
7723,0872204227,Discourse on Method,,1637.0,eng,Clásicos
7724,0312937660,"Scarecrow (Shane Schofield, #3)",Scarecrow,2003.0,eng,Thriller
7725,0061985880,"Endlessly (Paranormalcy, #3)",Endlessly,2012.0,eng,Fantasía
7727,1573225681,"Living Buddha, Living Christ","Living Buddha, Living Christ",1995.0,eng,Religión y espiritualidad
7728,0140050930,The Earthsea Trilogy,The Earthsea Trilogy,1975.0,eng,Fantasía
7729,1477817158,"Left Drowning (Left Drowning, #1)",Left Drowning,2013.0,eng,Romántica
7730,1596434023,A Sick Day for Amos McGee,A Sick Day for Amos McGee,2010.0,eng,Infantil
7731,0062286447,Fourth of July Creek,Fourth of July Creek,2014.0,eng,Ficción
7732,0758211821,"Absolute Fear (New Orleans, #4)",Absolute Fear,2007.0,eng,Thriller
7733,0743292499,True Evil,True Evil,2006.0,eng,Thriller
7734,082031661X,Tobacco Road (Brown Thrasher Books),Tobacco Road,1932.0,eng,Clásicos
7735,0802715354,The Suspicions of Mr. Whicher: A Shocking Murder and the Undoing of a Great Victorian Detective,The Suspicions of Mr. Whicher: Murder and the Undoing of a Great Victorian Detective,2008.0,eng,No ficción
7736,0380776162,"Lord of Scoundrels (Scoundrels, #3)",Lord of Scoundrels,1995.0,eng,Romántica
7737,0543895149,"Ozma of Oz (Oz, #3)",Ozma of Oz,1907.0,eng,Infantil
7738,0844662925,The Johnstown Flood,The Johnstown Flood,1968.0,eng,Historia
7739,141659485X,The Christmas Sweater,The Christmas Sweater,2008.0,eng,Ficción
7740,1442449632,"Tales from a Not-So-Happy Heartbreaker (Dork Diaries, #6)",Tales From a Not-So-Happy-Heartbreaker,2010.0,eng,Infantil
7741,0380818809,Deep Fathom,Deep Fathom,2001.0,eng,Thriller
7742,0446533424,The Gate House,The Gate House,2008.0,eng,Ficción
7743,0062294806,"Stay with Me (Wait for You, #3)",Stay with Me,2014.0,eng,Romántica
7744,0758290411,Seven Years to Sin,Seven Years to Sin,2011.0,eng,Romántica
7745,1423166000,"Perfect Scoundrels (Heist Society, #3)",Perfect Scoundrels,2013.0,eng,Juvenil
7746,0547225474,When the Game Was Ours,When the Game Was Ours,2009.0,eng,Deportes
7747,0786937904,"The Two Swords (Forgotten Realms: Hunter''s Blades, #3; Legend of Drizzt, #16)",The Two Swords (Hunter's Blades #3),2004.0,eng,Fantasía
7748,0451200187,"Nemesis (Miss Marple, #12)",Nemesis,1971.0,eng,Misterio
7749,1582342156,All Families are Psychotic,All Families Are Psychotic,2001.0,,Ficción
7750,0061000019,"The Blessing Way (Leaphorn & Chee, #1)",The Blessing Way,1970.0,eng,Misterio
7751,0312591829,Another Piece of My Heart,Another Piece of My Heart,2012.0,eng,Ficción
7752,9137126385,"Stenhuggaren (Patrik Hedström, #3)",Stenhuggaren,2005.0,swe,Misterio
7753,1423109600,The Pigeon Wants a Puppy!,The Pigeon Wants a Puppy!,2008.0,eng,Infantil
7754,081299325X,The Road to Character,The Road to Character,2015.0,eng,Ensayo
7755,1400043336,The General in His Labyrinth,El general en su laberinto,1989.0,eng,Ficción
7756,8466309152,La ciudad y los perros,La ciudad y los perros,1962.0,spa,Clásicos
7757,0062271121,Say What You Will,Amy & Matthew,2014.0,eng,Juvenil
7758,0345543858,"Die Again (Rizzoli & Isles, #11)",Die Again,2014.0,eng,Thriller
7759,0060724552,"Party Princess (The Princess Diaries, #7)",Party Princess,2006.0,,Juvenil
7760,,"Damaged 2 (Damaged, #2)",,2013.0,eng,Romántica
7761,044619154X,The Witness,Witness,1995.0,eng,Thriller
7762,1608190463,Mornings in Jenin,The Scar of David,2006.0,,Ficción
7763,0060560118,The Nanny,The Nanny,2003.0,,Ficción
7764,1501101536,"Manwhore (Manwhore, #1)",Manwhore,2015.0,eng,Romántica
7765,0804136572,"Ex-Heroes (Ex-Heroes, #1)",Ex-Heroes,2010.0,,Ciencia ficción
7766,0441012914,Absolution Gap,Absolution Gap,2003.0,eng,Ciencia ficción
7767,1405201711,The Faraway Tree Stories (The Faraway Tree #1-3),"The Faraway Tree Stories (The Enchanted Wood, The Faraway Tree, The Folk of the Faraway Tree)",1991.0,eng,Infantil
7768,0874869226,She Said Yes: The Unlikely Martyrdom of Cassie Bernall,She Said Yes: The Unlikely Martyrdom of Cassie Bernall,1999.0,eng,Biografía
7769,0141187492,Scoop,Scoop,1937.0,eng,Clásicos
7770,0609809547,Tales of a Female Nomad: Living at Large in the World,Tales of a Female Nomad: Living at Large in the World,2001.0,eng,Memorias
7771,0312241224,Birds of America,Birds of America: Stories,1998.0,eng,Ficción
7772,0692572031,Big Rock,Big Rock,2016.0,eng,Romántica
7773,9789123969289,"Three Dark Crowns (Three Dark Crowns, #1)",Three Dark Crowns,2016.0,eng,Fantasía
7774,031604279X,"Lunch in Paris: A Love Story, with Recipes","Lunch in Paris: A Love Story, with Recipes",2010.0,eng,Memorias
7775,0451200829,"Love and War (North and South, #2)",Love and War ,1984.0,eng,Ficción histórica
7776,0061668125,"Destined (Wings, #4)",Destined,2012.0,eng,Juvenil
7777,0316074233,The Pale King,The Pale King,2011.0,eng,Ficción
7778,0140443487,The Analects,論語 [Lún Yǔ],-476.0,eng,Clásicos
7803,,Kindle User's Guide,,2009.0,eng,No ficción
7779,1556525893,I'm with the Band: Confessions of a Groupie,I'm with the Band: Confessions of a Groupie,1987.0,eng,Memorias
7780,0553820273,"Succubus Heat (Georgina Kincaid, #4)",Succubus Heat,2009.0,eng,Fantasía
7781,1607060221,"The Walking Dead, Vol. 09: Here We Remain","The Walking Dead, Vol. 9: Here We Remain",2009.0,eng,Cómic y novela gráfica
7783,0679731210,The Leopard,Il Gattopardo,1958.0,eng,Clásicos
7784,0785123288,Wolverine: Origin,Wolverine: Origin,2001.0,eng,Cómic y novela gráfica
7785,0671670689,"Dawn (Cutler, #1)",Dawn ,1990.0,eng,Ficción
7786,0425216594,"On the Prowl (Alpha & Omega, #0.5)",On the Prowl,2007.0,eng,Fantasía
7787,0425137562,Silent Prey (Lucas Davenport #4),Silent Prey,1992.0,eng,Thriller
7788,0765356163,"The Wayfarer Redemption (Wayfarer Redemption, #1)",Battleaxe (The Axis Trilogy #1),1995.0,eng,Fantasía
7789,0684856069,"The Many Lives & Secret Sorrows of Josephine B. (Josephine Bonaparte, #1)",The Many Lives & Secret Sorrows of Josephine B.,1995.0,,Ficción histórica
7790,,الجزار,الجزار,2011.0,ara,Ficción
7791,0312380828,Come Home,Come Home,2012.0,,Thriller
7792,0525423346,"A Tale Dark & Grimm (A Tale Dark & Grimm, #1)",A Tale Dark and Grimm,2010.0,eng,Infantil
7793,0316037834,"The Ambassador''s Mission (Traitor Spy Trilogy, #1)",The Ambassador's Mission,2010.0,eng,Fantasía
7794,0307277712,Everyman,Everyman,2006.0,eng,Ficción
7795,9799625726,Supernova: Akar,Supernova: Akar,2002.0,ind,Ficción
7796,0312313829,"The Dirty Girls Social Club (Dirty Girls, #1)",The Dirty Girls Social Club,2003.0,,Ficción
7797,0061059927,"Dark Reunion (The Vampire Diaries, #4)",Dark Reunion,1991.0,eng,Juvenil
7798,0006513905,The Dice Man,The Dice Man,1971.0,eng,Ficción
7799,0316084255,"Black Butler, Vol. 2 (Black Butler, #2)",黒執事 II [Kuroshitsuji II],2007.0,eng,Cómic y novela gráfica
7800,0330517090,Imperial Bedrooms ,Imperial Bedrooms,2010.0,eng,Ficción
7801,,"Addicted to You (Addicted, #1)",Addicted to You,2013.0,eng,Romántica
7802,0698184890,"Just One Night (Just One Day, #2.5)",Just One Night,2014.0,eng,Juvenil
7804,1611139856,"The Fire (Witch & Wizard, #3)",,2011.0,,Juvenil
7806,9780613230292,Sadako and the Thousand Paper Cranes,Sadako and the Thousand Paper Cranes,1977.0,,Infantil
7807,142150331X,"Death Note, Vol. 4: Love (Death Note, #4)",デスノート #4 (Desu Nōto) Koigokoro (恋心),2004.0,eng,Cómic y novela gráfica
7808,0684803860,"The Daughter of Time (Inspector Alan Grant, #5)",The Daughter of Time,1951.0,eng,Misterio
7809,0451215737,"Prince of Fire (Gabriel Allon, #5)",Prince of Fire,2005.0,eng,Thriller
7810,0060928417,Slowness,La lenteur,1995.0,eng,Ficción
7811,0316219126,"The Autumn Republic (Powder Mage, #3)",The Autumn Republic ,2015.0,eng,Fantasía
7812,1579125743,Delta of Venus,Delta of Venus,1977.0,eng,Ficción
7813,1607061228,"The Walking Dead, Vol. 11: Fear the Hunters",The Walking Dead Volume 11,2010.0,,Cómic y novela gráfica
7814,0812536363,Rainbows End,Rainbows End,2006.0,eng,Ciencia ficción
7815,,"The Friend Zone (Game On, #2)",The Friend Zone,2015.0,eng,Romántica
7816,0356502287,"The Rose and the Thorn (The Riyria Chronicles, #2)",The Rose and the Thorn,2013.0,eng,Fantasía
7817,1401360211,Twilight Watch (Watch #3),Сумеречный дозор,2004.0,eng,Fantasía
7818,1841497762,"Frostbitten (Women of the Otherworld, #10)",Frostbitten,2009.0,eng,Fantasía
7819,0451475321,"Blood Kiss (Black Dagger Legacy, #1)",,2015.0,eng,Fantasía
7820,0345418549,"Night Mare (Xanth, #6)","Night Mare (Xanth, #6)",1982.0,,Fantasía
7821,,Low Pressure,Low Pressure,2012.0,eng,Thriller
7822,3426619148,Riptide,Riptide,1998.0,,Thriller
7823,,عائد إلى حيفا,عائد إلى حيفا,1969.0,ara,Ficción
7824,0380803240,"Talon of the Silver Hawk (Conclave of Shadows, #1)",Talon of the Silver Hawk,2002.0,eng,Fantasía
7825,0345485793,"The Charlemagne Pursuit (Cotton Malone, #4)",The Charlemagne Pursuit,2008.0,eng,Thriller
7826,0141185538,The Moon Is Down,The Moon Is Down,1942.0,eng,Clásicos
7849,0310214696,Gifted Hands: The Ben Carson Story,Gifted Hands: The Ben Carson Story,1990.0,eng,Biografía
7827,0684848287,Kaffir Boy: An Autobiography,Kaffir Boy: An Autobiography--The True Story of a Black Youth's Coming of Age in Apartheid South Africa,1986.0,eng,Memorias
7828,0307957276,The Beginner's Goodbye,The Beginner's Goodbye,2012.0,eng,Ficción
7829,0195019059,King Arthur and His Knights: Selected Tales,The Story of King Arthur,1860.0,,Clásicos
7830,0743449673,"Shock Wave (Dirk Pitt, #13)",Shock Wave,1996.0,eng,Aventura
7831,9770148083,رباعيات صلاح جاهين,رباعيات صلاح جاهين,1963.0,ara,Poesía
7832,0848809971,The Love Song of J. Alfred Prufrock and Other Poems,The Love Song of J. Alfred Prufrock and Other Poems,1915.0,eng,Poesía
7833,1576469115,"A Girl of the Limberlost (Limberlost, #2)",A Girl of the Limberlost,1909.0,eng,Clásicos
7834,006195795X,"The Witch With No Name (The Hollows, #13)",The Witch with No Name,2014.0,eng,Fantasía
7835,1512038563,"King (King, #1)",,2015.0,eng,Romántica
7836,0812967194,The Wings of the Dove,The Wings of the Dove,1901.0,eng,Clásicos
7837,0470581786,Twilight and History,Twilight and History,2010.0,eng,Ensayo
7838,0140621733,Lady Windermere's Fan,Lady Windermere's Fan,1893.0,eng,Clásicos
7839,0743289803,The Hidden Messages in Water,The Hidden Messages in Water,2001.0,,Autoayuda
7840,0440975344,Rumble Fish,Rumble Fish,1975.0,,Juvenil
7841,0449225151,A Place Called Freedom,A Place Called Freedom,1995.0,eng,Ficción histórica
7842,0156032732,Seeing,Ensaio Sobre a Lucidez,2004.0,eng,Ficción
7843,0778315339,The Returned,The Returned,2013.0,eng,Ciencia ficción
7844,0060198818,India After Gandhi: The History of the World's Largest Democracy,India After Gandhi: The History of the World's Largest Democracy,2007.0,eng,Historia
7845,1591846358,The Obstacle Is the Way: The Timeless Art of Turning Trials into Triumph,The Obstacle Is the Way: The Timeless Art of Turning Adversity to Advantage,2014.0,eng,Autoayuda
7846,0060892013,"The Sight (Warriors: Power of Three, #1)",The Sight,2007.0,eng,Juvenil
7847,1481420763,"Bad for You (Sea Breeze, #7)",Bad for You,2014.0,eng,Romántica
7848,1841959146,The Secret River,The Secret River,2005.0,eng,Ficción histórica
7850,0064431835,The Little Old Lady Who Was Not Afraid of Anything,The Little Old Lady Who Was Not Afraid of Anything,1986.0,eng,Infantil
7851,1416586571,"The Apostle (Scot Harvath, #8)",The Apostle,2009.0,eng,Thriller
7852,0842339655,The Holiness of God,The Holiness of God,1984.0,,Religión y espiritualidad
7853,0688170277,Wemberly Worried,Wemberly Worried,2000.0,,Infantil
7854,0312942303,"Born of Night (The League, #1)",Born of the Night,1996.0,eng,Ciencia ficción
7855,0061043559,"Murder Must Advertise  (Lord Peter Wimsey, #10)",Murder Must Advertise,1933.0,eng,Misterio
7856,0739458736,"What Remains: A Memoir of Fate, Friendship, and Love","What Remains: A Memoir of Fate, Friendship, and Love",2005.0,,Memorias
7857,0425256758,Dead Heat (Alpha & Omega #4),Dead Heat,2015.0,eng,Fantasía
7858,039586786X,Sheep in a Jeep,Sheep in a Jeep,1986.0,eng,Infantil
7859,0812968239,The Kreutzer Sonata,Крейцерова соната,1889.0,,Clásicos
7860,0679747656,The Way to Cook,The Way to Cook,1989.0,eng,Cocina
7861,0714847984,The 20th Century Art Book,The 20th Century Art Book,1996.0,,Arte
7862,3822837032,The Magic Mirror of M.C. Escher,De toverspiegel van M.C. Escher,1976.0,eng,Arte
7863,1421531720,"Vampire Knight, Vol. 9",ヴァンパイア騎士 9,2008.0,eng,Cómic y novela gráfica
7864,0553574132,Shadows of the Empire (Star Wars), ,1996.0,eng,Ciencia ficción
7865,1607065967,"The Walking Dead, Compendium 2",,2012.0,eng,Cómic y novela gráfica
7866,0887306667,The 22 Immutable Laws of Marketing: Violate Them at Your Own Risk,The 22 Immutable Laws of Marketing: Violate Them at Your Own Risk!,1993.0,eng,Negocios
7867,125004734X,Summer Secrets,,2015.0,,Ficción
7868,044021145X,The Firm,The Firm,1991.0,eng,Thriller
7869,0679779175,The Consolations of Philosophy,The Consolations of Philosophy,2000.0,eng,Ensayo
7870,,"Fighting for Flight (Fighting, #1)",,2013.0,eng,Romántica
7871,0857520199,Second Life,Second Life,2015.0,eng,Thriller
7917,0060838590,Krakatoa: The Day the World Exploded,"Krakatoa: The Day the World Exploded: August 27, 1883 ",2003.0,eng,Historia
7872,0393312801,The Acid House,The Acid House,1994.0,,Ficción
7873,0684856360,Permission Marketing: Turning Strangers Into Friends And Friends Into Customers,,2014.0,,Negocios
7874,0375727434,"Hateship, Friendship, Courtship, Loveship, Marriage: Stories","Hateship, Friendship, Courtship, Loveship, Marriage",2001.0,,Ficción
7875,0062316869,The Girl Who Came Home,,2012.0,eng,Ficción histórica
7876,1885167776,The One Thing: The Surprisingly Simple Truth Behind Extraordinary Results,The One Thing: The Surprisingly Simple Truth Behind Extraordinary Results ,2012.0,eng,Autoayuda
7877,,"Reasonable Doubt: Volume 2 (Reasonable Doubt, #2)",Reasonable Doubt: Volume 2,2014.0,eng,Romántica
7878,0670878553,Joseph Had a Little Overcoat,Joseph Had a Little Overcoat,1977.0,eng,Infantil
7879,0440867592,Double Act,Double Act,1995.0,eng,Juvenil
7880,0060724617,"Princess Mia (The Princess Diaries, #9)",Princess Mia,2007.0,eng,Juvenil
7881,0743218574,"Flyy Girl (Flyy Girl, #1)",Flyy Girl,1993.0,eng,Ficción
7882,174275001X,The Little Coffee Shop of Kabul,A Cup of Friendship,2011.0,eng,Ficción
7883,0811835928,The Sandman: King of Dreams,The Sandman: King of Dreams,2003.0,eng,Cómic y novela gráfica
7884,0785134530,Stephen King's N.,Stephen King's N.,2008.0,eng,Cómic y novela gráfica
7885,,The Light of the Fireflies,,2013.0,eng,Thriller
7886,0886774632,By the Sword (Valdemar),By the Sword,1991.0,eng,Fantasía
7887,067103264X,Storm of the Century: An Original Screenplay,Storm of the Century: An Original Screenplay,1999.0,,Terror
7888,0756401933,"First Rider''s Call (Green Rider, #2)",First Rider's Call,2003.0,eng,Fantasía
7889,0312539517,Paths of Glory,Paths of Glory,2009.0,eng,Ficción histórica
7890,037377138X,Anyone But You,Anyone But You ,1996.0,eng,Romántica
7891,0688114490,Owen,Owen,1993.0,eng,Infantil
7892,006206777X,"The Long War (The Long Earth, #2)",The Long War,2013.0,eng,Ciencia ficción
7893,0886774004,"Arrow''s Fall (Heralds of Valdemar, #3)",Arrow's Fall,1988.0,eng,Fantasía
7894,193361501X,The America's Test Kitchen Family Cookbook,The America's Test Kitchen Family Cookbook,2005.0,,Cocina
7895,0590396439,"Street Magic (The Circle Opens, #2)",Street Magic,2001.0,eng,Fantasía
7896,0778319334,The Curious Charms of Arthur Pepper,The Curious Charms of Arthur Pepper,2016.0,eng,Ficción
7898,0061730327,The Boy Who Harnessed the Wind: Creating Currents of Electricity and Hope,The Boy Who Harnessed the Wind: Creating Currents of Electricity and Hope,2009.0,eng,Memorias
7899,0140558640,Rumpelstiltskin,Rumpelstilzchen,1986.0,eng,Infantil
7900,076532699X,The Goblin Emperor,The Goblin Emperor,2014.0,eng,Fantasía
7901,080417072X,"Mr. Kiss and Tell (Veronica Mars, #2)",Mr. Kiss and Tell ,2015.0,eng,Misterio
7902,0425252868,A Higher Call: An Incredible True Story of Combat and Chivalry in the War-Torn Skies of World War II,A Higher Call: An Incredible True Story of Combat and Chivalry in the War-Torn Skies of World War II,2012.0,eng,Historia
7903,,"It Ain''t Me, Babe (Hades Hangmen, #1)",,2014.0,eng,Romántica
7904,0345316509,Job: A Comedy of Justice,Job: A Comedy of Justice,1984.0,eng,Ciencia ficción
7905,0375868429,Chomp,Chomp!,2012.0,eng,Juvenil
7906,1840232048,The Sandman: The Dream Hunters,The Sandman: The Dream Hunters,1999.0,eng,Cómic y novela gráfica
7907,0375724427,The Stories of John Cheever,The Stories of John Cheever,1978.0,eng,Ficción
7908,,"Extreme Prey (Lucas Davenport, #26)",,2016.0,eng,Thriller
7909,0573613311,The Odd Couple,The Odd Couple,1965.0,eng,Ficción
7910,0688172172,Phantoms in the Brain: Probing the Mysteries of the Human Mind,Phantoms in the Brain: Probing the Mysteries of the Human Mind,1998.0,eng,Psicología
7911,0425197956,"Divided in Death (In Death, #18)","Divided in Death (In Death, #18)",2004.0,eng,Thriller
7912,1101983795,Wildflower,,2015.0,eng,Memorias
7913,9707311169,La tregua,La tregua,1960.0,spa,Ficción
7914,055339231X,We Never Asked for Wings,We Never Asked for Wings,2015.0,eng,Ficción
7915,1484705270,Every Last Word,Every Last Word,2015.0,eng,Juvenil
7916,0316781460,Live from New York: An Uncensored History of Saturday Night Live,Live from New York: An Uncensored History of Saturday Night Live,2001.0,eng,No ficción
7918,0307588653,Madame Tussaud: A Novel of the French Revolution,,2011.0,eng,Ficción histórica
7919,0141383356,Airman,Airman,2007.0,eng,Juvenil
7920,,"Great by Choice: Uncertainty, Chaos, and Luck--Why Some Thrive Despite Them All",,2011.0,eng,Negocios
7921,9781480216518,2BR02B,2BR02B,1962.0,eng,Ciencia ficción
7922,1595144293,"Vampire Academy: The Graphic Novel (Vampire Academy: The Graphic Novel, #1)",Vampire Academy: The Graphic Novel,2011.0,,Cómic y novela gráfica
7923,0330343475,An Anthropologist on Mars: Seven Paradoxical Tales,An Anthropologist on Mars: Seven Paradoxical Tales,1995.0,eng,Psicología
7924,0385532350,"Dexter Is Delicious (Dexter, #5)",Dexter Is Delicious,2010.0,,Thriller
7925,0152010661,Time for Bed,Time for Bed,1993.0,eng,Infantil
7926,1416978933,"The Hollow (The Hollow, #1)",The Hollow,2009.0,eng,Juvenil
7927,0439670209,"The Akhenaten Adventure (Children of the Lamp, #1)",The Akhenaten Adventure,2004.0,,Juvenil
7928,0525456074,Rapunzel,Rapunzel,1997.0,eng,Infantil
7929,0316369152,Very Good Lives: The Fringe Benefits of Failure and the Importance of Imagination,Very Good Lives: The Fringe Benefits of Failure and the Importance of Imagination,2015.0,eng,Autoayuda
7930,,Only the Innocent (DCI Tom Douglas #1),Only the Innocent,2011.0,eng,Thriller
7931,,"The Walking Dead, Vol. 10: What We Become","The Walking Dead, Vol. 10: What We Become",2009.0,eng,Cómic y novela gráfica
7932,0312983220,"Area 7 (Shane Schofield, #2)",Area 7,2001.0,eng,Thriller
7933,,"A Better World (Brilliance Saga, #2)",A Better World,2014.0,eng,Ciencia ficción
7934,0441008658,Spindle's End,Spindle's End,2000.0,eng,Fantasía
7935,,"A Leaf on the Wind of All Hallows (Outlander, #8.5)","A Leaf on the Wind of All Hallows (Outlander, #8.5)",2012.0,eng,Ficción histórica
7936,,Scoring Wilder,Scoring Wilder,2014.0,eng,Romántica
7937,9770931357,باب الخروج: رسالة علي المفعمة ببهجة غير متوقعة,باب الخروج: رسالة علي المفعمة ببهجة غير متوقعة,2012.0,ara,Ficción
7938,0316097462,"I, Michael Bennett (Michael Bennett, #5)","I, Michael Bennett",2012.0,eng,Thriller
7939,1625173431,"Clean Sweep (Innkeeper Chronicles, #1)",Clean Sweep,2012.0,eng,Fantasía
7940,0758216432,"Succubus Dreams (Georgina Kincaid, #3)",Succubus Dreams ,2008.0,eng,Fantasía
7941,0345451902,"The Last Detective (Elvis Cole, #9)",The Last Detective,2003.0,eng,Misterio
7942,1569242739,Vegan Cupcakes Take Over the World: 75 Dairy-Free Recipes for Cupcakes that Rule,Vegan Cupcakes Take Over the World: 75 Dairy-Free Recipes for Cupcakes that Rule,2006.0,eng,Cocina
7943,0142404241,Hope Was Here,Hope Was Here,2000.0,eng,Juvenil
7944,0670025488,May We Be Forgiven,May We Be Forgiven,2012.0,eng,Ficción
7945,0785135820,"Ender''s Game, Volume 2: Command School",,2010.0,eng,Cómic y novela gráfica
7946,0060512180,The Beauty Myth,The Beauty Myth: How Images of Beauty Are Used Against Women,1990.0,eng,Ensayo
7947,1433502410,ESV Study Bible,,2002.0,eng,Religión y espiritualidad
7948,,"Wired (Wired, #1)",,2005.0,eng,Ciencia ficción
7949,1559702028,Auschwitz: A Doctor's Eyewitness Account,Orvos voltam Auschwitzban,1946.0,eng,Memorias
7950,0374166854,"Hot, Flat, and Crowded: Why We Need a Green Revolution--and How It Can Renew America","Hot, Flat, and Crowded: Why We Need a Green Revolution--and How It Can Renew America",2008.0,eng,Ensayo
7951,0307021106,The Saggy Baggy Elephant (A Little Golden Book),The Saggy Baggy Elephant (Little Golden Book),1947.0,eng,Infantil
7952,0140447970,Sentimental Education,L'Éducation sentimentale,1869.0,eng,Clásicos
7953,1439157995,Sleepwalk With Me and Other Painfully True Stories,,2010.0,,Memorias
7954,,"Happy, Happy, Happy",Legend of the Duck Commander,2013.0,eng,Biografía
7955,9793600691,Kambing Jantan: Sebuah Catatan Harian Pelajar Bodoh ,Kambing Jantan: Sebuah Catatan Harian Pelajar Bodoh ,2005.0,ind,Memorias
7956,,"Always You (Best Friend, #1)",Best Friends with a Self-Confessed Player,2012.0,eng,Romántica
7957,0778314189,"Scent of Magic (Healer, #2)",Scent of Magic,2012.0,eng,Fantasía
7958,0399158278,"Taken (Elvis Cole, #15; Joe Pike, #4)",Taken,2012.0,eng,Thriller
7959,0060564679,"Savannah Breeze (Weezie and Bebe Mysteries, #2)",Savannah Breeze,2006.0,eng,Misterio
7960,0765345013,"Child of the Prophecy (Sevenwaters, #3)",Child of the Prophecy ,2001.0,eng,Fantasía
7961,0451458621,"Priestess of Avalon (Avalon, #4)",Priestess of Avalon ,2000.0,eng,Fantasía
7962,,"The Submissive (Submissive, #1)",The submissive,2012.0,eng,Romántica
7963,1400030269,Platform,Plateforme,2001.0,eng,Ficción
7964,1451686579,Contagious: Why Things Catch On,Contagious. Why Things Catch On.,2013.0,eng,Negocios
7965,0451209133,Disappearing Acts,Disappearing Acts,1989.0,eng,Ficción
7966,159532402X,"Fruits Basket, Vol. 7",フルーツバスケット 7,2001.0,eng,Cómic y novela gráfica
7967,0061438294,What Every Body is Saying: An Ex-FBI Agent's Guide to Speed-Reading People,What Every Body is Saying: An FBI Agent's Guide to Speed-Reading People,2008.0,eng,Psicología
7968,0515142891,Finding the Dream (Dream Trilogy #3),Finding the Dream,1996.0,eng,Romántica
7969,045121742X,"The Secret History of the Pink Carnation (Pink Carnation, #1)",,2004.0,eng,Ficción histórica
7970,0684852225,Close Range,Close Range: Wyoming Stories,1999.0,eng,Ficción
7971,1557830665,Sweeney Todd: The Demon Barber of Fleet Street,Sweeney Todd: The Demon Barber of Fleet Street (Applause Musical Library),1974.0,eng,Música
7972,0345450728,Distant Shores,Distant Shores,2002.0,,Romántica
7973,,"Where You Are (Between the Lines, #2)",Where You Are,2011.0,eng,Romántica
7974,0800871863,Silence,沈黙,1966.0,eng,Ficción histórica
7975,0545142997,"Numbers (Numbers, #1)",Numbers,2008.0,eng,Juvenil
7976,0749934409,"Reunion in Death (In Death, #14)",Reunion in Death,2002.0,eng,Thriller
7977,0310245729,Where Is God When It Hurts?,Where Is God When It Hurts?,1977.0,eng,Religión y espiritualidad
7978,0061727660,"The Mapping of Love and Death (Maisie Dobbs, #7)",The Mapping of Love and Death,2010.0,eng,Misterio
7979,1501141511,Born to Run,Born to Run,2016.0,eng,Biografía
7980,1476762627,Primates of Park Avenue,,2015.0,eng,Memorias
7981,0590396560,"Cold Fire (The Circle Opens, #3)",Cold Fire,2002.0,eng,Fantasía
7982,0425197220,Hidden Riches,Hidden Riches,1994.0,eng,Romántica
7983,042521575X,Visions of Heat (Psy-Changeling #2),Visions of Heat,2007.0,eng,Romántica
8006,1478927941,"NYPD Red 3 (NYPD Red, #3)",NYPD Red 3,2015.0,,Thriller
7984,0062363603,Hidden Figures: The American Dream and the Untold Story of the Black Women Mathematicians Who Helped Win the Space Race,Hidden Figures: The American Dream and the Untold Story of the Black Women Mathematicians Who Helped Win the Space Race,2016.0,eng,Historia
7985,1861977697,The Art of Seduction,Art of Seduction,2001.0,eng,Autoayuda
7986,0446500038,"Kushiel''s Justice (Imriel''s Trilogy, #2)",Kushiel's Justice,2007.0,eng,Fantasía
7987,0356501507,The Hydrogen Sonata (Culture #10),The Hydrogen Sonata,2012.0,eng,Ciencia ficción
7988,0670064181,The Orenda,The Orenda,2013.0,eng,Ficción histórica
7989,0553499084,The Julian Chapter (Wonder Story),The Julian chapter,2014.0,eng,Infantil
7990,1406790273,An Essay Concerning Human Understanding,An Essay Concerning Human Understanding,1689.0,,Ensayo
7991,0007120680,"Hallowe''en Party (Hercule Poirot, #36)",Hallowe'en Party,1969.0,eng,Misterio
7992,0061869724,"Never Have I Ever (The Lying Game, #2)",Never Have I Ever ,2011.0,eng,Juvenil
7993,,"Secret History (Mistborn, #3.5)",Mistborn: Secret History,2016.0,eng,Fantasía
7994,1881273652,The Five Love Languages of Children,The Five Love Languages of Children,1995.0,,Autoayuda
7995,1400077095,"The Sunday Philosophy Club (Isabel Dalhousie, #1)",The Sunday Philosophy Club ,2004.0,eng,Misterio
7996,042520300X,"Visions in Death (In Death, #19)","Visions in Death (In Death, #19)",2004.0,eng,Thriller
7997,0451528719,Washington Square,Washington Square,1880.0,,Clásicos
7998,039575531X,On Becoming a Person: A Therapist's View of Psychotherapy,On Becoming a Person:  A Therapist's View of Psychotherapy,1961.0,,Psicología
7999,,"Safe with Me (With Me in Seattle, #5)",,2013.0,eng,Romántica
8000,0060556579,The Red Queen: Sex and the Evolution of Human Nature,The Red Queen: Sex and the Evolution of Human Nature,1993.0,eng,Ciencia
8001,,"Monster in His Eyes (Monster in His Eyes, #1)",,2014.0,eng,Romántica
8002,1416566384,Where Are You Now?,,2008.0,eng,Thriller
8003,054529844X,"Day of Doom (The 39 Clues: Cahills vs. Vespers, #6)",,2013.0,eng,Juvenil
8004,1931514798,"Kare Kano: His and Her Circumstances, Vol. 1",彼氏彼女の事情 #1,1996.0,eng,Cómic y novela gráfica
8005,045146527X,"Vision in Silver (The Others, #3)",Vision in Silver ,2015.0,eng,Fantasía
8007,1408808870,The Finkler Question,The Finkler Question,2010.0,eng,Ficción
8008,0749934433,"Imitation in Death (In Death, #17)",Imitation in Death,2003.0,eng,Thriller
8009,0060594772,Beaches,Beaches,1985.0,eng,Ficción
8010,0440229081,"Skellig (Skellig, #1)",Skellig,1998.0,eng,Juvenil
8011,1420926993,An Enquiry Concerning Human Understanding,An Enquiry concerning Human Understanding,1748.0,eng,Ensayo
8012,0743268571,I Heard That Song Before,I Heard That Song Before,2007.0,eng,Thriller
8013,0803741715,The Book with No Pictures,The Book with No Pictures,2014.0,eng,Infantil
8014,0671700758,"Psycho-Cybernetics, A New Way to Get More Living Out of Life",Psycho-Cybernetics. A New Way to Get More Living Out of Life,1960.0,,Autoayuda
8015,061871166X,The Hungry Tide,The Hungry Tide,2004.0,eng,Ficción
8016,0385337639,Crow Lake,Crow Lake,2002.0,eng,Ficción
8017,9781444810844,Don't Let Me Go,Don't Let Me Go,2011.0,eng,Ficción
8018,0140086838,Ceremony,Ceremony,1977.0,eng,Ficción
8019,0307594165,Home,Home,2011.0,,Ficción
8020,1632156741,"Paper Girls, Vol. 1 (Paper Girls, #1)",The Paper Girls - Vol 1,2016.0,eng,Cómic y novela gráfica
8021,0888994168,"The Breadwinner (The Breadwinner, #1)",The Breadwinner,2000.0,eng,Juvenil
8022,0778314472,"The Wanderer (Thunder Point, #1)",The Wanderer,2013.0,eng,Romántica
8023,1582346178,A Year in the Merde,A Year in the Merde,2004.0,eng,Ficción
8024,0062132520,The Hurricane Sisters,The Hurricane Sisters ,2014.0,eng,Ficción
8025,0802141323,The Wretched of the Earth,Les Damnés de la terre,1961.0,eng,Ensayo
8026,1416516859,"Deep Six (Dirk Pitt, #7)",Deep Six,1984.0,eng,Aventura
8027,1576739759,Secrets of the Vine: Breaking Through to Abundance,Secrets of the Vine: Breaking Through to Abundance,2001.0,eng,Religión y espiritualidad
8028,0553586386,Anne Frank's Tales from the Secret Annex,"Verhaaltjes, en gebeurtenissen uit het Achterhuis. Cady''s leven",1960.0,,Memorias
8029,080413717X,"City of Stairs (The Divine Cities, #1)",City of Stairs,2014.0,eng,Fantasía
8030,0743484274,The Cradle Will Fall,The Cradle Will Fall,1980.0,,Thriller
8031,0439108381,"Into the Land of the Unicorns (Unicorn Chronicles, #1)",Into the Land of the Unicorns,1994.0,eng,Infantil
8032,0373250746,Girls' Night In,Girls Night In,2004.0,eng,Ficción
8033,0060938110,The Gift of Therapy: An Open Letter to a New Generation of Therapists and Their Patients,The Gift of Therapy: An Open Letter to a New Generation of Therapists and Their Patients,2001.0,,Psicología
8034,1591841003,All Marketers Are Liars: The Power of Telling Authentic Stories in a Low-Trust World,All Marketers Are Liars: The Power of Telling Authentic Stories in a Low-Trust World,2005.0,eng,Negocios
8035,0756403146,"Black Sun Rising (The Coldfire Trilogy, #1)",Black Sun Rising,1991.0,eng,Fantasía
8036,039915776X,City of Women,,2012.0,,Ficción histórica
8037,0486270653,The Misanthrope,Le Misanthrope ou L'Atrabilaire Amoureux,1666.0,eng,Clásicos
8038,0345340442,"The Belgariad Boxed Set: Pawn of Prophecy / Queen of Sorcery / Magician''s Gambit / Castle of Wizardry / Enchanters'' End Game (The Belgariad, #1-5)","The Belgariad Boxed Set: Pawn of Prophecy, Queen of Sorcery, Magician''s Gambit, Castle of Wizardry, & Enchanters'' End Game (The Belgariad, #1-5)",1984.0,eng,Fantasía
8039,0753819481,The Temple of My Familiar,The Temple of My Familiar,1989.0,eng,Ficción
8040,0349400202,"Envy (Fallen Angels, #3)","Envy (Fallen Angels, #3)",2011.0,eng,Romántica
8041,,"The Son (Divergent, #0.3)",Four: The Son,2014.0,eng,Juvenil
8042,0312949812,"Seduce Me at Sunrise (The Hathaways, #2)",Seduce Me at Sunrise,2008.0,eng,Romántica
8043,0373212054,The Problem with Forever,The Problem with Forever,2016.0,eng,Juvenil
8044,0385755929,Holding Up the Universe,Holding Up the Universe,2016.0,eng,Juvenil
8045,0141006579,Take the Cannoli,Take the Cannoli: Stories from the New World,2000.0,,Ensayo
8046,1594487154,To Sell Is Human: The Surprising Truth About Moving Others,,2012.0,,Negocios
8047,0451037707,The Double Helix,The Double Helix: A Personal Account of the Discovery of the Structure of DNA,1968.0,eng,Ciencia
8048,0718147715,Cook with Jamie,Cook with Jamie,2006.0,eng,Cocina
8049,0553580302,House Harkonnen (Prelude to Dune #2),Dune: House Harkonnen,2000.0,eng,Ciencia ficción
8072,0380704420,Wait Till Helen Comes,,1986.0,eng,Infantil
8050,0749909056,Dream Warrior (Dream-Hunter #4; Dark-Hunter #17),Dream Warrior,2009.0,eng,Romántica
8051,1400066212,Strength in What Remains: A Journey of Remembrance and Forgiveness,Strength in What Remains,2000.0,eng,Memorias
8052,0714840831,FRUiTS,,2001.0,eng,Arte
8053,0312966202,The Lord God Made Them All,The Lord God Made Them All,1981.0,eng,Memorias
8054,0007191480,"Then He Ate My Boy Entrancers (Confessions of Georgia Nicolson, #6)",... Then He Ate My Boy Entracers,2005.0,eng,Juvenil
8055,0060267887,The Frog and Toad Treasury: Frog and Toad are Friends/Frog and Toad Together/Frog and Toad All Year  (Frog and Toad #1-3),Frog And Toad Book Set: Frog And Toad Are Friends; Frog And Toad Together; Days With Frog And Toad; Frog And Toad All Year,1987.0,,Infantil
8056,,"1Q84 #1-2 (1Q84, #1-2)",1Q84 Books 1-2,2009.0,eng,Ficción
8057,0006499473,Absent In The Spring,Absent in the Spring ,1944.0,eng,Ficción
8058,,"Rock Chick Reckoning (Rock Chick, #6)",,2011.0,eng,Romántica
8059,0399162593,Fish in a Tree,Fish In A Tree,2015.0,eng,Juvenil
8060,0345528921,The Inn at Rose Harbor (Rose Harbor #1),The Inn At Rose Harbor,2012.0,eng,Romántica
8061,0770435629,Lady Almina and the Real Downton Abbey: The Lost Legacy of Highclere Castle,Lady Almina and the Real Downton Abbey: The Lost Legacy of Highclere Castle,2011.0,eng,Historia
8062,0451460413,"Dies the Fire (Emberverse, #1)",Dies the Fire ,2004.0,eng,Ciencia ficción
8063,,"Stranger Child (DCI Tom Douglas, #4)",,2015.0,eng,Thriller
8064,1591840538,The Smartest Guys in the Room: The Amazing Rise and Scandalous Fall of Enron,The Smartest Guys in the Room: The Amazing Rise and Scandalous Fall of Enron,2003.0,,Negocios
8065,0062359983,Another Brooklyn,Another Brooklyn,2016.0,eng,Ficción
8066,0451218469,Beneath a Marble Sky,Beneath a Marble Sky,2004.0,eng,Ficción histórica
8067,0765354934,Mount Dragon,Mount Dragon,1996.0,,Thriller
8068,042511984X,The Face of Fear,The Face of Fear,1977.0,eng,Terror
8069,157322359X,Journals,Journals,2002.0,,Memorias
8070,0316210986,"Gone (Michael Bennett, #6)",Gone,2013.0,eng,Thriller
8071,0330412744,Cosmopolis,Cosmopolis,2003.0,eng,Ficción
8073,0061257052,Very Valentine,Very Valentine,2009.0,eng,Romántica
8074,1401210015,"Fables, Vol. 8: Wolves","Fables, Volume 8: Wolves",2006.0,eng,Cómic y novela gráfica
8075,009949857X,Light a Penny Candle,Light A Penny Candle,1982.0,eng,Ficción
8076,0515140880,"Dark Demon (Dark, #16)","Dark Demon (Carpathians, #16)",2002.0,eng,Romántica
8077,1607063921,"The Walking Dead, Vol. 14: No Way Out","The Walking Dead, Vol. 14: No Way Out ",2011.0,eng,Cómic y novela gráfica
8078,1582406987,"The Walking Dead, Book Two (The Walking Dead #13-24)",The Walking Dead. Book Two,2005.0,eng,Cómic y novela gráfica
8079,0156226006,Cosmicomics,Le cosmicomiche,1965.0,eng,Ciencia ficción
8080,0671789457,Possessing the Secret of Joy,Possessing the Secret of Joy,1992.0,,Ficción
8081,0020248717,Way Station,Way Station,1963.0,eng,Ciencia ficción
8082,0373210051,"My Soul to Keep (Soul Screamers, #3)",My Soul to Keep,2010.0,eng,Juvenil
8083,023252078X,The Return of the Prodigal Son: A Story of Homecoming,The Return of the Prodigal Son: A Story of Homecoming,1991.0,eng,Religión y espiritualidad
8084,0393324869,Naked Economics: Undressing the Dismal Science,Naked Economics: Undressing the Dismal Science,2002.0,,Negocios
8085,0590396056,"Magic Steps (The Circle Opens, #1)",Magic Steps,2000.0,,Fantasía
8086,,"Someone to Love (Someone to Love, #1)",Someone To Love,2012.0,eng,Romántica
8087,0060733497,The Lions of Al-Rassan,The Lions of Al-Rassan,1995.0,eng,Fantasía
8088,1416521836,Such a Pretty Girl,Such a Pretty Girl,2007.0,eng,Juvenil
8089,,"Until Trevor (Until, #2)",,2013.0,eng,Romántica
8090,0297775340,Scruples,Scruples,1978.0,eng,Ficción
8091,0312385188,Prayers for Sale,Prayers for Sale,1997.0,eng,Ficción histórica
8092,1439183368,Savages,,2010.0,eng,Thriller
8093,0553582895,Dark Rivers of the Heart,Dark Rivers of the Heart,1994.0,,Thriller
8094,0345423291,What We Keep ,What We Keep ,1998.0,eng,Ficción
8095,1416985794,Nothing,Intet,2000.0,eng,Juvenil
8096,0452156610,Sleeping Beauty Box Set,Sleeping Beauty Box Set,1983.0,eng,Ficción
8097,1563896451,"100 Bullets, Vol. 1: First Shot, Last Call","100 Bullets, Vol. 1: First Shot, Last Call (100 bullets, #1)",1999.0,eng,Cómic y novela gráfica
8098,1841496057,"The Awakened Mage (Kingmaker, Kingbreaker, #2)","Innocence Lost (Kingmaker, Kingbreaker, #2)",2005.0,eng,Fantasía
8099,0440910811,"A Ring of Endless Light (Austin Family, #4)","A Ring of Endless Light (Austin Family, #4)",1980.0,eng,Juvenil
8100,0316036064,How to Save a Life,How to Save a Life,2011.0,eng,Juvenil
8101,1416577572,"The 5 Greatest Warriors (Jack West Jr, #3)",The Five Greatest Warriors,2009.0,eng,Aventura
8102,0399170898,"Brotherhood in Death (In Death, #42)",Brotherhood in Death,2016.0,eng,Misterio
8103,0886773776,"Arrow''s Flight (Heralds of Valdemar, #2)","Arrow''s Flight (Heralds of Valdemar, #2)",1987.0,eng,Fantasía
8104,0763628115,"The Tail of Emily Windsnap (Emily Windsnap, #1)",The Tail of Emily Windsnap,2003.0,eng,Infantil
8105,1455554596,Blackout: Remembering the Things I Drank to Forget,Blackout: Remembering the Things I Drank to Forget,2015.0,eng,Memorias
8106,0399256202,"The Invaders (Brotherband Chronicles, #2)",The Invaders,2012.0,eng,Juvenil
8107,1598185217,The Moon and Sixpence,The Moon and Sixpence,1919.0,,Clásicos
8108,,"The Last Girl (The Dominion Trilogy, #1)",,2016.0,eng,Ciencia ficción
8109,1401210821,"The Absolute Sandman, Volume One","The Absolute Sandman, Volume One",2006.0,eng,Cómic y novela gráfica
8111,0689863624,"Dicey''s Song (Tillerman Cycle, #2)","Dicey''s Song (Tillerman Family, #2)",1982.0,eng,Juvenil
8112,1582408254,"The Walking Dead, Book Three (The Walking Dead #25-36)",The Walking Dead. Book Three,2007.0,eng,Cómic y novela gráfica
8113,,"A Quest of Heroes (The Sorcerer''s Ring, #1)",,2012.0,eng,Fantasía
8114,0679733787,The Woman in the Dunes,砂の女 [Suna no onna],1962.0,eng,Clásicos
8115,0140248927,Aunt Julia and the Scriptwriter,La tía Julia y el escribidor,1977.0,eng,Ficción
8116,0062422960,"Queen Song (Red Queen, #0.1)",Queen Song,2015.0,,Fantasía
8117,1563895684,"Transmetropolitan, Vol. 3: Year of the Bastard (Transmetropolitan, #3)","Transmetropolitan, Vol. 3: Year of the Bastard",1999.0,eng,Cómic y novela gráfica
8118,,The Prettiest One,,2015.0,eng,Thriller
8120,0060688246,"A Severe Mercy: A Story of Faith, Tragedy and Triumph",A Severe Mercy,1977.0,eng,Religión y espiritualidad
8121,0307265722,1493: Uncovering the New World Columbus Created,1493: Uncovering the New World Columbus Created,2011.0,eng,Historia
8122,0758254091,The Dry Grass of August,The Dry Grass of August,2011.0,,Ficción histórica
8123,0545298431,"Trust No One (The 39 Clues: Cahills vs. Vespers, #5)",,2012.0,eng,Juvenil
8124,0385528078,Zone One,,2010.0,eng,Terror
8125,0843960434,"The Madness of Lord Ian Mackenzie (Mackenzies & McBrides, #1)",The Madness of Lord Ian Mackenzie,2009.0,eng,Romántica
8126,0099453452,"Point of Impact (Bob Lee Swagger, #1)",Point of Impact,1993.0,eng,Thriller
8127,009947915X,Life and Times of Michael K,Life & Times of Michael K.,1983.0,,Ficción
8128,044900483X,"Children of God (The Sparrow, #2)",Children of God,1998.0,eng,Ciencia ficción
8129,,Vanished (Callahan & McLane #1),,2014.0,eng,Thriller
8130,0718152433,Jamie at Home: Cook Your Way to the Good Life,Jamie at Home: Cook Your Way to the Good Life,2007.0,,Cocina
8131,0425197395,"The Mediterranean Caper (Dirk Pitt, #2)",The Mediterranean Caper,1973.0,eng,Aventura
8132,0451454243,"The Forest House (Avalon, #2)",The Forest House,1993.0,eng,Fantasía
8133,0743484193,"Certain Prey (Lucas Davenport, #10)",Certain Prey,1999.0,eng,Thriller
8134,0425210812,"Undead and Unreturnable (Undead, #4)",Undead and Unreturnable,2005.0,eng,Fantasía
8135,0441014763,"Fearless (The Lost Fleet, #2)","Fearless (The Lost Fleet, #2)",2007.0,,Ciencia ficción
8136,0553578553,"Dawn on a Distant Shore (Wilderness, #2)",Dawn on a Distant Shore,2000.0,eng,Ficción histórica
8137,9781522778158,F*ck Love,,2015.0,,Romántica
8138,9789863442295,The Danish Girl,The Danish Girl,2000.0,eng,Ficción histórica
8139,0525426361,This Star Won't Go Out: The Life and Words of Esther Grace Earl,,2014.0,eng,Memorias
8140,0060898526,Brave New World Revisited ,Brave New World Revisited ,1958.0,eng,Ensayo
8141,0345301110,Story of O (Story of O #1),Histoire d'O,1954.0,eng,Ficción
8142,0060757639,"Forest Mage (Soldier Son, #2)",Forest Mage,2006.0,eng,Fantasía
8143,0380726297,"Sacred (Kenzie & Gennaro, #3)",Sacred,1997.0,,Thriller
8144,,Hidden (Bone Secrets. #1),Hidden ,2012.0,eng,Thriller
8145,9781952646041,Punk 57,Punk 57,2016.0,,Romántica
8146,0425138232,"Eye of the Storm (Sean Dillon, #1)",Eye of the Storm,1992.0,eng,Thriller
8147,,Nikola Tesla: Imagination and the Man That Invented the 20th Century,Nikola Tesla: Imagination and the Man That Invented the 20th Century,2013.0,eng,Biografía
8148,0060880120,How to Be Popular,How to Be Popular,2006.0,eng,Juvenil
8149,0451530098,Pygmalion & My Fair Lady,Pygmalion and My Fair Lady (50th Anniversary Edition) (Signet Classics (Paperback)),1956.0,,Clásicos
8150,0345432401,Omerta,Omertà,1999.0,eng,Thriller
8151,0062103733,"Unraveling (Unraveling, #1)",Unraveling,2012.0,eng,Ciencia ficción
8152,0330311735,One,One,1988.0,,Ficción
8153,0763618985,The Tiger Rising,The Tiger Rising,2001.0,eng,Infantil
8154,0886774268,Magic's Price (Valdemar: Last Herald-Mage #3),Magic's Price,1990.0,eng,Fantasía
8155,,"The Hedge Knight (The Tales of Dunk and Egg, #1)",The Hedge Knight,1998.0,eng,Fantasía
8156,0425173909,"After the Funeral (Hercule Poirot, #29)",After the Funeral ,1953.0,eng,Misterio
8157,1582404976,Wanted,Wanted,2005.0,,Cómic y novela gráfica
8158,1421506297,"Death Note, Vol. 8: Target (Death Note, #8)",デスノート #8 (Desu Nōto) Mato (的),2005.0,eng,Cómic y novela gráfica
8159,0785122133,X-Men: The Dark Phoenix Saga,,1983.0,eng,Cómic y novela gráfica
8160,0375714499,Manufacturing Consent: The Political Economy of the Mass Media,Manufacturing Consent: The Political Economy of the Mass Media,1988.0,eng,Ensayo
8161,0670557110,Pippi in the South Seas,Pippi Långstrump i Söderhavet,1948.0,eng,Infantil
8162,0192834401,The Castle of Otranto,,1764.0,eng,Clásicos
8163,0330314920,Outer Dark,Outer Dark,1968.0,,Ficción
8164,,"Endless Knight (The Arcana Chronicles, #2)",Endless Knight ,2013.0,eng,Fantasía
8165,0312890176,Shadow & Claw (The Book of the New Sun #1-2),Shadow & Claw,1994.0,eng,Ciencia ficción
8166,0812995228,Among the Ten Thousand Things,Parmi les dix milliers de choses,2015.0,eng,Ficción
8167,0743250451,"The Great Shark Hunt: Strange Tales from a Strange Time (The Gonzo Papers, #1)",The Great Shark Hunt: Strange Tales from a Strange Time,1979.0,eng,Ensayo
8168,0395957761,The Complete Poems,The Complete Poems: Anne Sexton,1981.0,eng,Poesía
8169,0316098124,2312,2312,2012.0,eng,Ciencia ficción
8170,0689806981,"Tears of a Tiger (Hazelwood High, #1)",Tears of a Tiger,1994.0,eng,Juvenil
8171,0061231428,Altar of Eden,Altar of Eden,2009.0,eng,Thriller
8172,1591169909,"Ouran High School Host Club, Vol. 2 (Ouran High School Host Club, #2)",桜蘭高校ホスト部 2,2003.0,eng,Cómic y novela gráfica
8173,0810949148,"The Problem Child (The Sisters Grimm, #3)",The Problem Child,2006.0,eng,Infantil
8174,0195170342,Washington's Crossing,Washington's Crossing,2003.0,eng,Historia
8175,0679783482,Shalimar the Clown,Shalimar the Clown,2005.0,eng,Ficción
8176,0688172377,Desert Flower,Desert Flower: The Extraordinary Journey of a Desert Nomad,1998.0,eng,Memorias
8177,0345467817,Halo: First Strike,First Strike,2003.0,eng,Ciencia ficción
8178,,"Broken Silence (Silence, #2)",Broken Silence,2013.0,eng,Juvenil
8179,1861977166,In Search of Excellence: Lessons from America's Best-Run Companies,In Search of Excellence,1982.0,,Negocios
8180,0316239992,First Love,First Love,2013.0,,Juvenil
8181,1401204457,"The Batman Chronicles, Vol. 1",Batman Chronicles: Volume 1,2005.0,eng,Cómic y novela gráfica
8182,0307730697,Fearless: The Heroic Story of One Navy SEAL's Sacrifice in the Hunt for Osama Bin Laden and the Unwavering Devotion of the Woman Who Loved Him,,2012.0,,Biografía
8183,1434764338,"Waterfall (River of Time, #1)",Waterfall,2011.0,eng,Juvenil
8184,0385682824,"The Love Song of Miss Queenie Hennessy (Harold Fry, #2)",The Love Song of Miss Queenie Hennessy,2014.0,eng,Ficción
8185,0345435753,"Morgawr (The Voyage of the Jerle Shannara, #3)",Morgawr ,2002.0,eng,Fantasía
8186,0340752459,September,September,1990.0,eng,Ficción
8187,1884214495,The Last Question,The Last Question (When the World Ends),1956.0,eng,Ciencia ficción
8188,0140189424,Henderson the Rain King,Henderson the Rain King,1959.0,eng,Ficción
8189,0451209435,Fear of Flying,Fear of Flying,1973.0,eng,Ficción
8190,0316176044,Red Riding Hood,Red Riding Hood,2011.0,eng,Infantil
8191,9381626715,Stay Hungry Stay Foolish,Stay Hungry Stay Foolish,2008.0,eng,Negocios
8192,0140568190,The Giraffe and the Pelly and Me,The Giraffe and the Pelly and Me,1985.0,eng,Infantil
8193,1250039819,Shotgun Lovesongs,Shotgun Lovesongs,2014.0,eng,Ficción
8194,0440240956,"The Death of Kings (Emperor, #2)","The Death of Kings (Emperor, #2)",2004.0,eng,Ficción histórica
8195,0375435484,French Women Don't Get Fat: The Secret of Eating for Pleasure,French Women Don't Get Fat,2004.0,eng,Autoayuda
8196,061858532X,"A Certain Slant of Light (Light, #1)",A Certain Slant of Light,2005.0,eng,Fantasía
8197,1416936408,"The Uglies Trilogy (Uglies, #1-3)","The Uglies Trilogy (Uglies, #1-3)",2007.0,,Juvenil
8198,0062311115,The Bone Tree,The Bone Tree,2015.0,eng,Thriller
8199,0312939779,False Impression,False Impression,2005.0,eng,Thriller
8200,1926760689,I Wrote This For You,I Wrote This For You,2011.0,eng,Poesía
8201,1400049350,Barefoot in Paris,Barefoot in Paris,2004.0,eng,Cocina
8202,1591163595,"Naruto, Vol. 05: Exam Hell (Naruto, #5)",,2000.0,eng,Cómic y novela gráfica
8203,0060589353,"Away Laughing on a Fast Camel (Confessions of Georgia Nicolson, #5)",...and that's when it fell off in my hand,2004.0,,Juvenil
8204,,"The Unwanted Wife (Unwanted, #1)",The Unwanted Wife,2012.0,eng,Romántica
8205,,"Royally Screwed (Royally, #1)",Royally Screwed,2016.0,eng,Romántica
8206,0061626317,"Splendor (Luxe, #4)",Splendor,2009.0,eng,Juvenil
8207,1582870950,The Professor,The Professor,1857.0,eng,Clásicos
8208,0451234863,"Drink Deep (Chicagoland Vampires, #5)","Drink Deep (Chicagoland Vampires, #5)",2011.0,eng,Fantasía
8209,,رجال في الشمس,رجال في الشمس,1963.0,ara,Ficción
8210,0698400011,The Little Mermaid,Den lille havfrue,1836.0,eng,Infantil
8211,0060525134,"Big Boned (Heather Wells, #3)","Big Boned (Heather Wells, #3)",2007.0,eng,Misterio
8212,0802131867,The Subterraneans,The Subterraneans,1958.0,eng,Ficción
8213,0745917437,The Tale of Three Trees,The Tale of Three Trees: A Traditional Folktale,1989.0,eng,Infantil
8214,1593072953,"Sin City, Vol. 3: The Big Fat Kill (Sin City, #3)",Sin City: The Big Fat Kill,1994.0,eng,Cómic y novela gráfica
8215,0007120842,"The Moving Finger (Miss Marple, #4)",The Moving Finger,1942.0,eng,Misterio
8216,042516098X,"Hornet''s Nest (Andy Brazil, #1)",Hornet's Nest,1996.0,eng,Thriller
8217,0785267239,The Sacred Romance Drawing Closer To The Heart Of God,The Sacred Romance Drawing Closer To The Heart Of God,1997.0,eng,Religión y espiritualidad
8218,0590590898,There's a Boy in the Girls' Bathroom,There's a Boy in the Girls' Bathroom,1987.0,eng,Infantil
8219,037321099X,"Crash into You (Pushing the Limits, #3)",Crash Into You,2013.0,eng,Juvenil
8220,0375504877,Colonel Roosevelt,Colonel Roosevelt,2010.0,eng,Biografía
8221,081120958X,Selected Poems,Selected Poems,1949.0,,Poesía
8222,0553100351,"Vision of the Future (Star Wars: The Hand of Thrawn, #2)",Star Wars: Vision of the Future,1998.0,eng,Ciencia ficción
8223,4103534230,"1Q84 BOOK 2 (1Q84, #2)",1Q84 Book 2 [Ichi-kyū-hachi-yon],2009.0,jpn,Ficción
8224,9780375424106,How to Be Both,How to Be Both,2014.0,eng,Ficción
8225,0060724560,"Princess on the Brink (The Princess Diaries, #8)",Princess on the Brink,2006.0,,Juvenil
8226,0140435476,The Woodlanders,The Woodlanders,1887.0,eng,Clásicos
8227,0312591845,Tempting Fate,,2014.0,eng,Ficción
8228,0385524927,While My Sister Sleeps,While My Sister Sleeps,2009.0,eng,Ficción
8229,0142000957,Killing Pablo: The Hunt for the World's Greatest Outlaw,Killing Pablo: The Hunt for the World's Greatest Outlaw,2001.0,,No ficción
8230,1451672721,Gold,Gold,2012.0,eng,Ficción
8231,1554682746,"Wondrous Strange (Wondrous Strange, #1)",Wondrous Strange,2009.0,eng,Fantasía
8232,0060731427,How Soccer Explains the World,How Soccer Explains the World: An Unlikely Theory of Globalization,2004.0,,Deportes
8233,0141183047,The Book of Disquiet,Livro do Desassossego,1913.0,eng,Ficción
8234,1401232086,"Batman: Earth One, Volume 1","Batman: Earth One, Volume 1",2012.0,eng,Cómic y novela gráfica
8235,159448841X,Some Assembly Required: A Journal of My Son's First Son,,2012.0,eng,Memorias
8236,0425204332,"Undead and Unappreciated (Undead, #3)",Undead and Unappreciated,2005.0,eng,Fantasía
8237,1455525898,"Blue Labyrinth (Pendergast, #14)",Blue Labyrinth,2014.0,eng,Thriller
8238,0670022209,Malcolm X: A Life of Reinvention,Malcolm X: A Life of Reinvention,2011.0,eng,Biografía
8239,0060723513,Mutant Message Down Under,Mutant Message Down Under,1990.0,eng,No ficción
8240,0440244501,"Ashes of Midnight (Midnight Breed, #6)",Ashes of Midnight,2009.0,eng,Romántica
8241,081091610X,"Once Upon a Crime (The Sisters Grimm, #4)",Once Upon a Crime,2007.0,eng,Infantil
8242,0891343377,Keys to Drawing,Keys to Drawing,1985.0,eng,Arte
8243,1401213162,"Fables, Vol. 9: Sons of Empire","Fables, Volume 9: Sons of Empire",2007.0,eng,Cómic y novela gráfica
8244,0451461991,"Embrace the Night (Cassandra Palmer, #3)",Embrace the Night,2008.0,eng,Fantasía
8245,0586026193,"The Ipcress File (Secret File, #1)",The Ipcress File,1962.0,eng,Thriller
8246,0679450815,The Fannie Farmer Cookbook: Anniversary,The Boston Cooking-School Cook Book 1896,1979.0,,Cocina
8247,,واحة الغروب,واحة الغروب,2006.0,ara,Ficción
8248,1450572375,"Branded (Fall of Angels, #1)",,2010.0,eng,Fantasía
8249,156478214X,The Third Policeman,The Third Policeman,1967.0,eng,Ficción
8250,0375424490,"Tea Time for the Traditionally Built (No. 1 Ladies'' Detective Agency, #10)",Tea Time for the Traditionally Built,2009.0,eng,Misterio
8251,0060827629,"Starlight (Warriors: The New Prophecy, #4)","Starlight (Warriors: The New Prophecy, #4)",2006.0,eng,Infantil
8252,,"Feral Sins (The Phoenix Pack, #1)",Feral Sins,2012.0,eng,Romántica
8253,0867199032,Tintin in the Land of the Soviets (Tintin #1),Tintin au pays des Soviets,1930.0,eng,Cómic y novela gráfica
8254,1439102414,"Flash and Bones (Temperance Brennan, #14)",Flash and Bones,2011.0,eng,Thriller
8255,1594206627,Eileen,Eileen,2015.0,eng,Ficción
8256,142333745X,"Creation in Death (In Death, #25)",Creation in Death ,2007.0,eng,Thriller
8257,0670062405,Llama Llama Mad at Mama,Llama Llama Mad at Mama,2007.0,eng,Infantil
8258,0345547497,Cop Town,Cop Town,2014.0,eng,Thriller
8259,0810949792,Graffiti World: Street Art from Five Continents,Graffiti World: Street Art from Five Continents,2004.0,,Arte
8260,0399216197,Lon Po Po: A Red-Riding Hood Story from China,Lon Po Po,1989.0,eng,Infantil
8261,0316065765,The Blood of Flowers,The Blood of Flowers,2007.0,eng,Ficción histórica
8262,0140367357,"Five Children and It (Five Children, #1)",Five Children and It ,1902.0,eng,Clásicos
8263,,2 ضباط,2 ضباط,2013.0,ara,Ficción
8264,0671000314,"Flood Tide (Dirk Pitt, #14)","Flood Tide (Dirk Pitt, #14)",1985.0,eng,Aventura
8265,0062380877,"This Savage Song (Monsters of Verity, #1)",This Savage Song,2016.0,eng,Fantasía
8266,0062003941,"Bloodlust (The Vampire Diaries: Stefan''s Diaries, #2)",Bloodlust,2011.0,eng,Juvenil
8267,0425226735,Branded by Fire (Psy-Changeling #6),,2009.0,eng,Romántica
8268,1481404547,The Unexpected Everything,The Unexpected Everything,2016.0,eng,Juvenil
8269,0727853414,Exit to Eden,Exit to Eden,1985.0,eng,Romántica
8270,1423121716,Percy Jackson & the Olympians:  The Ultimate Guide,Percy Jackson: The Ultimate Guide,2010.0,eng,Infantil
8271,0802120202,Alif the Unseen,Alif the Unseen,2012.0,eng,Ciencia ficción
8272,0345465296,The Complete Guide to Middle-Earth,The Complete Guide to Middle-Earth,1974.0,,No ficción
8274,1533134138,"The Bird and the Sword (The Bird and the Sword Chronicles, #1)",The Bird and the Sword,2016.0,eng,Fantasía
8275,1857231082,"The Black Unicorn (Magic Kingdom of Landover, #2)",The Black Unicorn ,1987.0,eng,Fantasía
8276,0743487672,The Awakening and Selected Stories,The Awakening and Selected Short Stories,1899.0,eng,Clásicos
8277,0316113786,Say You're One of Them,Say You're One of Them,2008.0,,Ficción
8278,0547229895,"The Crossing Places (Ruth Galloway, #1)",The Crossing Places,2009.0,eng,Misterio
8280,0099448874,"One Step Behind  (Kurt Wallander, #7)",Steget efter,1997.0,eng,Misterio
8281,0553264907,The Devil's Alternative,The Devil's Alternative,1979.0,,Thriller
8282,1476799202,Faithful,,2017.0,eng,Ficción
8283,0670038318,"Sovereign (Matthew Shardlake, #3)",Sovereign ,2006.0,eng,Ficción histórica
8284,0749932945,Envy,Envy,1999.0,eng,Thriller
8285,1401212409,Batman and Son,Batman: Batman and Son,2005.0,eng,Cómic y novela gráfica
8286,0684800012,On Food and Cooking: The Science and Lore of the Kitchen,On Food and Cooking: The Science and Lore of the Kitchen,1984.0,eng,Cocina
8287,0810993589,"Magic and Other Misdemeanors (The Sisters Grimm, #5)",Magic and Other Misdemeanors,2007.0,,Infantil
8288,0345519477,"In Bed with a Highlander (McCabe Trilogy, #1)",In Bed with a Highlander,2011.0,eng,Romántica
8289,0679736638,The Confessions of Nat Turner,The Confessions of Nat Turner,1967.0,eng,Ficción histórica
8290,1580628362,Please Stop Laughing at Me... One Woman's Inspirational Story,Please Stop Laughing at Me... One Woman's Inspirational Story,2003.0,eng,Memorias
8291,0345477480,"Rule of Two (Star Wars: Darth Bane, #2)",,2007.0,eng,Ciencia ficción
8292,184756190X,A Girl Like You,A Girl Like You,2011.0,eng,Romántica
8293,,"Sincerely, Carter (Sincerely Carter, #1)",,2015.0,,Romántica
8294,0765309416,The Android's Dream,The Android's Dream,2006.0,eng,Ciencia ficción
8295,0743217187,The Stories of Eva Luna,Cuentos de Eva Luna,1988.0,eng,Ficción
8296,0767901576,Awakening the Buddha Within: Tibetan Wisdom for the Western World,Awakening the Buddha Within : Tibetan Wisdom for the Western World,1997.0,eng,Religión y espiritualidad
8297,9781480262669,Long Time Coming,Long Time Coming,2003.0,eng,Misterio
8298,0316014532,Story of a Girl,Story of a Girl,2007.0,eng,Juvenil
8299,,High Heat (Jack Reacher #17.5),High Heat,2013.0,eng,Thriller
8300,0062338307,Orphan Number Eight,,2015.0,eng,Ficción histórica
8301,0399158812,"Delusion in Death (In Death, #35)",Delusion in Death,2012.0,eng,Thriller
8302,0743435745,"Field of Dishonor (Honor Harrington, #4)",Field of Dishonor,1994.0,eng,Ciencia ficción
8303,1936365537,How Music Works,How Music Works,2012.0,,Música
8304,1250019699,Save the Date,Save the Date,2014.0,eng,Romántica
8305,0965913228,Oracle Night,Oracle Night,2004.0,eng,Ficción
8306,0575073608,"Time and Again (Time, #1)",Time and Again,1970.0,eng,Ciencia ficción
8307,9781477823149,One Lavender Ribbon,One Lavender Ribbon ,2014.0,eng,Romántica
8308,0882706306,Run Baby Run,Run Baby Run,1969.0,eng,Biografía
8309,0452264014,Fences (The Century Cycle #6),Fences (The Century Cycle #6),1986.0,eng,Ficción
8310,0340863684,Tortured for Christ N/E,Tortured for Christ,1940.0,eng,Religión y espiritualidad
8311,1250076927,The Two-Family House,The Two-Family House,2016.0,eng,Ficción histórica
8312,0006280943,Miracles,Miracles: A Preliminary Study,1947.0,eng,Religión y espiritualidad
8313,1598878735,"The Talent Code: Unlocking the Secret of Skill in Sports, Art, Music, Math, and Just About Everything Else","The Talent Code: Unlocking the Secret of Skill in Sports, Art, Music, Math, and Just About Everything Else",2009.0,,Autoayuda
8314,0670016381,Dear Daughter,Dear Daughter,2014.0,eng,Thriller
8315,9781477820889,The Mermaid's Sister,The Mermaid's Sister,2015.0,eng,Fantasía
8316,0140284125,"The Inimitable Jeeves (Jeeves, #2)",The Inimitable Jeeves ,1923.0,eng,Clásicos
8317,0786901896,"Dragons of Summer Flame (Dragonlance: The Second Generation, #2)",Dragons of Summer Flame,1995.0,eng,Fantasía
8318,0446402400,"The Secret Speech (Leo Demidov, #2)",The Secret Speech,2009.0,eng,Thriller
8319,0307272583,"Star Island (Skink, #6)",Star Island,2010.0,,Ficción
8320,0345495160,Un Lun Dun,Un Lun Dun,2007.0,eng,Fantasía
8321,1421506262,"Death Note, Vol. 5: Whiteout (Death Note, #5)","デスノート #5 (Desu Nōto) Hakushi (白紙,) ",2005.0,eng,Cómic y novela gráfica
8322,1401324436,"Heat Rises (Nikki Heat, #3)",Heat Rises,2011.0,eng,Misterio
8323,0805080759,Homicide: A Year on the Killing Streets,Homicide: A Year on the Killing Streets,1991.0,eng,No ficción
8324,0425183238,"Mrs. Mike (Mrs. Mike, #1)",Mrs. Mike,1947.0,eng,Ficción histórica
8325,1476791619,A Work in Progress,A Work in Progress,2015.0,eng,Memorias
8326,0062285505,The Enchanted,The Enchanted,2014.0,eng,Ficción
8327,0718155181,"The Left Hand of God (The Left Hand of God, #1)",The Left Hand of God ,2010.0,eng,Fantasía
8328,006221635X,How to Love,How to Love,2013.0,eng,Juvenil
8329,0375758232,Paris to the Moon,Paris to the Moon,2000.0,eng,Viajes
8330,0385613504,You Against Me,You Against Me,2010.0,eng,Juvenil
8331,0439717000,A Dog's Life: The Autobiography of a Stray,A Dog's Life: Autobiography of a Stray,2005.0,eng,Infantil
8332,0439441722,"The Will of the Empress (Circle Reforged, #1)",The Will of the Empress,2005.0,eng,Fantasía
8333,0345530411,"The Secret Race: Inside the Hidden World of the Tour de France: Doping, Cover-ups, and Winning at All Costs","The Secret Race: Inside the Hidden World of the Tour de France: Doping, Cover-ups, and Winning at All Costs",2012.0,eng,Deportes
8334,0142002038,"Doctor No (James Bond, #6)",Dr. No,1958.0,eng,Thriller
8335,0062291408,Ripper,El juego de Ripper,2013.0,eng,Misterio
8336,9649051759,ماهی سیاه کوچولو,ماهی سیاه کوچولو,1965.0,per,Infantil
8337,0141181362,Fifth Business,Fifth Business,1970.0,eng,Ficción
8338,0618829253,"Hello, Cupcake","Hello, Cupcake!: Irresistibly Playful Creations Anyone Can Make",2008.0,eng,Cocina
8339,1439133913,"Monster Hunter Vendetta (Monster Hunter International, #2)",,2010.0,eng,Fantasía
8340,0752865366,Nights of Rain and Stars,Nights of Rain and Stars,2004.0,eng,Ficción
8341,0061944394,"Big Nate on a Roll (Big Nate Novels, #3)",Big Nate on a Roll,2009.0,,Infantil
8342,1467964409,"Wife by Wednesday (The Weekday Brides, #1)",Wife by wednesday,2011.0,eng,Romántica
8343,0804467250,"The New Bedside, Bathtub and Armchair Companion to Agatha Christie","The  Bedside, Bathtub and Armchair Companion to Agatha Christie",1979.0,eng,No ficción
8344,,"Dominic (Slater Brothers, #1)",,2014.0,eng,Romántica
8345,1451650051,"Shadow''s Claim (Immortals After Dark, #13; The Dacians, #1)","Shadow''s Claim (The Dacians, #1)",2012.0,eng,Romántica
8346,034553283X,Glitter and Glue,Glitter and Glue,2014.0,eng,Memorias
8347,0805077642,A Night to Remember,A Night to Remember,1955.0,eng,Historia
8348,0393062627,The Lonely Polygamist,The Lonely Polygamist,2010.0,eng,Ficción
8349,0446677167,Stormy Weather,Stormy Weather,1995.0,eng,Ficción
8350,0739318926,That Old Cape Magic,That Old Cape Magic,2009.0,eng,Ficción
8351,0425227944,"The Darkest Hour (KGI, #1)",The Darkest Hour,2010.0,eng,Romántica
8352,038553504X,The Devil All the Time,The Devil All the Time,2011.0,eng,Ficción
8353,9781405912938,A Long Way Home,A Long Way Home,2013.0,eng,Memorias
8354,0060827645,"Twilight (Warriors: The New Prophecy, #5)",Twilight,2006.0,eng,Juvenil
8355,1400033888,Istanbul: Memories and the City,İstanbul: Hatıralar ve Şehir,2003.0,eng,Memorias
8356,0452286107,The Second Assistant: A Tale from the Bottom of the Hollywood Ladder,The Second Assistant: A Tale from the Bottom of the Hollywood Ladder,2004.0,eng,Ficción
8357,0140436146,Martin Chuzzlewit,The Life and Adventures of Martin Chuzzlewit,1844.0,eng,Clásicos
8358,043985802X,"Darkness, Be My Friend (Tomorrow, #4)","Darkness, Be My Friend",1996.0,eng,Juvenil
8359,9781442303096,UR,UR,2009.0,eng,Terror
8360,0449206521,Tales of the South Pacific,Tales of the South Pacific,1947.0,eng,Ficción
8361,0330487140,A Bend in the River,A Bend in the River,1979.0,eng,Ficción
8362,0553447432,Evicted: Poverty and Profit in the American City,Evicted: Poverty and Profit in the American City,2016.0,eng,No ficción
8363,,"The Assassin and the Empire (Throne of Glass, #0.5)",The Assassin and the Empire,2012.0,eng,Fantasía
8364,,"Misbehaving (Sea Breeze, #6)",Misbehaving,2013.0,eng,Romántica
8365,1447256239,"The Invisible Library (The Invisible Library, #1)",The Invisible Library,2015.0,eng,Fantasía
8366,0449911608,Saint Maybe,Saint Maybe,1991.0,eng,Ficción
8367,0375714677,Embroideries,,2006.0,eng,Cómic y novela gráfica
8368,0618665455,Deep and Dark and Dangerous (A Ghost Story),Deep and Dark and Dangerous: A Ghost Story,2007.0,,Juvenil
8369,1416554955,"Harry, a History: The True Story of a Boy Wizard, His Fans, and Life Inside the Harry Potter Phenomenon","Harry, A History: The True Story of a Boy Wizard, His Fans, and Life Inside the Harry Potter Phenomenon",2008.0,eng,No ficción
8370,0545054745,Marcelo in the Real World,Marcelo in the Real World,2008.0,eng,Juvenil
8371,0451190556,"The Green Mile, Part 4: The Bad Death of Eduard Delacroix","The Green Mile, Part 4: The Bad Death of Eduard Delacroix",1996.0,eng,Terror
8372,9789792257809,Daun Yang Jatuh Tak Pernah Membenci Angin,Daun Yang Jatuh Tak Pernah Membenci Angin,2010.0,ind,Ficción
8373,0439925509,"Alcatraz Versus the Evil Librarians (Alcatraz, #1)",Alcatraz Versus the Evil Librarians,2007.0,eng,Juvenil
8374,145210655X,Darth Vader and Son,Darth Vader and Son,2012.0,eng,Cómic y novela gráfica
8375,068482471X,Darwin's Dangerous Idea: Evolution and the Meanings of Life,Darwin's Dangerous Idea: Evolution and the Meanings of Life,1995.0,eng,Ciencia
8376,8370541291,"Pani Jeziora (Saga o Wiedźminie, #7)",Pani Jeziora,1999.0,pol,Fantasía
8377,042518546X,"Open Season (Joe Pickett, #1)",Open Season,2001.0,eng,Misterio
8378,1599908735,"Palace of Stone (Princess Academy, #2)",Palace of Stone,2012.0,eng,Juvenil
8379,0812997530,Hausfrau,Hausfrau,2015.0,eng,Ficción
8380,0751534552,Legally Blonde,Legally Blonde,2001.0,,Ficción
8381,,"Truthwitch (The Witchlands, #1)",Truthwitch,2016.0,eng,Fantasía
8382,006054094X,1421: The Year China Discovered America,1421: The Year China Discovered America,2002.0,eng,Historia
8383,0374386153,A Wrinkle in Time: The Graphic Novel,A Wrinkle in Time: The Graphic Novel,2012.0,eng,Cómic y novela gráfica
8384,0679767959,Heartburn,Heartburn,1983.0,eng,Ficción
8385,0316211338,Tigers in Red Weather,Tigers in Red Weather,2012.0,eng,Ficción
8386,0451210743,Hornet Flight,Hornet Flight,2002.0,eng,Ficción histórica
8387,0099464691,"The White Lioness (Kurt Wallander, #3)",Den vita lejoninnan,1993.0,eng,Misterio
8388,0553290983,"Elven Star (The Death Gate Cycle, #2)","Elven Star (The Death Gate Cycle, #2)",1990.0,eng,Fantasía
8389,0802170374,Flight,Flight: A Novel,2007.0,eng,Ficción
8390,0631231277,Philosophical Investigations,Philosophische Untersuchungen,1953.0,eng,Ensayo
8391,9781599905549,"Endure (Need, #4)",Endure,2012.0,eng,Juvenil
8392,,"Kaleidoscope Hearts (Hearts, #1)", Kaleidoscope Hearts,2015.0,eng,Romántica
8393,0312187149,"Enemy of God (The Warlord Chronicles, #2)",Enemy of God,1996.0,eng,Ficción histórica
8394,,"Cage (Corps Security, #2)",,2013.0,eng,Romántica
8395,9781522664314,Mud Vein,Mud Vein,2014.0,eng,Ficción
8396,0609804618,Our Dumb Century: The Onion Presents 100 Years of Headlines from America's Finest News Source,Our Dumb Century: The Onion Presents 100 Years of Headlines from America's Finest News Source,1998.0,eng,No ficción
8397,0060521600,Ice Hunt,Ice Hunt,2003.0,eng,Thriller
8398,0425212017,"Strange Candy (Anita Blake, Vampire Hunter #0.5)",Strange Candy,2006.0,eng,Fantasía
8399,0312997124,First Among Equals,First Among Equals,1983.0,eng,Ficción
8400,0553374117,Black Holes and Baby Universes,Black Holes and Baby Universes and Other Essays,1993.0,eng,Ciencia
8401,0006473296,"The Chronicles of Thomas Covenant, the Unbeliever (The Chronicles of Thomas Covenant the Unbeliever, #1-3)","The Chronicles of Thomas Covenant, the Unbeliever",1977.0,eng,Fantasía
8402,0425243915,"Archangel''s Blade (Guild Hunter, #4)",Archangel's Blade,2011.0,,Fantasía
8403,0671739166,The Story of Philosophy: The Lives and Opinions of the World's Greatest Philosophers,The Story of Philosophy,1926.0,eng,Ensayo
8404,0679724532,The Gnostic Gospels,The Gnostic Gospels,1979.0,eng,Religión y espiritualidad
8405,0385338902,How to Talk to a Widower,How to Talk to a Widower,2007.0,,Ficción
8406,0345324390,"The Gods of Mars (Barsoom, #2)",The Gods of Mars,1913.0,eng,Ciencia ficción
8407,1442364459,"The Survivor (Mitch Rapp, #14)",The Survivor,2015.0,eng,Thriller
8408,0575100133,Kiss of Snow (Psy-Changeling #10),,2011.0,eng,Fantasía
8409,0802122515,An Untamed State,An Untamed State,2014.0,eng,Ficción
8410,0374116342,Breath,Breath,2008.0,,Ficción
8411,0890420254,Diagnostic and Statistical Manual of Mental Disorders DSM-IV-TR,Diagnostic and Statistical Manual of Mental Disorders DSM-IV-TR (Text Revision),1952.0,eng,Psicología
8412,0006514944,"A Monstrous Regiment of Women (Mary Russell, #2)",A Monstrous Regiment of Women,1995.0,eng,Misterio
8413,0312850530,"Alvin Journeyman (Tales of Alvin Maker, #4)",Alvin Journeyman (Tales of Alvin Maker #4),1995.0,eng,Fantasía
8414,1423183096,"Rose Under Fire (Code Name Verity, #2)",Rose Under Fire,2013.0,eng,Ficción histórica
8415,1413903177,"Yotsuba&!, Vol. 01 (Yotsuba&! #1)",よつばと! 1,2003.0,eng,Cómic y novela gráfica
8416,0803283857,Black Elk Speaks: Being the Life Story of a Holy Man of the Oglala Sioux,Black Elk Speaks,1932.0,eng,Biografía
8417,0385529376,"The Accidental Billionaires: The Founding of Facebook, a Tale of Sex, Money, Genius and Betrayal","The Accidental Billionaires: The Founding of Facebook: A Tale of Sex, Money, Genius and Betrayal",2009.0,eng,No ficción
8418,034083384X,"The Sleeping Doll (Kathryn Dance, #1)",The Sleeping Doll,2007.0,eng,Thriller
8419,084394952X,"Dark Legend (Dark, #8)",Dark Legend,2002.0,eng,Romántica
8420,1401200605,"Batman: Hush, Vol. 1",Batman Hush #1,2002.0,eng,Cómic y novela gráfica
8421,0778313654,One Breath Away,One Breath Away,2012.0,eng,Thriller
8422,0743292511,The Devil's Punchbowl,The Devil's Punchbowl,2009.0,eng,Thriller
8423,0142500593,"Empress of the World (Battle Hall Davies, #1)",Empress of the World,2001.0,eng,Juvenil
8424,0345507460,"Welcome to the Jungle (The Dresden Files, #0.5)",Welcome to the Jungle,2008.0,eng,Fantasía
8425,0553803190,"Blackout (All Clear, #1)",Blackout,2010.0,eng,Ciencia ficción
8426,,"A Blaze of Sun (A Shade of Vampire, #5)",,2013.0,eng,Fantasía
8427,0307393879,The Red Garden,The Red Garden,2011.0,eng,Ficción
8428,1405204664,Babar the King,Le Roi Babar,1933.0,eng,Infantil
8429,006174266X,Ungifted,Ungifted,2012.0,eng,Juvenil
8430,1400031605,Noises Off,Noises Off,1982.0,,Ficción
8431,0440225450,The Final Detail (Myron Bolitar #6),The Final Detail,1999.0,eng,Misterio
8432,0380817934,"Olympos (Ilium, #2)",Olympos,2005.0,eng,Ciencia ficción
8433,0802715524,A History of the World in 6 Glasses,A History of the World in 6 Glasses,2005.0,eng,Historia
8434,0451470893,The Sound of Glass,,2015.0,eng,Ficción
8435,0446697435,The Widow of the South,The Widow of the South,2005.0,eng,Ficción histórica
8436,9781473615922,Obsession,,2013.0,eng,Romántica
8437,1414358466,Courageous,Courageous,2011.0,,Religión y espiritualidad
8438,0763644102,The Magician's Elephant,The Magician's Elephant,2009.0,eng,Infantil
8439,0345477243,Back When We Were Grownups,Back When We Were Grownups,2001.0,eng,Ficción
8440,097496090X,The Dead,The Dead,1914.0,eng,Clásicos
8441,,قمر على سمرقند,قمر على سمرقند,2004.0,ara,Ficción
8442,,"Convicted (Consequences, #3)",,2013.0,eng,Romántica
8443,1606840584,"The Lost Saint (The Dark Divine, #2)",The Lost Saint,2010.0,eng,Juvenil
8444,0553807145,Relentless,Relentless,2009.0,eng,Thriller
8445,038070613X,"Taliesin (The Pendragon Cycle, #1)",Taliesin. Book I of the Pendragon Cycle,1987.0,eng,Fantasía
8446,0446695645,Basket Case,,2002.0,,Misterio
8447,,المرحوم,المرحوم,2013.0,ara,Ficción
8448,0812532597,"The Memory of Earth (Homecoming, #1)",The Memory of Earth,1992.0,eng,Ciencia ficción
8449,006170654X,Wench,Wench,2009.0,eng,Ficción histórica
8450,0451412702,"Curse the Dawn (Cassandra Palmer, #4)",Curse the Dawn,2009.0,eng,Fantasía
8451,0805423516,Praying God's Word: Breaking Free From Spiritual Strongholds,Praying God's Word: Breaking Free From Spiritual Strongholds,2000.0,,Religión y espiritualidad
8452,0679772669,In the Skin of a Lion,In the Skin of a Lion,1987.0,,Ficción
8453,9781444799897,Where There's Smoke,Where There's Smoke,2014.0,eng,Ficción
8454,5559608475,Jack: Straight from the Gut,Jack: Straight from the Gut,2001.0,eng,Biografía
8455,0060256575,The Missing Piece Meets the Big O ,The Missing Piece Meets the Big O,1981.0,eng,Infantil
8456,0060997028,Life is Elsewhere,Život je jinde,1969.0,eng,Ficción
8457,0345468694,Blessings,Blessings,2002.0,,Ficción
8458,0373776985,"Wicked Nights (Angels of the Dark, #1)",Wicked Nights,2012.0,eng,Romántica
8459,,"Six''s Legacy (Lorien Legacies: The Lost Files, #1)",Six's Legacy,2011.0,eng,Juvenil
8460,0886774012,Magic's Promise (Valdemar: Last Herald-Mage #2),Magic's Promise,1990.0,eng,Fantasía
8461,1250010136,Most Wanted,,2016.0,eng,Thriller
8462,0545415071,"Underworld (Abandon, #2)",Underworld,2012.0,eng,Juvenil
8463,1416575642,Food Matters: A Guide to Conscious Eating with More Than 75 Recipes,Food Matters: A Guide to Conscious Eating with More Than 75 Recipes,2008.0,,Cocina
8464,0340752475,Coming Home,Coming Home,1995.0,eng,Ficción
8465,0842332359,"Glorious Appearing: The End of Days (Left Behind, #12)",Glorious Appearing: The End of Days,2004.0,eng,Ficción
8466,,ليتها تقرأ,ليتها تقرأ,2010.0,ara,Ficción
8467,0399159312,"Silken Prey (Lucas Davenport, #23)",Silken Prey,2013.0,eng,Thriller
8468,0399157700,"Mad River (Virgil Flowers, #6)",,2012.0,eng,Thriller
8469,0679759328,Hotel du Lac,Hotel du Lac,1984.0,eng,Ficción
8470,0452276721,"The Ghost Road (Regeneration, #3)",The Ghost Road,1995.0,eng,Ficción histórica
8471,0553211587,Pudd'nhead Wilson,The Tragedy of Puddn'head Wilson,1893.0,eng,Clásicos
8472,1888009039,Metaphysics,τὰ μετὰ τὰ φυσικά,-330.0,,Clásicos
8473,1250021529,If You Find Me,If You Find Me,2013.0,eng,Juvenil
8474,044669570X,"Native Tongue (Skink, #2)",Native Tongue,1991.0,eng,Ficción
8475,0312147015,The Persian Pickle Club,The Persian Pickle Club,1995.0,eng,Ficción histórica
8476,0373210043,"My Soul to Save (Soul Screamers, #2)",My Soul to Save,2009.0,eng,Juvenil
8477,0141319623,"The Worst Witch (Worst Witch, #1)",The Worst Witch,,,Infantil
8478,0689717385,The Relatives Came,The Relatives Came,1985.0,eng,Infantil
8479,0340682388,What I Loved,What I Loved,2002.0,eng,Ficción
8480,,"Maryamah Karpov: Mimpi-mimpi Lintang (Tetralogi Laskar Pelangi, #4)",Maryamah Karpov: Mimpi-mimpi Lintang,2008.0,ind,Ficción
8481,1416983309,Tilt,Tilt,2012.0,eng,Juvenil
8482,0345491149,"Dragonheart (Pern, #21)",Dragonheart (Dragonriders of Pern),2008.0,,Fantasía
8483,149033274X,"Conquer Your Love (Surrender Your Love, #2)",,2013.0,eng,Romántica
8484,0142401447,"Pearls of Lutra (Redwall, #9)",The Pearls of Lutra,1996.0,,Fantasía
8485,0670020478,The Element: How Finding Your Passion Changes Everything,The Element: A New View of Human Capacity,2009.0,eng,Autoayuda
8486,0670025771,The Secret Chord,The Secret Chord,2015.0,eng,Ficción histórica
8487,1484721349,The Staff of Serapis (Percy Jackson & Kane Chronicles Crossover #2),,2014.0,eng,Juvenil
8488,1482658143,A Different Blue,A Different Blue,2013.0,eng,Juvenil
8489,1416544186,Downtown Owl,Downtown Owl,2008.0,eng,Ficción
8490,0345459210,Halo: The Flood,The Flood,2003.0,eng,Ciencia ficción
8491,0345397673,"Antrax (Voyage of the Jerle Shannara, #2)",Antrax,2001.0,eng,Fantasía
8492,0375755195,Sailing Alone Around the Room: New and Selected Poems,Sailing Alone Around the Room: New and Selected Poems,2001.0,eng,Poesía
8493,0062048546,"Once (Eve, #2)",Once,2012.0,eng,Juvenil
8494,,"Into the Deep (Into the Deep, #1)",Into the Deep,2013.0,eng,Romántica
8495,0671876465,"Mirror Dance (Vorkosigan Saga, #8)",Mirror Dance,1994.0,eng,Ciencia ficción
8496,0312363044,Agnes and the Hitman,Agnes and the Hitman,2007.0,eng,Romántica
8497,1596914521,Logicomix: An epic search for truth,Logicomix: An Epic Search for Truth,2009.0,eng,Cómic y novela gráfica
8498,2246760011,HHhH,HHhH,2009.0,fre,Ficción histórica
8499,0062305190,The Residence: Inside the Private World of the White House,The Residence: Inside the Private World of the White House,2015.0,,No ficción
8500,,"Stone Cold Touch (The Dark Elements, #2)",Stone Cold Touch,2014.0,eng,Juvenil
8501,0345540875,The Life List,The Life List,2013.0,eng,Ficción
8502,0061797081,"The Rising (Darkness Rising, #3)",The Rising,2013.0,eng,Juvenil
8503,0679417370,Buddenbrooks: The Decline of a Family,Buddenbrooks: Verfall einer Familie,1901.0,eng,Clásicos
8504,1406507881,Uncle Vanya,Дядя Ваня,1897.0,eng,Clásicos
8505,031609739X,The Christmas Wedding,The Christmas Wedding,2011.0,eng,Ficción
8506,0441010288,"The Lost Years (The Lost Years of Merlin, #1)",The Lost Years of Merlin,1996.0,eng,Fantasía
8507,0778325644,"Storm Glass (Glass, #1)",Storm Glass,2009.0,eng,Fantasía
8508,014118616X,"The Sea, the Sea","The Sea, the Sea",1978.0,eng,Ficción
8509,1475145578,"Eden (Providence, #3)",,2011.0,,Romántica
8510,0689857977,"Among the Enemy (Shadow Children, #6)","Among the Enemy (Shadow Children, #6)",2005.0,eng,Juvenil
8511,,"Incendiary (The Premonition, #4)",Incendiary,2012.0,eng,Juvenil
8512,9781900944885,Battlefield Earth: A Saga of the Year 3000,Battlefield Earth: A Saga of the Year 3000,1982.0,eng,Ciencia ficción
8513,0670032085,Financial Peace Revisited,Financial Peace Revisited,1992.0,,Negocios
8514,0671888587,I'll Be Seeing You,I'll Be Seeing You,1993.0,eng,Thriller
8515,0307461181,This Time Together: Laughter and Reflection,,2010.0,eng,Memorias
8516,0140280464,My Year of Meats,My Year of Meats,1998.0,eng,Ficción
8517,0446696161,Fledgling,Fledgling,2005.0,eng,Ciencia ficción
8518,,"At Peace (The ''Burg, #2)",At Peace,2011.0,eng,Romántica
8519,0385337388,The House of God,The House of God,1978.0,eng,Ficción
8520,,Last Train to Istanbul,Nefes Nefese,2002.0,eng,Ficción histórica
8521,0439874025,Echo,Echo,2015.0,eng,Infantil
8522,039953346X,Wreck This Journal,Wreck This Journal,2007.0,,Autoayuda
8523,0060007761,The Gulag Archipelago 1918-1956,"Архипелаг ГУЛАГ, 1918-1956",1973.0,eng,Historia
8524,0874778883,Seven Years in Tibet,Sieben Jahre in Tibet,1952.0,,Memorias
8526,0439395623,"The Bar Code Tattoo (Bar Code, #1)",The Bar Code Tattoo (Point Thriller),2004.0,eng,Juvenil
8527,1451649916,"MacRieve (Immortals After Dark, #14)",MacRieve,2013.0,eng,Romántica
8528,0446546313,Oogy: The Dog Only a Family Could Love,Oogy: The Dog Only a Family Could Love,2009.0,eng,Memorias
8529,037572737X,"American Tabloid (Underworld USA, #1)",American Tabloid,1995.0,eng,Thriller
8530,1442408626,"The Fallen and Leviathan (The Fallen, #1-2)","The Fallen and Leviathan (The Fallen, #1-2)",2010.0,eng,Fantasía
8531,0345419391,"The Renegades of Pern (Pern, #10)",The Renegades of Pern,1989.0,,Ciencia ficción
8532,0156005204,Baltasar and Blimunda,Memorial do Convento,1982.0,eng,Ficción
8533,0688044026,The Cake Bible,The Cake Bible,1988.0,,Cocina
8534,1484709012,"Serafina and the Black Cloak (Serafina, #1)",Serafina and the Black Cloak,2015.0,eng,Infantil
8535,1857239407,A New Hope  (Star Wars: Novelizations #4),Star Wars: From the Adventures of Luke Skywalker,1976.0,eng,Ciencia ficción
8536,0345498208,Summer House,Summer House,2009.0,eng,Ficción
8537,1592400825,Almost French: Love and a New Life in Paris,Almost French: Love and a New Life in Paris,2003.0,,Memorias
8538,9780312347321,Stupeur et tremblements,Stupeur et tremblements,1999.0,fre,Ficción
8539,0345476867,Pandora / Vittorio the Vampire (New Tales of the Vampires),Pandora / Vittorio the Vampire (New Tales of the Vampires),1998.0,,Terror
8540,0061728934,"Summer and the City (The Carrie Diaries, #2)",Summer and the City,2011.0,eng,Juvenil
8541,1410400964,"The Stone Monkey (Lincoln Rhyme, #4)",The Stone Monkey,2002.0,eng,Thriller
8542,042520426X,"Origin in Death (In Death, #21)",Origin in Death,2005.0,eng,Thriller
8543,0689849230,"The First Part Last (Heaven, #2)",The First Part Last,2003.0,eng,Juvenil
8544,0307459659,The Invisible Gorilla: And Other Ways Our Intuitions Deceive Us,The Invisible Gorilla,2010.0,eng,Psicología
8545,055358359X,"Prior Bad Acts (Kovac and Liska, #3)",Prior Bad Acts,2006.0,eng,Thriller
8547,0385521723,A Fraction of the Whole,A Fraction of the Whole,2008.0,,Ficción
8548,0763655996,This is Not My Hat,This is Not My Hat,2012.0,eng,Infantil
8549,0761147489,I Will Teach You To Be Rich,I Will Teach You To Be Rich,2009.0,eng,Negocios
8550,0446580856,"Radiant Angel (John Corey, #7)",Radiant Angel,2015.0,eng,Thriller
8551,,"The Queen''s Poisoner (Kingfountain, #1)",The Queen's Poisoner,2016.0,eng,Fantasía
8552,0084386874,"Rejoice (Redemption, #4)",Rejoice,2004.0,eng,Ficción
8575,1590388003,"Leven Thumps and the Eyes of the Want (Leven Thumps, #3)","Leven Thumps and the Eyes of the Want (Leven Thumps, #3)",2007.0,eng,Juvenil
8553,0385530803,Physics of the Future: How Science Will Shape Human Destiny and Our Daily Lives by the Year 2100,Physics of the Future: How Science Will Shape Human Destiny and Our Daily Lives by the Year 2100 ,2011.0,eng,Ciencia
8554,1423168232,"The Naturals (The Naturals, #1)",The Naturals,2013.0,eng,Juvenil
8555,1405208198,"Tintin in Tibet (Tintin, #20)",,1960.0,eng,Cómic y novela gráfica
8556,0099459051,"Firewall (Wallander, #8)",Brandvägg,1997.0,eng,Misterio
8557,081099478X,"Tales From the Hood (The Sisters Grimm, #6)",Tales From the Hood,2008.0,eng,Infantil
8558,0316611689,"Mutiny on the Bounty (The Bounty Trilogy, #1)",Mutiny on the Bounty,1932.0,eng,Clásicos
8559,1931514941,"Love Hina, Vol. 01",ラブひな #1,1999.0,eng,Cómic y novela gráfica
8560,075730334X,What the Bleep Do We Know!?: Discovering the Endless Possibilities for Altering Your Everyday Reality,What the Bleep Do We Know!?: Discovering the Endless Possibilities for Altering Your Everyday Reality,2005.0,,Autoayuda
8561,1612187005,"The Wretched of Muirwood (Legends of Muirwood, #1)",The Wretched of Muirwood,2011.0,eng,Fantasía
8562,0380753022,"Gentle Rogue (Malory-Anderson Family, #3)",Gentle Rogue,1990.0,eng,Romántica
8563,0062429973,"The Shepherd''s Crown (Discworld, #41; Tiffany Aching, #5)",The Shepherd's Crown,2015.0,eng,Fantasía
8564,0192805622,Mary Barton,Mary Barton,1848.0,eng,Clásicos
8565,0486424529,Nostromo,Nostromo: a Tale of the Seaboard,1904.0,eng,Clásicos
8566,0758278438,The Plum Tree,The Plum Tree,2012.0,eng,Ficción histórica
8567,1421506289,"Death Note, Vol. 7: Zero (Death Note, #7)",デスノート #7 (Desu Nōto) Zero (零),2005.0,,Cómic y novela gráfica
8568,0980003431,"The Crown Conspiracy (The Riyria Revelations, #1)",The Crown Conspiracy,2008.0,eng,Fantasía
8569,1250029880,"Styxx (Dark-Hunter, #22)",Styxx,2013.0,eng,Fantasía
8570,019280474X,Eugénie Grandet,Eugénie Grandet,1833.0,eng,Clásicos
8571,039458404X,Essentials of Classic Italian Cooking,Essentials of Classic Italian Cooking,1992.0,,Cocina
8572,0312340710,Silence of the Grave (Inspector Erlendur #4),Grafarþögn,2001.0,eng,Misterio
8573,0803737203,The Catastrophic History of You and Me,The Catastrophic History of You and Me,2012.0,eng,Juvenil
8574,0805090053,"Girl, Stolen (Girl, Stolen #1)","Girl, Stolen",2010.0,eng,Juvenil
8576,,Killing Reagan: The Violent Assault That Changed a Presidency,Killing Reagan,2015.0,eng,Biografía
8577,1935618040,The Girl Who Was on Fire: Your Favorite Authors on Suzanne Collins' Hunger Games Trilogy,The girl who was on fire,2011.0,eng,Ensayo
8578,006444001X,A Bargain for Frances,A Bargain for Frances,1970.0,eng,Infantil
8579,0399158820,"Calculated in Death (In Death, #36)",Calculated in Death,2013.0,eng,Thriller
8580,1555977073,The Argonauts,The Argonauts,2015.0,eng,Memorias
8581,0316005274,Gonzo: The Life of Hunter S. Thompson,Gonzo: The Life of Hunter S. Thompson,2007.0,eng,Biografía
8582,0374106681,The Last Painting of Sara de Vos,The Last Painting of Sara de Vos,2016.0,eng,Ficción
8583,9781786810021,The Sister,The Sister,2016.0,eng,Thriller
8584,0758266944,"Kiss of Frost (Mythos Academy, #2)",Kiss of Frost,2011.0,,Juvenil
8585,0439050235,Duck On A Bike,Duck On A Bike,2002.0,eng,Infantil
8586,1401341705,The Soldier's Wife,The Collaborator,2011.0,eng,Ficción histórica
8587,,"The Shadow Throne (The Ascendance Trilogy, #3)",The Shadow Throne,2014.0,eng,Juvenil
8588,0140097317,"City of Glass (The New York Trilogy, #1)",City of Glass,1985.0,eng,Ficción
8589,0850515025,Memórias Póstumas de Brás Cubas,Memórias Póstumas de Brás Cubas,1880.0,por,Clásicos
8590,0061160881,"This Body of Death (Inspector Lynley, #16)",This Body of Death,2010.0,eng,Misterio
8591,0553262149,"Emily Climbs (Emily, #2)",Emily Climbs,1925.0,eng,Juvenil
8592,0446500046,"Kushiel''s Mercy (Imriel''s Trilogy, #3)",Kushiel's Mercy,2001.0,eng,Fantasía
8593,006000942X,How to Read Literature Like a Professor: A Lively and Entertaining Guide to Reading Between the Lines,,2003.0,eng,Ensayo
8594,0765332000,"Shadows in Flight (Ender''s Shadow, #5)",Shadows in Flight,2011.0,eng,Ciencia ficción
8595,0062289241,"Burn for Me (Hidden Legacy, #1)",Burn For Me,2014.0,eng,Fantasía
8596,0743281640,"Chasing Darkness (Elvis Cole, #12)",Chasing Darkness,2008.0,eng,Misterio
8800,0375834869,Scat,Scat,2009.0,eng,Juvenil
8597,0810987880,"ttyl (Internet Girls, #1)","ttyl (Internet Girls, #1)",2004.0,eng,Juvenil
8598,0312291450,If Chins Could Kill: Confessions of a B-Movie Actor,If Chins Could Kill: Confessions of a B Movie Actor,2001.0,,Memorias
8599,1421515636,"Vampire Knight, Vol. 4 (Vampire Knight, #4)",ヴァンパイア騎士 4,2006.0,eng,Cómic y novela gráfica
8600,3499237709,Train Dreams,Train Dreams,2002.0,ger,Ficción
8601,0062219685,The Art of Thinking Clearly,Die Kunst des klaren Denkens,2011.0,,Autoayuda
8602,0152002650,Mouse Paint,Mouse Paint,1989.0,eng,Infantil
8603,,"Accidentally on Purpose (Accidentally on Purpose, #1)",,2012.0,eng,Romántica
8604,3822859710,Edvard Munch: 1863-1944 (Basic Art),Edvard Munch,1990.0,,Arte
8605,0631227083,Art in Theory 1900 - 2000: An Anthology of Changing Ideas,"Art in Theory, 1900-2000: An Anthology of Changing Ideas",2002.0,eng,Arte
8606,0811879542,Press Here,Un livre,2010.0,eng,Infantil
8607,0340894334,"The Killing (Cherub, #4)",The Killing (Cherub #4),2005.0,eng,Juvenil
8608,0752849190,Darkest Fear (Myron Bolitar #7),Darkest Fear,1999.0,eng,Misterio
8609,0192723715,The Lady of Shalott,The Lady of Shalott,1833.0,eng,Poesía
8610,0689875460,"Revenge of the Wannabes (The Clique, #3)","Revenge of the Wannabes (The Clique, #3)",2005.0,,Juvenil
8611,019283617X,On the Genealogy of Morals,Zur Genealogie der Moral,1887.0,,Ensayo
8612,1563890526,Hellblazer: Original Sins,"John Constantine, Hellblazer: Volume 1: Original Sins",1988.0,eng,Cómic y novela gráfica
8613,1401341764,Happy Accidents: A Memoir,,2011.0,,Memorias
8614,,"Dawn of Wonder (The Wakening, #1)",Dawn of Wonder,2015.0,eng,Fantasía
8615,0749955910,"Celebrity in Death (In Death, #34)",Celebrity in Death,2012.0,eng,Thriller
8616,,أقوم قيلا,,2014.0,ara,Desconocido
8617,1585678449,"The 13½ Lives of Captain Bluebear (Zamonia, #1)",Die 13½ Leben des Käpt'n Blaubär ,1999.0,eng,Fantasía
8618,0140132937,The Wives of Henry VIII,The Wives of Henry VIII,1992.0,,Historia
8619,0061998168,Every Thing on It,Every Thing On It,2011.0,,Poesía
8620,0394839730,The Snowman,The Snowman,1978.0,eng,Infantil
8621,0062333046,"Nash (Marked Men, #4)",,2014.0,,Romántica
8622,,"Just One Drop (The Grey Wolves, #3)",Just One Drop,2012.0,eng,Fantasía
8623,0345379187,Billions & Billions: Thoughts on Life and Death at the Brink of the Millennium,Billions and Billions: Thoughts on Life and Death at the Brink of the Millennium,1997.0,,Ciencia
8624,0399155988,"Rough Country (Virgil Flowers, #3)",Rough Country,2009.0,eng,Thriller
8625,0449911934,Rabbit Redux (Rabbit Angstrom #2),Rabbit Redux,1971.0,eng,Ficción
8626,0060562250,Lemony Snicket: The Unauthorized Autobiography (A Series of Unfortunate Events companion),Lemony Snicket: The Unauthorized Autobiography,2002.0,,Juvenil
8627,0330344951,"Ross Poldark (Poldark, #1)",Ross Poldark,1945.0,eng,Ficción histórica
8628,1250067847,"Orphan X (Orphan X, #1)",Orphan X,2016.0,eng,Thriller
8629,,"The Look of Love (San Francisco Sullivans, #1; The Sullivans, #1)",The Look of Love,2011.0,eng,Romántica
8630,1587672286,Blockade Billy,Blockade Billy,2010.0,eng,Terror
8631,0752858637,The Matlock Paper,The Matlock Paper,1973.0,eng,Thriller
8632,1565125525,Breakfast with Buddha,Breakfast with Buddha,2007.0,eng,Ficción
8633,0140449213,The Twelve Caesars,De vita Caesarum ,119.0,eng,Clásicos
8634,1627761314,حوجن [Ḥawjan],حوجن,2013.0,ara,Desconocido
8635,0140294295,"Sharpe''s Rifles (Sharpe, #6)",Sharpe's Rifles,1988.0,eng,Ficción histórica
8636,0345479335,"Vector Prime (Star Wars: The New Jedi Order, #1)","Vector Prime (Star Wars: The New Jedi Order, #1)",1999.0,eng,Ciencia ficción
8637,0060519568,"Touching Darkness (Midnighters, #2)","Touching Darkness (Midnighters, #2)",2005.0,eng,Juvenil
8638,1416593381,"Revenge of the Spellmans (The Spellmans, #3)",Revenge of the Spellmans,2009.0,eng,Misterio
8639,1594205345,Detroit: An American Autopsy,,2013.0,eng,No ficción
8640,0061043494,"Gaudy Night (Lord Peter Wimsey, #12)",Gaudy Night,1935.0,eng,Misterio
8641,174348495X,"Kings Rising (Captive Prince, #3)",Kings Rising,2016.0,eng,Fantasía
8642,,"Rival (Fall Away, #2)",Rival,2014.0,eng,Romántica
8643,0060082097,"Mortal Engines (The Hungry City Chronicles, #1)",Mortal Engines,2001.0,eng,Ciencia ficción
8644,1846058317,Private London (Private #4),Private London,2011.0,eng,Thriller
8645,0451463072,"Blood Cross (Jane Yellowrock, #2)",Blood Cross,2010.0,eng,Fantasía
8646,,"Spying in High Heels (High Heels, #1)",Spying in High Heels,2006.0,eng,Misterio
8647,0394758250,"The Lady in the Lake (Philip Marlowe, #4)",The Lady in the Lake,1943.0,eng,Misterio
8648,0439673631,I Love You Through and Through,I Love You Through And Through,2005.0,,Infantil
8649,0525954562,"Crash & Burn (Tessa Leoni, #3)",,2015.0,eng,Thriller
8650,1401211038,"Justice, Volume 1",,2006.0,eng,Cómic y novela gráfica
8651,0886778441,"River of Blue Fire (Otherland, #2)",River of Blue Fire,1998.0,eng,Ciencia ficción
8652,0786814179,"The Wind Singer (Wind on Fire, #1)",The Wind Singer,2000.0,eng,Fantasía
8653,0156031612,The End of Mr. Y,The End of Mr. Y.,2006.0,eng,Ficción
8654,0345501748,Gentlemen of the Road,Gentlemen of the Road,2007.0,eng,Aventura
8655,0316043001,Those Guys Have All the Fun: Inside the World of ESPN,Those Guys Have All the Fun: Inside the World of ESPN,2011.0,eng,Deportes
8656,0743484258,Big Fish,Big Fish: A Novel of Mythic Proportions,1998.0,eng,Ficción
8657,0425266869,"Breakable (Contours of the Heart, #2)",Breakable,2014.0,eng,Romántica
8658,0062209841,The Death of Bees,The Death of Bees,2012.0,eng,Ficción
8659,076790284X,Bella Tuscany,Bella Tuscany,1999.0,,Viajes
8660,0451236718,"Black Dawn (The Morganville Vampires, #12)",Black Dawn,2012.0,eng,Fantasía
8661,0062007289,Through My Eyes,,2011.0,eng,Biografía
8662,0446610380,"Parable of the Talents (Earthseed, #2)",Parable of the Talents,1998.0,eng,Ciencia ficción
8663,1613778538,"Locke & Key, Vol. 6: Alpha & Omega","Locke & Key, Vol. 6: Alpha & Omega",2014.0,eng,Cómic y novela gráfica
8664,,"Empire of the Sun (Empire of the Sun, #1)",Empire of the Sun,1984.0,,Ficción histórica
8665,0307020754,The Country Mouse and the City Mouse; The Fox and the Crow; The Dog and His Bone,"The Country Mouse and the City Mouse, The Dog and His Bone, The Fox and the Crow (A Little Golden Book)",1961.0,,Infantil
8666,0618446877,Dark Star Safari: Overland from Cairo to Cape Town,Dark Star Safari ,2002.0,eng,Viajes
8667,0345327861,"Crystal Singer (Crystal Singer, #1)",Crystal Singer,1982.0,eng,Ciencia ficción
8668,,"The Assassin and the Underworld (Throne of Glass, #0.4)",The Assassin and the Underworld,2012.0,eng,Fantasía
8669,0060283246,If You Give a Cat a Cupcake,If You Give a Cat a Cupcake,2008.0,,Infantil
8670,034551128X,Darth Plagueis,Star Wars: Darth Plagueis,2012.0,eng,Ciencia ficción
8671,006245496X,"The Rainbow Comes and Goes: A Mother and Son On Life, Love, and Loss","The Rainbow Comes and Goes: A Mother and Son On Life, Love, and Loss",2016.0,eng,Memorias
8672,0316261246,Underground Airlines,Underground Airlines,2016.0,eng,Ciencia ficción
8673,0312359667,"Raven Black (Shetland Island, #1)",Raven Black,2006.0,eng,Misterio
8674,1250002826,"Infamous (Chronicles of Nick, #3)",Infamous,2012.0,,Fantasía
8675,0440220424,Having Our Say: The Delany Sisters' First 100 Years,Having Our Say: The Delany Sisters' First 100 Years,1993.0,eng,Memorias
8676,0374299250,Lush Life,Lush Life,2008.0,eng,Ficción
8677,0671038540,What's Eating Gilbert Grape,What's Eating Gilbert Grape,1991.0,eng,Ficción
8678,9780316190114,"Curtsies & Conspiracies (Finishing School, #2)",Curtsies & Conspiracies,2013.0,eng,Juvenil
8679,0385342942,The Truth According to Us,,2015.0,eng,Ficción histórica
8680,0842386882,"Reunion (Redemption, #5)",Reunion,2004.0,eng,Romántica
8681,055299877X,"More Tales of the City (Tales of the City, #2)",More Tales of the City,1980.0,eng,Ficción
8682,0140449442,Thérèse Raquin,Thérèse Raquin,1867.0,eng,Clásicos
8684,,"The Billionaire''s Obsession ~ Simon (The Billionaire''s Obsession, #1)",The Billionaire's Obsession ~ Simon,2013.0,eng,Romántica
8685,125011117X,Behind Her Eyes,Behind Her Eyes,2017.0,eng,Thriller
8686,0486437507,The King in Yellow and Other Horror Stories,The King in Yellow,1895.0,eng,Terror
8687,0393307611,H.M.S. Surprise,H.M.S. Surprise ,1973.0,eng,Ficción histórica
8688,0451163931,The Virtue of Selfishness: A New Concept of Egoism,The Virtue of Selfishness: A New Concept of Egoism,1961.0,eng,Ensayo
8689,0778325504,"Twenty Wishes (Blossom Street, #5)",Twenty Wishes,2008.0,eng,Romántica
8690,0670020575,Through Black Spruce,Through Black Spruce,2008.0,eng,Ficción
8691,0312571259,One Good Dog,One Good Dog,2010.0,eng,Ficción
8692,0802135781,Sexing the Cherry,Sexing the Cherry,1989.0,eng,Ficción
8693,0312576986,The Murderer's Daughters,The Murderer's Daughters,2009.0,eng,Ficción
8694,0399154701,"Strangers in Death (In Death, #26)",Strangers in Death ,2008.0,eng,Thriller
8695,1423157311,"The Archived (The Archived, #1)",The Archived,2013.0,eng,Juvenil
8696,0802130917,Glengarry Glen Ross,Glengarry Glen Ross,1983.0,eng,Ficción
8697,0156030373,The Island of the Day Before,L'isola del giorno prima,1994.0,,Ficción histórica
8698,1250077699,The Sound of Gravel,The Sound of Gravel,2016.0,eng,Memorias
8699,072324734X,The Complete Adventures of Peter Rabbit,The Complete Adventures of Peter Rabbit,1982.0,eng,Infantil
8700,0606300538,A Charlie Brown Christmas,A Charlie Brown Christmas ,1965.0,,Infantil
8701,9509051373,"Sin City: Una Dura Despedida, #1 de 3",,1991.0,,Cómic y novela gráfica
8702,0425223256,"Hostage to Pleasure (Psy-Changeling, #5)",Hostage to Pleasure,2008.0,eng,Romántica
8703,0743254430,"Random Family: Love, Drugs, Trouble, and Coming of Age in the Bronx","Random Family: Love, Drugs, Trouble, and Coming of Age in the Bronx",2003.0,eng,No ficción
8704,0735102864,Resurrection,Воскресение,1899.0,eng,Clásicos
8705,1439134340,"Hard Magic (Grimnoir Chronicles, #1)",Hard Magic,2011.0,eng,Fantasía
8706,1847376177,"Storm Prey (Lucas Davenport, #20)",Storm Prey,2010.0,,Thriller
8707,0310240506,The Case for a Creator: A Journalist Investigates Scientific Evidence That Points Toward God,The Case for a Creator: A Journalist Investigates Scientific Evidence That Points Toward God,2004.0,,Religión y espiritualidad
8708,1937007294,"Fated (Alex Verus, #1)",Fated,2012.0,eng,Fantasía
8709,0755358783,Instructions for a Heatwave,Instructions for a Heatwave,2013.0,eng,Ficción
8710,0345505719,"Victims (Alex Delaware, #27)",Victims,2012.0,eng,Thriller
8711,0345543122,"The Job (Fox and O''Hare, #3)",,2014.0,eng,Thriller
8712,1419717014,"Old School (Diary of a Wimpy Kid, #10)",Old School,2015.0,eng,Infantil
8713,9781503938717,"Evelyn, After","Evelyn, After",2016.0,eng,Ficción
8714,0786813075,The Skin I'm In,The Skin I'm In,1998.0,eng,Juvenil
8715,006178480X,The Eye of God (Sigma Force #9),The Eye of God: A Sigma Force Novel,2013.0,eng,Thriller
8716,0571225365,An Artist of the Floating World,An Artist of the Floating World,1986.0,eng,Ficción
8717,0802118585,Night Train to Lisbon,Nachtzug nach Lissabon,2004.0,eng,Ficción
8718,0062240196,"Romancing the Duke (Castles Ever After, #1)",Romancing the Duke,2014.0,eng,Romántica
8719,0451410815,"The Man With a Load of Mischief (Richard Jury, #1)","The Man With a Load of Mischief (Richard Jury Mystery, #1)",1981.0,eng,Misterio
8720,1463756976,"The Underworld (Fallen Star, #2)",The Underworld,2011.0,eng,Fantasía
8721,0743262131,"The Path Between the Seas: The Creation of the Panama Canal, 1870-1914","The Path Between the Seas: The Creation of the Panama Canal, 1870-1914",1977.0,eng,Historia
8722,0062277022,LaRose,LaRose,2016.0,eng,Ficción
8723,1620402750,Before We Met,Before we met,2014.0,eng,Thriller
8724,0061256684,Waiter Rant: Thanks for the Tip-Confessions of a Cynical Waiter,Waiter Rant: Thanks for the Tip-Confessions of a Cynical Waiter,2008.0,eng,Memorias
8725,0385366434,"Two Ravens and One Crow (The Iron Druid Chronicles, #4.5)",Two Ravens and One Crow,2012.0,eng,Fantasía
8726,0543896609,The Black Arrow,The Black Arrow: A Tale of the Two Roses,1888.0,eng,Clásicos
8727,0399157239,"Dead or Alive (Jack Ryan Universe, #13)",Dead or Alive,2010.0,eng,Thriller
8728,0671729403,"Fallen Hearts (Casteel, #3)","Fallen Hearts (Casteel, #3)",1984.0,eng,Ficción
8729,0756403014,"Dragon Prince (Dragon Prince, #1)",Dragon Prince,1985.0,eng,Fantasía
8730,1439156336,"The Burning Wire (Lincoln Rhyme, #9)",The Burning Wire,2010.0,eng,Thriller
8731,0316899984,"River, Cross My Heart","River, Cross My Heart",1999.0,eng,Ficción
8825,9781477828434,The Color of Secrets,,2015.0,,Ficción histórica
8732,0802472966,Lies Women Believe: And the Truth that Sets Them Free,Lies Women Believe: And the Truth that Sets Them Free,2000.0,eng,Religión y espiritualidad
8733,0968709184,To Build a Fire,To Build a Fire,1903.0,eng,Clásicos
8734,0316701343,"Invasion of the Boy Snatchers (The Clique, #4)",Invasion of the Boy Snatchers,2005.0,,Juvenil
8735,0345417968,The 158-Pound Marriage,The 158-Pound Marriage,1974.0,eng,Ficción
8736,1401322905,Free: The Future of a Radical Price,Free: The Future of a Radical Price,2009.0,eng,Negocios
8737,156097432X,Palestine,Palestine,1996.0,eng,Cómic y novela gráfica
8738,0452275040,Dear Theo,Dear Theo: The Letters of Vincent Van Gogh,1937.0,eng,Biografía
8739,0007350481,One Hundred Names,One Hundred Names,2012.0,eng,Ficción
8740,1419122126,"Good Wives (Little Women, #1.5)",Good Wives,1868.0,,Clásicos
8741,0062227327,The Ghost Bride,The Ghost Bride,2013.0,eng,Ficción histórica
8742,0099409968,Star Wars - Episode I: The Phantom Menace,The Phantom Menace,1999.0,eng,Ciencia ficción
8743,1595828753,"Avatar: The Last Airbender (The Promise, #2)",,2012.0,eng,Cómic y novela gráfica
8744,9781505724523,The Pact,,2014.0,eng,Romántica
8745,0552551317,"Girls in Love (Girls, #1)",Girls in Love,1997.0,eng,Juvenil
8746,0064440516,Little Bear's Friend,Little Bear's Friend,1960.0,,Infantil
8747,0743235274,The Creative Habit: Learn It and Use It for Life,The Creative Habit: Learn It and Use It for Life,2003.0,eng,Autoayuda
8748,,رأيت رام الله, رأيت رام الله,1997.0,ara,Memorias
8749,0061990655,"A Beautiful Dark (A Beautiful Dark, #1)",A Beautiful Dark ,2011.0,eng,Juvenil
8750,0788720392,"Lady of Avalon (Avalon, #3)",Lady of Avalon,1996.0,eng,Fantasía
8751,0399160450,"Threat Vector (Jack Ryan Universe, #15)",Threat Vector,2012.0,eng,Thriller
8752,0671725823,Miles: The Autobiography,Miles: The Autobiography,1989.0,eng,Biografía
8753,0440409411,"The Castle in the Attic (The Castle in the Attic, #1)","The Castle In The Attic (The Castle In The Attic, #1)",1985.0,eng,Infantil
8754,0061767891,Does the Noise in My Head Bother You?,Does the Noise in My Head Bother You?,2011.0,eng,Biografía
8755,,"The Sworn Sword (The Tales of Dunk and Egg, #2)",The Sworn Sword,2003.0,eng,Fantasía
8756,1416549978,"The Broken Window (Lincoln Rhyme, #8)",The Broken Window,2008.0,eng,Thriller
8757,9781774378762,The Complete Works of H.P. Lovecraft,,1978.0,eng,Terror
8758,1476778019,"Beautiful Secret (Beautiful Bastard, #4)",Beautiful Secret,2015.0,eng,Romántica
8759,0399157573,"Dust (Kay Scarpetta, #21)",Dust,2013.0,eng,Thriller
8760,0486275442,The Three Sisters,Три сестры,1900.0,eng,Clásicos
8761,0439679966,"Evil Star (The Gatekeepers, #2)",Evil Star,2006.0,,Juvenil
8762,1476776075,"You Were Mine (Rosemary Beach, #9)",,2014.0,eng,Romántica
8763,031298328X,Full Tilt (Full #2),Full Tilt,2002.0,eng,Romántica
8764,0316032220,Beat the Reaper (Peter Brown #1),Beat the Reaper,2008.0,eng,Thriller
8765,0312989768,Nantucket Nights,Nantucket Nights,2002.0,,Ficción
8766,076534078X,"The Machine Crusade (Legends of Dune, #2)",Dune: The Machine Crusade ,2002.0,eng,Ciencia ficción
8767,0345418530,"Ogre, Ogre (Xanth #5)","Ogre, Ogre (Xanth, #5)",1982.0,,Fantasía
8768,0517502917,The Annotated Sherlock Holmes: The Four Novels and the Fifty-Six Short Stories Complete (2 Volume Set),The Annotated Sherlock Holmes,1967.0,,Misterio
8769,0425272354,"Devil''s Game (Reapers MC, #3)",Devil's Game,2014.0,eng,Romántica
8770,,"The Keeping (Law of the Lycans, #3)",The Keeping,2010.0,eng,Romántica
8771,0140547126,There's a Nightmare in My Closet,There's a Nightmare in My Closet (Pied Piper Book),1968.0,,Infantil
8772,0062325345,"Flesh and Blood (Kay Scarpetta, #22)",Flesh and Blood,2014.0,eng,Thriller
8773,0805445528,Breaking Free: Discover the Victory of Total Surrender,Breaking Free,1999.0,,Religión y espiritualidad
8774,0140504206,Where's Spot?,Where's Spot? ,1980.0,eng,Infantil
8775,1515303942,Cocky Bastard,Cocky Bastard,2015.0,eng,Romántica
8776,0143035061,"Out to Canaan (Mitford Years, #4)",Out to Canaan (Mitford),1997.0,eng,Ficción
8777,0316002925,"The Dangerous Days of Daniel X (Daniel X, #1)",The Dangerous Days of Daniel X,2007.0,eng,Juvenil
8778,000741949X,"The Hidden Child (Patrik Hedström, #5)",Tyskungen,2007.0,,Misterio
8779,0451217454,Waiting to Exhale (Waiting To Exhale #1),Waiting to Exhale,1992.0,,Ficción
8780,0545240778,Prom and Prejudice,Prom and Prejudice,2011.0,eng,Juvenil
8781,044669567X,Strip Tease,Strip Tease,1993.0,eng,Ficción
8782,1400034698,Strange Pilgrims,Doce cuentos peregrinos,1992.0,,Ficción
8783,0553297988,"Jedi Search (Star Wars: The Jedi Academy Trilogy, #1)","Jedi Search (Star Wars: The Jedi Academy Trilogy, #1)",1994.0,eng,Ciencia ficción
8784,1595541810,"Showdown (Paradise, #1)",Showdown by Ted Dekker Signature Edition,2005.0,eng,Thriller
8785,0399164421,"Thankless in Death (In Death, #37)",Thankless in Death ,2013.0,eng,Thriller
8786,0743431677,Call for the Dead,Call for the Dead,1961.0,,Thriller
8787,0142501085,"Marlfox (Redwall, #11)",Marlfox,1998.0,,Fantasía
8788,0679761047,Snow Country,雪国 ,1937.0,eng,Clásicos
8789,0767921992,Getting Stoned with Savages: A Trip Through the Islands of Fiji and Vanuatu,Getting Stoned with Savages: A Trip Through the Islands of Fiji and Vanuatu,2006.0,,Viajes
8790,0425161242,"Chromosome 6 (Jack Stapleton & Laurie Montgomery, #3)",Chromosome 6,1997.0,eng,Thriller
8791,0425178102,Big Trouble,Big Trouble,1999.0,eng,Ficción
8792,0486434095,The House of the Dead,Записки из Мёртвого дома,1861.0,eng,Clásicos
8793,031234872X,"A Total Waste of Makeup (Charlize Edwards, #1)","A Total Waste of Makeup (Charlize Edwards, #1)",2005.0,,Romántica
8794,014132063X,"Once (Once, #1)",Once,2005.0,,Juvenil
8795,0316909688,"Because I''m Worth It (Gossip Girl, #4)",Because I'm Worth It,2003.0,,Juvenil
8796,0399162372,"Deadline (Virgil Flowers, #8)",,2014.0,,Thriller
8797,0062081896,"Stunning (Pretty Little Liars, #11)","Stunning (Pretty Little Liars, #11)",2012.0,eng,Juvenil
8798,0449138240,The Howling,The Howling,1977.0,eng,Terror
8799,0380008319,Sign of the Unicorn (The Chronicles of Amber #3),Sign of the Unicorn,1975.0,eng,Fantasía
8801,0743231511,Life After God,Life after God,1994.0,eng,Ficción
8802,0143036939,The City of Falling Angels,The City of Falling Angels,2005.0,eng,No ficción
8803,0307716546,Afterwards,Afterwards,2011.0,,Thriller
8804,9792230300,Autumn in Paris,Autumn in Paris,2007.0,ind,Romántica
8805,0876855966,Hot Water Music,Hot Water Music,1983.0,eng,Ficción
8806,0312980388,"Warlock (Ancient Egypt, #3)",Warlock: A Novel of Ancient Egypt,1995.0,eng,Ficción histórica
8807,1250054052,What I Know for Sure,,2014.0,eng,Autoayuda
8808,,"Wisdom (My Blood Approves, #4)",Wisdom,2010.0,eng,Fantasía
8809,1451688385,The Testament of Mary,The Testament of Mary,2012.0,,Ficción
8810,,"Defy (Defy, #1)",Defy,2014.0,eng,Fantasía
8811,0345452887,"Standing in the Rainbow (Elmwood Springs, #2)",,1998.0,eng,Ficción
8812,9735004100,Maitreyi,Maitreyi,1933.0,rum,Ficción
8813,,The Misremembered Man (Tailorstown #1),The Misremembered Man,2008.0,eng,Ficción
8814,0786886323,Carter Beats the Devil, Carter Beats the Devil,2001.0,eng,Ficción histórica
8815,0872862097,Story of the Eye,Histoire de l'oeil,1928.0,eng,Ficción
8816,039915583X,"Knit Two (Friday Night Knitting Club, #2)",Knit Two,2007.0,eng,Ficción
8817,0099417472,In the Night Kitchen,In the Night Kitchen,1970.0,eng,Infantil
8818,0099449897,"Will You Please Be Quiet, Please?","Will You Please Be Quiet, Please?",1976.0,eng,Ficción
8819,0679722017,The Selected Poetry of Rainer Maria Rilke,,1976.0,mul,Poesía
8820,044657449X,"Eternal Rider (Lords of Deliverance, #1, Demonica, #6)",Eternal Rider,2011.0,eng,Fantasía
8821,9781665039833,The Story of a Shipwrecked Sailor,Relato de un náufrago,1970.0,eng,No ficción
8822,039916443X,"Concealed in Death (In Death, #38)",Concealed in Death,2014.0,eng,Thriller
8823,0553384104,"Women''s Bodies, Women''s Wisdom: Creating Physical and Emotional Health and Healing","Women''s Bodies, Women''s Wisdom: Creating Physical and Emotional Health and Healing",1994.0,,Autoayuda
8824,0425152898,"Mind Prey (Lucas Davenport, #7)",Mind Prey,1995.0,eng,Thriller
8826,1563897776,"Planetary, Volume 1: All Over the World and Other Stories","Planetary, Volume 1: All Over the World and Other Stories",2000.0,eng,Cómic y novela gráfica
8827,1908844965,"Stolen Songbird (The Malediction Trilogy, #1)",Stolen Songbird,2014.0,eng,Fantasía
8828,0805095837,Most Talkative: Stories from the Front Lines of Pop Culture,,2012.0,,Memorias
8829,0451190521,"The Green Mile, Part 2: The Mouse on the Mile","The Green Mile, Part 2: The Mouse on the Mile",1996.0,eng,Terror
8830,0743484355,A Cry In The Night,A Cry in the Night,1982.0,eng,Thriller
8831,1556520743,Assata: An Autobiography,Assata: An Autobiography,1987.0,eng,Biografía
8832,0060596384,"Days of Magic, Nights of War (Abarat, #2)","Days of Magic, Nights of War",2004.0,eng,Fantasía
8833,0899190359,The Three Billy Goats Gruff,The Three Billy Goats Gruff,1841.0,eng,Infantil
8834,9781482319057,True Love Story,True Love Story,2013.0,eng,Romántica
8835,9781503950641,The Moonlit Garden,Der Mondscheingarten,2013.0,eng,Ficción histórica
8836,0446539252,True Compass: A Memoir,True Compass: A Memoir,2009.0,eng,Memorias
8837,0142002054,"Diamonds Are Forever (James Bond, #4)",Diamonds are Forever,1956.0,eng,Thriller
8838,0060594527,Lost Horizon,Lost Horizon,1933.0,,Clásicos
8839,,"Hidden Bodies (You, #2)",Hidden Bodies,2016.0,eng,Thriller
8840,0142437271,Passing,Passing,1929.0,eng,Clásicos
8841,0061238961,"InterWorld (InterWorld, #1)",InterWorld,2007.0,eng,Ciencia ficción
8842,0375836578,The Realm of Possibility,The Realm of Possibility,2004.0,eng,Juvenil
8843,0345495802,The Invisible Wall: A Love Story That Broke Barriers,The Invisible Wall: A Love Story That Broke Barriers,2006.0,eng,Memorias
8844,1595143378,The Replacement,The Replacement,2010.0,eng,Juvenil
8845,1439172951,Last Words,,2009.0,eng,Memorias
8846,0375423729,"The Information: A History, a Theory, a Flood","The Information: A History, a Theory, a Flood",2011.0,eng,Ciencia
8847,0385333218,Rocket Boys (Coalwood #1),Rocket Boys,1998.0,,Memorias
8848,0440236924,Kaleidoscope,,1987.0,fre,Romántica
8849,0743457927,A Perfect Spy,A Perfect Spy,1986.0,,Thriller
8850,0394758269,"The High Window (Philip Marlowe, #3)",The High Window,1942.0,eng,Misterio
8851,0425255700,"Affliction (Anita Blake, Vampire Hunter #22)",Affliction,2013.0,eng,Fantasía
8852,,"Wildest Dreams (Fantasyland, #1)",Wildest Dreams,2011.0,eng,Romántica
8853,0425157539,"Sudden Prey (Lucas Davenport, #8)",Sudden Prey,1996.0,eng,Thriller
8854,0842339523,Mark of the Lion Trilogy,Mark of the Lion Trilogy,1993.0,eng,Ficción histórica
8855,0753510995,"Screw It, Let''s Do It: Lessons In Life","Screw It, Let''s Do It",2006.0,,Negocios
8856,0064401510,"Mrs. Piggle-Wiggle''s Magic (Mrs. Piggle Wiggle, #2)",Mrs. Piggle-Wiggle's Magic,1949.0,eng,Infantil
8857,0142302260,Revolting Rhymes,Revolting Rhymes,1982.0,,Infantil
8858,0312983603,"The Mermaids Singing (Tony Hill & Carol Jordan, #1)",The Mermaids Singing ,1995.0,eng,Thriller
8860,0515122734,Sanctuary,Sanctuary,1997.0,eng,Romántica
8861,0345454944,"Sunset Express (Elvis Cole, #6)",Sunset Express,1996.0,eng,Misterio
8862,0698193032,"The Bourbon Kings (The Bourbon Kings, #1)",The Bourbon Kings,2015.0,eng,Romántica
8863,0449214729,The Guns of Navarone,The Guns of Navarone,1957.0,,Aventura
8864,0142003255,"On Her Majesty''s Secret Service (James Bond, #11)",On Her Majesty's Secret Service,1963.0,eng,Thriller
8865,0671733419,Women Who Love Too Much: When You Keep Wishing and Hoping He'll Change,Women Who Love Too Much,1985.0,eng,Autoayuda
8866,1423101952,Hero,Hero,2007.0,eng,Juvenil
8867,0385265565,There are No Children Here: The Story of Two Boys Growing Up in the Other America,There Are No Children Here: The Story of Two Boys Growing Up in the Other America,1991.0,eng,No ficción
8868,0002310015,"At Bertram''s Hotel (Miss Marple, #11)",At Bertram's Hotel,1965.0,eng,Misterio
8869,0008143676,"Happily Ever After (The Selection, #0.4, 0.5, 2.5, 2.6)",Happily Ever After,2015.0,eng,Juvenil
8870,0142400580,The Great Brain (Great Brain #1),The Great Brain,1967.0,eng,Infantil
8871,1846164257,"The Fire Eternal (The Last Dragon Chronicles, #4)",The Fire Eternal,2007.0,eng,Juvenil
8872,0743430336,"Mercy (Buchanan-Renard, #2)",Mercy,2001.0,eng,Romántica
8873,0749391685,The Commitments,The Commitments,1987.0,eng,Ficción
8874,0385526350,Tell-All,Tell-All,2010.0,,Ficción
8875,0689855532,What My Mother Doesn't Know (What My Mother Doesn't Know #1),What My Mother Doesn't Know,2001.0,eng,Juvenil
8876,0670021474,"Angelology (Angelology, #1)",Angelology,2010.0,eng,Thriller
8877,0375751114,The Lady & Sons Savannah Country Cookbook,The Lady & Sons Savannah Country Cookbook,1998.0,,Cocina
8878,0060751576,No One Writes to the Colonel and Other Stories,El coronel no tiene quién le escriba,1961.0,,Clásicos
8879,0671723227,Wiseguy,Wiseguy: Life in a Mafia Family,1985.0,eng,Biografía
8880,1563897229,"Transmetropolitan, Vol. 5: Lonely City (Transmetropolitan, #5)","Transmetropolitan, Vol. 5: Lonely City",2001.0,eng,Cómic y novela gráfica
8881,0307959880,"Benediction (Plainsong, #3)",Benediction,2013.0,eng,Ficción
8882,9643113442,سمفونی مردگان, سمفونی مردگان,1989.0,per,Ficción
8883,0671019708,After the Night,After the Night,1995.0,eng,Romántica
8884,0230015913,"Evil at Heart (Archie Sheridan & Gretchen Lowell, #3)", Evil at Heart,2009.0,eng,Thriller
8885,0062333003,The Bookseller,The Bookseller,2015.0,eng,Ficción
8886,0312965338,The Climb: Tragic Ambitions on Everest,The Climb: Tragic Ambitions on Everest,1997.0,,No ficción
8887,0451465105,"The Thousand Names (The Shadow Campaigns, #1)",The Thousand Names,2013.0,eng,Fantasía
8888,1406501069,An Old-Fashioned Girl,An Old-Fashioned Girl,1869.0,,Clásicos
8889,,"Beautiful Burn (The Maddox Brothers, #4)",Beautiful Burn,2016.0,eng,Romántica
8890,1591826047,"Fruits Basket, Vol. 2",フルーツバスケット 2,1999.0,eng,Cómic y novela gráfica
8891,0060859512,Misquoting Jesus: The Story Behind Who Changed the Bible and Why,Misquoting Jesus: The Story Behind Who Changed the Bible and Why,2005.0,eng,Religión y espiritualidad
8892,9780990429258,Wait for It,Wait for It,2016.0,eng,Romántica
8893,044101125X,"The Other Wind (Earthsea Cycle, #6)",The Other Wind,2001.0,eng,Fantasía
8894,0739329189,"The Paris Vendetta (Cotton Malone, #5)",The Paris Vendetta,2009.0,eng,Thriller
8895,0062377183,Moriarty (Sherlock Holmes #2),Moriarty,2014.0,eng,Misterio
8896,0198320043,Richard II,The tragedie of King Richard the second,1595.0,,Clásicos
8897,0380756277,Prisoner of My Desire,Prisoner of my desire ,1991.0,,Romántica
8898,0743454154,Blood Memory,Blood Memory,2005.0,eng,Thriller
8899,0140424504,Selected Poems,Selected Poems,1848.0,eng,Poesía
8900,0062083392,After I'm Gone,After I'm Gone,2014.0,eng,Misterio
8901,0297853260,Shadows of the Workhouse,Shadows of the Workhouse: The Drama of Life in Postwar London,2005.0,eng,Memorias
8902,159448144X,Hunting and Gathering,"Ensemble, c''est tout",2004.0,eng,Ficción
8903,0743200403,One Up On Wall Street: How To Use What You Already Know To Make Money In The Market,One Up On Wall Street : How To Use What You Already Know To Make Money In The Market,1988.0,eng,Negocios
8904,1857230310,Against a Dark Background,Against a Dark Background,1993.0,eng,Ciencia ficción
8905,1400065933,I Still Dream About You,I Still Dream About You,2010.0,eng,Ficción
8906,0486287599,A Modest Proposal and Other Satirical Works,A Modest Proposal and Other Satirical Works,1729.0,eng,Clásicos
8907,0679723005,The Book on the Taboo Against Knowing Who You Are,The Book on the Taboo Against Knowing Who You Are,1966.0,,Religión y espiritualidad
8908,155970361X,Mother Courage and Her Children,Mutter Courage und ihre Kinder,1941.0,eng,Clásicos
8909,0062076116,"Up from the Grave (Night Huntress, #7)",Up From the Grave ,2014.0,eng,Fantasía
8910,1599901099,"Sun and Moon, Ice and Snow","Sun and Moon, Ice and Snow",2008.0,eng,Fantasía
8911,,"The Blood Mirror (Lightbringer, #4)",The Blood Mirror,2016.0,eng,Fantasía
8912,1439166641,Galveston,Galveston,2004.0,eng,Ficción
8913,0061953385,Extra Yarn (E. B. White Read-Aloud Award. Picture Books),,2012.0,eng,Infantil
8914,0547576722,We the Animals,We the Animals,2011.0,eng,Ficción
8915,067003472X,Breaking the Spell: Religion as a Natural Phenomenon,Breaking the Spell: Religion as a Natural Phenomenon,2006.0,eng,Religión y espiritualidad
8916,0140422072,The Faerie Queene ,The Faerie Queene,1590.0,eng,Clásicos
8938,1250034604,That Night,That Night,2014.0,eng,Thriller
8917,1414334095,"Her Daughter''s Dream (Marta''s Legacy, #2)",Her Daughter's Dream,2010.0,eng,Ficción
8918,,"Rock Chick Revolution (Rock Chick, #8)",,2013.0,eng,Romántica
8919,0062280562,Tampa,Tampa,2013.0,,Ficción
8920,0671027638,The Fuck-Up,The Fuck-Up,1997.0,eng,Ficción
8921,0976165910,"Meg (MEG, #1)",MEG: A Novel of Deep Terror,1997.0,eng,Thriller
8922,0803731558,"Seeing Redd (The Looking Glass Wars, #2)",Seeing Redd,2007.0,eng,Fantasía
8923,0375719202,Appointment in Samarra,Appointment in Samarra,1933.0,eng,Clásicos
8924,067088278X,Each Peach Pear Plum,Each Peach Pear Plum,1978.0,eng,Infantil
8925,0988262592,"The Phoenix Project: A Novel About IT, DevOps, and Helping Your Business Win",,2013.0,eng,Negocios
8926,1250038820,Humans of New York,,2013.0,eng,No ficción
8927,0547548109,The Chronicles of Harris Burdick: 14 Amazing Authors Tell the Tales,,2011.0,eng,Infantil
8928,038549422X,The Freedom Writers Diary,The Freedom Writers Diary: How a Teacher and 150 Teens Used Writing to Change Themselves and the World Around Them,1999.0,eng,Memorias
8929,039306235X,The Post-American World,The Post-American World 2.0,2008.0,eng,Ensayo
8930,0743233212,Them: Adventures with Extremists,Them: Adventures with Extremists,2001.0,eng,No ficción
8931,1596912510,The Ladies of Grace Adieu and Other Stories,The Ladies of Grace Adieu and Other Stories,2006.0,eng,Fantasía
8932,1440503257,The Unofficial Harry Potter Cookbook: From Cauldron Cakes to Knickerbocker Glory--More Than 150 Magical Recipes for Wizards and Non-Wizards Alike (Unofficial Cookbook),,2010.0,,Cocina
8933,147675571X,"Red Notice: A True Story of High Finance, Murder, and One Man’s Fight for Justice","Red Notice: A True Story of High Finance, Murder, and One Man’s Fight for Justice",2014.0,eng,Biografía
8934,0767923820,The Automatic Millionaire: A Powerful One-Step Plan to Live and Finish Rich,The Automatic Millionaire: A Powerful One-Step Plan to Live and Finish Rich,2003.0,,Negocios
8935,0316094617,Forgotten,Forgotten,2011.0,eng,Juvenil
8936,0385529988,Ghettoside: A True Story of Murder in America,Ghettoside: A True Story of Murder in America,2015.0,,No ficción
8937,1857933362,Lady Cottington's Pressed Fairy Book,Lady Cottington's Pressed Fairy Book,1994.0,eng,Fantasía
8939,0753821788,Salmon Fishing in the Yemen,Salmon Fishing in the Yemen,2006.0,eng,Ficción
8940,0374249393,The Rest Is Noise: Listening to the Twentieth Century,The Rest Is Noise: Listening to the Twentieth Century,2007.0,eng,Música
8941,,"Cross My Heart (Cross My Heart, #1)",Cross My Heart,2011.0,eng,Juvenil
8942,1599908441,Something like Normal,Something Like Normal,2012.0,eng,Juvenil
8943,162779073X,"No Place to Hide: Edward Snowden, the NSA, and the U.S. Surveillance State","No Place to Hide: Edward Snowden, the NSA, and the U.S. Surveillance State",2014.0,eng,No ficción
8944,0812508645,Pastwatch: The Redemption of Christopher Columbus,Pastwatch: The Redemption of Christopher Columbus,1996.0,eng,Ciencia ficción
8945,0752848267,"The Next Accident (Quincy & Rainie, #3)",The Next Accident,2001.0,eng,Thriller
8946,9646534783,The Divan,دیوان‎‎ [Dīvān],1380.0,eng,Poesía
8947,0915297019,Once a Runner,Once a Runner,1978.0,,Deportes
8948,1596434465,"Zita the Spacegirl (Zita the Spacegirl, #1)",Zita the Spacegirl,2011.0,eng,Cómic y novela gráfica
8949,0140441050,"Paradiso (The Divine Comedy, #3)",Paradiso,1320.0,eng,Clásicos
8950,0747589372,Restless,Restless,2006.0,eng,Ficción
8951,0140376410,"The Ear, the Eye, and the Arm","The Ear, the Eye, and the Arm",1994.0,,Juvenil
8952,,"Take This Regret (Take This Regret, #1)",Pulled,2011.0,eng,Romántica
8953,0439568455,"Stay Out of the Basement  (Goosebumps, #2)",Stay Out of the Basement,1992.0,,Infantil
8954,9781910751718,The Girl You Lost,,2016.0,eng,Thriller
8955,9781500749750,Willing Captive,Willing Captive,2013.0,eng,Romántica
8956,0439568412,"One Day at Horrorland (Goosebumps, #16)",One Day at Horrorland,1994.0,,Infantil
8957,0767928881,The Sweet Life in Paris: Delicious Adventures in the World's Most Glorious - and Perplexing - City,The Sweet Life in Paris: A Recipe for Living in the World's Most Delicious City,2009.0,eng,Viajes
8958,0373211392,"Talon (Talon, #1)",Talon,2014.0,eng,Juvenil
8959,,"Radiance (Wraith Kings, #1)",Radiance,2014.0,eng,Fantasía
8960,0385535775,The Red House,The Red House,2012.0,eng,Ficción
8961,0345418425,Footfall,Footfall,1985.0,,Ciencia ficción
8962,0525422242,"Twelfth Grade Kills (The Chronicles of Vladimir Tod, #5)",Twelfth Grade Kills,2010.0,eng,Juvenil
8963,0006161413,Ice Station Zebra,Ice Station Zebra,1963.0,eng,Thriller
8964,1400064996,A. Lincoln,A. Lincoln: A Biography,2009.0,eng,Biografía
8965,0451527291,Four Great Tragedies: Hamlet / Othello / King Lear / Macbeth,"Four Great Tragedies: Hamlet, Othello, King Lear, Macbeth (Signet Classics)",1982.0,eng,Clásicos
8966,0749935081,Ain't She Sweet,Ain't She Sweet?,2004.0,eng,Romántica
8967,1455559318,"Promised (One Night, #1)",,2014.0,eng,Romántica
8968,0061134104,Bruiser,Bruiser,2010.0,eng,Juvenil
8969,043933909X,Stone Soup,Stone Soup,2003.0,,Infantil
8970,,"Falling Free (Vorkosigan Saga, #4)",Falling Free,1987.0,eng,Ciencia ficción
8971,0147515025,"If I Stay Collection (If I Stay, #1-2)",,2014.0,eng,Juvenil
8972,0743296788,"The Cold Moon (Lincoln Rhyme, #7)",The Cold Moon,2006.0,eng,Thriller
8973,009959241X,The Moor's Last Sigh,The Moor's Last Sigh,1995.0,eng,Ficción
8974,0061732370,"The Dressmaker of Khair Khana: Five Sisters, One Remarkable Family, and the Woman Who Risked Everything to Keep Them Safe","The Dressmaker of Khair Khana: Five Sisters, One Remarkable Family, and the Woman Who Risked Everything to Keep Them Safe",2011.0,eng,No ficción
8975,0393313964,Girl With Curious Hair,Girl with Curious Hair,1988.0,,Ficción
8976,0896214400,Rita Hayworth and Shawshank Redemption: A Story from Different Seasons,The Shawshank Redemption,1982.0,eng,Ficción
8977,141659907X,Drop Dead Healthy: One Man's Humble Quest for Bodily Perfection,,2012.0,eng,No ficción
8978,1417642122,The Revenge of the Baby-Sat,The Revenge of the Baby-Sat: A Calvin and Hobbes Collection,1991.0,,Cómic y novela gráfica
8979,1904633684,The Case-Book of Sherlock Holmes,The Case-Book of Sherlock Holmes,1927.0,eng,Misterio
8980,0316113573,"Ghostgirl (Ghostgirl, #1)",Ghostgirl,2008.0,eng,Juvenil
8981,147674906X,"I''ve Got You Under My Skin (Under Suspicion, #1)",I've Got You Under My Skin,2014.0,eng,Thriller
8982,1401216862,"Fables, Vol. 10: The Good Prince","Fables, Volume 10: The Good Prince",2008.0,eng,Cómic y novela gráfica
8983,0385518684,The Secret Between Us,The Secret Between Us,2008.0,,Ficción
8984,0446359688,Red Phoenix (Red Phoenix #1),Red Phoenix,1989.0,eng,Thriller
8985,055380717X,Never Look Away,Never Look Away,2010.0,eng,Thriller
8986,0553807137,Your Heart Belongs to Me,Your Heart Belongs to Me,2008.0,eng,Thriller
8987,0425136981,Shadow Fires,Shadow Fires,1987.0,eng,Thriller
8988,0007256752,"Victory of Eagles (Temeraire, #5)","Victory of Eagles (Temeraire, #5)",2008.0,eng,Fantasía
8989,0552548928,"Knife Edge (Noughts & Crosses, #2)","Knife Edge (Noughts and Crosses, #2)",2003.0,,Juvenil
8990,006199104X,"The Blood Gospel (The Order of the Sanguines, #1)",The Blood Gospel: The Order of the Sanguines Series,2013.0,eng,Thriller
8991,,"Fallen Crest Public (Fallen Crest High, #3)",,2013.0,eng,Juvenil
8992,0060817321,I Am Not Myself These Days,I Am Not Myself These Days,2006.0,eng,Memorias
8993,144241314X,Sometimes It Happens,,2011.0,eng,Juvenil
8994,1439102430,"Bones Are Forever (Temperance Brennan, #15)",Bones Are Forever,2012.0,eng,Misterio
8995,0441012396,Deerskin,Deerskin,1993.0,eng,Fantasía
8996,0679735259,Dispatches,Dispatches,1977.0,eng,Memorias
8997,0307593495,"The Troubled Man (Kurt Wallander, #10)",Handen,2009.0,eng,Misterio
8998,2266071289,Sleepers,Sleepers,1995.0,eng,Ficción
8999,0674024451,"The Work of Art in the Age of Its Technological Reproducibility, and Other Writings on Media",Das Kunstwerk im Zeitalter seiner technischen Reproduzierbarkeit,1936.0,eng,Ensayo
9000,0743484339,Pretend You Don't See Her,Pretend You Don't See Her,1997.0,eng,Thriller
9001,0061939897,Going Rogue: An American Life,Going Rogue: An American Life,2009.0,eng,Memorias
9002,0761117199,The Cake Mix Doctor,The Cake Mix Doctor,1999.0,,Cocina
9003,1416984488,"The Monstrumologist (The Monstrumologist, #1)",The Monstrumologist,2009.0,eng,Terror
9004,0679729453,"The Path to Power (The Years of Lyndon Johnson, #1)",The Path to Power,1982.0,eng,Biografía
9005,006232540X,"Depraved Heart (Kay Scarpetta, #23)",Depraved Heart,2015.0,,Misterio
9006,0826328091,The Education of Little Tree,The Education of Little Tree,1976.0,,Memorias
9007,0373210027,"Intertwined (Intertwined, #1)",Intertwined,2009.0,eng,Juvenil
9008,0099437597,In Watermelon Sugar,In Watermelon Sugar,1968.0,eng,Ficción
9009,,My Life with the Walter Boys (My Life with the Walter Boys #1),My Life with the Walter Boys,2012.0,eng,Juvenil
9010,0439858038,"Burning For Revenge (Tomorrow, #5)",Burning For Revenge,1997.0,eng,Juvenil
9011,1550229788,Love You to Death: The Unofficial Companion to the Vampire Diaries,Love You to Death: The Unofficial Companion to The Vampire Diaries,2010.0,eng,No ficción
9012,,The Husband's Secret Free Preview,,2013.0,eng,Ficción
9013,1606841440,"Hourglass (Hourglass, #1)",Hourglass,2011.0,eng,Juvenil
9014,0071373586,Positioning: The Battle for Your Mind: How to Be Seen and Heard in the Overcrowded Marketplace,Positioning: The Battle for Your Mind,1980.0,,Negocios
9015,0425237796,Play of Passion (Psy-Changeling #9),,2010.0,eng,Romántica
9016,141993595X,"Fury (New Species, #1)",,2011.0,eng,Romántica
9017,0375714685,Epileptic,,2002.0,eng,Cómic y novela gráfica
9018,1559363304,August: Osage County,August: Osage County,2008.0,eng,Ficción
9019,0886779065,"Mountain of Black Glass (Otherland, #3)",Mountain of Black Glass,1999.0,eng,Ciencia ficción
9020,0553593617,"Mr. Churchill''s Secretary (Maggie Hope Mystery, #1)",,2012.0,eng,Ficción histórica
9021,0060988649,Lost,Lost,2001.0,eng,Fantasía
9022,0312858868,The Prestige,The Prestige,1995.0,eng,Ciencia ficción
9023,023070395X,Rhett Butler's People,Rhett Butler's People,2007.0,,Ficción histórica
9024,1559362316,Angels in America,Angels in America:  A Gay Fantasia on National Themes,1993.0,eng,Ficción
9025,0375724370,Anil's Ghost,Anil's Ghost,2000.0,eng,Ficción
9026,0553582933,Winter Moon,Winter Moon,1993.0,eng,Terror
9027,,"The Will (Magdalene, #1)",The Will,2014.0,eng,Romántica
9028,0316406813,"A Grimm Warning (The Land of Stories, #3)",A Grimm Warning,2014.0,eng,Infantil
9029,1477823484,"Spell or High Water (Magic 2.0, #2)",,2014.0,eng,Fantasía
9030,,"The Billionaire Wins the Game (Billionaire Bachelors, #1)",The Billionaire Wins the Game,2011.0,eng,Romántica
9031,0345519515,"Never Love a Highlander (McCabe Trilogy, #3)",Never Love a Highlander,2011.0,eng,Romántica
9032,020161622X,The Pragmatic Programmer: From Journeyman to Master,The Pragmatic Programmer: From Journeyman to Master,1999.0,eng,No ficción
9033,9799822939,Supernova: Petir,Supernova: Petir,2004.0,ind,Ficción
9034,0356504263,"Babylon''s Ashes (The Expanse, #6)",Babylon's Ashes,2016.0,eng,Ciencia ficción
9035,,"Wrong Bed, Right Guy (Come Undone, #1)","Wrong Bed, Right Guy",2012.0,eng,Romántica
9036,0142003808,Drop City,Drop City,2003.0,eng,Ficción
9038,1592402739,Candy Girl: A Year in the Life of an Unlikely Stripper,Candy Girl,2005.0,eng,Memorias
9039,,حول العالم في 200 يوم,حول العالم في 200 يوم,1963.0,ara,Viajes
9040,0316407038,"Alert (Michael Bennett, #8)",Alert,2015.0,eng,Thriller
9041,,"Unattainable (Undeniable, #3)",,2013.0,eng,Romántica
9042,0385352093,The Painter,The Painter,2014.0,eng,Ficción
9043,0440114330,Close Encounters Of The Third Kind,Close Encounters of the Third Kind,1977.0,eng,Ciencia ficción
9044,0679410503,"Vampire Chronicles: Interview with the Vampire, The Vampire Lestat, The Queen of the Damned (Anne Rice)",The Vampire Chronicles,1989.0,eng,Terror
9045,0394873335,The Berenstain Bears Forget Their Manners,,1985.0,eng,Infantil
9046,1402245858,"Hot Ticket (Sinners on Tour, #3)",Hot Ticket,2013.0,eng,Romántica
9047,0553589482,"The Search (Eve Duncan, #3)",The Search,2000.0,eng,Thriller
9048,043932162X,Harry Potter Schoolbooks Box Set: Two Classic Books from the Library of Hogwarts School of Witchcraft and Wizardry,,2001.0,eng,Fantasía
9049,0895941228,Zami: A New Spelling of My Name,Zami: A New Spelling of My Name,1982.0,eng,Memorias
9050,0316200980,"The Infernal Devices: Clockwork Angel (The Infernal Devices: Manga, #1)",,2012.0,eng,Cómic y novela gráfica
9051,9793210605,Hafalan Shalat Delisa,Hafalan Shalat Delisa,2005.0,ind,Ficción
9052,1250045630,"Sixth Grave on the Edge (Charley Davidson, #6)",Sixth Grave on the Edge,2014.0,eng,Fantasía
9053,0399163603,"The Royal Ranger (Ranger''s Apprentice, #12)","The Royal Ranger (Ranger''s Apprentice, #12)",2013.0,,Juvenil
9054,0374271569,The Submission,The Submission,2011.0,eng,Ficción
9055,0618640142,The Lord of the Rings Sketchbook,The Lord of the Rings Sketchbook,2005.0,eng,Arte
9056,0312575939,"Glimmerglass (Faeriewalker, #1)",Glimmerglass,2010.0,eng,Juvenil
9057,1846054729,Don't Blink,Don't Blink,2010.0,eng,Thriller
9058,0345444078,Shadows over Innsmouth,The Shadows Over Innsmouth,1994.0,eng,Terror
9059,1416548483,"The Tin Roof Blowdown (Dave Robicheaux, #16)",The Tin Roof Blowdown,2007.0,eng,Misterio
9060,1847673767,The Death of Bunny Munro,The Death of Bunny Munro,2009.0,eng,Ficción
9061,0060097914,"Flat Stanley (Flat Stanley, #1)",Flat Stanley,1964.0,eng,Infantil
9062,1426858329,"Winter''s Passage (Iron Fey, #1.5)","Winter''s Passage (Iron Fey, #1.5)",2010.0,eng,Fantasía
9063,0688149006,Freight Train,Freight Train (Caldecott Collection),1978.0,,Infantil
9064,0547250258,Rosemary: The Hidden Kennedy Daughter,Rosemary: The Hidden Kennedy Daughter,2015.0,eng,Biografía
9065,0060755806,Faith,Faith,2011.0,eng,Ficción
9066,0060774126,Bite Me If You Can (Argeneau #6),Bite Me If You Can,2007.0,eng,Romántica
9067,,"The Golden Dynasty (Fantasyland, #2)",,2011.0,eng,Romántica
9068,0743484304,Moonlight Becomes You,Moonlight Becomes You,1996.0,eng,Misterio
9069,0439771242,A Corner of the Universe,A Corner of the Universe,2002.0,eng,Juvenil
9070,0316154385,The Ice Queen,The Ice Queen,2005.0,eng,Ficción
9071,0749732105,"The Folk of the Faraway Tree (The Faraway Tree, #3)",The Folk of Faraway Tree,1946.0,eng,Infantil
9072,0385353774,City on Fire,City on Fire,2015.0,eng,Ficción
9073,0380005255,The Flame and the Flower,The Flame and the Flower,1972.0,,Romántica
9074,0380803275,"Exile''s Return (Conclave of Shadows, #3)",Exile's Return,2004.0,,Fantasía
9075,1599904780,"Princess of Glass (The Princesses of Westfalin Trilogy, #2)",Princess of Glass,2010.0,eng,Juvenil
9076,0402366174,Preach My Gospel: A Guide To Missionary Service,Preach My Gospel (A Guide to Missionary Service),2004.0,,Religión y espiritualidad
9077,0547738471,"The Last Dragonslayer (The Chronicles of Kazam, #1)",The Last Dragonslayer,2010.0,eng,Fantasía
9078,039474067X,Orientalism,Orientalism,1978.0,eng,Ensayo
9079,1573458716,"Like a Fire Burning (The Work and the Glory, #2)","The Work and the Glory, Vol. 2: Like a Fire Burning",1991.0,,Ficción histórica
9080,0451201027,Friends and Lovers,Friends and Lovers,1997.0,eng,Ficción
9081,0060514094,"Molly Moon''s Incredible Book of Hypnotism (Molly Moon, #1)",Molly Moon's Incredible Book of Hypnotism,2002.0,eng,Infantil
9082,0312286252,Contest,Contest,1996.0,,Ciencia ficción
9083,1573223565,Songbook,31 Songs,2003.0,eng,Ensayo
9084,0812975294,The Greatest Generation,The Greatest Generation,1998.0,,Historia
9085,0375421874,The Minority Report,The Minority Report,1956.0,,Ciencia ficción
9086,0553575422,"Luck in the Shadows (Nightrunner, #1)",Luck in the Shadows,1996.0,eng,Fantasía
9087,0618750436,"The Lemonade War (The Lemonade War, #1)",The Lemonade War,2007.0,eng,Infantil
9088,067982412X,"The Knight at Dawn (Magic Tree House, #2)","The Knight at Dawn (Magic Tree House, #2)",1993.0,eng,Infantil
9089,,"The Arrangement: The Ferro Family (The Arrangement, #1)",,2013.0,eng,Romántica
9090,9789792239836,Winter in Tokyo,Winter in Tokyo,2008.0,ind,Romántica
9091,0060779632,Help for the Haunted,,2013.0,eng,Misterio
9092,1421506270,"Death Note, Vol. 6: Give-and-Take (Death Note, #6)",デスノート #6 (Desu Nōto) Kōkan (交換),2005.0,eng,Cómic y novela gráfica
9093,1423116968,"The Lightning Thief: The Graphic Novel (Percy Jackson and the Olympians, #1)",The Lightning Thief: The Graphic Novel,2010.0,eng,Cómic y novela gráfica
9094,1451648448,Mrs. Kennedy and Me: An Intimate Memoir,,2012.0,eng,Memorias
9095,078572902X,Shoeless Joe,Shoeless Joe,1982.0,eng,Ficción
9096,1595540547,When Crickets Cry,When Crickets Cry,2006.0,eng,Ficción
9097,1451697384,This Changes Everything: Capitalism vs. The Climate,This Changes Everything: Capitalism vs. The Climate,2014.0,eng,Ensayo
9098,0061714321,"Aloha from Hell (Sandman Slim, #3)",Aloha from Hell,2011.0,eng,Fantasía
9099,,"Until Lilly (Until, #3)",,2014.0,eng,Romántica
9100,006095955X,A Walk Across America,A Walk Across America,1979.0,eng,Viajes
9101,,"Try Me (One Night with Sole Regret, #1)",Try Me,2012.0,eng,Romántica
9102,034544177X,All Souls: A Family Story from Southie,All Souls: A Family Story from Southie,1999.0,eng,Memorias
9103,1857231031,"Wizard at Large (Magic Kingdom of Landover, #3)",Wizard at Large ,1987.0,,Fantasía
9104,0060795484,The Bad Seed,The Bad Seed ,1954.0,eng,Ficción
9105,,"Connected (Connections, #1)",Connected,2013.0,eng,Romántica
9106,1409522016,"Angel Fire (Angel, #2)",Angel Fire,2011.0,eng,Juvenil
9107,1414339364,Growing Up Amish,Growing up Amish,2011.0,eng,Memorias
9108,,"Taking Shots (Assassins, #1)",,2011.0,eng,Romántica
9109,,"Sweet Addiction (Sweet Addiction, #1)",Sweet Addiction,2014.0,eng,Romántica
9110,1596434872,Bomb: The Race to Build—and Steal—the World's Most Dangerous Weapon,Bomb: The Race to Build—and Steal—the World's Most Dangerous Weapon,2012.0,eng,Juvenil
9111,0375703403,Maximum City: Bombay Lost and Found,Maximum City: Bombay Lost and Found,2004.0,eng,No ficción
9112,0736423087,Bambi,,1941.0,eng,Infantil
9113,0312352182,The Last Wife of Henry VIII,The Last Wife of Henry VIII,1980.0,eng,Ficción histórica
9114,040405109X,The Complete Tales and Poems,The Complete Tales and Poems of Edgar Allan Poe,1849.0,eng,Clásicos
9115,044656432X,"Gideon''s Sword (Gideon Crew, #1)",Gideon's Sword,2011.0,eng,Thriller
9116,0451199928,"A Caribbean Mystery (Miss Marple, #10)",A Caribbean Mystery,1964.0,eng,Misterio
9117,0440243394,Accident,,1994.0,,Ficción
9118,159523103X,George Washington's Secret Six: The Spy Ring That Saved the American Revolution,,2013.0,eng,Historia
9119,0345396685,"When Christ and His Saints Slept  (Henry II & Eleanor of Aquitaine, #1)",When Christ and His Saints Slept,1994.0,eng,Ficción histórica
9120,0307021858,Pinocchio,Pinocchio (A Little Golden Book),1992.0,,Infantil
9121,034552666X,Great North Road,Great North Road,2012.0,eng,Ciencia ficción
9122,,"Fall From Grace (Mad World, #1)",,2012.0,eng,Romántica
9123,140003292X,The Complete Short Novels,,1896.0,eng,Clásicos
9124,0394837363,The Berenstain Bears Go to School,,1978.0,eng,Infantil
9125,1844285081,Curious George Takes a Job,Curious George Takes a Job,1947.0,,Infantil
9126,1563895285,Superman for All Seasons,Superman for All Seasons,2001.0,eng,Cómic y novela gráfica
9127,1585101435,La casa de Bernarda Alba,La casa de Bernarda Alba,1945.0,,Clásicos
9129,0099436922,Glue,Glue,2001.0,eng,Ficción
9130,1613125348,"Unhinged (Splintered, #2)",Unhinged,2014.0,eng,Juvenil
9131,000735049X,How to Fall in Love,How to Fall in Love,2014.0,eng,Romántica
9132,0552143545,"Until You (Westmoreland, #3)",Until You,1994.0,eng,Romántica
9133,0786939508,"Servant of the Shard (Forgotten Realms: Paths of Darkness, #3; The Sellswords, #1)",,2000.0,eng,Fantasía
9134,0310210062,Streams in the Desert,Streams in the Desert,1904.0,,Religión y espiritualidad
9135,1439148015,"Venom (Elemental Assassin, #3)",,2010.0,eng,Fantasía
9136,9781406365467,The Shadowhunter's Codex,The Shadowhunter's Codex,2013.0,eng,Juvenil
9137,1577344677,"Tennis Shoes Among the Nephites (Tennis Shoes, #1)","Tennis Shoes Among the Nephites (Tennis Shoes, #1)",1989.0,eng,Juvenil
9138,0738703915,"Blue is for Nightmares (Blue is for Nightmares, #1)",Blue Is for Nightmares,2003.0,eng,Juvenil
9139,0517219026,Carrie / 'Salem's Lot / The Shining,Three Complete Novels: Carrie/Salem's Lot/The Shining,1983.0,eng,Terror
9140,0553806610,"Personal Demon (Women of the Otherworld, #8)",Personal Demon,2008.0,eng,Fantasía
9141,0575097361,"The Way of Kings, Part 1 (The Stormlight Archive #1.1)","The Way of Kings, Part 1",2011.0,eng,Fantasía
9142,1439150001,The Christmas List,The Christmas List,2009.0,eng,Ficción
9166,006173506X,"Insatiable (Insatiable, #1)",Insatiable,2010.0,eng,Fantasía
9143,0060539097,How to Make Love Like a Porn Star: A Cautionary Tale,How to Make Love Like a Porn Star: A Cautionary Tale,2004.0,eng,Biografía
9144,0446606243,The Tenth Justice,The Tenth Justice,1997.0,,Thriller
9145,0316098868,Stella Bain,,2013.0,,Ficción histórica
9146,0007325940,"Dark Days (Skulduggery Pleasant, #4)",Dark Days,2010.0,eng,Juvenil
9147,0451190548,"The Green Mile, Part 3: Coffey''s Hands","The Green Mile, Part 3: Coffey''s Hands",1996.0,eng,Terror
9148,0821780654,"Jacob (Nightwalkers, #1)",Jacob,2006.0,eng,Romántica
9149,0451411528,You Slay Me (Aisling Grey #1),,2004.0,eng,Romántica
9150,0857520660,Perfect,Perfect,2013.0,eng,Ficción
9151,0590442872,Clifford's Halloween,Clifford's Halloween (Clifford),1966.0,eng,Infantil
9152,0375828192,"Lyra''s Oxford (His Dark Materials, #3.5)",Lyra's Oxford,2003.0,eng,Fantasía
9153,0373210329,"If I Die (Soul Screamers, #5)","If I Die (Soul Screamers, #5)",2011.0,eng,Juvenil
9154,0316211176,Private Berlin (Private #5),Private Berlin,2013.0,eng,Thriller
9155,0553576798,The Other Daughter,The Other Daughter,1999.0,eng,Thriller
9156,0803710402,Amazing Grace,Amazing Grace,1991.0,eng,Infantil
9157,0345440781,The Redemption of Althalus,The Redemption of Althalus,2000.0,,Fantasía
9158,0156007479,Slammerkin,Slammerkin,2000.0,eng,Ficción histórica
9159,0380790076,"Simply Irresistible (Chinooks Hockey Team, #1)",Simply Irresistible,1998.0,eng,Romántica
9160,0425246957,"About That Night (FBI/US Attorney, #3)",About That Night,2012.0,eng,Romántica
9161,1421500620,"Ouran High School Host Club, Vol. 3 (Ouran High School Host Club, #3)",桜蘭高校ホスト部 3,2004.0,eng,Cómic y novela gráfica
9162,0312346069,On the Night You Were Born,On the Night You Were Born,2005.0,eng,Infantil
9163,0345524942,MWF Seeking BFF: My Yearlong Search For A New Best Friend,,2011.0,eng,Memorias
9164,,"Skin Deep (Legion, #2)",Legion: Skin Deep,2014.0,eng,Ciencia ficción
9165,,"Wicked (A Wicked Saga, #1)",Wicked,2014.0,eng,Fantasía
9167,,"Where I Belong (Alabama Summer, #1)",Where I Belong,2014.0,eng,Romántica
9168,0778324516,"Back on Blossom Street (Blossom Street, #4)",Back on Blossom Street,2007.0,eng,Romántica
9169,1615731075,Hector and the Search for Happiness,Le Voyage d’Hector ou la recherche du bonheur,2002.0,eng,Ficción
9170,0446699454,"Between, Georgia","Between, Georgia",2006.0,eng,Ficción
9171,0312932782,"Faking It (Dempseys, #2)",Faking It ,2002.0,eng,Romántica
9172,0099461099,Underground: The Tokyo Gas Attack and the Japanese Psyche,アンダーグラウンド [Andāguraundo],1997.0,eng,No ficción
9173,0743428188,"The Twentieth Wife (Taj Mahal Trilogy, #1)",The Twentieth Wife,2002.0,eng,Ficción histórica
9174,,"Captured (The Captive, #1)",,2012.0,eng,Romántica
9175,0345354915,Split Infinity  (Apprentice Adept #1),"Split Infinity (Apprentice Adept, #1)",1980.0,eng,Ciencia ficción
9176,0310263468,Sex God: Exploring the Endless Connections between Sexuality and Spirituality,Sex God: Exploring the Endless Connections Between Sexuality And Spirituality,2007.0,eng,Religión y espiritualidad
9177,0007245823,A Vintage Affair,A Vintage Affair,2009.0,eng,Romántica
9178,014013168X,The Buddha of Suburbia,The Buddha of Suburbia,1990.0,eng,Ficción
9179,0062118692,"Breathe (Breathe, #1)",Breathe,2012.0,eng,Juvenil
9180,0425128164,The Voice of the Night,The Voice of the Night ,1980.0,eng,Terror
9181,,The Girl from Krakow,The Girl from Krakow,2015.0,eng,Ficción histórica
9182,0374180652,Justice: What's the Right Thing to Do?,Justice: What's the Right Thing to Do?,2009.0,eng,Ensayo
9183,1455530093,13 Hours: The Inside Account of What Really Happened In Benghazi,13 Hours: The Inside Account of What Really Happened In Benghazi,2014.0,eng,No ficción
9184,0758232004,"Succubus Shadows (Georgina Kincaid, #5)",Succubus Shadows ,2010.0,eng,Fantasía
9185,0446550000,Roses,Roses,2010.0,eng,Ficción histórica
9186,0312932812,Crazy For You,Crazy For You,1999.0,,Romántica
9187,1400066124,Letter to My Daughter,Letter to My Daughter,2008.0,eng,Memorias
9188,0061187844,The Post-Birthday World,The Post-Birthday World ,2007.0,eng,Ficción
9189,0439700418,The Man Who Walked Between the Towers,The Man Who Walked Between the Towers,2003.0,eng,Infantil
9190,1442472057,"City of Bones / City of Ashes / City of Glass / City of Fallen Angels / City of Lost Souls (The Mortal Instruments, #1-5)",,2012.0,,Juvenil
9191,0151010404,The Double,O Homem Duplicado,2002.0,eng,Ficción
9192,0553819879,"Thorn Queen (Dark Swan, #2)",Thorn Queen,2008.0,eng,Fantasía
9193,0061128643,"Lost & Found (Rocky Pelligrino, #1)",Lost & Found,2007.0,eng,Ficción
9194,0723247757,The Tale of Mrs. Tiggy-Winkle,The Tale of Mrs. Tiggy-Winkle,1905.0,,Infantil
9195,0380752859,"For Love of Evil (Incarnations of Immortality, #6)",For Love of Evil,1988.0,,Fantasía
9196,0452298385,Blackberry Winter,Blackberry Winter,2012.0,eng,Ficción histórica
9197,0394757645,Trouble Is My Business,Trouble Is My Business,,eng,Misterio
9198,0440208149,"An Acceptable Time (A Wrinkle in Time Quintet, #5)","An Acceptable Time (Time Quintet, #5)",1989.0,eng,Juvenil
9199,0345476131,The Third Secret,The Third Secret,2005.0,eng,Thriller
9200,0439846692,"Charlie Bone and the Shadow (The Children of the Red King, #7)","Charlie Bone and the Shadow (The Children of the Red King, # 7)",2008.0,,Juvenil
9201,0505525534,Love Bites (Argeneau #2),Love Bites,2004.0,eng,Romántica
9202,1476751447,Hard Choices,Hard Choices,2013.0,eng,Memorias
9203,1563895641,"Batman: No Man''s Land, Vol. 1","Batman: No Man''s Land, Vol. 1",1999.0,eng,Cómic y novela gráfica
9204,0143036580,The End of Poverty,,2005.0,,Ensayo
9205,1846687756,Half Blood Blues,Half Blood Blues,2011.0,eng,Ficción histórica
9206,0060564784,The Kindness of Strangers,The Kindness of Strangers,2006.0,eng,Ficción
9207,9781471144134,Emmy & Oliver,Emmy & Oliver,2015.0,eng,Juvenil
9208,1596435739,The Sculptor,The Sculptor,2015.0,eng,Cómic y novela gráfica
9209,0803740166,Roller Girl,Roller Girl,2015.0,eng,Cómic y novela gráfica
9210,0394800516,The Best Nest,The Best Nest,1968.0,eng,Infantil
9211,143917752X,"Beyond Exile (Day by Day Armageddon,# 2)",Day By Day Armageddon: Beyond Exile ,2010.0,eng,Terror
9212,0671522817,Braveheart,Braveheart,1995.0,eng,Ficción histórica
9213,1401210007,"Fables, Vol. 7: Arabian Nights [and Days] (Fables, #7)","Fables, Volume 7: Arabian Nights (and Days)",2006.0,eng,Cómic y novela gráfica
9214,0374299218,Call Me by Your Name,Call Me by Your Name,2007.0,,Ficción
9215,0679776591,Fugitive Pieces,Fugitive Pieces,1996.0,eng,Ficción histórica
9216,0345484088,"Armageddon''s Children (Genesis of Shannara, #1)",Armageddon's Children,2006.0,,Fantasía
9217,0679457143,The Cobra Event,The Cobra Event,1997.0,eng,Thriller
9218,0062071165,"Everbound (Everneath, #2)",Everbound,2013.0,eng,Juvenil
9219,0785229183,The Hole in Our Gospel: What does God expect of Us? The Answer that Changed my Life and Might Just Change the World,The Hole in Our Gospel: What does God expect of Us?  The Answer that Changed my Life and Might Just Change the World,2009.0,eng,Religión y espiritualidad
9220,1932740082,On Becoming Baby Wise: Giving Your Infant the Gift of Nighttime Sleep,On Becoming Baby Wise: Giving Your Infant the Gift of Nighttime Sleep,1993.0,,Autoayuda
9221,,رغم الفراق,,2012.0,ara,Ficción
9222,0143034669,"Ghost Wars: The Secret History of the CIA, Afghanistan, and bin Laden from the Soviet Invasion to September 10, 2001","Ghost Wars: The Secret History of the CIA, Afghanistan, and Bin Laden, from the Soviet Invasion to September 10, 2001",2004.0,eng,Historia
9223,8489163413,La vida del Lazarillo de Tormes,La vida del Lazarillo de Tormes y sus fortunas y adversidades ,1554.0,spa,Clásicos
9224,9781503946187,Broken Grace,,2015.0,eng,Thriller
9225,0345299116,The Midwich Cuckoos,The Midwich Cuckoos,1957.0,eng,Ciencia ficción
9226,9781477848821,I Am Livia,,2011.0,eng,Ficción histórica
9227,1416563067,Smoke Screen,Smoke Screen,2008.0,eng,Thriller
9228,054514096X,Bone: Tall Tales,,2010.0,eng,Cómic y novela gráfica
9229,0375870644,The Fourteenth Goldfish,The Fourteenth Goldfish,2014.0,eng,Juvenil
9230,0307021688,Tawny Scrawny Lion,Tawny Scrawny Lion (Little Golden Book),1952.0,,Infantil
9231,0830737847,Peace Child: An Unforgettable Story of Primitive Jungle Treachery in the 20th Century,Peace Child,1974.0,,Biografía
9232,0140156046,Libra,Libra ,1988.0,eng,Ficción
9254,0060935782,"Vagabond (The Grail Quest, #2)",Vagabond,2002.0,eng,Ficción histórica
9233,0743457919,The Honourable Schoolboy,The Honourable Schoolboy,1977.0,eng,Thriller
9234,006147312X,"Renegade''s Magic (Soldier Son, #3)",Renegade's Magic,2007.0,eng,Fantasía
9235,,"Second Shift: Order (Shift, #2)",,2012.0,eng,Ciencia ficción
9236,0446674575,"The Tenth Insight: Holding the Vision (Celestine Prophecy, #2)",The Tenth Insight ,1996.0,eng,Religión y espiritualidad
9237,0755331427,"The Interpretation of Murder (Freud, #1)",The Interpretation of Murder,2006.0,eng,Misterio
9238,1401202527,Superman: Birthright,Superman: Birthright 1-12,2003.0,eng,Cómic y novela gráfica
9239,0618065687,Curious George Visits the Library,Curious George Visits the Library,2003.0,eng,Infantil
9240,1400097037,Arthur & George,Arthur & George,2005.0,eng,Ficción histórica
9241,1590384989,"Truth Will Prevail (The Work and the Glory, #3)","The Work and the Glory, Vol. 3: Truth Will Prevail",1992.0,,Ficción histórica
9242,1479359084,"Sins & Needles (The Artists Trilogy, #1)",Sins & Needles,2013.0,eng,Romántica
9243,0300108834,A Little History of the World,Eine kurze Weltgeschichte für junge Leser: Von der Urzeit bis zur Gegenwart,1936.0,eng,Historia
9244,,"Fire Burn and Cauldron Bubble (Jolie Wilkins, #1)",Fire Burn and Cauldron Bubble,2010.0,eng,Fantasía
9245,1591826063,"Fruits Basket, Vol. 4",フルーツバスケット 4,2000.0,eng,Cómic y novela gráfica
9246,1416543074,"Women, Food and God: An Unexpected Path to Almost Everything",,2009.0,eng,Autoayuda
9247,0385264666,Palace Walk (The Cairo Trilogy #1),بين القصرين,1956.0,eng,Ficción histórica
9248,,"First to Kill (Nathan McBride, #1)",First to Kill ,2008.0,eng,Thriller
9249,067179437X,How I Raised Myself from Failure to Success in Selling,How I Raised Myself from Failure to Success in Selling,1947.0,,Negocios
9250,0805098232,"Still Foolin'' ''Em: Where I''ve Been, Where I''m Going, and Where the Hell Are My Keys",,2013.0,eng,Memorias
9251,0743482867,"Lucky (Lucky Santangelo, #2)",Lucky,1985.0,eng,Ficción
9252,063407881X,Wicked - Piano/Vocal Arrangement,Wicked - Piano/Vocal Arrangement,2004.0,,Música
9253,0449208397,If Life Is a Bowl of Cherries What Am I Doing in the Pits?,If Life Is a Bowl of Cherries—What Am I Doing in the Pits?,1971.0,eng,Autoayuda
9255,1934169234,Little Lord Fauntleroy,Little Lord Fauntleroy,1886.0,,Clásicos
9256,1481268503,"Sometimes Never (Sometimes Never, #1)",Sometimes Never,2012.0,eng,Romántica
9257,,"The Mystery Knight (The Tales of Dunk and Egg, #3)",The Mystery Knight,2010.0,eng,Fantasía
9258,1402271514,"Double Time (Sinners on Tour, #5)",Double Time,2012.0,eng,Romántica
9259,144240339X,"Red Glove (Curse Workers, #2)",,2011.0,eng,Fantasía
9260,1451673442,"The Magic (The Secret, #3)",The Magic (The Secret #3),2012.0,eng,Autoayuda
9261,9781494512729,Kulti,,2015.0,,Romántica
9262,0830819711,Too Busy Not to Pray: Slowing Down to Be With God,Too Busy Not to Pray: Slowing Down to Be With God,1988.0,eng,Religión y espiritualidad
9263,054705484X,Indignation,Indignation,2008.0,eng,Ficción
9264,1400068096,Open City,Open City,2011.0,eng,Ficción
9266,,"Witches of East End (The Beauchamp Family, #1)",Witches of East End,2011.0,eng,Fantasía
9267,0316010367,All He Ever Wanted,All He Ever Wanted,2003.0,eng,Ficción
9268,0061094145,The Fifth Dominion (Imajica Part #1/2),Imajica,1991.0,eng,Fantasía
9269,,"Worth the Fight (MMA Fighter, #1)",Worth the Fight,2013.0,eng,Romántica
9270,0441005837,Rose Daughter,Rose Daughter,1997.0,eng,Fantasía
9271,0800733428,"Fools Rush In (Weddings by Bella, #1)","Fools Rush In (Weddings by Bella, #1)",2009.0,eng,Romántica
9272,0060560150,Ruby Holler,Ruby Holler,2002.0,,Infantil
9273,045122986X,"My Fair Lazy: One Reality Television Addict''s Attempt to Discover If Not Being A Dumb Ass Is the New Black, or, a Culture-Up Manifesto",,2010.0,eng,Memorias
9274,0007331908,"The Pagan Lord (The Saxon Stories, #7)",The Pagan Lord,2013.0,eng,Ficción histórica
9275,1565547063,See You at the Top,See You at the Top: 25th Anniversary Edition,1974.0,,Autoayuda
9276,1627795944,The North Water,The North Water,2016.0,eng,Ficción histórica
9277,0765301075,"The Forge of God (Forge of God, #1)",The Forge of God,1987.0,eng,Ciencia ficción
9278,,"In the Clearing (Tracy Crosswhite, #3)",,2016.0,eng,Thriller
9279,1476717095,"Hidden Order (Scot Harvath, #12)",Hidden Order,2013.0,eng,Thriller
9280,0345434870,Eleanor of Aquitaine: A Life , ,1999.0,eng,Biografía
9281,0521010756,"Agamemnon (Oresteia, #1)",Ἀγαμέμνων,-458.0,eng,Clásicos
9282,0345548515,"Staked (The Iron Druid Chronicles, #8)",Staked,2016.0,eng,Fantasía
9283,0812694554,Harry Potter and Philosophy: If Aristotle Ran Hogwarts,Harry Potter and Philosophy: If Aristotle Ran Hogwarts,2004.0,,Ensayo
9284,0425227707,"Sweet Persuasion (Sweet, #2)","Sweet Persuasion (Sweet Series, #2)",2009.0,eng,Romántica
9285,0312594445,"Redeemed (House of Night, #12)",Redeemed,2014.0,eng,Juvenil
9286,0297869876,"Do No Harm: Stories of Life, Death and Brain Surgery","Do No Harm: Stories of Life, Death and Brain Surgery",2014.0,eng,Memorias
9287,0349117624,Jennifer Government,Jennifer Government,2002.0,eng,Ciencia ficción
9288,0446615757,The Christmas Train,The Christmas Train,2001.0,,Ficción
9289,0843950501,"Dark Destiny (Dark, #13)","Dark Destiny (Carpathians, #13)",2004.0,eng,Romántica
9290,1563899299,"Batman: The Dark Knight Strikes Again (The Dark Knight Saga, #2)",Batman: The Dark Knight Strikes Again,2001.0,eng,Cómic y novela gráfica
9291,0345410092,Me: Stories of My Life,Me: Stories of My Life,1991.0,eng,Memorias
9292,1585425524,The Now Habit: A Strategic Program for Overcoming Procrastination and Enjoying Guilt-Free Play,The Now Habit: A Strategic Program for Overcoming Procrastination and Enjoying Guilt-Free Play,1988.0,eng,Autoayuda
9293,1501106406,"After Ever Happy (After, #4)",After Ever Happy,2015.0,eng,Juvenil
9294,1414336241,The Auschwitz Escape,The Auschwitz Escape,2014.0,eng,Ficción histórica
9295,0380713810,Made in America: An Informal History of the English Language in the United States,Made in America: An Informal History of the English Language in the United States,1994.0,eng,No ficción
9296,0465016901,The Drama of the Gifted Child: The Search for the True Self,Das Drama des begabten Kindes und die Suche nach dem wahren Selbst: eine Um- und Fortschreibung,1979.0,eng,Psicología
9297,0573613435,One Flew Over the Cuckoo's Nest,One Flew Over the Cuckoo's Nest (script),1970.0,,Ficción
9298,0345354907,The Case of Charles Dexter Ward,The Case of Charles Dexter Ward,1941.0,eng,Terror
9299,0375424865,Soon I Will Be Invincible,Soon I Will Be Invincible,2007.0,eng,Ciencia ficción
9300,0316182745,Paint it Black,Paint It Black,2006.0,eng,Ficción
9301,031024756X,"Ever After (Lost Love, #2)",Ever After,2006.0,eng,Romántica
9302,0330489674,Last Orders,Last Orders,1996.0,,Ficción
9303,0374521506,Mythologies,Mythologies,1957.0,eng,Ensayo
9305,034552795X,Wife 22,Wife 22,2008.0,,Ficción
9306,1476761663,Before I Go,,2015.0,,Ficción
9307,0142404624,Travel Team,Travel Team,2004.0,,Juvenil
9308,0020425651,The Dark Is Rising Sequence  (The Dark Is Rising #1-5),"The Dark Is Rising Sequence (The Dark Is Rising, #1-5)",1984.0,eng,Fantasía
9309,0062064223,The Flight of Gemma Hardy,,2012.0,eng,Ficción
9310,1595540067,"Saint (Paradise, #2)",Saint,2006.0,eng,Thriller
9311,0521626951,Groundwork of the Metaphysics of Morals,Grundlegung zur Metaphysik der Sitten,1785.0,eng,Ensayo
9312,1455525928,"Crimson Shore (Pendergast, #15)",Crimson Shore,2015.0,eng,Thriller
9313,0375703713,More Than Human,More Than Human,1953.0,eng,Ciencia ficción
9314,1780890125,"Burn (Michael Bennett, #7)",Burn,2014.0,eng,Thriller
9315,075824682X,The King's Agent,,2012.0,eng,Ficción histórica
9316,1414310609,The Healer (O'Malley #5),The Healer,2002.0,eng,Misterio
9317,0743253426,Islands in the Stream,Islands in the Stream,1970.0,,Clásicos
9318,1414310579,The Guardian (O'Malley #2),The Guardian,2001.0,eng,Misterio
9319,1421536706,"Ouran High School Host Club, Vol. 15 (Ouran High School Host Club, #15)",桜蘭高校ホスト部 15,2009.0,eng,Cómic y novela gráfica
9320,1841956724,Naïve. Super,Naiv.Super.,1996.0,eng,Ficción
9321,4592184718,キスよりも早く1 [Kisu Yorimo Hayaku 1] (Faster than a Kiss #1),キスよりも早く1,2007.0,jpn,Cómic y novela gráfica
9322,0785229213,"The Noticer: Sometimes, All a Person Needs Is a Little Perspective","The Noticer: Sometimes, all a person needs is a little perspective.",2009.0,eng,Autoayuda
9323,0140014454,Under the Net,Under The Net,1954.0,eng,Ficción
9325,1250000246,"Lenobia''s Vow (House of Night Novellas, #2)",Lenobia's Vow,2012.0,eng,Fantasía
9326,1533344345,"The Goal (Off-Campus, #4)",,2016.0,eng,Romántica
9327,0545010098,"Artemis Fowl Boxed Set, Bks 1-5 (Artemis Fowl, #1-5)","Artemis Fowl Boxed Set (Artemis Fowl, #1-5)",2003.0,eng,Juvenil
9328,,"The Boyfriend Thief (Stolen Kiss, #1)",,2011.0,eng,Juvenil
9329,0857382209,"The Lewis Man (The Lewis Trilogy, #2)",The Lewis Man,2011.0,eng,Misterio
9330,0345484118,"The Elves of Cintra (Genesis of Shannara, #2)",The Elves of Cintra ,2007.0,eng,Fantasía
9331,0060815701,"Priestess of the White (Age of the Five, #1)",Priestess of the White,2005.0,eng,Fantasía
9332,,"The Vision (Fallen Star, #3)",,2011.0,eng,Fantasía
9333,0553282093,The Gemini Contenders,The Gemini Contenders,1976.0,eng,Thriller
9334,0440240964,"The Field of Swords (Emperor, #3)","The Field of Swords (Emperor, #3)",2005.0,eng,Ficción histórica
9335,0312537409,Abandon,Abandon,2009.0,eng,Thriller
9336,0671010123,"Final Jeopardy (Alexandra Cooper, #1)",Final Jeopardy,1996.0,eng,Misterio
9337,0060899689,April 1865: The Month That Saved America,April 1865: The Month That Saved America (P.S.),2001.0,,Historia
9338,141697895X,"The Haunted (The Hollow, #2)",The Haunted,2010.0,eng,Juvenil
9339,1414310595,The Protector (O'Malley #4),,2001.0,eng,Misterio
9340,0553535641,Tell Me Three Things,Tell Me Three Things,2016.0,eng,Juvenil
9341,0316011851,"The It Girl (It Girl, #1)","The It Girl (It Girl, Book 1)",2005.0,eng,Juvenil
9342,0505525526,Single White Vampire (Argeneau #3),Single White Vampire,2003.0,eng,Romántica
9343,0312875045,"The Wheel of Time: Boxed Set  (Wheel of Time, #1-8)","The Wheel of Time: Boxed Set  (Wheel of Time, #1-8)",1990.0,,Fantasía
9344,0553803522,Social Intelligence: The New Science of Human Relationships,Social Intelligence: The New Science of Human Relationships,2006.0,,Psicología
9345,,Diary ng Panget,,2013.0,fil,Juvenil
9346,0061351520,"Call Me Irresistible (Wynette, Texas #5)",Call Me Irresistible,2010.0,eng,Romántica
9347,1401900127,Who Will Cry When You Die? Life Lessons from the Monk Who Sold His Ferrari,Who Will Cry When You Die? Life Lessons from the Monk Who Sold His Ferrari,1999.0,eng,Autoayuda
9348,0061143316,Promise Not to Tell,Promise Not to Tell,2007.0,eng,Thriller
9349,,"A Modern Witch (A Modern Witch, #1)",A Modern Witch,2011.0,eng,Fantasía
9350,0785273220,The Traveler's Gift: Seven Decisions that Determine Personal Success,The Traveler's Gift: Seven Decisions that Determine Personal Success,2002.0,eng,Autoayuda
9351,,"Shine Not Burn (Shine Not Burn, #1)",Shine Not Burn,2013.0,eng,Romántica
9352,0689873794,Double Identity,Double Identity,2005.0,,Juvenil
9353,1476745374,Si-cology 1: Tales and Wisdom from Duck Dynasty’s Favorite Uncle,,2013.0,eng,Memorias
9354,1419700278,"Darth Paper Strikes Back (Origami Yoda, #2)",Darth Paper Strikes Back,2011.0,eng,Infantil
9355,0373210337,"The Girl in the Steel Corset (Steampunk Chronicles, #1)",The Girl in the Steel Corset,2011.0,eng,Fantasía
9356,3552060413,"Gut gegen Nordwind (Gut gegen Nordwind, #1)",Gut gegen Nordwind,2006.0,ger,Romántica
9357,0439783607,My Brother Sam Is Dead,My Brother Sam Is Dead,1974.0,eng,Ficción histórica
9358,0671019759,Dream Man,Dream Man,1994.0,eng,Romántica
9359,1400078970,Rubicon: The Last Years of the Roman Republic,Rubicon: The Last Years of the Roman Republic,2003.0,eng,Historia
9360,0140258612,"The Green Mile, Part 6: Coffey on the Mile","The Green Mile, Part 6: Coffey on the Mile",1996.0,eng,Terror
9361,0142400017,Catalyst,,2002.0,eng,Juvenil
9362,1416589422,"Nice Girls Don''t Have Fangs (Jane Jameson, #1)","Nice Girls Don''t Have Fangs (Jane Jameson, #1)",2009.0,eng,Fantasía
9363,0425176657,Belinda,Belinda,1986.0,eng,Ficción
9364,0062021273,"When Beauty Tamed the Beast (Fairy Tales, #2)",When Beauty Tamed the Beast,2011.0,eng,Romántica
9365,1439191379,"Miles to Go (The Walk, #2)",Miles to Go,2011.0,,Ficción
9366,0671702505,"The Gift (Crown''s Spies, #3)",The Gift,1991.0,eng,Romántica
9367,1419702173,My Friend Dahmer,My Friend Dahmer,2012.0,eng,Cómic y novela gráfica
9368,067173783X,"The Lion''s Lady (Crown''s Spies, #1)",The Lion's Lady,1988.0,eng,Romántica
9369,1250065933,Beach Town,,2015.0,,Romántica
9370,9781458186188,Heart on a Chain,Heart on a Chain,2010.0,eng,Juvenil
9371,0142501093,"The Legend of Luke (Redwall, #12)",The Legend of Luke,1999.0,,Fantasía
9372,0375829709,Babe: The Gallant Pig,The Sheep-Pig,1983.0,eng,Infantil
9373,9780061941009,Wishin' and Hopin',Wishin' and Hopin': A Christmas Story,2009.0,eng,Ficción
9374,0345520483,"Dream Team: How Michael, Magic, Larry, Charles, and the Greatest Team of All Time Conquered the World and Changed the Game of Basketball Forever",Dream Team,2012.0,eng,Deportes
9375,007148499X,Influencer: The Power to Change Anything,Influencer: The Power to Change Anything,2007.0,eng,Negocios
9376,0380016648,The Hand of Oberon (The Chronicles of Amber #4),The Hand of Oberon - The Courts of Chaos ,1976.0,eng,Fantasía
9377,0425238199,"No Place to Run (KGI, #2)",No Place to Run,2010.0,eng,Romántica
9378,0439706378,"The Dragonslayer (Bone, #4)","The Dragonslayer (Bone, #4)",1997.0,eng,Cómic y novela gráfica
9379,0316735507,Eat to Live: The Revolutionary Formula for Fast and Sustained Weight Loss,Eat to Live,2003.0,,Autoayuda
9380,0062049879,"A Week to Be Wicked (Spindle Cove, #2)",A Week to Be Wicked,2012.0,eng,Romántica
9381,0312643004,Rain Reign,,2014.0,eng,Infantil
9382,0451461525,"Claimed By Shadow (Cassandra Palmer, #2)",Claimed By Shadow,2007.0,eng,Fantasía
9383,0937295809,"Meet Samantha: An American Girl (American Girls: Samantha, #1)","Meet Samantha: An American Girl (American Girls: Samantha, #1)",1986.0,eng,Infantil
9384,0571215289,The Secret Scripture,The Secret Scripture,2008.0,eng,Ficción histórica
9385,1401226922,Batwoman: Elegy,Batwoman: Elegy,2010.0,eng,Cómic y novela gráfica
9386,0385721811,When the Emperor Was Divine,When the Emperor Was Divine,2002.0,eng,Ficción histórica
9387,0062279874,"Foreplay (The Ivy Chronicles, #1)",Foreplay,2013.0,eng,Juvenil
9388,0006478964,"Night Prey (Lucas Davenport, #6)",Night Prey,1994.0,eng,Thriller
9389,0061043532,"Clouds of Witness (Lord Peter Wimsey, #2)",Clouds of Witness,1926.0,eng,Misterio
9390,0778324826,"Body Movers (Body Movers, #1)",Body Movers ,2006.0,eng,Misterio
9391,1582344515,"The Nasty Bits: Collected Varietal Cuts, Usable Trim, Scraps, and Bones","The Nasty Bits: Collected Varietal Cuts, Useable Trim, Scraps, and Bones",2005.0,,Memorias
9392,0812995341,Lincoln in the Bardo,Lincoln in the Bardo,2017.0,eng,Ficción histórica
9393,0399156828,"Zero History (Blue Ant, #3)",Zero History,2010.0,eng,Ciencia ficción
9394,1935089447,Sophie & Carter,Sophie & Carter,2011.0,eng,Juvenil
9395,0385733143,"Small Steps (Holes, #2)",Small Steps,2006.0,eng,Juvenil
9396,1847445209,The Wicked Girls,The Wicked Girls,2008.0,eng,Thriller
9397,0441011136,"Agents of Light and Darkness (Nightside, #2)",Agents of Light and Darkness,2003.0,eng,Fantasía
9398,1857988361,Stand on Zanzibar,Stand on Zanzibar,1968.0,eng,Ciencia ficción
9399,038534385X,Homer's Odyssey,Homer's Odyssey ,2009.0,eng,Memorias
9400,0007120710,"Sad Cypress (Hercule Poirot, #21)",Sad Cypress,1940.0,eng,Misterio
9401,1595328912,Avatar Volume 1: The Last Airbender (Avatar #1),Avatar: Last Airbender v. 1 (Avatar (Graphic Novels)),2006.0,eng,Cómic y novela gráfica
9402,0340796189,"Five Go to Smuggler''s Top (Famous Five, #4)",Five Go to Smuggler's Top,1942.0,eng,Infantil
9403,0440210690,"Indemnity Only (V.I. Warshawski, #1)",Indemnity Only,1982.0,eng,Misterio
9404,0340796170,"Five Run Away Together (Famous Five, #3)",Five Run Away Together,1944.0,eng,Infantil
9405,0751505544,The Promise,The Promise,1977.0,eng,Romántica
9406,0345480260,A Redbird Christmas,A Redbird Christmas,2004.0,eng,Ficción
9407,0553248642,The Haj,The Haj,1984.0,eng,Ficción histórica
9408,0451451805,"The Darkest Road (The Fionavar Tapestry, #3)",The Darkest Road,1986.0,eng,Fantasía
9409,0440900565,"Summer of My German Soldier (Summer of My German Soldier, #1)",Summer of My German Soldier,1973.0,,Juvenil
9410,0345537262,Rogues,Rogues,2014.0,eng,Ficción
9411,,"The Midwife''s Revolt (The Midwife Series, #1)",,2012.0,eng,Ficción histórica
9412,,"Bound by Honor (Born in Blood Mafia Chronicles, #1)",Bound by Honor,2014.0,eng,Romántica
9413,9781682307557,Anti-Stepbrother,,2016.0,eng,Romántica
9414,0440246113,"Deeper Than Midnight (Midnight Breed, #9)",Deeper than Midnight,2011.0,eng,Romántica
9415,0451463722,"Mercy Blade (Jane Yellowrock, #3)",Mercy Blade,2011.0,eng,Fantasía
9416,0743496973,I Do -- But I Don't,I Do (But I Don't),2003.0,,Romántica
9417,0525477543,"Skippyjon Jones in Mummy Trouble (Skippyjon Jones, #3)",Skippyjon Jones in Mummy Trouble (Skippyjon Jones),2006.0,eng,Infantil
9418,0307273601,Daily Rituals: How Artists Work,Daily Rituals: How Artists Work,2013.0,eng,No ficción
9419,1414336063,"The Boy Who Came Back from Heaven: A Remarkable Account of Miracles, Angels, and Life beyond This World",The Boy Who Came Back from Heaven,2010.0,eng,Religión y espiritualidad
9420,,"Knight & Stay (Knight, #2)",,2013.0,eng,Romántica
9421,0719569516,"An Incomplete Revenge (Maisie Dobbs, #5)",An Incomplete Revenge,2008.0,eng,Misterio
9422,0385538510,The Night Sister,The Night Sister,2015.0,eng,Thriller
9423,0552163295,You Don't Have to Say You Love Me,,2011.0,eng,Romántica
9424,0441011241,"Tales from Earthsea (Earthsea Cycle, #5)",Tales from Earthsea,2001.0,eng,Fantasía
9425,1594487480,The Sound of Things Falling,El ruido de las cosas al caer,2011.0,eng,Ficción
9426,,"Maid for the Billionaire (Legacy Collection, #1)",,2011.0,eng,Romántica
9427,0345545966,Ashley Bell,Ashley Bell,2015.0,eng,Thriller
9428,000224618X,Johnny Mnemonic,Johnny Mnemonic,1981.0,eng,Ciencia ficción
9429,0553568019,"Rogue Squadron (Star Wars: X-Wing, #1)",Rogue Squadron,1996.0,eng,Ciencia ficción
9430,0440244056,Fine Things,Fine Things,1987.0,,Romántica
9431,0399154388,"The Chase (Isaac Bell, #1)",The Chase,2007.0,eng,Thriller
9432,014303653X,Amusing Ourselves to Death: Public Discourse in the Age of Show Business,Amusing Ourselves to Death: Public Discourse in the Age of Show Business,1985.0,eng,Ensayo
9433,0345419588,"Nerilka''s Story (Pern, #8)","Nerilka''s Story (Pern: Dragonriders of Pern, #5)",1986.0,eng,Ciencia ficción
9434,0380803267,"King of Foxes (Conclave of Shadows, #2)",King of Foxes,2003.0,,Fantasía
9435,0670913502,Hairy Maclary from Donaldson's Dairy,Hairy Maclary from Donaldson's Dairy,1983.0,eng,Infantil
9436,0307393844,Wonderful Tonight,Wonderful Tonight: An Autobiography,2007.0,eng,Memorias
9437,0393346773,The Obituary Writer,The Obituary Writer,2013.0,eng,Ficción
9438,1905294425,"Tunnels (Tunnels, #1)",Tunnels,2007.0,eng,Juvenil
9439,0316013315,The Beatles: The Biography,The Beatles: The Biography,2005.0,eng,Biografía
9440,0451210468,Lie Down with Lions,Lie Down With Lions,1985.0,,Thriller
9441,0785122451,The Incredible Hulk: Planet Hulk,Hulk: Planet Hulk,2007.0,eng,Cómic y novela gráfica
9442,0060959517,Elizabeth: The Struggle for the Throne,Elizabeth: The Struggle for the Throne,2000.0,,Biografía
9443,1573451991,"Rumors of War (Children of the Promise, #1)","Rumors of War (Children of the Promise, Vol 1)",1997.0,eng,Ficción histórica
9444,8756795459,"Journal 64 (Afdeling Q, #4)",Journal 64,2010.0,dan,Misterio
9445,,بضع ساعات في يوم ما,بضع ساعات في يوم ما,2012.0,ara,Desconocido
9446,0007345631,The Single Girl's To-Do List,The Single Girl's To-Do List,2011.0,eng,Romántica
9447,1857232526,"Rama Revealed (Rama, #4)",Rama Revealed: The Ultimate Encounter,1993.0,eng,Ciencia ficción
9448,1936305380,"The Redhead Revealed (Redhead, #2)",The Redhead Revealed,2010.0,eng,Romántica
9449,1595542779,Skin,Skin,2006.0,,Thriller
9450,006156155X,"Clariel (Abhorsen, #4)",Clariel: The Lost Abhorsen,2014.0,eng,Fantasía
9451,006074068X,"Death at La Fenice (Commissario Brunetti, #1)",Death at La Fenice,1992.0,eng,Misterio
9452,0099366614,"The Big Nowhere (L.A. Quartet, #2)",The Big Nowhere,1988.0,eng,Thriller
9453,0143035088,"In This Mountain (Mitford Years, #7)",In This Mountain (Mitford),2002.0,,Ficción
9454,0451216725,Code to Zero,Code to Zero,2000.0,,Thriller
9455,0140437428,The Old Curiosity Shop,The Old Curiosity Shop,1840.0,,Clásicos
9456,0345339258,Dibs in Search of Self,Dibs in Search of Self: Personality Development in Play Therapy,1964.0,eng,Psicología
9457,1595324097,"Fruits Basket, Vol. 14",フルーツバスケット 14,2004.0,eng,Cómic y novela gráfica
9458,0785165630,"Hawkeye, Volume 2: Little Hits","Hawkeye, Volume 2: Little Hits",2013.0,eng,Cómic y novela gráfica
9459,0553345397,Hands Of Light,Hands of Light: A Guide to Healing Through the Human Energy Field,1987.0,,Religión y espiritualidad
9460,0349102627,Too Loud a Solitude,Příliš hlučná samota,1976.0,eng,Ficción
9461,0061119067,A Series of Unfortunate Events Box: The Complete Wreck (Books 1-13),"The Complete Wreck (A Series of Unfortunate Events, Books 1-13)",2006.0,eng,Juvenil
9462,1608196259,"Midnight in Austenland (Austenland, #2)",,2012.0,eng,Romántica
9463,0553293427,Pebble in the Sky (Galactic Empire #3),Pebble in the Sky,1950.0,eng,Ciencia ficción
9464,0373773552,Too Good to Be True,Too Good To Be True,2009.0,eng,Romántica
9465,078510786X,"Ultimate Spider-Man, Volume 1: Power and Responsibility","Ultimate Spider-Man, Volume 1: Power and Responsibility",2001.0,eng,Cómic y novela gráfica
9466,1480207217,"Independence (Significance, #4)",,2012.0,eng,Romántica
9467,,"Night Owl (Night Owl, #1)",,2013.0,eng,Romántica
9468,0425189864,"Mortal Prey (Lucas Davenport, #13)",Mortal Prey,2002.0,eng,Thriller
9469,1572703857,"One, Two, Buckle My Shoe (Hercule Poirot, #22)","One, Two, Buckle My Shoe",1940.0,eng,Misterio
9470,0553499165,"Gemina (The Illuminae Files, #2)",Gemina,2016.0,eng,Ciencia ficción
9471,0060094893,Staying Fat for Sarah Byrnes,Staying Fat for Sarah Byrnes,1993.0,eng,Juvenil
9472,0143039326,Lorna Doone,Lorna Doone: A Romance of Exmoor,1869.0,eng,Clásicos
9473,8408057235,Maktub,Maktub,1994.0,spa,Autoayuda
9474,,"Head Over Heels (Lucky Harbor, #3)","Head Over Heels (Lucky Harbor, #3)",2011.0,eng,Romántica
9475,1595540075,Adam,Adam,2008.0,eng,Thriller
9476,1572703938,"The Clocks (Hercule Poirot, #34)",The Clocks,1963.0,eng,Misterio
9477,006212255X,The One I Left Behind,The one I left behind,2013.0,eng,Thriller
9478,014095144X,Tao of Pooh and Te of Piglet Boxed Set,Tao of Pooh and Te of Piglet Boxed Set,1992.0,eng,Autoayuda
9479,1927925169,Manga Classics: Les Misérables,Manga Classics: Les Misérables,2014.0,eng,Cómic y novela gráfica
9480,0786943408,"The Orc King (Forgotten Realms: Transitions, #1; Legend of Drizzt, #17)",The Orc King,2007.0,eng,Fantasía
9481,0345419383,"The Dolphins of Pern (Pern, #13)",The Dolphins of Pern,1994.0,eng,Ciencia ficción
9482,068483376X,Succulent Wild Woman,Succulent Wild Woman,1997.0,,Autoayuda
9483,1400031001,Any Human Heart,Any Human Heart,2002.0,eng,Ficción
9484,1444736930,"The Abduction (Theodore Boone, #2)",The Abduction,2010.0,eng,Juvenil
9485,,"The Beggar King (The Hangman''s Daughter, #3)","Die Henkerstochter und der König der Bettler (Band 3 aus der Reihe 'Die Henkerstochter-Saga'"")""",2010.0,eng,Ficción histórica
9486,,"Fifty Shades Duo: Fifty Shades Darker / Fifty Shades Freed (Fifty Shades, #2-3)",,2012.0,eng,Romántica
9487,2081246333,La Carte et le territoire,La Carte et le territoire,2010.0,fre,Ficción
9488,0399164448,"Festive in Death (In Death, #39)",Festive in Death,2014.0,eng,Thriller
9489,0689857705,"Rainbow Boys (Rainbow Trilogy, #1)",Rainbow Boys,2001.0,eng,Juvenil
9490,0375840907,"The Penderwicks on Gardam Street (The Penderwicks, #2)",The Penderwicks on Gardam Street,2008.0,,Infantil
9491,006077407X,A Bite to Remember (Argeneau #5),A Bite to Remember,2006.0,eng,Romántica
9492,1250024102,"The Nightmare (Joona Linna, #2)",Paganinikontraktet,2010.0,eng,Thriller
9493,051512608X,The Reef,The Reef,1998.0,eng,Romántica
9494,0451199901,"They Do It with Mirrors (Miss Marple, #6)",They Do it with Mirrors,1952.0,eng,Misterio
9495,1449401163,5 Very Good Reasons to Punch a Dolphin in the Mouth and Other Useful Guides,5 Very Good Reasons to Punch a Dolphin in the Mouth (and Other Useful Guides),2010.0,eng,Cómic y novela gráfica
9496,0307119483,Just a Mess (Little Critter),Just a Mess (Look-Look),1987.0,eng,Infantil
9497,0373250118,See Jane Date,See Jane Date,2001.0,,Romántica
9498,044024160X,"The Gods of War (Emperor, #4)",The Gods of War,2006.0,eng,Ficción histórica
9499,0441014011,Pushing Ice,Pushing Ice,2005.0,,Ciencia ficción
9500,0312656289,"Heaven (Halo, #3)",Heaven,2012.0,eng,Juvenil
9501,0062318470,The Last Time We Say Goodbye,The Last Time We Say Goodbye,2015.0,eng,Juvenil
9502,0679434488,The Secret Art of Dr. Seuss,The Secret Art of Dr. Seuss,1995.0,,Arte
9503,0345436830,"Out of Egypt (Christ the Lord, #1)",Christ the Lord: Out of Egypt,2005.0,eng,Ficción histórica
9504,0356508366,"The Obelisk Gate (The Broken Earth, #2)",The Obelisk Gate,2016.0,eng,Fantasía
9505,1782115080,Reasons to Stay Alive,Reasons To Stay Alive ,2015.0,eng,Memorias
9506,0307272095,The Children's Book,The Children's Book,2009.0,eng,Ficción histórica
9507,1416563105,Tough Customer (Mitchell & Associates #2),,2010.0,eng,Thriller
9508,0515124648,The Shadowy Horses,The Shadowy Horses,1997.0,eng,Misterio
9509,0064408337,"Joey Pigza Swallowed the Key (Joey Pigza, #1)",Joey Pigza Swallowed the Key (Joey Pigza Books),1998.0,eng,Infantil
9510,1427206058,"Among the Mad (Maisie Dobbs, #6)",Among the Mad,2009.0,eng,Misterio
9511,0670020869,Dune Road,,,eng,Ficción
9512,9773990494,شكلها باظت,شكلها باظت,2003.0,ara,Desconocido
9513,0143035363,Olivia Joules and the Overactive Imagination,Olivia Joules And The Overactive Imagination,2003.0,eng,Ficción
9514,1594487871,Unfamiliar Fishes,Unfamiliar Fishes,2011.0,,Historia
9515,0385528086,"Johannes Cabal the Necromancer (Johannes Cabal, #1)",Johannes Cabal the Necromancer,2009.0,eng,Fantasía
9516,0060586370,The Way the Crow Flies,The Way the Crow Flies,2003.0,eng,Ficción
9517,,In the Miso Soup,イン ザ・ミソスープ,1997.0,eng,Thriller
9518,0525951369,"Counterfeit Gods: The Empty Promises of Money, Sex, and Power, and the Only Hope that Matters","Counterfeit Gods: The Empty Promises of Money, Sex, and Power, and the Only Hope That Matters",2009.0,eng,Religión y espiritualidad
9519,0375705198,Amy and Isabelle ,Amy & Isabelle,1998.0,,Ficción
9520,1476706123,Red Sparrow (Red Sparrow Trilogy #1),Red Sparrow,2013.0,eng,Thriller
9521,0747598681,Operation Mincemeat: How a Dead Man and a Bizarre Plan Fooled the Nazis and Assured an Allied Victory,Operation Mincemeat: The True Spy Story That Changed the Course of World War II,2010.0,eng,Historia
9522,0425208133,Beyond Band of Brothers: The War Memoirs of Major Dick Winters,Beyond Band of Brothers: The War Memoirs of Major Dick Winters,2006.0,eng,Memorias
9523,0385538030,Beautiful You,Beautiful You,2014.0,eng,Ficción
9524,0671004239,"The Locket (The Locket, #1)",The Locket,1998.0,eng,Romántica
9525,0812508424,"Shadows Linger (The Chronicles of the Black Company, #2)",Shadows Linger,1984.0,eng,Fantasía
9526,0671877836,"Honor Among Enemies (Honor Harrington, #6)",Honor Among Enemies,1996.0,,Ciencia ficción
9527,0316197084,"Altered (Altered, #1)",Altered,2013.0,eng,Juvenil
9528,0399170871,"Obsession in Death (In Death, #40)",Obsession in Death,2015.0,eng,Thriller
9529,1451617852,EntreLeadership: 20 Years of Practical Business Wisdom from the Trenches,,2011.0,,Negocios
9530,0312939167,"The Quiche of Death (Agatha Raisin, #1)",Agatha Raisin and the Quiche of Death,1992.0,eng,Misterio
9531,0300107897,Crush,Crush,2005.0,eng,Poesía
9532,0140350411,"The Marvelous Land of Oz (Oz, #2)","Marvelous Land of Oz, The",1904.0,eng,Infantil
9533,0802141900,Reservation Blues,Reservation Blues,1995.0,eng,Ficción
9534,0743296885,Become a Better You: 7 Keys to Improving Your Life Every Day,,,,Autoayuda
9535,,"Until Nico (Until, #4)",,2014.0,,Romántica
9536,1598160230,"Fruits Basket, Vol. 15",フルーツバスケット 15,2004.0,eng,Cómic y novela gráfica
9537,0091933684,Plenty,Plenty,2010.0,eng,Cocina
9538,1596060204,Agent to the Stars,Agent to the stars,2004.0,eng,Ciencia ficción
9539,0615651011,"The First Confessor (The Legend of Magda Searus, #1)",The First Confessor,2012.0,eng,Fantasía
9540,9781731464415,In the Penal Colony,In der Strafkolonie,1919.0,eng,Clásicos
9541,0981546269,"The Second Ship (The Rho Agenda, #1)",The Second Ship,2006.0,,Ciencia ficción
9542,0060835273,The Beet Queen,The Beet Queen,1985.0,eng,Ficción
9543,1479372749,"Disastrous (Disastrous, #1)",,2012.0,eng,Romántica
9544,0440993717,The Wave,The Wave,1981.0,eng,Juvenil
9545,0425174409,And Ladies of the Club,"'...And Ladies of the Club'""""",1982.0,eng,Ficción histórica
9546,0061779784,"Secondhand Souls (Grim Reaper, #2)",Secondhand Souls,2015.0,eng,Fantasía
9547,1476763127,"The Cinderella Murder (Under Suspicion, #2)",The Cinderella Murder ,2014.0,eng,Misterio
9548,,"Vicious (Sinners of Saint, #1)",Vicious,2016.0,eng,Romántica
9549,0140445501,Gargantua and Pantagruel,La vie de Gargantua et de Pantagruel,1532.0,eng,Clásicos
9550,140130821X,When Will Jesus Bring the Pork Chops?,When Will Jesus Bring the Pork Chops?,2004.0,eng,No ficción
9551,0545448689,The Marvels,,2015.0,eng,Infantil
9552,1847679447,"The Last Werewolf (The Last Werewolf, #1)",The Last Werewolf,2011.0,eng,Terror
9553,1612629415,"Attack on Titan: No Regrets, Volume 01",進撃の巨人 悔いなき選択 1,2014.0,eng,Cómic y novela gráfica
9554,080507774X,What's the Matter with Kansas? How Conservatives Won the Heart of America,What's the Matter with Kansas? How Conservatives Won the Heart of America,2004.0,eng,Ensayo
9555,,شاب كشك في رحلة البحث عن الجادون,شاب كشك في رحلة البحث عن الجادون,2011.0,ara,Ficción
9556,0446616427,"Kitty Goes to Washington (Kitty Norville, #2)",Kitty Goes to Washington,2006.0,eng,Fantasía
9558,,"Reasonable Doubt: Volume 3 (Reasonable Doubt, #3)",Reasonable Doubt: Volume 3,2014.0,eng,Romántica
9559,0743525876,Riding the Bullet,Riding the Bullet,2000.0,eng,Terror
9560,0441017088,"Relentless (The Lost Fleet, #5)","Relentless (The Lost Fleet, #5)",2009.0,,Ciencia ficción
9561,0688104649,The Nose,Нос,1836.0,eng,Clásicos
9562,0446618756,"Kitty and the Silver Bullet (Kitty Norville, #4)",Kitty and the Silver Bullet,2008.0,eng,Fantasía
9563,0942299795,The Society of the Spectacle,La Société du Spectacle,1967.0,eng,Ensayo
9564,078683661X,"SilverFin (Young Bond, #1)",SilverFin,2005.0,eng,Juvenil
9565,0316261130,Winter Stroll (Winter #2),Winter Stroll,2015.0,,Ficción
9566,1417642165,Attack of the Deranged Mutant Killer Monster Snow Goons,Attack of the Deranged Mutant Killer Monster Snow Goons: A Calvin and Hobbes Collection,1992.0,eng,Cómic y novela gráfica
9567,0374316414,"Crewel (Crewel World, #1)",Crewel,2012.0,eng,Ciencia ficción
9568,0743413075,Helmet for My Pillow,Helmet For My Pillow (Military History (Ibooks)),1957.0,,Memorias
9569,0062498533,The Hate U Give,The Hate U Give,2017.0,eng,Juvenil
9570,,المانيفستو,المانيفستو,2013.0,ara,Ensayo
9571,0345511565,"Dynasty of Evil (Star Wars: Darth Bane, #3)",,2009.0,eng,Ciencia ficción
9572,9781480503748,Love Left Behind,,2012.0,eng,Romántica
9573,0670012254,Keep Holding On,Keep Holding On,2012.0,eng,Juvenil
9574,0571242448,The Private Patient (Adam Dalgliesh #14),The Private Patient,2008.0,eng,Misterio
9575,0671876813,"Flag in Exile (Honor Harrington, #5)",Flag in Exile,1995.0,eng,Ciencia ficción
9576,1584230703,The Medium is the Massage,The medium is the massage,1967.0,eng,Ensayo
9577,0552139130,"The Chronicles of Pern: First Fall (Pern, #12)",The Chronicles of Pern: First Fall,1993.0,eng,Ciencia ficción
9579,037570387X,The Autograph Man,The Autograph Man,2002.0,eng,Ficción
9580,1682309819,Egomaniac,,2017.0,,Romántica
9581,0441015670,"Courageous (The Lost Fleet, #3)","Courageous (Lost Fleet Series, #3)",2006.0,,Ciencia ficción
9582,0804188246,Ruby,Ruby,2014.0,,Ficción
9583,0373210272,"My Soul to Steal (Soul Screamers, #4)",My Soul to Steal,2010.0,eng,Fantasía
9584,0060531258,"On the Way to the Wedding (Bridgertons, #8)",On the Way to Wedding,2006.0,eng,Romántica
9585,0805078983,"Messenger of Truth (Maisie Dobbs, #4)",Messenger of Truth,2006.0,,Misterio
9586,184149593X,"The Rogue (Traitor Spy Trilogy, #2)",The Rogue,2011.0,eng,Fantasía
9587,0156010860,The Seven Storey Mountain,The Seven Storey Mountain,1948.0,eng,Memorias
9588,1400043921,The Keep,The Keep,2006.0,eng,Ficción
9589,1553379594,Scaredy Squirrel (Scaredy Squirrel),Scaredy Squirrel,2006.0,eng,Infantil
9590,0312351747,Apathy and Other Small Victories,Apathy and Other Small Victories,2006.0,,Ficción
9591,1101623209,"Gathering Darkness (Falling Kingdoms, #3)",Gathering Darkness,2014.0,eng,Fantasía
9592,0553589458,The Survivors Club,The Survivors Club,2002.0,eng,Thriller
9593,0425220168,Mine to Possess (Psy-Changeling #4),,2008.0,eng,Romántica
9594,0061689378,Don't Breathe a Word,,2011.0,eng,Thriller
9595,1101965509,The Force Awakens (Star Wars),Star Wars: The Force Awakens,2015.0,eng,Ciencia ficción
9596,0061767638,"Sugar and Spice (L.A. Candy, #3)",Sugar and Spice (L.A. Candy #3),2010.0,eng,Juvenil
9597,0451464095,"Grave Dance (Alex Craft, #2)",Grave Dance,2011.0,eng,Fantasía
9642,0141183721,Keep the Aspidistra Flying,Keep the Aspidistra Flying,1936.0,eng,Clásicos
9598,0759530483,"Soul Eater, Vol. 02 (Soul Eater, #2)", ソウルイーター 2,2004.0,eng,Cómic y novela gráfica
9599,0435122118,Z for Zachariah,Z for Zachariah,1974.0,eng,Ciencia ficción
9600,0345476026,Await Your Reply,Await Your Reply,2009.0,eng,Thriller
9601,1563893150,Superman: Whatever Happened to the Man of Tomorrow?,Superman: Whatever Happened to the Man of Tomorrow?,1985.0,eng,Cómic y novela gráfica
9602,0380721643,"Track of the Cat (Anna Pigeon, #1)",Track of the Cat,1993.0,eng,Misterio
9603,0758220367,"The Mane Event (Pride, #1)",The Mane Event,2007.0,eng,Romántica
9604,038553292X,"Lawrence in Arabia: War, Deceit, Imperial Folly, and the Making of the Modern Middle East",Lawrence in Arabia,2013.0,eng,Historia
9605,159308076X,Essays and Poems,Essays and Poems,1856.0,,Ensayo
9606,0060751584,Innocent Erendira and Other Stories,La increíble y triste historia de la cándida Eréndira y de su abuela desalmada,1972.0,,Ficción
9607,1841493341,"Singularity Sky (Eschaton, #1)",Singularity Sky,2003.0,eng,Ciencia ficción
9608,0871297485,Henry & Ramona,Henry & Ramona,1997.0,,Infantil
9609,0812508440,"The White Rose (The Chronicles of the Black Company, #3)",The White Rose,1985.0,eng,Fantasía
9610,,"'حكايات فرغلي المستكاوي '""حكايتى مع كفر السحلاوية""","'حكايات فرغلي المستكاوي '""حكايتى مع كفر السحلاوية""",2013.0,ara,Ficción
9611,0545654742,"All Fall Down (Embassy Row, #1)",All Fall Down,2015.0,eng,Juvenil
9612,0679783180,The Charterhouse of Parma,La Chartreuse de Parme,1839.0,eng,Clásicos
9613,0778316335,Little Mercies,Little Mercies,2014.0,eng,Thriller
9614,0345478991,"The Faithful Spy (John Wells, #1)",The Faithful Spy,2006.0,eng,Thriller
9615,0395861624,Snowflake Bentley,Snowflake Bentley (Caldecott Medal Book),1998.0,eng,Infantil
9616,1416520406,The Book of Luke,The Book of Luke,2007.0,eng,Juvenil
9617,0842387439,"Fame (Firstborn, #1)",Fame,2005.0,eng,Ficción
9618,1420103733,"Dragon Actually (Dragon Kin, #1)",To Challenge a Dragon,2004.0,eng,Romántica
9619,,"Bad Romeo (Starcrossed, #1)",Bad Romeo,2014.0,eng,Romántica
9620,0374518173,The Complete Poems 1927-1979,,1980.0,eng,Poesía
9621,0743299841,Day After Night,Day After Night,2009.0,eng,Ficción histórica
9622,0345483898,"Jarka Ruus (High Druid of Shannara, #1)","High Druid of Shannara, vol. 1: Jarka Ruus",2003.0,eng,Fantasía
9623,0743297318,"Look Homeward, Angel","Look Homeward, Angel",1929.0,eng,Clásicos
9624,0865475873,Cradle to Cradle: Remaking the Way We Make Things,Cradle to Cradle: Remaking the Way We Make Things,2002.0,eng,Ensayo
9625,0449004023,"Healthy Sleep Habits, Happy Child","Healthy Sleep Habits, Happy Child",1987.0,eng,Autoayuda
9626,1563896273,"Transmetropolitan, Vol. 4: The New Scum (Transmetropolitan, #4)",Transmetropolitan Vol. 4: The New Scum,2000.0,eng,Cómic y novela gráfica
9627,0547330790,The Hand That First Held Mine,The Hand That First Held Mine,2009.0,eng,Ficción
9628,0061092037,The Fourth Estate,The Fourth Estate,1996.0,eng,Ficción
9629,034542705X,The Man Who Listens to Horses,The Man Who Listens to Horses,1997.0,eng,Memorias
9630,0316010766,Oblivion,Oblivion,2004.0,eng,Ficción
9631,9780099682417,"Holy Blood, Holy Grail",The Holy Blood and the Holy Grail,1982.0,eng,No ficción
9632,1416546022,Falling Man,Falling Man,2007.0,eng,Ficción
9633,0062332589,"The Calling (Endgame, #1)",Endgame: The Calling,2014.0,eng,Juvenil
9634,0062237381,"Annabel (Delirium, #0.5)",Annabel,2012.0,,Juvenil
9635,0345505697,"Mystery (Alex Delaware, #26)",Mystery,2011.0,eng,Misterio
9636,0689867468,"The Sea of Trolls (Sea of Trolls, #1)", The Sea of Trolls,2004.0,eng,Juvenil
9637,0307271862,The Man from Beijing,Kinesen,2008.0,eng,Thriller
9638,0316234559,"Day 21 (The 100, #2)",Day 21,2014.0,eng,Juvenil
9639,0345485602,Daisy Fay and the Miracle Man ,Daisy Fay and the Miracle Man,1981.0,eng,Ficción
9640,0399157301,"Against All Enemies (Max Moore, #1)",Against All Enemies,2011.0,eng,Thriller
9641,0571313248,The Girl in the Red Coat,The Girl in the Red Coat,2015.0,eng,Thriller
9643,0765326582,"The Gate Thief (Mither Mages, #2)",The Gate Thief,2013.0,eng,Fantasía
9644,,"My Lady Jane (The Lady Janies, #1)",My Lady Jane,2016.0,eng,Juvenil
9645,0679735720,Time's Arrow,Time’s Arrow,1991.0,eng,Ficción
9646,,"Blood Defense (Samantha Brinkman, #1)",,2016.0,eng,Thriller
9647,0141300515,I Am the Cheese,I Am the Cheese,1977.0,eng,Juvenil
9648,038533379X,Soul on Ice,Soul On Ice,1968.0,eng,Memorias
9649,0140435719,Ethics,Ethica: Ordine geometrico demonstrata,1677.0,,Ensayo
9650,0385475772,Nine Parts of Desire: The Hidden World of Islamic Women,Nine Parts of Desire: The Hidden World of Islamic Women,1994.0,,No ficción
9651,1455531189,You'll Grow Out of It,You'll Grow Out of It,2016.0,eng,Memorias
9652,0988573229,"Truce (Neighbor from Hell, #4)",Truce,2013.0,eng,Romántica
9653,0812511751,"The Elvenbane (Halfblood Chronicles, #1)","The Elvenbane (Halfblood Chronicles, #1)",1991.0,eng,Fantasía
9654,0316044733,"The Midnight Palace (Niebla, #2)",El palacio de la medianoche,1998.0,,Misterio
9655,0671704656,"Treasure (Dirk Pitt, #9)",Treasure,1988.0,eng,Aventura
9656,0061229776,"Vampire, Interrupted (Argeneau #9)","Vampire, Interrupted",2008.0,eng,Romántica
9657,0399154213,"Invisible Prey (Lucas Davenport, #17)",Invisible Prey,2007.0,eng,Thriller
9658,0575077166,"The Prefect (Prefect Dreyfus Emergency, #1)",The Prefect,2007.0,eng,Ciencia ficción
9659,1405915293,Daughter,Daughter,2014.0,eng,Thriller
9660,1401203507,"DC: The New Frontier, Volume 1","DC: The New Frontier, Volume 1",2004.0,eng,Cómic y novela gráfica
9661,0064401499,"Hello, Mrs. Piggle-Wiggle (Mrs. Piggle Wiggle, #4)","Hello, Mrs. Piggle-Wiggle",1955.0,eng,Infantil
9662,143914799X,"Web of Lies (Elemental Assassin, #2)",Web of Lies,2010.0,eng,Fantasía
9663,0007201095,Ya Yas in Bloom,Ya-Yas in Bloom,2005.0,,Ficción
9664,0316358320,"The Secret of the Unicorn (Tintin, #11)",Le secret de la Licorne,1943.0,eng,Cómic y novela gráfica
9665,0763612316,"Judy Moody (Judy Moody, # 1)",Judy Moody,2000.0,eng,Infantil
9666,0385347375,Dataclysm: Who We Are (When We Think No One's Looking),Dataclysm: Who We Are (When We Think No One's Looking),2014.0,eng,No ficción
9667,0394719859,The Gay Science,Die fröhliche Wissenschaft,1882.0,eng,Ensayo
9668,0316043966,"The Broken Kingdoms (Inheritance, #2)",The Broken Kingdoms,2010.0,eng,Fantasía
9669,031624290X,"The Three (The Three, #1)",The Three,2014.0,eng,Terror
9670,0345479173,Trump: The Art of the Deal,Trump: The Art of the Deal,1987.0,eng,Negocios
9671,0749744812,"First Term at Malory Towers (Malory Towers, #1)",First Term at Malory Towers,1946.0,eng,Infantil
9672,0439858046,"The Night Is for Hunting (Tomorrow, #6)",The Night is for Hunting,1998.0,eng,Juvenil
9673,1591826055,"Fruits Basket, Vol. 3",フルーツバスケット 3,1999.0,eng,Cómic y novela gráfica
9674,9780008150914,After Anna,After Anna,2015.0,eng,Thriller
9675,0553580337,House Corrino (Prelude to Dune #3),Dune: House Corrino,2001.0,eng,Ciencia ficción
9676,0399156240,"Fantasy in Death (In Death, #30)",Fantasy In Death,2010.0,eng,Thriller
9677,0446580309,"The Devil You Know (Felix Castor, #1)",The Devil You Know,2006.0,eng,Fantasía
9678,1622668995,"Tempting the Player (Gamble Brothers, #2)",Tempting the Player,2012.0,,Romántica
9679,0140441638,The Upanishads: Translations from the Sanskrit,उपनिषद [Upaniṣad],-500.0,eng,Religión y espiritualidad
9680,0804140847,"Thrive: The Third Metric to Redefining Success and Creating a Life of Well-Being, Wisdom, and Wonder","Thrive: The Third Metric to Redefining Success and Creating a Life of Well-Being, Wisdom, and Wonder",2014.0,eng,Autoayuda
9681,1462003923,"Crow''s Row (Crow''s Row, #1)",,2011.0,eng,Romántica
9682,1416935711,"H.I.V.E. Higher Institute of Villainous Education (H.I.V.E., #1)",H.I.V.E.: Higher Institute of Villainous Education,2006.0,eng,Juvenil
9683,,صانع الظلام,صانع الظلام,2012.0,ara,Desconocido
9684,0399156046,The Law of Nines,The Law of Nines,2009.0,eng,Fantasía
9685,9780747537762,Cape Fear,The Executioners,1958.0,,Thriller
9686,0340796154,"Five Go Adventuring Again (Famous Five, #2)",Five Go Adventuring Again,1943.0,eng,Infantil
9687,0330519476,"Forsaken (The Demon Trappers, #1)",The Demon Trapper's Daughter,2011.0,eng,Fantasía
9688,1590304497,The Places That Scare You: A Guide to Fearlessness in Difficult Times,The Places That Scare You: A Guide to Fearlessness in Difficult Times,2001.0,,Religión y espiritualidad
9689,0375701230,A Death in the Family,A Death in the Family,1957.0,eng,Ficción
9690,3822859834,Frida Kahlo: 1907-1954 Pain and Passion,Frida Kahlo 1907-1954: Pain and Passion ,2001.0,,Biografía
9691,0385482388,The Mistress of Spices,The Mistress of Spices,1997.0,,Ficción
9692,0451232682,"Falling Under (Falling Under, #1)",Falling Under,2011.0,eng,Juvenil
9694,0451225090,"The House on Tradd Street (Tradd Street, #1)",The House On Tradd Street,2008.0,eng,Misterio
9695,1421515881,"Wild Ones, Vol. 1 (Wild Ones, #1)",アラクレ 1,2005.0,eng,Cómic y novela gráfica
9696,0316196487,"Perfect Shadow (Night Angel, #0.5)",Perfect Shadow,2011.0,eng,Fantasía
9697,,"The Finding (Law of the Lycans, #5)",The Finding,2011.0,eng,Fantasía
9698,0007158513,I Can Read With My Eyes Shut!,I Can Read with My Eyes Shut!,1978.0,eng,Infantil
9699,0553286285,Nemesis,Nemesis,1989.0,eng,Ciencia ficción
9700,1422188612,"The First 90 Days, Updated and Expanded: Critical Success Strategies for New Leaders at All Levels",The First 90 Days: Critical Success Strategies for New Leaders at All Levels,2003.0,eng,Negocios
9701,1484724984,Lost Stars (Star Wars: Journey to the Force Awakens),Star Wars: Lost Stars,2015.0,eng,Ciencia ficción
9702,0618250743,"Carry On, Mr. Bowditch","Carry On, Mr. Bowditch",1955.0,eng,Ficción histórica
9703,,"Hard Limit (Hacker, #4)",Hard Limit,2014.0,,Romántica
9704,0316115002,"The Pretty Committee Strikes Back (The Clique, #5)","The Pretty Committee Strikes Back (The Clique, #5)",2006.0,,Juvenil
9705,,The Lake (The Lake Trilogy #1),,2013.0,eng,Romántica
9706,,"Jake Undone (Jake, #1)",,2013.0,eng,Romántica
9707,0571198775,Wit,Wit : A Play,1995.0,eng,Ficción
9708,0316115045,"Dial L for Loser (The Clique, #6)","Dial L for Loser (The Clique, #6)",2006.0,,Juvenil
9709,1451668201,The Hunger Pains: A Parody,,2012.0,eng,Ficción
9710,0333761189,"The Rats (Rats, #1)",The Rats,1974.0,eng,Terror
9711,0451458265,"The Wandering Fire (The Fionavar Tapestry, #2)",The Wandering Fire,1986.0,eng,Fantasía
9712,0425270696,"Magic Binds (Kate Daniels, #9)",Magic Binds,2016.0,eng,Fantasía
9713,,"The Wild Ones (The Wild Ones, #1)",The Wild Ones,2012.0,eng,Romántica
9714,0553344862,The River Why,The River Why,1983.0,,Ficción
9715,1400096685,Incendiary,Incendiary,2005.0,eng,Ficción
9716,0425182134,Hammer of the Gods,Hammer of the Gods,1985.0,eng,Música
9717,0330411985,Winter in Madrid,Winter in Madrid,2006.0,eng,Ficción histórica
9718,0449014398,"Happier at Home: Kiss More, Jump More, Abandon a Project, Read Samuel Johnson, and My Other Experiments in the Practice of Everyday Life","Happier at Home: Kiss More, Jump More, Abandon a Project, Read Samuel Johnson, and My Other Experiments in the Practice of Everyday Life",2012.0,eng,Autoayuda
9719,0340895934,Silver Bay,Silver Bay,2007.0,eng,Romántica
9720,1590170571,The Invention of Morel,La invención de Morel,1940.0,eng,Ciencia ficción
9721,0142002801,The Fall of Berlin 1945,Berlin: The Downfall 1945,1998.0,eng,Historia
9722,034541800X,The Water-Method Man,The Water-Method Man,1972.0,,Ficción
9723,0765312824,"A War of Gifts (Ender''s Saga, #1.1)","A War of Gifts (The Ender Quintet, #1.5)",2007.0,eng,Ciencia ficción
9724,0439998190,"Captain Underpants and the Perilous Plot of Professor Poopypants (Captain Underpants, #4)",Captain Underpants and the Perilous Plot of Professor Poopypants (Captain Underpants),2000.0,eng,Infantil
9725,,"UnDivided (Unwind, #4)",UnDivided,2014.0,eng,Juvenil
9726,1555976719,The Empathy Exams: Essays,The Empathy Exams: Essays,2014.0,eng,Ensayo
9727,006053284X,"Heretic (The Grail Quest, #3)",Heretic,2003.0,,Ficción histórica
9728,042528011X,"Bay of Sighs (The Guardians Trilogy, #2)",Bay of Sighs,2016.0,eng,Romántica
9729,1937248097,"The Duchess War (Brothers Sinister, #1)",The Duchess War,2012.0,eng,Romántica
9730,1421512025,"Millennium Snow, Vol. 1","千年の雪, 1",2001.0,eng,Cómic y novela gráfica
9731,0446695661,Double Whammy,Double Whammy,1987.0,eng,Misterio
9732,0517548233,Economics in One Lesson: The Shortest & Surest Way to Understand Basic Economics,Economics in One Lesson,1946.0,,Negocios
9733,1849013764,"Darker After Midnight (Midnight Breed, #10)",Darker After Midnight,2012.0,eng,Romántica
9734,0340911719,"Mad Dogs (Cherub, #8)",Mad Dogs,2007.0,eng,Juvenil
9735,,"Lines of Departure (Frontlines, #2)",Lines of Departure,2014.0,eng,Ciencia ficción
9736,0062413716,Be Frank With Me,Be Frank With Me,2016.0,eng,Ficción
9737,0451452313,Better than Life (Red Dwarf #2),Better Than Life,1990.0,eng,Ciencia ficción
9738,1250083214,"Dirty (Dive Bar, #1)",Dirty,2016.0,eng,Romántica
9739,0765354705,Halo: Ghosts of Onyx,Ghosts of Onyx,2006.0,eng,Ciencia ficción
9740,0955944686,"Percy Jackson and the Sword of Hades (Percy Jackson and the Olympians, #4.5)",Percy Jackson and the Sword of Hades,2009.0,,Juvenil
9741,1607063298,"The Walking Dead, Vol. 13: Too Far Gone","The Walking Dead, Vol. 13: Too Far Gone",2010.0,,Cómic y novela gráfica
9742,0689855443,"Mates, Dates, and Inflatable Bras (Mates, Dates, #1)","Mates, Dates, and Inflatable Bras",2001.0,eng,Juvenil
9743,0767904427,Going After Cacciato,Going After Cacciato,1978.0,eng,Ficción
9744,0064404781,"Little House on Rocky Ridge (Little House: The Rocky Ridge Years, #1)",Little House on Rocky Ridge,1993.0,eng,Infantil
9745,1612187145,"Not Quite Dating (Not Quite, #1)",Not Quite Dating,2012.0,eng,Romántica
9746,0394823958,In a People House,In a People House,1972.0,eng,Infantil
9747,0749928999,"Kindred in Death (In Death, #29)",Kindred in Death ,2009.0,eng,Thriller
9748,0330369032,Lucky You,Lucky You,1991.0,eng,Misterio
9749,0765312921,Hunters of Dune (Dune Chronicles #7),Hunters of Dune,2006.0,eng,Ciencia ficción
9750,0374280606,"Deep Down Dark: The Untold Stories of 33 Men Buried in a Chilean Mine, and the Miracle That Set Them Free","Deep Down Dark: The Untold Stories of 33 Men Buried in a Chilean Mine, and the Miracle That Set Them Free",2014.0,eng,No ficción
9751,0891072926,How Should We Then Live? The Rise and Decline of Western Thought and Culture,How Should We Then Live? The Rise and Decline of Western Thought and Culture,1975.0,,Ensayo
9752,0525423052,Belzhar,,2014.0,,Juvenil
9753,0439598443,The Story of Ruby Bridges,The Story of Ruby Bridges,1995.0,eng,Infantil
9754,0679725318,Invitation to a Beheading,Приглашение на казнь,1936.0,eng,Clásicos
9755,1500607533,"Debt Inheritance (Indebted, #1)",Debt Inheritance,2014.0,eng,Romántica
9756,0062198890,The Midwife of Hope River,The Midwife of Hope River ,2012.0,eng,Ficción histórica
9757,0399234160,"Stand Tall, Molly Lou Melon","Stand Tall, Molly Lou Melon",1994.0,eng,Infantil
9758,0586057242,The Complete Robot (Robot #0.3),The Complete Robot,1982.0,eng,Ciencia ficción
9759,0393329402,Another Bullshit Night in Suck City,Another Bullshit Night in Suck City: A Memoir,2004.0,eng,Memorias
9760,0764223305,"The Covenant (Abram''s Daughters, #1)",The Covenant,2002.0,,Ficción histórica
9761,0141185856,How Green Was My Valley,How Green Was My Valley,1939.0,eng,Clásicos
9762,0446677469,Rich Dad's Guide to Investing: What the Rich Invest in That the Poor and Middle Class Do Not!,"Rich Dad''s Guide to Investing: What the Rich Invest in, That the Poor and the Middle Class Do Not!",2000.0,,Negocios
9763,0312555113,The Chosen One,The Chosen One,2009.0,eng,Juvenil
9764,0553283936,The Negotiator,The Negotiator,1989.0,eng,Thriller
9765,0743226755,"The Power of Full Engagement: Managing Energy, Not Time, Is the Key to High Performance and Personal Renewal","The Power of Full Engagement: Managing Energy, Not Time, Is the Key to High Performance and Personal Renewal",2003.0,eng,Autoayuda
9766,0375758119,The Decline and Fall of the Roman Empire,The History of the Decline and Fall of the Roman Empire,1776.0,eng,Historia
9767,0140504419,Ox-Cart Man (Picture Puffin),Ox-Cart Man,1979.0,eng,Infantil
9768,0446676977,"Wild Seed (Patternmaster, #1)","Wild Seed (Patternmaster, #1)",1980.0,eng,Ciencia ficción
9769,144244228X,The Summer I Turned Pretty Trilogy: The Summer I Turned Pretty; It's Not Summer Without You; We'll Always Have Summer,The summer I turned pretty,2009.0,eng,Juvenil
9770,,مخطوطة بن إسحاق: مدينة الموتى,مخطوطة بن إسحاق: مدينة الموتى,2009.0,ara,Misterio
9771,1250034582,Those Girls,,2015.0,,Thriller
9772,0345472454,The Amateur Marriage,The Amateur Marriage,2004.0,,Ficción
9773,0060776005,"The Voyages of Doctor Dolittle (Doctor Dolittle, #2)",The Voyages of Doctor Dolittle,1922.0,,Infantil
9774,0007325983,"Mortal Coil (Skulduggery Pleasant, #5)",Mortal Coil,2010.0,eng,Juvenil
9775,1401226965,"Sweet Tooth, Volume 1: Out of the Deep Woods","Sweet Tooth, Volume 1: Out of the Deep Woods",2010.0,eng,Cómic y novela gráfica
9776,1250045649,"Seventh Grave and No Body (Charley Davidson, #7)",,2014.0,eng,Fantasía
9777,9780358211587,Half Way Home,,2010.0,eng,Ciencia ficción
9778,1406800163,Captain Blood,Captain Blood: His Odyssey,1922.0,eng,Aventura
9779,0785122583,Iron Man: Extremis,Iron Man: Extremis,2004.0,eng,Cómic y novela gráfica
9780,0575081562,Necronomicon: The Best Weird Tales,The Necronomicon,1930.0,eng,Terror
9781,142781404X,Maid-sama! Vol. 02 (Maid-sama! #2),会長はメイド様! 2,2007.0,eng,Cómic y novela gráfica
9782,,"The Remaining (The Remaining, #1)",,2012.0,eng,Terror
9783,1401242340,"Batman, Volume 3: Death of the Family","Batman, Volume 3: Death of the Family",2013.0,eng,Cómic y novela gráfica
9784,0871401541,Selected Poems,Selected Poems,1994.0,eng,Poesía
9785,2081208164,La Mécanique du cœur,La Mécanique du cœur,2007.0,fre,Ficción
9786,0778313468,The Good Father,The Good Father,2012.0,eng,Ficción
9787,1476738963,We Are Called to Rise,We Are Called to Rise,2014.0,eng,Ficción
9788,0525427651,Hope: A Memoir of Survival in Cleveland,Hope,2015.0,eng,Memorias
9789,0553277405,"Night Probe! (Dirk Pitt, #6)",Night Probe!,1981.0,eng,Aventura
9790,0553379011,The Story of B: An Adventure of the Mind and Spirit,The Story of B: An Adventure of the Mind and Spirit,1996.0,eng,Ficción
9791,1501105434,A Window Opens,A Window Opens,2015.0,eng,Ficción
9792,0385539584,The Knockoff,,2015.0,,Ficción
9793,0393321983,Strangers on a Train,Strangers on a Train,1950.0,eng,Thriller
9794,0007154615,Unless,Unless,2002.0,eng,Ficción
9795,0778324109,"Silent in the Grave (Lady Julia Grey, #1)",Silent in the Grave,2006.0,eng,Misterio
9796,0064440508,"A Kiss for Little Bear (An I Can Read Book) by Minarik, Else Holmelund [1984]",A Kiss for Little Bear,1968.0,,Infantil
9797,0399160477,"Command Authority (Jack Ryan Universe, #16)",Command Authority,2013.0,eng,Thriller
9798,1591164435,"Bleach, Volume 03",BLEACH―ブリーチ―　3,2002.0,eng,Cómic y novela gráfica
9799,,"The Space Between (Outlander, #7.5)",,2013.0,eng,Ficción histórica
9800,0735814864,Cinderella,Cinderella,1812.0,eng,Infantil
9801,9788497599764,Zoya,Zoya,1988.0,,Romántica
9802,0307977935,Rump: The True Story of Rumpelstiltskin,,2013.0,eng,Infantil
9803,0394865707,The Berenstain Bears and Too Much TV,The Berenstain Bears and Too Much TV,1984.0,eng,Infantil
9804,0230711251,"Heartstone (Matthew Shardlake, #5)",Heartstone,2010.0,eng,Ficción histórica
9805,0671027581,Open Season,Open Season,2001.0,eng,Romántica
9806,1421534541,"One Piece, Volume 38: Rocketman!! (One Piece, #38)",ONE PIECE 38,2005.0,,Cómic y novela gráfica
9807,1518783872,"Corrupt (Devil''s Night, #1)",,2015.0,eng,Romántica
9808,140130138X,The Center Cannot Hold: My Journey Through Madness,The Center Cannot Hold,2007.0,eng,Memorias
9809,1607749726,Spark Joy: An Illustrated Master Class on the Art of Organizing and Tidying Up,,2016.0,eng,Autoayuda
9810,0399153942,The Afghan,The Afghan,2006.0,eng,Thriller
9811,0062101315,"The Bite Before Christmas (Argeneau, #15.5; Night Huntress, #6.5)",The Bite Before Christmas,2011.0,eng,Romántica
9812,0099465647,Frederica,Frederica,1965.0,eng,Romántica
9813,1571316515,Perfect,Perfect,2004.0,eng,Juvenil
9814,055329802X,"Champions of the Force (Star Wars: The Jedi Academy Trilogy, #3)","Star Wars: The Jedi Academy Trilogy, Volume III - Champions of the Force",1994.0,eng,Ciencia ficción
9815,0307460444,Martha Stewart's Cupcakes: 175 Inspired Ideas for Everyone's Favorite Treat,Martha Stewart's Cupcakes: 175 Inspired Ideas for Everyone's Favorite Treats,2009.0,,Cocina
9816,9781535036573,Neighbor Dearest,,2016.0,,Romántica
9817,0061229695,Vampires are Forever (Argeneau #8),Vampires are Forever,2008.0,eng,Romántica
9818,0717283534,The Lion King (Disney's Wonderful World of Reading),,1994.0,eng,Infantil
9819,1402179626,Two Years Before the Mast: A Sailor's Life at Sea,Two Years Before the Mast,1840.0,eng,Clásicos
9820,0312380755,"Think Twice (Rosato & Associates, #11)",Think Twice,2010.0,eng,Thriller
9821,0974461229,The Art of Amy Brown,The Art of Amy Brown,2003.0,,Arte
9822,0744592704,Owl Babies,Owl Babies,1975.0,eng,Infantil
9823,0544303164,The Turner House,The Turner House,2015.0,eng,Ficción
9824,1414310552,Danger in the Shadows (O'Malley #0.5),Danger in the Shadows,1999.0,eng,Thriller
9825,9781493752652,Trouble,Trouble,2013.0,eng,Romántica
9826,0875420281,Animal-Speak: The Spiritual & Magical Powers of Creatures Great & Small,Animal Speak: The Spiritual & Magical Powers of Creatures Great & Small,1996.0,eng,Religión y espiritualidad
9827,0778326438,"Summer on Blossom Street (Blossom Street, #6)",Summer On Blossom Street (Blossom Street #6),2009.0,eng,Romántica
9828,0307265781,Whitethorn Woods,Whitethorn Woods,2006.0,eng,Ficción
9829,,طه الغريب,"رواية ' طه الغريب '""""",2010.0,ara,Ficción
9830,0802142109,Broken for You,Broken for You,2004.0,eng,Ficción
9831,1401324541,White Girl Problems,,2012.0,eng,Ficción
9832,0440236169,"Birdman (Jack Caffery, #1)",Birdman,1999.0,,Thriller
9833,0525952241,Turn Right at Machu Picchu: Rediscovering the Lost City One Step at a Time,,2011.0,eng,Viajes
9834,0060931809,The Map That Changed the World,The Map That Changed the World: William Smith and the Birth of Modern Geology,2001.0,eng,Historia
9835,0553582798,"Lake in the Clouds (Wilderness, #3)",Lake in the Clouds,2002.0,eng,Ficción histórica
9836,,"Tyrant (King, #2)",,2015.0,eng,Romántica
9837,0525426035,Grasshopper Jungle,Grasshopper Jungle,2014.0,eng,Juvenil
9838,0060827874,"The Chronicles of Narnia - The Lion, the Witch, and the Wardrobe Official Illustrated Movie Companion","The Chronicles of Narnia - The Lion, the Witch, and the Wardrobe Official Illustrated Movie Companion",2005.0,eng,No ficción
9839,041330860X,Antigone,Antigone,1944.0,,Clásicos
9840,9781511359405,Crooked Little Lies,,2015.0,,Thriller
9841,0380815923,Blackberry Wine,Blackberry Wine,1999.0,eng,Ficción
9842,1250058902,Humans of New York: Stories,Humans of New York: Stories,2015.0,eng,No ficción
9843,0439858054,"The Other Side of Dawn (Tomorrow, #7)",The Other Side of Dawn,1999.0,,Juvenil
9844,,"Life Before Legend: Stories of the Criminal and the Prodigy (Legend, #0.5)",Life Before Legend,2012.0,eng,Juvenil
9845,0345533232,"Never Seduce a Scot (The Montgomerys and Armstrongs, #1)",Never Seduce a Scot,2012.0,eng,Romántica
9846,0006640613,The Tiger Who Came to Tea,The Tiger Who Came to Tea,1968.0,,Infantil
9847,0307720659,"Without You, There Is No Us: My Time with the Sons of North Korea''s Elite","Without You, There Is No Us: My Time with the Sons of North Korea''s Elite",2014.0,,Memorias
9848,0671578855,"A Civil Campaign (Vorkosigan Saga, #12)",A Civil Campaign,1999.0,eng,Ciencia ficción
9849,0385327900,"The Wolves of Willoughby Chase (The Wolves Chronicles, #1)",The Wolves of Willoughby Chase ,1962.0,,Juvenil
9850,,The Egg,The Egg,2009.0,eng,Ciencia ficción
9851,1421513242,"Vampire Knight, Vol. 3 (Vampire Knight, #3)",ヴァンパイア騎士 3 ,2006.0,eng,Cómic y novela gráfica
9852,0752858653,The Scarlatti Inheritance,The Scarlatti Inheritance,1971.0,,Thriller
9853,1596430699,Bad Kitty,Bad Kitty,2005.0,eng,Infantil
9854,0743225740,The Last Days of Dogtown,The Last Days of Dogtown,2005.0,,Ficción histórica
9855,0060874198,A Kiss in Time,A Kiss in Time,2008.0,eng,Juvenil
9856,0679824243,"Mummies in the Morning (Magic Tree House, #3)",,2013.0,eng,Infantil
9857,1573225053,Desolation Angels,Desolation Angels,1958.0,eng,Ficción
9858,9649007903,هشت کتاب,هشت کتاب: مرگِ رنگ. زندگیِ خواب‌ه. آوارِ آفتاب. شرقِ اندوه. صدای پای آب. مسافر. حجمِ سبز. ما هیچ، ما نگاه,1977.0,per,Poesía
9859,1516865871,"Beacon 23: The Complete Novel (Beacon 23, #1-5)",Beacon 23: The Complete Novel,2015.0,eng,Ciencia ficción
9860,0752837214,The Last Picture Show,The Last Picture Show,1966.0,eng,Ficción
9861,0142408654,A Countess Below Stairs,A Countess Below Stairs,1981.0,eng,Romántica
9862,0307397874,Nocturnes: Five Stories of Music and Nightfall,Nocturnes: Five Stories of Music and Nightfall,2009.0,eng,Ficción
9863,1857984986,"The Stainless Steel Rat (Stainless Steel Rat, #4)",The Stainless Steel Rat,1961.0,eng,Ciencia ficción
9864,0140297995,Austerlitz,Austerlitz,2001.0,eng,Ficción
9865,1401918743,"Money, and the Law of Attraction: Learning to Attract Wealth, Health, and Happiness","Money, and the Law of Attraction: Learning to Attract Wealth, Health, and Happiness",2006.0,,Autoayuda
9866,0312933525,A Twist in the Tale,A Twist in the Tale,1988.0,eng,Ficción
9867,0689821816,Copper Sun,Copper Sun,2006.0,eng,Juvenil
9868,0517086034,"The Rowan (The Tower and the Hive, #1)",,1990.0,eng,Ciencia ficción
9869,,"Then Came You (The Gamblers, #1)",Then Came You,1993.0,eng,Romántica
9870,0060892056,"Dark River (Warriors: Power of Three, #2)",,2007.0,,Juvenil
9871,0380712040,"Black Cherry Blues (Dave Robicheaux, #3)",Black Cherry Blues,1989.0,eng,Misterio
9872,9780544634244,The Versions of Us,The Versions of Us,2015.0,eng,Ficción
9873,0545208874,"The Last Council (Amulet, #4)",,2011.0,eng,Cómic y novela gráfica
9874,0060959681,Dancing Wu Li Masters: An Overview of the New Physics (Perennial Classics),The Dancing Wu Li Masters: An Overview of the New Physics,1979.0,eng,Ciencia
9875,0425200280,The Next Big Thing,The Next Big Thing,2005.0,,Ficción
9876,0670076082,"Froi of the Exiles (Lumatere Chronicles, #2)",Froi of the Exiles,2011.0,eng,Fantasía
9877,,"Trumps of Doom (The Chronicles of Amber, #6)",Trumps of Doom,1985.0,eng,Fantasía
9878,0062183591,The Honest Truth About Dishonesty: How We Lie to Everyone - Especially Ourselves,The Honest Truth About Dishonesty: How We Lie to Everyone - Especially Ourselves,2012.0,eng,Psicología
9879,039915731X,"Locked On (Jack Ryan Universe, #14)",Locked On,2011.0,eng,Thriller
9880,0385741774,Meant to Be,Meant to Be,2012.0,eng,Juvenil
9881,0440863686,The Illustrated Mum,The Illustrated Mum,1999.0,eng,Juvenil
9882,1481422340,Afterworlds (Afterworlds #1),Afterworlds,2014.0,eng,Juvenil
9883,0670026476,The Bookman’s Tale,The Bookman’s Tale,2013.0,eng,Misterio
9884,5080039159,Горе от ума,Горе от ума ,1825.0,rus,Clásicos
9885,1439180962,I'll Walk Alone,I'll Walk Alone,2011.0,eng,Thriller
9886,0545310032,"13 Gifts (Willow Falls, #3)",,2011.0,eng,Juvenil
9887,0307381269,My Lobotomy,My Lobotomy,2007.0,eng,Memorias
9888,0307237907,The Last Boleyn,Passion's Reign,1983.0,eng,Ficción histórica
9890,0425098605,The Vision,The Vision,1977.0,eng,Terror
9891,9684114737,Las batallas en el desierto,Las batallas en el desierto,1981.0,spa,Ficción
9892,0749908904,"Salvation in Death (In Death, #27)",Salvation in Death,2008.0,eng,Misterio
9893,9780802738011,Open Road Summer,Open Road Summer,2014.0,eng,Juvenil
9894,074341196X,"Inversions (Culture, #6)",Inversions,1998.0,,Ciencia ficción
9895,,"Dirty English (English, #1)",Dirty English,2015.0,eng,Romántica
9896,0385669852,Turn of Mind,Turn of Mind,2011.0,,Misterio
9897,1416927247,"Divine Madness (Cherub, #5)",Divine Madness,2006.0,eng,Juvenil
9898,0758272820,"Spark (Elemental, #2)",Spark,2012.0,eng,Juvenil
9899,1442397144,"Grit: Passion, Perseverance, and the Science of Success","Grit: Passion, Perseverance, and the Science of Success",2016.0,eng,Autoayuda
9900,,Guts,Guts,2004.0,eng,Ficción
9901,0446562424,"Innocent (Kindle County Legal Thriller, #8)",Innocent,2005.0,eng,Thriller
9902,0143038389,"Death Without Company (Walt Longmire, #2)",Death Without Company,2006.0,eng,Misterio
9903,184416294X,Horus Rising,Horus Rising,2006.0,eng,Ciencia ficción
9904,,"Hard as It Gets (Hard Ink, #1)",Hard As It Gets,2013.0,eng,Romántica
9905,0312263996,Timbuktu,Timbuktu,1999.0,eng,Ficción
9906,1421501929,"Ouran High School Host Club, Vol. 4 (Ouran High School Host Club, #4)",桜蘭高校ホスト部 4,1999.0,eng,Cómic y novela gráfica
9907,0316020729,Rescue,Rescue,2010.0,eng,Ficción
9908,0156421356,Homo Faber,Homo faber: Ein Bericht,1957.0,eng,Ficción
9909,0545812542,George,George,2015.0,eng,Juvenil
9910,0394726251,The Discoverers: A History of Man's Search to Know His World and Himself,The Discoverers: A History of Man's Search to Know His World and Himself,1983.0,,Historia
9911,0345424646,"A Knight of the Word (Word & Void, #2)",A Knight of the Word ,1998.0,eng,Fantasía
9912,043977733X,Henry's Freedom Box: A True Story from the Underground Railroad,,2007.0,eng,Infantil
9913,9781504757638,A Thousand Boy Kisses,A Thousand Boy Kisses,2016.0,eng,Romántica
9914,0312651201,"Eve (Eve Duncan, #12; Eve, Quinn and Bonnie #1)",,2011.0,eng,Thriller
9915,0553807188,The Accident,The Accident,2011.0,eng,Thriller
9916,0812998251,"Shopaholic to the Rescue (Shopaholic, #8)",Shopaholic to the Rescue,2015.0,eng,Ficción
9917,145165801X,Such a Rush,Such a Rush,2012.0,eng,Juvenil
9918,0505527847,"Trouble in Mudbug (Ghost-in-Law, #1)",Trouble in Mudbug,2009.0,eng,Misterio
9919,0140344438,Nothing's Fair in Fifth Grade,Nothing's Fair in Fifth Grade,1981.0,,Infantil
9920,0316197041,"Dream Dark (Caster Chronicles, #2.5)",Dream Dark,2011.0,eng,Fantasía
9921,0811200418,A Coney Island of the Mind,A Coney Island of the Mind: Poems,1958.0,eng,Poesía
9922,0641645473,"Sea of Silver Light (Otherland, #4)",Sea of Silver Light,2001.0,,Ciencia ficción
9923,0451190564,"The Green Mile, Part 5: Night Journey","The Green Mile, Part 5: Night Journey",1996.0,eng,Terror
9924,0060519592,"Blue Noon (Midnighters, #3)","Blue Noon (Midnighters, #3)",2006.0,eng,Juvenil
9925,1582349177,"City of Masks (Stravaganza, #1)",City of Masks,2002.0,eng,Juvenil
9926,0061935123,"Hidden (Firelight, #3)",Hidden,2012.0,eng,Juvenil
9927,0812976525,Thank You for Smoking,Thank You for Smoking,1994.0,,Ficción
9928,0375509321,Thirteen Moons,Thirteen Moons,2006.0,eng,Ficción histórica
9929,9789778200232,زغازيغ,,,ara,Desconocido
9930,0061458570,Big Brother,Big Brother,2013.0,eng,Ficción
9931,0718154959,"Blue Monday (Frieda Klein, #1)",Blue Monday,2011.0,eng,Thriller
9932,0310328179,Bread and   Wine: A Love Letter to Life Around the Table with Recipes,,2013.0,eng,Cocina
9933,0140565337,"Parts (Parts, #1)",Parts,1997.0,eng,Infantil
9934,0967089735,Nourishing Traditions: The Cookbook That Challenges Politically Correct Nutrition and the Diet Dictocrats,Nourishing Traditions:  The Cookbook that Challenges Politically Correct Nutrition and the Diet Dictocrats,1995.0,,Cocina
9935,0425204308,"Broken Prey (Lucas Davenport, #16)",Broken Prey,2005.0,eng,Thriller
9936,0061148482,The Bridge Across Forever: A True Love Story,The Bridge Across Forever: A True Love Story,1982.0,,Memorias
9937,1596435712,"Promised (Birthmarked, #3)",Promised,2012.0,eng,Juvenil
9938,0061779768,"The Serpent of Venice (The Fool, #2)",The Serpent of Venice,2014.0,eng,Ficción
9939,1594487715,Where Good Ideas Come From: The Natural History of Innovation,,2010.0,eng,Ensayo
9940,0316012386,"Demon Thief (The Demonata, #2)",Demon Thief,2005.0,,Juvenil
9941,8807813025,Novecento. Un monologo,Novecento,1994.0,ita,Ficción
9942,1442486597,Dangerous Girls,Dangerous Girls,2013.0,eng,Juvenil
9943,0866114262,Sherlock Holmes and the Case of the Hound of the Baskervilles (Illustrated Classic Editions),,1977.0,eng,Clásicos
9944,0670026557,Give and Take: A Revolutionary Approach to Success,Give and Take: A Revolutionary Approach to Success,2013.0,eng,Negocios
9945,,"Rock Bottom (Tristan & Danika, #2)",,2013.0,eng,Romántica
9946,0385413726,From Beirut to Jerusalem,From Beirut to Jerusalem,1989.0,eng,Memorias
9947,0062320521,"Magonia (Magonia, #1)",Magonia,2015.0,eng,Juvenil
9948,1421511304,"Vampire Knight, Vol. 2 (Vampire Knight, #2)",ヴァンパイア騎士 2,2005.0,eng,Cómic y novela gráfica
9949,0743270606,The Men Who Stare at Goats,The Men Who Stare at Goats,2004.0,eng,No ficción
9950,145553322X,"Ride Steady (Chaos, #3)",Ride Steady,2015.0,eng,Romántica
9951,0061431621,"The Girl with No Shadow (Chocolat, #2)",The Lollipop Shoes,2007.0,eng,Ficción
9952,051703817X,Sherlock Holmes of Baker Street: A Life of the World's First Consulting Detective,"Sherlock Holmes of Baker Street, the life of the world’s first consulting detective.",1962.0,,Biografía
9953,0451474473,"Marked in Flesh (The Others, #4)",Marked in Flesh,2016.0,eng,Fantasía
9954,1594745269,Horrorstör,Horrorstör,2014.0,,Terror
9955,0802734375,"Wild Cards (Wild Cards, #1)",Wild Cards,2013.0,eng,Juvenil
9956,078511677X,"Astonishing X-Men, Volume 2: Dangerous","Astonishing X-Men, Volume 2: Dangerous",2005.0,eng,Cómic y novela gráfica
9957,1416583408,"Inside of a Dog: What Dogs See, Smell, and Know",,2009.0,eng,Ciencia
9958,045123023X,The Pacific,,2009.0,eng,Historia
9959,,"Proper Gauge (Wool, #2)",Wool 2: Proper Gauge,2011.0,eng,Ciencia ficción
9960,0739416383,"The Prize Winner of Defiance, Ohio: How My Mother Raised 10 Kids on 25 Words or Less","The Prize Winner of Defiance, Ohio: How My Mother Raised 10 Kids on 25 Words or Less",2001.0,,Memorias
9961,0679749845,The Comfort of Strangers,The Comfort of Strangers,1981.0,eng,Ficción
9962,1580050751,Cunt: A Declaration of Independence,Cunt: A Declaration of Independence,1998.0,eng,Ensayo
9963,0380795272,"Krondor: The Betrayal (The Riftwar Legacy, #1)",Krondor: The Betrayal,1998.0,eng,Fantasía
9964,1408857391,"The Mime Order (The Bone Season, #2)",The Mime Order,2015.0,eng,Fantasía
9965,0060182989,Mister B. Gone,Mister B. Gone,2007.0,eng,Terror
9966,0312254997,The Ground Beneath Her Feet,The Ground Beneath Her Feet,1999.0,eng,Ficción
9967,9789770915226,الحرافيش,ملحمة الحرافيش,1977.0,ara,Ficción
9968,0060005777,The Story of the Trapp Family Singers,The Story of the Trapp Family Singers,1949.0,,Memorias
9969,1771641495,Gut: The Inside Story of Our Body’s Most Underrated Organ,Darm mit Charme,2014.0,eng,Ciencia
9970,0676979564,The Virgin Cure,The Virgin Cure,2011.0,,Ficción histórica
9971,,"The Tycoon''s Revenge (Baby for the Billionaire, #1)",,2011.0,eng,Romántica
9972,0099282968,Bagombo Snuff Box,Bagombo Snuff Box,1999.0,eng,Ficción
9973,0609805797,The Seven Principles for Making Marriage Work: A Practical Guide from the Country's Foremost Relationship Expert,The Seven Principles for Making Marriage Work: A Practical Guide from the Country's Foremost Relationship Expert,1999.0,,Autoayuda
9974,0553153382,"Anastasia Krupnik (Anastasia Krupnik, #1)",Anastasia Krupnik,1978.0,,Infantil
9975,1857236653,"The King Beyond the Gate (The Drenai Saga, #2)",The King Beyond the Gate,1985.0,eng,Fantasía
9976,0778325806,"Sea Glass (Glass, #2)",Sea Glass,2009.0,eng,Fantasía
9977,0804113475,Ladder of Years,Ladder of Years,1995.0,,Ficción
9978,0679750150,The Sailor Who Fell from Grace with the Sea,午後の曳航 [Gogo no eikō],1963.0,eng,Ficción
9979,0312940661,"When the Lion Feeds (Courtney, #1)",When the Lion Feeds,1964.0,eng,Aventura
9981,0739455834,"The Twelfth Card (Lincoln Rhyme, #6)",The Twelfth Card,2005.0,eng,Thriller
9982,0385344422,"Feverborn (Fever, #8)",Feverborn,2016.0,eng,Fantasía
9983,2849659266,"Blue exorcist, Tome 2",青の祓魔師 2,2009.0,fre,Cómic y novela gráfica
9984,0140255087,The Snow Leopard,The Snow Leopard,1978.0,eng,Viajes
9985,0425176932,"Breaking Point (Tom Clancy''s Net Force, #4)",Tom Clancy's Net Force: Breaking Point,2000.0,eng,Thriller
9986,0310257689,Night Light (Restoration #2),Night Light: A Restoration Novel,2006.0,,Ficción
9987,0312651198,"Chasing The Night (Eve Duncan, #11; Catherine Ling, #1)",Chasing The Night,2010.0,eng,Thriller
9988,0674017722,A Theory of Justice,A Theory of Justice,1971.0,eng,Ensayo
9989,,"Out of the Dark (The Grey Wolves, #4)",Out of the Dark ,2012.0,eng,Fantasía
9990,0140143912,The Mambo Kings Play Songs of Love,The Mambo Kings Play Songs of Love,1989.0,eng,Ficción
9991,0385425139,The Famished Road,The Famished Road,1991.0,eng,Ficción
9992,0575113294,"The Red Knight (The Traitor Son Cycle, #1)",The Red Knight,2012.0,eng,Fantasía
9993,0224079948,The Time Traveller's Guide to Medieval England: A Handbook for Visitors to the Fourteenth Century,The Time-Traveller's Guide to Medieval England: A Handbook for Visitors to the Fourteenth Century,2008.0,eng,Historia
9994,0810983559,"The Everafter War (The Sisters Grimm, #7)","The Everafter War (The Sisters Grimm, #7)",2009.0,eng,Infantil
9995,1416523723,"Billy Budd, Sailor","Billy Budd, Sailor",1924.0,eng,Clásicos
9996,0441019455,"Bayou Moon (The Edge, #2)",Bayou Moon,2010.0,eng,Fantasía
9997,067973371X,"Means of Ascent (The Years of Lyndon Johnson, #2)",Means of Ascent ,1990.0,eng,Biografía
9998,039330762X,The Mauritius Command,The Mauritius Command,1977.0,eng,Ficción histórica
9999,0061711527,Cinderella Ate My Daughter: Dispatches from the Frontlines of the New Girlie-Girl Culture,Cinderella Ate My Daughter: Dispatches from the Frontlines of the New Girlie-Girl Culture,2011.0,eng,Ensayo
10000,0375700455,The First World War,The First World War,1998.0,,Historia
6582,015205085X,"Bloody Jack (Bloody Jack, #1)","Bloody Jack: Being an Account of the Curious Adventures of Mary ""Jacky"" Faber, Ship's Boy",2002.0,eng,Juvenil
9265,0752853716,"My Story: ""A Child Called It"", ""The Lost Boy"", ""A Man Named Dave""","My Story: ""A Child Called It"", ""The Lost Boy"", ""A Man Named Dave""",1995.0,eng,Memorias
