book_id,author
216,Garth Stein
324,Rainbow Rowell
499,Bret Easton Ellis
566,Jojo Moyes
1003,Carl Sagan
1047,Katherine Applegate
1047,Patricia Castelao
1208,Stephen King
1411,Richard Wright
1522,Colm Tóibín
1658,Emma Chase
1685,Jodi Picoult
1931,David Eddings
2105,Ilona Andrews
2160,Brent Weeks
2251,Chevy Stevens
2606,Peter V. Brett
2901,MaryJanice Davidson
3057,Tahereh Mafi
3263,Simone Elkeles
3397,John Wyndham
3449,Vince Flynn
3462,Terry Pratchett
3529,Isaac Asimov
3620,Sidney Sheldon
3666,Abbi Glines
3702,Maria V. Snyder
3790,Karen Cushman
3899,Piers Anthony
3945,David Baldacci
3971,Belva Plain
3993,Emily Giffin
4098,Jennifer Weiner
4450,Courtney Cole
4540,Peter Clines
4606,Isabel Allende
4652,Emily Snow
4674,Matt Haig
4697,John Irving
4829,Simon Wood
4918,Elle Kennedy
4963,John Katzenbach
5009,Ivan Goncharov
5009,Stephen Pearl
5009,Galya Diment
5031,Phil Klay
5141,Robert A. Heinlein
5187,Richard Russo
5230,Laline Paull
5472,Richard Paul Evans
5563,George R. Stewart
5969,Greg Iles
6111,Shelly Crane
6152,John Scalzi
6194,Alan Bennett
6221,Bella Forrest
6283,Ian McEwan
6394,Megan Abbott
6436,Maeve Binchy
6458,Anne Fortier
6596,Anne Bishop
6614,Mark  Lawrence
6679,Julianna Baggott
6771,Chanda Hahn
6794,Robert Muchamore
6837,Alice McDermott
7038,John Steakley
7092,Clive Barker
7126,Tami Hoag
7333,Arthur Miller
7333,Christopher Bigsby
7354,Owen  West
7354,Dean Koontz
7382,Liz Moore
7400,Siobhan Vivian
7532,Alice Clayton
7600,Laurell K. Hamilton
7691,Gail Carriger
7726,Ella Carey
7782,Mariana Zapata
7805,John Marsden
7897,Jodi Meadows
8110,Kristen Ashley
8273,Lucinda Riley
8525,J. Courtney Sullivan
8546,Erin Hunter
8683,Chris Bohjalian
8859,C.S. Lewis
9037,Brian K. Vaughan
9037,Pia Guerra
9037,José Marzán Jr.
9037,Pamela Rambo
9037,Clem Robins
9037,J.G. Jones
9128,Sherrilyn Kenyon
9304,Aristotle
9304,Malcolm Heath
9557,Ruth Krauss
9557,Crockett Johnson
9578,Kentaro Miura
9578,Jason DeAngelis
9693,Sandi Lynn
9889,Emma Chase
9980,Deeanne Gist
1,Suzanne Collins
2,J.K. Rowling
2,Mary GrandPré
3,Stephenie Meyer
4,Harper Lee
5,F. Scott Fitzgerald
6,John Green
7,J.R.R. Tolkien
8,J.D. Salinger
9,Dan Brown
10,Jane Austen
11,Khaled Hosseini
12,Veronica Roth
13,George Orwell
13,Erich Fromm
13,Celâl Üster
14,George Orwell
15,Anne Frank
15,Eleanor Roosevelt
15,B.M. Mooyaart-Doubleday
16,Stieg Larsson
16,Reg Keeland
17,Suzanne Collins
18,J.K. Rowling
18,Mary GrandPré
18,Rufus Beck
19,J.R.R. Tolkien
20,Suzanne Collins
21,J.K. Rowling
21,Mary GrandPré
22,Alice Sebold
23,J.K. Rowling
23,Mary GrandPré
24,J.K. Rowling
24,Mary GrandPré
25,J.K. Rowling
25,Mary GrandPré
26,Dan Brown
27,J.K. Rowling
27,Mary GrandPré
28,William Golding
29,William Shakespeare
29,Robert           Jackson
30,Gillian Flynn
31,Kathryn Stockett
32,John Steinbeck
33,Arthur Golden
34,E.L. James
35,Paulo Coelho
35,Alan R. Clarke
36,Lois Lowry
37,C.S. Lewis
38,Audrey Niffenegger
39,George R.R. Martin
40,Elizabeth Gilbert
41,Rick Riordan
42,Louisa May Alcott
43,Charlotte Brontë
43,Michael Mason
44,Nicholas Sparks
45,Yann Martel
46,Sara Gruen
47,Markus Zusak
48,Ray Bradbury
49,Stephenie Meyer
50,Shel Silverstein
51,Cassandra Clare
52,Stephenie Meyer
53,Christopher Paolini
54,Douglas Adams
55,Aldous Huxley
56,Stephenie Meyer
57,Sue Monk Kidd
58,Mark Twain
58,John Seelye
58,Guy Cardwell
59,E.B. White
59,Garth Williams
59,Rosemary Wells
60,Mark Haddon
61,Paula Hawkins
62,Philip Pullman
63,Emily Brontë
63,Richard J. Dunn
64,Jodi Picoult
65,Kurt Vonnegut Jr.
66,Margaret Mitchell
67,Khaled Hosseini
68,Stephen Chbosky
69,Veronica Roth
70,Orson Scott Card
71,Mary Wollstonecraft Shelley
71,Percy Bysshe Shelley
71,Maurice Hindle
72,Stephen King
73,Stephenie Meyer
74,John Green
75,Helen Fielding
76,Jane Austen
76,Tony Tanner
76,Ros Ballaster
77,Louis Sachar
78,Lauren Weisberger
79,Homer
79,Robert Fagles
79,E.V. Rieu
79,Frédéric Mugler
79,Bernard Knox
80,Antoine de Saint-Exupéry
80,Richard Howard
80,Dom Marcos Barbosa
80,Melina Karakosta
81,Jeannette Walls
82,Jon Krakauer
83,Charles Dickens
83,Richard Maxwell
83,Hablot Knight Browne
84,Michael Crichton
85,Shel Silverstein
86,John Grisham
87,Elie Wiesel
87,Marion Wiesel
88,John Green
89,William Goldman
90,S.E. Hinton
91,James Dashner
92,Steven D. Levitt
92,Stephen J. Dubner
93,Frances Hodgson Burnett
94,Gabriel García Márquez
94,Gregory Rabassa
95,Oscar Wilde
95,Jeffrey Eugenides
96,E.L. James
97,Bram Stoker
97,Nina Auerbach
97,David J. Skal
98,Stieg Larsson
98,Reg Keeland
99,E.L. James
100,Barbara Kingsolver
101,David Sedaris
102,Maurice Sendak
103,Alexandre Dumas
103,Robin Buss
104,Cormac McCarthy
105,Veronica Roth
106,Tina Fey
107,Nicholas Sparks
108,Sophie Kinsella
109,Victor Hugo
109,Lee Fahnestock
109,Norman MacAfee
110,George R.R. Martin
111,Kim Edwards
112,Jojo Moyes
113,Joseph Heller
114,Mitch Albom
114,Saulius Dagys
115,Jeffrey Eugenides
116,Mark Twain
116,Guy Cardwell
116,John Seelye
117,Madeleine L'Engle
118,Amy Tan
119,Margaret Atwood
120,Ann Brashares
121,Vladimir Nabokov
121,Craig Raine
122,Gregory Maguire
122,Douglas Smith
123,John Grisham
124,Emma Donoghue
125,William Shakespeare
125,Richard Andrews
125,Rex Gibson
126,Frank Herbert
127,Malcolm Gladwell
128,Walter Isaacson
129,Ken Kesey
130,Ernest Hemingway
131,John Steinbeck
132,Mitch Albom
133,L.M. Montgomery
134,Cassandra Clare
135,George R.R. Martin
136,Rebecca Wells
137,Diana Gabaldon
138,Nathaniel Hawthorne
138,Thomas E. Connolly
138,Nina Baym
139,Ransom Riggs
140,Stieg Larsson
140,Reg Keeland
141,Andy Weir
142,Ken Follett
143,Anthony Doerr
144,Laura Hillenbrand
145,Dan Brown
146,Donna Tartt
147,Jay Asher
148,Tracy Chevalier
149,Gayle Forman
150,Anita Diamant
151,Rick Riordan
152,Nicholas Sparks
153,Cassandra Clare
154,William Shakespeare
155,J.R.R. Tolkien
156,Emily Giffin
157,Dr. Seuss
157,לאה נאור
158,Roald Dahl
158,Quentin Blake
159,Rick Riordan
160,Charles Dickens
161,J.R.R. Tolkien
162,Albert Camus
162,Matthew    Ward
163,Rick Riordan
164,Rainbow Rowell
165,George R.R. Martin
166,Ally Condie
167,Neil Gaiman
168,Stephen King
168,Bernie Wrightson
169,Nicholas Sparks
170,Dan Brown
171,Jane Austen
171,Fiona Stafford
172,Leo Tolstoy
172,Louise Maude
172,Leo Tolstoj
172,Aylmer Maude
173,Anthony Burgess
174,William Paul Young
175,Rick Riordan
176,Stephen King
177,Fyodor Dostoyevsky
177,David McDuff
178,Sylvia Plath
179,Frank McCourt
180,Hermann Hesse
180,Hilda Rosner
181,Truman Capote
182,Kami Garcia
182,Margaret Stohl
183,Cassandra Clare
184,Roald Dahl
184,Quentin Blake
185,Erin Morgenstern
186,Philippa Gregory
187,Scott Westerfeld
188,George R.R. Martin
189,J.R.R. Tolkien
190,Cheryl Strayed
191,Alan Moore
191,Dave Gibbons
191,John Higgins
192,Patrick Rothfuss
193,Malcolm Gladwell
194,Herman Melville
194,Andrew Delbanco
194,Tom Quirk
195,Mary Ann Shaffer
195,Annie Barrows
196,Chuck Palahniuk
197,Charlaine Harris
198,Alice Walker
199,John Grogan
200,Agatha Christie
201,Dan Brown
202,Becca Fitzpatrick
203,Jamie McGuire
204,Charles Dickens
205,Anne Rice
206,Kiera Cass
207,Janet Evanovich
208,Rebecca Skloot
209,Thomas Harris
210,Richelle Mead
211,Malcolm Gladwell
212,Ian McEwan
213,Franz Kafka
213,Stanley Corngold
214,Rick Riordan
215,Ernest Cline
217,Erik Larson
217,Tony Goldwyn
218,Sylvia Day
219,C.S. Lewis
219,Pauline Baynes
220,Mark Cotta Vaz
221,Dave Pelzer
222,Robert Ludlum
223,Eoin Colfer
224,Lauren Kate
225,John Steinbeck
226,Gillian Flynn
227,John Grisham
228,Emma McLaughlin
228,Nicola Kraus
229,Lewis Carroll
229,John Tenniel
229,Martin Gardner
230,Jane Austen
230,James Kinsley
230,Deidre Shauna Lynch
231,Tatiana de Rosnay
232,Stephen King
233,Gabriel García Márquez
233,Edith Grossman
234,Laurie Halse Anderson
235,Liane Moriarty
236,Jon Krakauer
237,Stephen King
238,Augusten Burroughs
239,Max Brooks
240,Dan Brown
241,Lois Lowry
242,James Patterson
243,Stephen King
244,Gillian Flynn
245,Katherine Paterson
246,P.C. Cast
246,Kristin Cast
247,Stephen R. Covey
248,William Shakespeare
248,Barbara A. Mowat
248,Paul Werstine
248,Catherine Belsey
249,Jonathan Safran Foer
250,R.J. Palacio
251,Dr. Seuss
252,Marissa Meyer
253,Robert Galbraith
253,J.K. Rowling
254,Maggie Stiefvater
255,Ayn Rand
255,Leonard Peikoff
256,Greg Mortenson
256,David Oliver Relin
257,Jane Carruth
257,Lewis Carroll
257,Rene Cloke
258,Carlos Ruiz Zafón
258,Lucia Graves
259,James Dashner
260,Dale Carnegie
261,Frances Mayes
262,Liane Moriarty
263,Gail Carson Levine
264,Ernest Hemingway
265,Betty  Smith
266,James Patterson
267,Kristin Hannah
268,Kazuo Ishiguro
269,Cecelia Ahern
270,Daphne du Maurier
270,Sally Beauman
271,Daniel Keyes
272,Laura Esquivel
272,Thomas  Christensen
272,Carol Christensen
273,Lisa See
274,Mario Puzo
274,Robert Thompson
274,Peter Bart
275,John Green
276,Isaac Asimov
277,Neil Gaiman
278,Shel Silverstein
279,John Tiffany
279,Jack Thorne
279,J.K. Rowling
280,Lauren Oliver
281,John Grisham
282,Neil Gaiman
283,Terry Pratchett
283,Neil Gaiman
284,Jack Kerouac
285,Graeme Simsion
286,Nicholas Sparks
287,Ayn Rand
287,Leonard Peikoff
288,Tom Clancy
289,Richard Adams
290,Mindy Kaling
291,Abraham Verghese
292,C.S. Lewis
292,Pauline Baynes
293,Robert Louis Stevenson
294,Rick Riordan
295,Stephen King
296,Eric Carle
297,Kurt Vonnegut Jr.
298,H.G. Wells
298,Greg Bear
298,Carlo Pagetti
299,Todd Burpo
299,Lynn Vincent
300,John Boyne
301,Joseph Conrad
302,Nicholas Sparks
303,Rhonda Byrne
304,Wally Lamb
305,Stephen King
306,Wally Lamb
307,Patrick Rothfuss
308,Sophie Kinsella
309,Cassandra Clare
310,Jennifer Weiner
311,Colleen McCullough
312,Neil Gaiman
312,Dave McKean
313,M.L. Stedman
575,Michael Crichton
314,Cornelia Funke
314,Anthea Bell
315,Spencer Johnson
315,Kenneth H. Blanchard
316,Bill Bryson
317,Maya Angelou
318,Christina Baker Kline
319,Cassandra Clare
320,Maria Semple
321,Wilson Rawls
322,Neil Gaiman
323,Milan Kundera
323,Michael Henry Heim
325,John Irving
326,Janet Fitch
327,Marie Lu
328,Jodi Picoult
329,Randy Pausch
329,Jeffrey Zaslow
330,Robert Jordan
331,Jodi Picoult
332,C.S. Lewis
333,Lisa Genova
334,Sylvia Day
335,Roald Dahl
335,Quentin Blake
336,James Patterson
337,Douglas Adams
338,David Nicholls
339,Margaret Wise Brown
339,Clement Hurd
340,Pittacus Lore
341,Homer
341,Robert Fagles
341,Frédéric Mugler
341,Bernard Knox
342,J.K. Rowling
343,John Grisham
344,David Sedaris
345,Christopher Paolini
346,L. Frank Baum
346,W.W. Denslow
347,C.S. Lewis
348,E. Lockhart
349,Stephen King
350,Hunter S. Thompson
350,Ralph Steadman
351,Cassandra Clare
352,Amy Poehler
353,William Shakespeare
354,Toni Morrison
355,Kristin Cashore
356,Lemony Snicket
356,Brett Helquist
357,Erich Maria Remarque
357,A.W. Wheen
358,Dr. Seuss
359,Khaled Hosseini
360,Philip K. Dick
360,Roger Zelazny
361,Charles Dickens
361,George Cruikshank
361,Philip Horne
362,C.S. Lewis
363,Stephanie Perkins
364,Dr. Seuss
365,Alan Moore
365,David   Lloyd
366,David McCullough
367,Dean Koontz
368,Philip Pullman
369,Jerry Spinelli
370,Rick Riordan
371,Robert A. Heinlein
372,David Sedaris
373,Roald Dahl
373,Quentin Blake
374,Bill Bryson
375,Jack London
376,James Dashner
377,Neil Gaiman
378,Jhumpa Lahiri
379,Deborah Harkness
380,Haruki Murakami
380,Jay Rubin
381,Billie Letts
382,John Green
382,David Levithan
383,James Frey
384,Richelle Mead
385,Susan Cain
386,Scott O'Dell
387,Arthur Miller
387,Christopher Bigsby
388,Gary Paulsen
389,Brandon Sanderson
390,Robert Louis Stevenson
390,Vladimir Nabokov
390,Mervyn Peake
390,Dan Chaon
391,Dr. Seuss
392,Jeff Kinney
393,Sarah J. Maas
394,Richelle Mead
395,Ernest Hemingway
396,Jamie Ford
397,Patrick Süskind
397,John E. Woods
398,Eric Schlosser
399,J.K. Rowling
400,William Gibson
401,Ernest Hemingway
402,Edgar Allan Poe
403,Sun Tzu
403,Thomas Cleary
404,William Landay
405,Kurt Vonnegut Jr.
406,Betty Edwards
407,Ann Patchett
408,Jared Diamond
409,Fannie Flagg
410,Chinua Achebe
411,Sophie Kinsella
412,Gary Chapman
413,Alexandre Dumas
414,Chris Cleave
415,Alyson Noel
416,Roald Dahl
416,Quentin Blake
417,Diane Setterfield
418,Richelle Mead
419,Richelle Mead
420,Nicholas Sparks
421,Paula McLain
422,J.K. Rowling
423,Kiera Cass
424,Umberto Eco
424,William Weaver
424,Seán Barrett
425,Beatrice Sparks
425,Anonymous
426,John Kennedy Toole
426,Walker Percy
427,Oscar Wilde
428,Rick Riordan
429,Terry Pratchett
430,Haruki Murakami
430,Philip Gabriel
431,Thomas Harris
432,Isaac Asimov
433,J.R. Ward
434,Becca Fitzpatrick
435,Lauren Oliver
436,Arundhati Roy
437,Sue Monk Kidd
438,Liane Moriarty
439,Stephen Hawking
439,Cao Chi
439,Phạm Văn Thiều
440,Ken Follett
441,Stephen King
442,Neal Stephenson
443,Sarah Dessen
444,A.A. Milne
444,Ernest H. Shepard
445,S.J. Watson
446,Arthur Conan Doyle
447,Christopher Paolini
448,Rick Warren
449,P.C. Cast
449,Kristin Cast
450,Jim Butcher
451,Jane Austen
451,Alfred MacAdam
452,Rick Yancey
453,Charles Frazier
454,Laura Joffe Numeroff
454,Felicia Bond
455,Emily Giffin
456,Tennessee Williams
457,Elizabeth Kostova
458,Emily St. John Mandel
459,Fredrik Backman
459,Henning Koch
460,Cassandra Clare
461,Pearl S. Buck
462,John Berger
463,Diana Gabaldon
464,Anonymous
465,Jennifer Weiner
466,Chuck Dixon
466,J.R.R. Tolkien
466,David Wenzel
466,Sean Deming
467,Junot Díaz
468,Zora Neale Hurston
469,Newt Scamander
469,J.K. Rowling
469,Albus Dumbledore
470,Malala Yousafzai
470,Christina Lamb
471,Jane Austen
471,Kathryn Sutherland
471,Tony Tanner
471,Claire Lamont
472,Viktor E. Frankl
473,Tana French
474,Richard Dawkins
475,Gayle Forman
476,John Irving
477,Lee Child
478,Daniel Defoe
478,Gerald McCann
478,Virginia Woolf
479,Niccolò Machiavelli
479,Adolph Caso
479,Rufus Goodwin
479,Benjamin Martinez
480,Philip Pullman
481,Terry Goodkind
482,Kathleen Grissom
483,J.D. Salinger
484,Chuck Palahniuk
485,Fyodor Dostoyevsky
485,Richard Pevear
485,Larissa Volokhonsky
486,Jeanne DuPrau
487,Michael Crichton
488,Stephen King
489,Kahlil Gibran
490,Art Spiegelman
491,P.C. Cast
491,Kristin Cast
492,Orson Scott Card
493,C.S. Lewis
494,Donna Tartt
495,Dave Eggers
496,Jean M. Auel
497,Anna Sewell
498,Leo Tolstoy
498,Henry Gifford
498,Aylmer Maude
498,Louise Maude
500,Meg Cabot
501,Alexander McCall Smith
502,Robert Kirkman
502,Tony Moore
503,Arthur C. Clarke
504,Francine Rivers
576,Voltaire
505,Tim LaHaye
505,Jerry B. Jenkins
506,Kiera Cass
507,Suzanne Collins
508,Barbara Ehrenreich
509,Sophie Kinsella
510,Robert Jordan
511,Patricia Cornwell
512,Edgar Allan Poe
513,Corrie ten Boom
513,John Sherrill
513,Elizabeth Sherrill
514,Arthur Conan Doyle
515,Pat Conroy
516,Michael Chabon
517,Simone Elkeles
518,J.M. Barrie
518,Michael Hague
519,Scott Westerfeld
520,Haruki Murakami
520,Jay Rubin
521,Michael Connelly
522,David Mitchell
523,Tim O'Brien
524,Banksy
525,Lauren Oliver
526,Jeff Lindsay
527,Charlaine Harris
528,Robert Jordan
529,Jonathan Swift
529,Robert DeMaria Jr.
530,William Shakespeare
530,Barbara A. Mowat
530,Paul Werstine
530,Gail Kern Paster
530,Robert          Jackson
531,Unknown
531,Seamus Heaney
532,Frank Miller
532,David Mazzucchelli
532,Richmond Lewis
532,Dennis O''Neil
533,Harper Lee
534,David Sedaris
535,Laini Taylor
536,Victoria Aveyard
537,Charles Duhigg
538,John Berendt
539,Colleen Hoover
540,Frances Hodgson Burnett
540,Nancy Bond
541,Sarah Dessen
542,C.S. Lewis
543,Richelle Mead
544,Laura Ingalls Wilder
544,Garth Williams
545,Margery Williams Bianco
545,William   Nicholson
546,Robert M. Pirsig
547,H.G. Wells
547,Arthur C. Clarke
548,Sara Shepard
549,Don Freeman
550,Michael Pollan
551,Kate Atkinson
552,Nicholas Sparks
553,Stephen King
554,Diana Gabaldon
555,Kenneth Branagh
555,William Shakespeare
556,Stephen King
557,Jeffrey Eugenides
558,Charlaine Harris
559,Thomas Hardy
559,Tim Dolin
559,Margaret R. Higonnet
560,Gustave Flaubert
560,Margaret Mauldon
560,Malcolm Bowie
560,Mark Overstall
561,Norton Juster
561,Jules Feiffer
562,Brandon Sanderson
563,Charlaine Harris
564,Ned Vizzini
565,Brandon Sanderson
567,Vanessa Diffenbaugh
568,Frank Miller
568,Klaus Janson
568,Lynn Varley
569,James Patterson
570,Nick Hornby
571,Nicholas Sparks
572,Margaret Atwood
573,John Gray
574,Anthony Bourdain
577,Natalie Babbitt
578,Stephen King
578,Marie Milpois
579,P.D. Eastman
580,E.H. Gombrich
581,Marissa Meyer
582,Robert T. Kiyosaki
583,Becca Fitzpatrick
584,Lev Grossman
585,Tsugumi Ohba
585,Takeshi Obata
586,Libba Bray
587,Jonathan Safran Foer
588,Robert Ludlum
589,Tammara Webber
590,Charles Dickens
590,Jeremy Tambling
591,Sherman Alexie
591,Ellen Forney
592,Mikhail Bulgakov
592,Katherine Tiernan O''Connor
592,Diana Burgin
592,Ellendea Proffer
593,Ursula K. Le Guin
594,Kate DiCamillo
594,Chris Sheban
595,John Knowles
596,John Grisham
597,Miguel de Cervantes Saavedra
597,Roberto González Echevarría
597,John Rutherford
598,Robin Hobb
599,Douglas Adams
600,Lauren Kate
601,Beatrix Potter
602,C.S. Lewis
602,Pauline Baynes
603,Brandon Sanderson
604,Susanna Kaysen
605,Chelsea Handler
606,Richard Bach
606,Russell Munson
607,Cassandra Clare
608,Robert Munsch
608,Sheila McGraw
609,Stephen King
610,Daniel James Brown
611,J.R.R. Tolkien
611,Christopher Tolkien
611,Ted Nasmith
612,Stephen King
613,Kate Morton
614,Franz Kafka
614,Edwin Muir
614,Willa Muir
614,Max Brod
615,Sarah Dessen
616,Jodi Picoult
617,Piper Kerman
618,Arthur Conan Doyle
618,Anne Perry
619,Daniel Kahneman
620,Marion Zimmer Bradley
621,Judy Blume
622,Nicholas Sparks
623,Stephen King
624,Charlaine Harris
625,Chris Bohjalian
626,Chris Van Allsburg
627,Jon Scieszka
627,Lane Smith
628,Tom Clancy
629,Paulo Coelho
629,Margaret Jull Costa
630,Sheryl Sandberg
630,Nell Scovell
631,Charlaine Harris
632,Tahereh Mafi
633,Robert A. Heinlein
634,Sophie Kinsella
635,Jostein Gaarder
635,Paulette Møller
636,Mark Cotta Vaz
637,Ray Bradbury
638,Jennifer Egan
639,Johanna Spyri
639,Angelo  Rinaldi
639,Beverly Cleary
640,Michael Crichton
641,C.S. Lewis
642,Ken Follett
643,P.C. Cast
643,Kristin Cast
644,Colleen Hoover
645,Alex Flinn
646,Geoffrey Chaucer
646,Nevill Coghill
647,Emily Giffin
648,Christopher Paolini
649,Haruki Murakami
649,Jay Rubin
649,Philip Gabriel
650,Harriet Beecher Stowe
651,Gaston Leroux
651,Alexander Teixeira de Mattos
652,Charlaine Harris
653,José Saramago
653,Giovanni Pontiero
654,Jonathan Franzen
655,Ally Condie
656,Ally Carter
657,Aravind Adiga
658,Jonathan Franzen
659,Barack Obama
660,Michael Crichton
661,Judith Viorst
661,Ray Cruz
662,Jhumpa Lahiri
663,Howard Zinn
664,Truman Capote
665,Justin Cronin
666,Neil Gaiman
667,Sarah Dessen
668,Celeste Ng
669,Isabel Allende
669,Magda Bogin
670,Stephen King
671,Agatha Christie
671,Ροζίτα Σώκου
672,Agatha Christie
673,Chimamanda Ngozi Adichie
674,James Patterson
675,Stephen King
676,Sylvia Day
677,Christopher McDougall
678,Gabrielle Zevin
679,Ludwig Bemelmans
680,Napoleon Hill
681,Laura Ingalls Wilder
681,Garth Williams
682,Susanna Clarke
683,Nicholas Sparks
684,Rick Riordan
685,Michael  Grant
686,Nicholas Sparks
687,David McCullough
688,Jon Krakauer
689,Jess Walter
690,Barack Obama
691,Stephen King
692,Kristin Hannah
693,Michael Crichton
694,Emily Giffin
695,Robert Galbraith
695,J.K. Rowling
696,Anne Rice
697,Ann Patchett
698,Matthew Quick
699,Jules Verne
699,Anthony Bonner
700,Philippa Gregory
701,Virginia Woolf
701,Maureen Howard
702,Jonas Jonasson
702,Rod Bradbury
703,Stephen King
704,John Irving
705,Richard Bachman
705,Stephen King
706,Jules Verne
706,Michael Glencross
706,Brian W. Aldiss
707,Sharon Creech
708,Paulo Coelho
708,Margaret Jull Costa
709,J.D. Salinger
710,Julie Powell
711,Neal Shusterman
712,Diana Gabaldon
713,Marie Lu
714,William Shakespeare
715,Arthur Miller
716,Nicholas Sparks
717,Kate Egan
718,William Faulkner
719,Eckhart Tolle
720,Tite Kubo
721,Allie Brosh
722,Robert Jordan
723,Gregory David Roberts
724,Charlaine Harris
725,Stephen King
725,Ned Dameron
726,Jeffery Deaver
727,Bernhard Schlink
727,Carol Brown Janeway
728,Bill Martin Jr.
728,Eric Carle
729,Dan Simmons
730,John Steinbeck
731,William Peter Blatty
732,Stephenie Meyer
733,David Guterson
734,Alex Haley
735,Alan Moore
735,Brian Bolland
735,Tim Sale
736,Ralph Ellison
737,Ishmael Beah
738,Robert C. O'Brien
739,Stephen King
740,Laura Ingalls Wilder
740,Garth Williams
741,Melissa Bank
742,Hugh Howey
743,Christopher Moore
744,Eckhart Tolle
745,Jenny  Lawson
746,Scott Lynch
747,Garth Nix
748,Charlaine Harris
749,Jodi Picoult
750,Jennifer L. Armentrout
751,Douglas Adams
752,Sarah J. Maas
753,Bryan Lee O'Malley
754,Jeannette Walls
755,Terry Pratchett
756,Julie Kagawa
757,Larry McMurtry
758,Mary Roach
759,Richelle Mead
760,Orson Scott Card
761,Sophie Kinsella
762,Thomas Keneally
763,Toni Morrison
764,Philippa Gregory
765,Malcolm X
765,Alex Haley
766,Neil Gaiman
766,Sam Kieth
766,Mike Dringenberg
766,Malcolm Jones III
766,Todd Klein
766,Karen  Berger
767,Laura Hillenbrand
768,Dennis Lehane
769,Arthur Conan Doyle
770,William Shakespeare
770,Roma Gill
771,Erik Larson
772,Plato
772,Desmond Lee
773,William Shakespeare
774,Marissa Meyer
775,Patti Smith
776,Phaidon Press
777,Jane Green
778,Victor Hugo
778,Walter J. Cobb
779,Rohinton Mistry
780,Bill Watterson
780,G.B. Trudeau
781,Scott Westerfeld
782,Kate Chopin
783,P.C. Cast
783,Kristin Cast
784,Mitch Albom
785,Tom Clancy
786,Shel Silverstein
787,Justin Halpern
788,Irvine Welsh
788,Eric Lindor Fall
789,Isaac Asimov
790,Miguel Ruiz
791,Jodi Picoult
792,Jacob Grimm
792,Wilhelm Grimm
792,Josef Scharl
792,Padraic Colum
792,Joseph Campbell
792,Margaret Raine Hunt
792,James Stern
793,E.L. Konigsburg
794,Stephen King
795,Nick Hornby
796,Samantha Young
797,Francis Chan
797,Danae Yankoski
797,Chris Tomlin
798,Dr. Seuss
799,Dean Koontz
800,Helen Keller
801,Jonathan Tropper
802,Seth Grahame-Smith
803,Natsuki Takaya
803,Alethea Nibley
803,Athena Nibley
804,William Shakespeare
805,P.C. Cast
805,Kristin Cast
806,Stephen King
806,Dave McKean
807,Dave Eggers
808,Brian Selznick
809,Aldous Huxley
809,Christopher Hitchens
810,Bisco Hatori
811,Mary Kubica
812,Abbi Glines
813,Rainbow Rowell
814,P.C. Cast
814,Kristin Cast
815,Cormac McCarthy
816,Hilary Mantel
817,Diana Wynne Jones
818,Stephen King
818,William Olivier Desmond
819,Henry David Thoreau
820,Kazuo Ishiguro
821,Nicholas Sparks
822,Julian Barnes
823,Sue Grafton
824,Sophocles
824,J.E. Thomas
825,Lisa See
826,Kenneth Grahame
826,Gillian Avery
827,Jenny Han
828,Marjane Satrapi
828,Mattias Ripa
829,E.M. Forster
853,Jerry Spinelli
830,Kody Keplinger
831,Sarah Dessen
832,J.D. Robb
833,John Grisham
834,Stephenie Meyer
835,Masashi Kishimoto
835,Katy Bridges
836,Rachel Joyce
837,David Levithan
838,Orson Scott Card
839,William Shakespeare
839,Robert          Jackson
839,Barbara A. Mowat
839,Paul Werstine
840,James Clavell
841,J.R. Ward
842,Sarah J. Maas
843,E.L. James
844,Bill Martin Jr.
844,John Archambault
844,Lois Ehlert
845,Raina Telgemeier
846,George Orwell
846,Christopher Hitchens
847,Jacquelyn Mitchard
848,Amy Tan
849,Louise Rennison
850,Robin Sloan
851,V.C. Andrews
852,Paul Kalanithi
852,Abraham Verghese
854,Chuck Palahniuk
855,William Shakespeare
856,Lois Lowry
857,Ellen Raskin
858,Pierce Brown
859,Brent Weeks
860,Barbara Kingsolver
861,Jamie McGuire
862,Brandon Sanderson
863,Sam McBratney
863,Anita Jeram
864,Diana Gabaldon
865,Stephen King
865,John D. MacDonald
866,Peter Benchley
867,Nicole Krauss
868,Astrid Lindgren
868,Lauren Child
868,Florence Lamborn
868,Nancy Seligsohn
869,Muriel Barbery
869,Alison Anderson
870,Doris Kearns Goodwin
870,Suzanne Toren
871,Charlaine Harris
872,Albert Camus
872,Stuart Gilbert
873,Lemony Snicket
873,Brett Helquist
874,Susannah Cahalan
875,Melissa Marr
876,H.A. Rey
877,Michael Ende
877,Ralph Manheim
877,Roswitha Quadflieg
878,Sylvia Nasar
879,Upton Sinclair
879,Earl Lee
879,Kathleen DeGrave
880,Kelley Armstrong
881,Oliver Sacks
882,Ken Follett
883,Margaret Atwood
884,Ransom Riggs
885,Andre Dubus III
886,M.R. Carey
887,William Faulkner
888,Crockett Johnson
889,J.R. Ward
890,Isaac Asimov
891,Jim Butcher
892,Malcolm Gladwell
893,Hiromu Arakawa
893,Akira Watanabe
894,Terry Pratchett
895,Joan Didion
896,Lionel Shriver
897,Arthur C. Clarke
898,Anne Rice
899,Edith Wharton
899,Maureen Howard
900,Richard Dawkins
901,Geraldine Brooks
902,Michael Connelly
903,Ayn Rand
904,Sylvain Reynard
905,Judi Barrett
905,Ron Barrett
906,Helen Simonson
907,Nora Roberts
908,Jodi Picoult
909,Rick Riordan
910,John Scalzi
911,Stephen King
912,Janet Evanovich
913,Irma S. Rombauer
913,Marion Rombauer Becker
913,Ethan Becker
914,Joe Haldeman
915,Stephen King
915,Bettina Blanch Tyroller
916,Azar Nafisi
917,Joe Abercrombie
918,Eoin Colfer
919,Annie Proulx
920,Marie Kondō
920,Cathy Hirano
921,Jennifer Niven
921,فرانک معنوی
922,Kathy Reichs
923,Michael Scott
924,Jeffrey Eugenides
925,Isabel Allende
925,Margaret Sayers Peden
926,Jessica Knoll
927,Ellen Hopkins
928,Maggie Stiefvater
929,Richard Matheson
930,Elizabeth Strout
931,Lena Dunham
931,Joana Avillez
932,James C. Collins
933,Kristin Cashore
934,Samuel Beckett
935,Jack London
936,Stephen King
936,Bernie Wrightson
937,Philip Pullman
938,J.A. Redmerski
939,Kimberly McCreight
940,Jojo Moyes
941,Michael Cunningham
942,Alice Clayton
943,David Sedaris
944,Stephen King
945,Lauren Kate
946,James Dashner
947,Susan Ee
948,Richard Russo
949,Robert Jordan
950,Jandy Nelson
951,Chuck Palahniuk
952,Sophie Kinsella
953,Stephen King
954,Catherine Hardwicke
955,Sophie Kinsella
956,Richard Feynman
957,Maggie Stiefvater
958,L.M. Montgomery
959,James Joyce
959,Seamus Deane
960,Robert Jordan
960,Brandon Sanderson
961,George Eliot
961,Michel Faber
962,Colleen Hoover
963,John Grisham
964,J.R.R. Tolkien
965,S.C. Stephens
966,Scott Turow
967,Stephen King
968,Stacy Schiff
969,Thomas L. Friedman
970,Brandon Sanderson
971,Marcus Pfister
971,J. Alison James
1017,Jojo Moyes
972,Jules Verne
973,Gretchen Rubin
974,Philip K. Dick
975,Vincent Bugliosi
975,Curt Gentry
976,Robert Kapilow
976,Dr. Seuss
977,Dante Alighieri
977,Anthony M. Esolen
978,Deborah Harkness
979,Jodi Picoult
980,Patricia Briggs
981,Melissa de la Cruz
982,Caleb Carr
983,Ta-Nehisi Coates
984,John Milton
984,John      Leonard
985,Michael   Lewis
986,Stephen King
987,Patrick Ness
987,Jim Kay
987,Siobhan Dowd
988,Robert Jordan
988,Brandon Sanderson
989,Frederick Forsyth
990,Jason Fried
990,David Heinemeier Hansson
991,Rainbow Rowell
992,Stephenie Meyer
992,Ilyana Kadushin
992,Matt Walters
993,Carol Rifka Brunt
1018,Robin Hobb
994,James Herriot
995,Michelle Hodkin
996,Janet Evanovich
997,Emmuska Orczy
998,Jon Stone
998,Michael J. Smollin
999,Judy Blume
1000,Leigh Bardugo
1001,Herman Koch
1001,Sam Garrett
1002,Marie Lu
1004,Stephanie Perkins
1005,Zadie Smith
1006,Chris Kyle
1006,Scott McEwen
1006,Jim DeFelice
1007,Chelsea Handler
1008,Pittacus Lore
1009,Meg Wolitzer
1010,Bill Watterson
1011,Geraldine Brooks
1012,Kate Morton
1013,Better Homes and Gardens
1014,Douglas Adams
1015,Hermann Hesse
1015,Basil Creighton
1016,Tess Gerritsen
1019,Arthur C. Clarke
1020,Kate DiCamillo
1020,Timothy Basil Ering
1021,Barbara Kingsolver
1021,Steven L. Hopp
1021,Camille Kingsolver
1021,Richard A. Houser
1022,Sarah J. Maas
1023,Robert Jordan
1024,Alan Bradley
1025,Donald Miller
1026,Diana Gabaldon
1027,Rick Riordan
1028,Liane Moriarty
1029,Brian K. Vaughan
1029,Fiona Staples
1030,Chad Harbach
1031,Ernest Hemingway
1032,Brandon Mull
1033,Lemony Snicket
1033,Brett Helquist
1034,Jim Butcher
1035,Walter Isaacson
1036,S.C. Stephens
1037,John Grisham
1038,Mildred D. Taylor
1039,Seth Grahame-Smith
1039,Jane Austen
1040,David Sedaris
1132,Jay Anson
1041,Fyodor Dostoyevsky
1041,Constance Garnett
1041,Alan Myers
1041,Joseph Frank
1041,Anna Brailovsky
1042,Douglas Adams
1043,Jeff Kinney
1044,Mindy Kaling
1045,Veronica Roth
1046,Aziz Ansari
1046,Eric Klinenberg
1048,Sebastian Junger
1049,Brandon Sanderson
1050,Patrick Ness
1051,Jim Fergus
1052,Jodi Picoult
1053,Stephen King
1053,Darrel Anderson
1054,Ally Condie
1055,Salman Rushdie
1056,Max Brooks
1057,John Grisham
1058,Agatha Christie
1059,Margaret Peterson Haddix
1060,Michael Pollan
1061,Elizabeth George Speare
1062,Kiera Cass
1063,Sophie Kinsella
1064,Wilkie Collins
1064,Matthew Sweet
1065,Robert Galbraith
1065,J.K. Rowling
1066,Jenny Han
1067,Janet Evanovich
1068,James McBride
1069,Steven D. Levitt
1069,Stephen J. Dubner
1070,Karen Marie Moning
1071,Terry Goodkind
1072,Emily Giffin
1073,William Makepeace Thackeray
1073,John Carey
1074,Kurt Vonnegut Jr.
1075,Stephen King
1075,Dominique Dill
1076,Cynthia D'Aprix Sweeney
1077,Bill Willingham
1077,Lan Medina
1077,Steve Leialoha
1077,Craig Hamilton
1077,James Jean
1078,David    Allen
1079,James Redfield
1080,Huntley Fitzpatrick
1081,Ken Follett
1082,Haruki Murakami
1082,Philip Gabriel
1083,Alice Sebold
1084,Virginia Woolf
1085,Chetan Bhagat
1086,Laurell K. Hamilton
1087,Markus Zusak
1088,Thomas Hardy
1088,Rosemarie Morgan
1088,Shannon Russell
1089,Terry Pratchett
1090,Mark Z. Danielewski
1091,Patricia Cornwell
1092,John Grisham
1093,P.C. Cast
1093,Kristin Cast
1094,Willa Cather
1095,Susan Beth Pfeffer
1096,Jon Stewart
1096,Ben Karlin
1096,David Javerbaum
1096,Rich Bloomquist
1096,Steve Bodow
1096,Tim Carvell
1096,Eric Drysdale
1096,J.R. Havlan
1096,Scott Jacobson
1096,Tom Johnson
1096,Rob Kutner
1096,Chris Regan
1096,Jason Reich
1096,Jason Ross
1096,Stephen Colbert
1096,Samantha Bee
1096,Rob Corddry
1096,Brendan Hay
1096,Ed Helms
1097,Don Piper
1097,Cecil Murphey
1098,Nicholas Sparks
1099,Lao Tzu
1099,Gia-Fu Feng
1099,Jane English
1099,Chungliang Al Huang
1099,Rowena Pattee Kryder
1099,Toinette Lippe
1100,Jeffrey Archer
1101,Jodi Picoult
1102,Augusten Burroughs
1103,James Patterson
1104,E.L. James
1105,Frank Herbert
1106,C.S. Lewis
1107,Jennifer Weiner
1108,Hans Christian Andersen
1108,Lily Owens
1108,Arthur Rackham
1108,Hans Richter
1133,Michael Ondaatje
1109,Mark Cotta Vaz
1110,Colleen Hoover
1111,Jane Green
1112,L.M. Montgomery
1113,Friedrich Nietzsche
1113,Walter Kaufmann
1114,Elizabeth Gaskell
1114,Alan Shelston
1115,Jaycee Dugard
1116,Amish Tripathi
1117,Michael Crichton
1118,Lauren Oliver
1119,Robert Jordan
1120,Aesop
1120,Laura Harris
1120,Laura Gibbs
1121,Cormac McCarthy
1122,Becca Fitzpatrick
1123,Stephen King
1124,Chuck Palahniuk
1125,Chetan Bhagat
1126,Matsuri Hino
1126,Tomo Kimura
1127,Jim Butcher
1128,Anne McCaffrey
1128,Teodor Panasiński
1129,John D. Rateliff
1129,J.R.R. Tolkien
1130,Colleen Hoover
1131,Joanne Harris
1134,Sylvain Reynard
1135,James Joyce
1135,Jeri Johnson
1136,Colum McCann
1137,Eoin Colfer
1138,Harlan Coben
1139,Stephen King
1140,Rachel Hawkins
1141,Austin Kleon
1142,Neal Stephenson
1143,Christina Lauren
1144,Barbara Kingsolver
1145,Joyce Carol Oates
1146,Scott McCloud
1147,Kami Garcia
1147,Margaret Stohl
1148,Jon Ronson
1149,Jodi Picoult
1150,David Baldacci
1151,Janet Evanovich
1152,Mitch Albom
1153,Christopher Moore
1154,Michael   Lewis
1155,Jonathan Stroud
1156,Stephen Colbert
1156,Richard Dahm
1156,Paul Dinello
1156,Allison Silverman
1156,Michael Brumm
1156,Eric Drydale
1156,Rob Dubbin
1156,Glenn Eichler
1156,Peter Grosz
1156,Peter Gwinn
1156,Jay Katsir
1156,Laura Krafft
1156,Frank Lesser
1156,Tom Purcell
1226,Janet Evanovich
1157,Kenneth H. Blanchard
1157,Spencer Johnson
1158,Leon Uris
1159,Ursula Hegi
1160,Raymond Chandler
1161,John Steinbeck
1162,Ellen DeGeneres
1163,Lemony Snicket
1163,Brett Helquist
1164,Eowyn Ivey
1165,J. Lynn
1165,Jennifer L. Armentrout
1166,Jeff Kinney
1167,Dante Alighieri
1167,Allen Mandelbaum
1167,Eugenio Montale
1168,Benjamin Hoff
1168,Ernest H. Shepard
1169,Jennifer L. Armentrout
1170,Tahereh Mafi
1171,Sarah Dunant
1172,Eoin Colfer
1173,David Lagercrantz
1173,Stieg Larsson
1173,George Goulding
1174,Emma Cline
1175,Shannon Hale
1176,Dennis Lehane
1177,Isaac Marion
1178,Mark Twain
1178,Everett H. Emerson
1179,Robert A. Heinlein
1180,Elif Shafak
1180,إليف شافاق
1180,ارسلان فصیحی
1180,محمد درويش
1181,Janet Evanovich
1182,Stephen King
1183,Hajime Isayama
1183,Sheldon Drzka
1184,F. Scott Fitzgerald
1185,Olive Ann Burns
1186,Tennessee Williams
1187,Elena Ferrante
1187,Ann Goldstein
1188,Timothy Ferriss
1189,Robin S. Sharma
1190,Amor Towles
1191,Larry Niven
1192,Ruta Sepetys
1193,Andrew Clements
1193,Brian Selznick
1194,Jeff Kinney
1195,Louise Erdrich
1196,Madeleine L'Engle
1197,Veronica Roth
1198,Hanya Yanagihara
1199,Brian K. Vaughan
1199,Pia Guerra
1199,José Marzán Jr.
1200,Brandon Sanderson
1201,Charlaine Harris
1202,Anne Tyler
1202,Jennifer Bassett
1203,Benjamin Alire Sáenz
1204,H.G. Wells
1205,Haruki Murakami
1205,Alfred Birnbaum
1206,Paulo Coelho
1206,Alan R. Clarke
1207,Johann David Wyss
1207,Scott McKowen
1207,Arthur Pober
1209,Jennifer Probst
1210,L.M. Montgomery
1211,Watty Piper
1211,Doris Hauman
1211,George Hauman
1212,Karen Joy Fowler
1213,Orson Scott Card
1214,James Joyce
1215,Sarah Dessen
1216,Alan Brennert
1217,Anne Rice
1218,Frank E. Peretti
1219,Jessica Sorensen
1220,Lauren Groff
1221,Judy Blume
1222,E.B. White
1222,Garth Williams
1223,Isaac Asimov
1224,Brian Greene
1225,Lemony Snicket
1225,Brett Helquist
1227,Kelley Armstrong
1228,Jim Butcher
1229,Janell Cannon
1230,Joe Abercrombie
1231,Nancy Horan
1232,Janet Evanovich
1232,Lorelei King
1233,Lemony Snicket
1233,Brett Helquist
1234,Flora Rheta Schreiber
1235,Carl Sagan
1236,Chuck Palahniuk
1237,Rosamunde Pilcher
1238,Dave Eggers
1239,Gabriel García Márquez
1239,Gregory Rabassa
1240,Ronald Holt
1240,Arthur Conan Doyle
1241,Bill O''Reilly
1241,Martin Dugard
1242,Jhumpa Lahiri
1243,John Flanagan
1244,Laurie Halse Anderson
1245,John Grisham
1246,Robin Hobb
1247,Ira Levin
1248,Stephen King
1248,Peter Straub
1249,Robert Jordan
1250,Jack Kerouac
1251,Kelley Armstrong
1252,Katherine Boo
1253,P.L. Travers
1253,Mary Shepard
1254,Scott Lynch
1255,Sandra Cisneros
1256,David Benioff
1257,Jeaniene Frost
1258,Roald Dahl
1258,Quentin Blake
1259,Garth Nix
1260,James Patterson
1260,Peter de Jonge
1261,Stephen King
1262,Frank Herbert
1263,James S.A. Corey
1264,Sarah J. Maas
1265,Art Spiegelman
1266,Ezra Jack Keats
1267,Janet Evanovich
1268,Emily Giffin
1269,Richard   Preston
1270,Haruki Murakami
1270,Philip Gabriel
1271,Elizabeth Gilbert
1272,Lynne Truss
1273,Kim Harrison
1274,Clement C. Moore
1274,Jan Brett
1275,Diana Gabaldon
1276,Cynthia Hand
1277,Lee Strobel
1278,Robert Jordan
1279,Carl Hiaasen
1280,Virgil
1280,Robert Fitzgerald
1281,Junot Díaz
1282,Haruki Murakami
1282,Jay Rubin
1283,Daniel Quinn
1284,Jenny Han
1285,Katie McGarry
1286,Kennilworthy Whisp
1286,J.K. Rowling
1287,Harry Allard
1287,James  Marshall
1288,Richard Bachman
1288,Stephen King
1289,Lemony Snicket
1289,Brett Helquist
1290,Lois Lowry
1291,J.R. Ward
1292,Stephen King
1292,Jerry N. Uelsmann
1293,Trenton Lee Stewart
1293,Carson Ellis
1294,Christopher Hitchens
1295,Abbi Glines
1296,Michael Crichton
1297,Jennifer E. Smith
1298,Jonathan Stroud
1299,Tom Robbins
1300,Jenna Blum
1301,John Grisham
1302,Beth Revis
1303,M. Scott Peck
1304,Jim Butcher
1305,Gertrude Chandler Warner
1305,L. Kate Deal
1306,A.S.A. Harrison
1307,Caitlin Moran
1308,Sarah J. Maas
1309,Keith Richards
1310,Jhumpa Lahiri
1311,Anita Shreve
1312,Don DeLillo
1313,Stephen E. Ambrose
1314,Charles Darwin
1315,Craig Thompson
1316,David Wroblewski
1317,Christina Schwarz
1318,Charles Bukowski
1319,Cormac McCarthy
1320,Arthur Conan Doyle
1320,Kyle Freeman
1321,Eiichirō Oda
1321,Andy Nakatani
1322,Peter S. Beagle
1323,Angie Sage
1324,Laurie Halse Anderson
1325,Tana French
1326,Erik Larson
1327,Rudyard Kipling
1328,Terry Hayes
1329,Allen Ginsberg
1329,William Carlos Williams
1330,Richard Carlson
1331,Adam Mansbach
1331,Ricardo Cortés
1332,Douglas Adams
1333,Walter Isaacson
1334,Téa Obreht
1335,Maria V. Snyder
1336,J.R. Ward
1337,Terry Pratchett
1338,Anonymous
1338,Joseph Smith Jr.
1339,Stephen King
1340,Jim Butcher
1341,Pierce Brown
1342,Terry Pratchett
1343,Terry Pratchett
1344,Malcolm Gladwell
1345,Karin Slaughter
1346,Joe Abercrombie
1347,Stephen King
1348,Dr. Seuss
1349,Michael   Lewis
1350,Garth Nix
1351,James Patterson
1352,Yana Toboso
1352,Tomo Kimura
1353,Marissa Meyer
1354,Robert Louis Stevenson
1354,Robert Mighall
1355,Emily Seife
1356,Peter V. Brett
1357,John Bunyan
1358,Lee Child
1359,Rick Riordan
1360,Stephen King
1361,Kate Morton
1362,Robert Jordan
1363,Jim Butcher
1364,Fyodor Dostoyevsky
1364,Andrew R. MacAndrew
1364,Ben Marcus
2485,Robert McCammon
1365,Carson McCullers
1366,Rick Yancey
1367,T.H. White
1368,Terry Pratchett
1369,Christopher Paul Curtis
1370,Alison Bechdel
1371,Dan Ariely
1372,أحمد مراد
1373,Lynne Reid Banks
1374,Robert Jordan
1374,Brandon Sanderson
1375,Jesse Andrews
1376,Jeff Kinney
1377,Janet Evanovich
1378,Simon Winchester
1379,James Patterson
1379,Andrew Gross
1380,Art Spiegelman
1381,Jasper Fforde
1382,Faye Perozich
1382,Anne Rice
1382,John Bolton
1382,Daerick Gröss
1383,Louis Sachar
1383,Adam McCauley
1384,Dalai Lama XIV
1384,Howard C. Cutler
1385,David Mitchell
1386,Anna Quindlen
1387,L.J. Smith
1387,Kevin Williamson
1387,Julie Plec
1388,John Grisham
1389,Chuck Palahniuk
1390,Janet Evanovich
1391,Cornelia Funke
1391,Anthea Bell
1392,Chuck Klosterman
1393,Evelyn Waugh
1394,Jim Butcher
1395,Jessie Burton
1396,Margaret Weis
1396,Tracy Hickman
1397,Eoin Colfer
1398,Scott Westerfeld
1399,John Flanagan
1400,Deborah Harkness
1401,Julia Cameron
1402,Jon Scieszka
1402,Lane Smith
1403,Joe Hill
1404,Robert K. Massie
1405,Margaret Atwood
1406,Kristin Hannah
1407,John Grisham
1408,Marcus Luttrell
1408,Patrick Robinson
1409,Chetan Bhagat
1410,Agatha Christie
1412,Brent Weeks
1413,Veronica Rossi
1414,Nicholas Sparks
1415,Eric Ries
1416,Richelle Mead
1417,Lauren Weisberger
1418,David Eddings
1419,Roberto Aguirre-Sacasa
1419,Stephen King
1419,Mike Perkins
1419,Laura       Martin
1420,William L. Shirer
1421,Nick Hornby
1422,Jeff Smith
1422,Steve Hamaker
1423,Stephen King
1424,Lee Child
1425,Kami Garcia
1425,Margaret Stohl
1425,Paz Pruneda
1426,Jodi Picoult
1427,Joe Hill
1428,Jeff Kinney
1429,Brent Weeks
1430,Lauren Weisberger
1431,Brian Jacques
1432,Karl Marx
1432,Friedrich Engels
1432,Gareth Stedman Jones
1433,Ruth Ware
1434,James Fenimore Cooper
1435,William Styron
1436,Sophie Kinsella
1437,Julie Kagawa
1438,Bruce H. Wilkinson
1439,Karen Thompson Walker
1440,Mitch Albom
1441,Julia Child
1441,Alex Prud''Homme
1442,Graeme Simsion
1443,Amish Tripathi
1444,Charles Bukowski
1445,Wendelin Van Draanen
1446,Travis Bradberry
1446,Jean Greaves
1446,Patrick Lencioni
1447,Robert McCloskey
1448,Douglas Preston
1448,Lincoln Child
1449,Bill Bryson
1450,Jim Butcher
1451,Robert Kirkman
1452,Shannon Hale
1453,Nicola Yoon
1453,David Yoon
1454,George Bernard Shaw
1455,Barbara Kingsolver
1479,Jim Butcher
1456,Brandon Mull
1457,Helen Fielding
1458,Louis de Bernières
1459,Nicholas Sparks
1460,Bill Bryson
1461,Arthur Conan Doyle
1462,Adam Johnson
1463,David Eddings
1464,Marjane Satrapi
1464,Mattias Ripa
1464,Blake Ferris
1464,Anjali Singh
1465,Chaim Potok
1466,Irving Stone
1466,שמואל שניצר
1467,Carlos Ruiz Zafón
1467,Lucia Graves
1468,Cecelia Ahern
1469,Peggy Parish
1469,Fritz Siebel
1470,Jodi Ellen Malpas
1471,W. Bruce Cameron
1472,Sabaa Tahir
1473,J.R. Ward
1474,Helene Wecker
1475,أحلام مستغانمي
1475,Ahlam Mosteghanemi
1476,Lemony Snicket
1476,Brett Helquist
1477,Charles Dickens
1477,Nicola Bradbury
1477,Hablot Knight Browne
1478,Esphyr Slobodkina
1480,Tamora Pierce
1481,Audrey Niffenegger
1482,Anita Diamant
1483,J.R. Ward
1484,Dan Simmons
1485,James Ellroy
1486,Lewis Carroll
1486,John Tenniel
1486,Peter Glassman
1487,Jung Chang
1488,P.D. Eastman
1489,Laura Ingalls Wilder
1489,Garth Williams
1490,Stephen King
1491,Guillermo del Toro
1491,Chuck Hogan
1492,Emily Dickinson
1492,Thomas H. Johnson
1493,Fred Gipson
1494,Steve Martin
1495,Frank Warren
1496,George R.R. Martin
1497,Mary Norton
1497,Beth Krush
1497,Joe Krush
1498,Stephen King
1499,Jodi Picoult
1500,Haruki Murakami
1500,Alfred Birnbaum
1501,Philippa Gregory
1594,Jennifer Crusie
1502,Laini Taylor
1503,Tom Robbins
1504,John Flanagan
1505,Alexandra Bracken
1506,Paulo Coelho
1506,Margaret Jull Costa
1507,Norman Vincent Peale
1508,Ruth Ware
1509,Edith Wharton
1509,Nina Bawden
1510,Hiro Mashima
1510,William Flanagan
1511,Patrick Rothfuss
1511,Nate  Taylor
1512,Solomon Northup
1513,J.R. Ward
1514,Nathaniel Philbrick
1515,Ayaan Hirsi Ali
1516,Nassim Nicholas Taleb
1517,Justin Cronin
1518,Aleksandr Solzhenitsyn
1518,H.T. Willetts
1519,Neal Stephenson
1520,Walter M. Miller Jr.
1521,Sophocles
1521,J.E. Thomas
1523,Lauren DeStefano
1524,J.D. Vance
1525,Robert Jordan
1526,Stephen Crane
1527,Randall Munroe
1528,Steven Erikson
1529,Paulo Coelho
1530,Madeleine L'Engle
1531,Suzanne Collins
1532,Jodi Picoult
1533,Anne Rice
1534,David Baldacci
1535,James Patterson
1536,Terry Goodkind
1537,Philippa Gregory
1538,Anne Tyler
1539,Colson Whitehead
1540,Melissa de la Cruz
1541,Julie Kagawa
1542,Cora Carmack
1543,John Grisham
1544,J.M. Coetzee
1545,A.A. Milne
1545,Ernest H. Shepard
1546,Brent Weeks
1547,Sue Monk Kidd
1548,Arnold Lobel
1549,Lemony Snicket
1549,Brett Helquist
1550,Ally Carter
1551,B.A. Paris
1552,Michael Shaara
1553,Laurell K. Hamilton
1554,Jonathan Stroud
1555,H.G. Wells
1556,Jennifer L. Armentrout
1557,Dave Eggers
1558,Sharon M. Draper
1559,Lauren Kate
1560,Amanda Hocking
1561,Boris Pasternak
1561,Max Hayward
1561,Manya Harari
1561,John Bayley
1562,Colleen Hoover
1563,Blake Crouch
1564,Michael Crichton
1565,P.D. James
1566,Edith Wharton
1567,Jane Hamilton
1567,Frank  Muller
1567,C.J. Critt
1568,Colleen Hoover
1569,O. Henry
1569,Lisbeth Zwerger
1570,Tom Wolfe
1571,William S. Burroughs
1571,James Grauerholz
1571,Barry  Miles
1572,Neil Gaiman
1572,Kelley Jones
1572,Charles Vess
1572,Colleen Doran
1572,Malcolm Jones III
1572,Steve Erickson
1573,John Grisham
1574,Ursula K. Le Guin
1574,Lech Jęczmyk
1575,John Green
1575,Maureen Johnson
1575,Lauren Myracle
1576,Stephen King
1577,Atul Gawande
1578,Dean Koontz
1579,Chelsea Handler
1580,Henrik Ibsen
1580,Michael   Meyer
1581,James A. Michener
1582,Richard Yates
1583,Rachel Cohn
1583,David Levithan
1584,Tom Stoppard
1584,Henry Popkin
1585,Maggie Stiefvater
1586,Alex Garland
1587,Beth Hoffman
1587,Jenna Lamia
1588,Charlaine Harris
1589,Stephen King
1590,Beverly Cleary
1591,Ursula K. Le Guin
1592,Michael Crichton
1593,Raymond E. Feist
1595,Nelson Mandela
1596,John Grisham
1597,Bryce Courtenay
1598,Dashiell Hammett
1599,Kristin Hannah
1600,Lee Child
1601,Daniel Goleman
1602,Jim Butcher
1603,Munro Leaf
1603,Robert Lawson
1604,Ellen Hopkins
1605,Walter Scott
1606,Janet Evanovich
1607,Michael Connelly
1608,Kiersten White
1609,Mark Cotta Vaz
1610,Adriana Trigiani
1611,Brandon Mull
1612,Nora Roberts
1612,MacLeod Andrews
1613,Haruki Murakami
1613,Philip Gabriel
1614,Jenny Han
1615,Andre Agassi
1615,J.R. Moehringer
1616,Anthony Horowitz
1686,David Eddings
1686,Leigh Eddings
1617,Lee Child
1617,Dick Hill
1618,Francine Rivers
1618,Richard Ferrone
1619,Stephenie Meyer
1620,Philip K. Dick
1621,Daniel H. Pink
1622,Mark Twain
1623,Jeph Loeb
1623,Tim Sale
1623,Gregory Wright
1623,Richard Starkings
1624,Jean-Paul Sartre
1624,Lloyd Alexander
1624,Hayden Carruth
1625,John Eldredge
1626,Brandon Mull
1627,Janet Evanovich
1628,Hugh Howey
1629,Ursula K. Le Guin
1630,Jim Butcher
1631,Arthur Conan Doyle
1631,Peter Ackroyd
1631,Ed Glinert
1632,Jan Brett
1633,Anne Rice
1634,Michael Scott
1635,Doreen Cronin
1635,Betsy Lewin
1636,Patricia Briggs
1637,Kendare Blake
1638,Terry Goodkind
1638,Dick Hill
1639,Avi
1640,Robert Goolrick
1641,Ray Bradbury
1642,Toni Morrison
1643,Tom Clancy
1644,Leif Enger
1645,Chuck Palahniuk
1646,Orson Scott Card
1647,أحمد مراد
1648,Janette Sebring Lowrey
1648,Gustaf Tenggren
1649,Maeve Binchy
1650,Jack London
1651,Tahereh Mafi
1652,Ally Carter
1653,Patricia Briggs
1654,Jim Butcher
1655,Kate Jacobs
1656,James Herriot
1657,David Foster Wallace
1659,John Wyndham
1660,Patrick deWitt
1660,Marcelo Barbão
1661,Shilpi Somaya Gowda
1687,Frank Herbert
1662,Roald Dahl
1662,Quentin Blake
1663,Paulo Coelho
1663,Montserrat Mira
1664,Virginia Woolf
1665,Brandon Sanderson
1666,William Shakespeare
1666,Katherine Duncan-Jones
1667,Sarah Dessen
1668,Leigh Bardugo
1669,Maureen Johnson
1670,Ron Hall
1670,Denver Moore
1670,Lynn Vincent
1671,Rainbow Rowell
1672,Tracy Kidder
1673,Jodi Ellen Malpas
1674,Mark  Lawrence
1675,Jane Hamilton
1676,Kurt Vonnegut Jr.
1677,Michael Crichton
1678,Nancy Farmer
1679,Walt Whitman
1680,Nora Roberts
1681,D.H. Lawrence
1681,Doris Lessing
1681,Chester Brown
1682,Lev Grossman
1683,Michael   Lewis
1684,George S. Clason
1688,Elizabeth Strout
1688,Goran Skrobonja
1689,Sarah Addison Allen
1690,Jim Butcher
1691,Frederick Douglass
1692,Greg Behrendt
1692,Liz Tuccillo
1693,David Eddings
1694,Janet Evanovich
1695,Rudyard Kipling
1695,Alev Lytle Croutier
1696,Rachel Caine
1697,John Eldredge
1697,Stasi Eldredge
1698,Peter David
1698,Robin Furth
1698,Jae Lee
1698,Richard Isanove
1698,Stephen King
1699,Kate Morton
1700,Ruth Ozeki
1701,Tucker Max
1702,Jay Crownover
1702,Charlotte Connan de vries
1703,Haruki Murakami
1703,Philip Gabriel
1704,Kurt Vonnegut Jr.
1705,Robert B. Cialdini
1706,Edgar Allan Poe
1706,Stephen Marlowe
1707,Louise Fitzhugh
1708,Sarah Waters
1709,Dean Koontz
1710,Bill Bryson
1711,Marian Keyes
1712,Louise Penny
1713,Marian Keyes
1714,Amy Tan
1715,John Ajvide Lindqvist
1716,Pittacus Lore
1717,Edgar Allan Poe
1717,Benjamin F. Fisher
1718,Ann Brashares
1719,Dean Koontz
1720,Morgan Matson
1721,Oswald Chambers
1722,Terry Pratchett
1723,Diana Gabaldon
1724,Andrea Cremer
1725,Lewis Carroll
1725,John Tenniel
1726,Cornelia Funke
1727,Douglas Adams
1728,Naomi Novik
1729,Neal Stephenson
1730,Ernest Cline
1731,Peter V. Brett
1732,Agatha Christie
1733,John Grisham
1734,Alfred Lansing
1735,Meg Cabot
1736,Blake Crouch
1737,Victoria Aveyard
1738,Rebecca Stead
1739,Tom Wolfe
1740,Judy Blume
1741,Agatha Christie
1742,Phyllis Reynolds Naylor
1743,Leigh Bardugo
1744,Jo Nesbø
1744,Don Bartlett
1745,Scott Westerfeld
1746,James Patterson
1747,Stephen Kendrick
1747,Alex Kendrick
1748,Jennifer Weiner
1749,Ben Sherwood
1750,Dale Carnegie
1751,Nora Roberts
1752,Barbara Kingsolver
1753,Rebecca Donovan
1754,Cassandra Clare
1755,Sidney Sheldon
1756,M.C. Escher
1756,Bruce Brooks Pfeiffer
1757,Donna Woolfolk Cross
1758,Sebastian Faulks
1759,Terry Goodkind
1760,Brandon Mull
1761,Joshua Foer
1762,Sue Miller
1763,James Patterson
1763,Maxine Paetro
1764,Eoin Colfer
1765,Norman Bridwell
1766,Kristin Cashore
1767,Jandy Nelson
1768,Terry Pratchett
1769,Katy Evans
1770,Joe Hill
1771,Anne Brontë
1771,Stevie Davies
1772,Walter Farley
1772,Keith Ward
1773,S.C. Stephens
1774,Lemony Snicket
1774,Brett Helquist
1775,Tomie dePaola
1776,R.L. Mathewson
1777,David Bayles
1777,Ted Orland
1778,Hayden Herrera
1779,Kelley Armstrong
1780,C.C. Hunter
1781,Mo Willems
1782,Maggie Stiefvater
1783,Henry James
1783,Patricia Crick
1784,Edgar Allan Poe
1784,Gustave Doré
1785,Charlotte Perkins Gilman
1786,Noah Hawley
1787,محمد صادق
1788,Bill Watterson
1789,Sarah Dessen
1790,B.A. Shapiro
1791,Shannon Hale
1792,Chimamanda Ngozi Adichie
1793,Chetan Bhagat
1794,Sara Gruen
1795,Richard Bachman
1795,Stephen King
1796,Marilynne Robinson
1797,Thomas Pynchon
1798,Ken Follett
1799,Rachel Hawkins
1800,Philip K. Dick
1800,David Alabort
1800,Manuel Espín
1801,Terry Brooks
1802,Thomas Harris
1803,L.J. Smith
1804,Liane Moriarty
1805,L.J. Smith
1806,Ann-Marie MacDonald
1807,Maggie Stiefvater
1808,Pierce Brown
1809,Brian Jacques
1810,Jenny  Lawson
1811,Janet Evanovich
1812,Raymond E. Feist
1813,Tracey Garvis-Graves
1814,Lisa Genova
1815,Miep Gies
1815,Alison Leslie Gold
1816,John Scalzi
1817,Clive Cussler
1818,Jeaniene Frost
1819,Liane Moriarty
1820,Michael  Grant
1821,Janet Evanovich
1822,Chetan Bhagat
1823,Michael Bond
1823,Peggy Fortnum
1824,Sara Shepard
1825,Beverly Cleary
1826,Nelson DeMille
1827,Lemony Snicket
1827,Brett Helquist
1828,Rumiko Takahashi
1829,David Seltzer
1830,Alyson Noel
1831,David Baldacci
1832,Tom Rob Smith
1833,Nancy E. Turner
1834,Liane Moriarty
1835,Paulo Coelho
1835,Amanda Hopkinson
1835,Nick Caistor
1836,Audrey Penn
1836,Ruth E. Harper
1836,Nancy M. Leak
1837,Hugh Howey
1838,Lee Child
1839,John Elder Robison
1840,Sherrilyn Kenyon
1841,James Patterson
1841,Gabrielle Charbonnet
1842,Jodi Picoult
1843,Curtis Sittenfeld
1844,Anthony Kiedis
1844,Larry Sloman
1845,Margaret Atwood
1845,Brigitte Walitzek
1846,Sylvia Day
1847,Richard Bach
1848,Gail Carriger
1849,Gayle Forman
1850,Lisa McMann
1851,Siddhartha Mukherjee
1852,Ellen Hopkins
1853,Gabriel García Márquez
1853,Edith Grossman
1854,Jeffrey Archer
1855,Deepak Chopra
1856,Augusten Burroughs
1857,Tamora Pierce
1858,James Patterson
1858,Andrew Gross
1859,Anne Lamott
1860,Kerstin Gier
1860,Anthea Bell
1861,Alyson Noel
1862,Timothy Zahn
1863,Tamora Pierce
1864,Robin Cook
1865,Louise L. Hay
1866,Emma Straub
1867,Oliver Pötzsch
1867,Lee Chadeayne
1868,Richard Matheson
1869,Patricia C. Wrede
1869,Peter de Sève
1870,Lee Child
1871,John Sandford
1872,Tami Hoag
1873,Michael Chabon
1874,Melanie Benjamin
1875,David Shannon
1876,Lee Child
1877,William Strunk Jr.
1877,E.B. White
1878,Henry James
1879,Jennifer Weiner
1880,R.A. Salvatore
1881,Larry Niven
1881,Jerry Pournelle
1882,Jo Nesbø
1882,Don Bartlett
1883,John  Williams
1883,John McGahern
1884,David Cote
1884,Stephen Schwartz
1884,Joan Marcus
1884,Winnie Holzman
1885,William Shakespeare
1886,Garth Ennis
1886,Steve Dillon
1886,Joe R. Lansdale
1887,Edmond Rostand
1887,Eteel Lawson
1887,Lowell Bair
1888,Anne Fadiman
1889,Patricia Briggs
1890,Richelle Mead
1891,Karen Marie Moning
1892,Kate Atkinson
1893,J. Kenner
1894,Sophie Kinsella
1895,Neil Gaiman
1895,Steve Parkhouse
1895,Chris Bachalo
1895,Michael Zulli
1895,Mike Dringenberg
1895,Malcolm Jones III
1895,Todd Klein
1895,Clive Barker
1896,Eleanor H. Porter
1897,Dave Pelzer
1898,Hugh Howey
1899,Jodi Picoult
1900,Stephen King
1901,Karen Marie Moning
1902,John Grisham
1903,Lois Lowry
1904,Neil Gaiman
1904,J.H. Williams III
1904,Dave Stewart
1904,Todd Klein
1905,Anthony  Ryan
1906,Simone Elkeles
1907,Howard Pyle
1908,Bret Easton Ellis
1909,Lawrence Hill
1910,Anonymous
1910,Richard Francis Burton
1910,A.S. Byatt
1911,Tana French
1912,Lily King
1913,Marian Keyes
1914,Isaac Asimov
1915,Haruki Murakami
1916,Beverly Cleary
1916,Louis Darling
1916,Tracy Dockray
1917,Carrie Ryan
1918,Terry Brooks
1919,Rachel Cohn
1919,David Levithan
1920,Eleanor Catton
1921,Laura Joffe Numeroff
1921,Felicia Bond
1922,Dean Koontz
1923,David Sedaris
1924,Terry Pratchett
1925,Frank E. Peretti
1926,Chip Heath
1926,Dan Heath
1927,Piers Paul Read
1928,Zadie Smith
1929,Joyce Meyer
1930,Nora Roberts
1932,J.R. Ward
1933,أثير عبدالله النشمي
1934,Richard Castle
1935,Amazon
1936,John Irving
1937,C.S. Lewis
1938,Roald Dahl
1938,Quentin Blake
1939,Laura Joffe Numeroff
1939,Felicia Bond
1940,Iain Banks
1941,Marisha Pessl
1942,Rob Lowe
1943,Kevin Kwan
1944,Libba Bray
1945,Karen Marie Moning
1946,Karen Marie Moning
1947,Robert Dugoni
1948,Ransom Riggs
1949,E.M. Forster
1950,Mike Mignola
1950,John Byrne
1951,Michelle Hodkin
1952,Rick Riordan
1953,Alexandre Dumas
1953,Francine du Plessix Gray
1953,Joachim Neugroschel
1954,Shirley Jackson
1954,Laura   Miller
1955,Hunter S. Thompson
1956,Laura Ingalls Wilder
1956,Garth Williams
1957,Dodie Smith
1958,P.C. Cast
1958,Kristin Cast
1959,Janet Evanovich
1960,Charles Bukowski
1961,John Jakes
1962,Patricia Briggs
1963,Robert Ludlum
1964,Robin Hobb
1965,Marie Lu
1966,Nora Roberts
1967,Marcus Aurelius
1967,Martin Hammond
1967,Diskin Clay
1968,Dave Barry
1968,Ridley Pearson
1968,Greg Call
1969,Jared Diamond
1970,A.S. Byatt
1971,Melissa de la Cruz
1972,Tom Clancy
1973,Sigmund Freud
1974,Peter Straub
1975,Lemony Snicket
1975,Brett Helquist
1976,Bill Bryson
1977,Lemony Snicket
1977,Brett Helquist
1978,Mary Karr
1979,Charlaine Harris
1980,Ray Bradbury
1981,Raine Miller
1982,Jeff VanderMeer
1983,Abbi Glines
1984,Margaret Wise Brown
1984,Clement Hurd
1985,Stephen Hawking
1985,Leonard Mlodinow
1986,John Grisham
1987,Richard Bachman
1987,Stephen King
1988,Reza Aslan
1989,Terry Goodkind
1990,Jan-Philipp Sendker
1990,Kevin Wiliarty
1991,Iain M. Banks
1992,David J. Schwartz
1993,Anne Rice
1994,Abbi Glines
1995,George R.R. Martin
1996,Carlo Collodi
1996,John Boyne
1996,Monteiro Lobato
1996,Unknown
1997,Robin LaFevers
1998,Stormie Omartian
1999,Henry Miller
2000,Wally Lamb
2001,Brian Sibley
2002,Leo Tolstoy
2002,Aylmer Maude
2003,Paula McLain
2004,John Steinbeck
2005,Alice Hoffman
2006,Scott Lynch
2007,Cornelia Funke
2008,Susan Ee
2009,Dean Koontz
2010,John Howard Griffin
2011,Chuck Palahniuk
2012,James Patterson
2013,Ian McEwan
2014,Jonathan Kellerman
2015,Robert James Waller
2016,Lee Child
2017,Michael Scott
2018,Hilary Mantel
2019,Rick Riordan
2020,Mark Bittman
2021,Stephenie Meyer
2022,Wassily Kandinsky
2023,Winston Groom
2024,Albert Camus
2024,Justin O''Brien
2025,Tom Robbins
2026,Wilkie Collins
2026,Carolyn G. Heilbrun
2027,Italo Calvino
2027,William Weaver
2028,Gregory Maguire
2028,Douglas Smith
2029,Ian McEwan
2030,Sue Grafton
2031,Patricia Cornwell
2032,Patricia MacLachlan
2033,يوسف زيدان
2034,Christopher Moore
2035,David Sedaris
2035,Ian Falconer
2036,Brené Brown
2037,Ann Patchett
2038,Melissa de la Cruz
2039,Robert McCloskey
2040,Colleen Hoover
2041,Stephen King
2042,Eben Alexander
2043,Terry Pratchett
2044,A.J. Jacobs
2045,Frank Herbert
2046,Emily Giffin
2047,Jean M. Auel
2048,Harlan Coben
2049,Beverly Cleary
2050,L.J. Smith
2051,Katherine Dunn
2052,Sophocles
2052,Dudley Fitts
2052,Elena Bono
2052,Robert Fitzgerald
2053,Robert Penn Warren
2054,Ann Brashares
2055,Harlan Coben
2056,Robert Jordan
2057,John Grisham
2058,Fredrik Backman
2058,Henning Koch
2059,Vince Flynn
2060,Brené Brown
2061,Hannah Kent
2062,Sarah Waters
2063,Peter Mayle
2064,Kate DiCamillo
2064,Bagram Ibatoulline
2065,Jojo Moyes
2066,Martin Cruz Smith
2067,Tara Conklin
2068,Karen Hesse
2069,Meg Cabot
2070,Jeff Kinney
2071,Elizabeth Wein
2072,Ellen Hopkins
2073,Sidney Sheldon
2074,Patricia Cornwell
2075,Meg Cabot
2076,Anonymous
2076,N.K. Sandars
2077,Anna Godbersen
2078,Beatrix Potter
2079,Philip Roth
2080,Elizabeth Gilbert
2081,Jim Butcher
2082,Anonymous
2083,Gena Showalter
2084,Neal Stephenson
2085,Barbara Kingsolver
2086,Terry Pratchett
2087,Elizabeth Berg
2088,Jeannette Walls
2089,John Irving
2090,Laurell K. Hamilton
2091,Nora Roberts
2092,Ellen Hopkins
2093,Roberto Aguirre-Sacasa
2093,Mike Perkins
2093,Laura       Martin
2093,Stephen King
2094,Janet Evanovich
2094,Lorelei King
2095,Dr. Seuss
2096,Bill Martin Jr.
2096,Eric Carle
2097,Hermann Hesse
2098,Kurt Vonnegut Jr.
2099,Yoshiki Nakamura
2099,Tomo Kimura
2100,Frank Miller
2101,J.K. Rowling
2101,Mary GrandPré
2102,Paolo Bacigalupi
2103,Oscar Wilde
2103,Richard Allen Cave
2104,Stephanie Perkins
2106,Jodi Ellen Malpas
2107,Irène Némirovsky
2107,Sandra Smith
2108,Vincent van Gogh
2108,Ronald de Leeuw
2108,Mark Roskill
2108,Arnold J. Pomerans
2109,Terry Pratchett
2110,Bryan Lee O'Malley
2111,Grant Morrison
2111,Dave McKean
2112,Jenny Han
2113,David Baldacci
2114,Hillary Jordan
2115,Mark Bowden
2116,V.E. Schwab
2116,Victoria Schwab
2117,David Grann
2118,Brandon Sanderson
2119,Trudi Canavan
2120,Michael Scott
2121,Lee Child
2122,Patricia McCormick
2123,Roald Dahl
2123,Quentin Blake
2124,Jane Smiley
2125,Lloyd Alexander
2126,Patricia Briggs
2127,Ian Falconer
2128,Kent Haruf
2129,Daniel Clowes
2130,Amanda Hocking
2131,Ivan Turgenev
2131,George Reavy
2131,Jane Costlow
2132,Eliyahu M. Goldratt
2132,Jeff Cox
2133,Geraldine Brooks
2134,Claudia Gray
2135,Lee Child
2136,Karen Joy Fowler
2137,Ian McEwan
2138,Janet Evanovich
2139,Ashlee Vance
2140,James S.A. Corey
2141,Rebecca Donovan
2142,Homer
2142,Robert Fagles
2142,Bernard Knox
2143,Mark Waid
2143,Alex Ross
2143,Elliot S. Maggin
2144,Henri Charrière
2145,Sarah Waters
2146,Chris Colfer
2146,Brandon Dorman
2147,David Ebershoff
2148,Walter Dean Myers
2149,George R.R. Martin
2150,Patricia Cornwell
2151,Brian K. Vaughan
2151,Fiona Staples
2152,Sara Shepard
2153,Jessica Sorensen
2154,Kevin Hearne
2155,Stephen King
2156,Kim Stanley Robinson
2157,Charlotte Perkins Gilman
2157,Elaine Hedges
2158,H.G. Wells
2158,Alfred MacAdam
2159,Nora Roberts
2161,Morgan Matson
2162,Steve Martin
2163,Heidi Murkoff
2163,Arlene Eisenberg
2163,Sandee Hathaway
2164,John Flanagan
2165,Marian Keyes
2166,Peter Thiel
2166,Blake  Masters
2167,Sarah J. Maas
2168,Charles Dickens
2168,Katharine Kroeber Wiley
2169,Gillian Flynn
2170,Neil Gaiman
2171,Amish Tripathi
2172,Kurt Vonnegut Jr.
2173,Jim Gaffigan
2174,David McCullough
2175,Ron Chernow
2176,Dr. Seuss
2176,Various
2177,Nikolai Gogol
2177,Robert A. Maguire
2178,Elle Kennedy
2179,Kiera Cass
2180,David Baldacci
2181,Arlene Mosel
2181,Blair Lent
2182,L.J. Smith
2183,Tina Reber
2184,James Patterson
2185,Penelope Douglas
2186,Alison Weir
2187,Yevgeny Zamyatin
2187,Clarence Brown
2188,Barbara Kingsolver
2189,John Scalzi
2190,Alan Paton
2191,Brian Froud
2191,Alan Lee
2192,Gregory Maguire
2193,Nick Hornby
2372,Nora Roberts
2194,Cassandra Clare
2195,Cornelia Funke
2196,Isaac Asimov
2197,Thomas Hardy
2198,David Eddings
2199,Shirley Jackson
2200,Margaret Peterson Haddix
2201,Aprilynne Pike
2202,Cecily von Ziegesar
2203,Frederick Forsyth
2204,Elizabeth Strout
2205,Yuval Noah Harari
2206,Chelsea Handler
2206,Johnny Kansas
2206,Stephanie Stehling
2206,Heather McDonald
2206,Roy Handler
2206,Brad Wollack
2206,Amber Mazzola
2206,Josh Wolf
2206,Shoshanna Handler
2206,Eva Magdalenski
2206,Amy Meyer
2206,Glen Handler
2206,Dave Mallow
2206,Sarah Colonna
2207,Tana French
2208,M. Leighton
2209,William Shakespeare
2210,Ursula K. Le Guin
2211,Henning Mankell
2211,Steven T. Murray
2212,John Grisham
2213,Dean Koontz
2214,James Patterson
2214,Keith David
2214,Anthony Heald
2215,Judy Blume
2216,Shari Lapena
2217,Cynthia Hand
2218,Ann Leckie
2219,Terry Goodkind
2220,James C. Collins
2220,Jerry I. Porras
2221,Allen Eskens
2222,Eric Wilson
2223,Jack Higgins
2224,Laurell K. Hamilton
2225,David Wong
2226,Carl Sagan
2226,Ann Druyan
2227,Lucy Christopher
2228,Stanisław Lem
2229,Elizabeth Wurtzel
2230,Lloyd Alexander
2231,Daniel J. Levitin
2232,Mitch Albom
2233,Augusten Burroughs
2234,Anna Quindlen
2235,Agatha Christie
2236,Anonymous
2237,J.R. Ward
2238,Julia Quinn
2239,Margaret Weis
2239,Tracy Hickman
4146,Michelle Moran
2240,Lorraine Hansberry
2241,Richard K. Morgan
2242,Tom Clancy
2243,A.J. Banner
2244,Brian K. Vaughan
2244,Fiona Staples
2245,Lee Child
2246,Michael   Lewis
2247,Jean-Dominique Bauby
2247,Jeremy Leggatt
2248,Bill O''Reilly
2248,Martin Dugard
2249,John Grisham
2250,Bill Bryson
2252,Frank McCourt
2253,Charles C. Mann
2254,Marissa Meyer
2255,Kay Redfield Jamison
2256,Sarah  Young
2257,Edward Albee
2258,Andrzej Sapkowski
2259,Umberto Eco
2259,William Weaver
2260,Don Freeman
2261,James Patterson
2261,Maxine Paetro
2262,Jacqueline Carey
2263,Eric Metaxas
2264,Janet Evanovich
2265,Michael  Grant
2266,A.W. Tozer
2267,Julie Kagawa
2268,Jacqueline Winspear
2269,Raymond E. Feist
2270,Ann Brashares
2271,Terry Pratchett
2272,Stieg Larsson
2272,Reg Keeland
2273,Dot Hutchison
2274,Tom Robbins
2275,Jeaniene Frost
2276,R.K. Lilley
2277,James Patterson
2278,Meg Cabot
2279,Bill Bryson
2280,David Levithan
2281,Wally Lamb
2282,James Patterson
2283,Alexandra Adornetto
2284,Kiran Desai
2285,Raymond E. Feist
2286,Johann Wolfgang von Goethe
2286,Burton Pike
2287,Jeaniene Frost
2288,Alexandra Fuller
2289,Robin McKinley
2290,Jonathan Safran Foer
2291,Angie Sage
2291,Mark Zug
2292,سعود السنعوسي
2292,Saud Alsanousi
2293,Rae Carson
2294,Ann Aguirre
2295,Dava Sobel
2295,Neil Armstrong
2296,Patricia Cornwell
2297,Johann Wolfgang von Goethe
2297,Peter Salm
2298,James W. Loewen
2299,Robin Hobb
2300,Joe Hill
2300,Gabriel Rodríguez
2301,Patrick Ness
2302,Alexandra Ripley
2303,Laurell K. Hamilton
2304,F. Scott Fitzgerald
2305,Blaine Harden
2306,Kim Harrison
2307,Curtis Sittenfeld
2308,Sarah Thornton
2309,J.R.R. Tolkien
2309,Christopher Tolkien
2309,Alan Lee
2310,Dave Ramsey
2311,Richard Atwater
2311,Florence Atwater
2311,Robert Lawson
2312,Orson Scott Card
2313,Lev Grossman
2314,William Faulkner
2315,E.B. White
2315,Fred Marcellino
2316,George Saunders
2317,Sherrilyn Kenyon
2318,Thomas J. Stanley
2318,William D. Danko
2319,Ally Carter
2320,Bob Dylan
2321,Bill Bryson
2322,Lisa See
2323,Sidney Sheldon
2324,Laura Ingalls Wilder
2324,Garth Williams
2325,Iain M. Banks
2326,George Selden
2326,Garth Williams
2327,Patrick Lencioni
2328,William S. Burroughs
2328,Oliver  Harris
2328,Allen Ginsberg
2329,Roger Fisher
2329,William Ury
2329,Bruce Patton
2330,R.K. Lilley
2331,Colleen Hoover
2332,Kerry Lonsdale
2333,Samantha Towle
2334,Madeline Miller
2335,Amy Schumer
2336,Krishna-Dwaipayana Vyasa
2336,Simon Brodbeck
2336,Juan Mascaró
2337,Paul Auster
2337,Art Spiegelman
2338,Pam Muñoz Ryan
2339,J.D. Salinger
2340,Candace Bushnell
2341,Laurell K. Hamilton
2342,Friedrich Nietzsche
2342,R.J. Hollingdale
2342,Michael Tanner
2343,Christopher Paul Curtis
2344,Charles Bukowski
2345,Julie Kagawa
2346,Dave Cullen
2347,Anne Rice
2348,Laila Ibrahim
2349,Mark Owen
2349,Kevin Maurer
2350,Laura Moriarty
2351,Patricia Cornwell
2352,Richard Bachman
2352,Stephen King
2353,Neil Gaiman
2353,Matt Wagner
2353,George Pratt
2353,Dick Giordano
2353,Kelley Jones
2353,P. Craig Russell
2353,Mike Dringenberg
2353,Malcolm Jones III
2353,Todd Klein
2353,Harlan Ellison
2354,James Patterson
2354,Andrew Gross
2355,George Eliot
2356,Jennifer L. Armentrout
2357,Michael Pollan
2358,Kami Garcia
2358,Margaret Stohl
2359,Kate Morton
2360,Clare Mackintosh
2361,Robert Louis Stevenson
2362,H.G. Bissinger
2363,David Sheff
2364,Abbi Glines
2365,Edgar Allan Poe
2366,Ovid
2366,David Raeburn
2366,Denis Feeney
2367,Julia Alvarez
2368,Robert Morgan
2369,Jennifer L. Armentrout
2370,Bo Hampton
2370,Tracey Hampton
2370,Washington Irving
2371,Jen Lancaster
2373,Karin Slaughter
2374,Wallace Stegner
2375,John le Carré
2376,Brian Jacques
2377,Veronica Rossi
2378,Elin Hilderbrand
2379,James Frey
2380,Tennessee Williams
2381,James Patterson
2382,Robin Hobb
2383,David Baldacci
2384,Michael Connelly
2385,Tad Williams
2386,Marjane Satrapi
2387,Jan Karon
2388,Tony Hsieh
2389,Anthony Horowitz
2390,Erika Johansen
2391,Gordon Korman
2392,Holly Black
2393,Lee Child
2394,L.J. Smith
2395,Colleen Hoover
2395,Tarryn Fisher
2396,Elizabeth Haynes
2397,Richard Lancelyn Green
2397,Ronald Knox
2397,Julian Symons
2397,Various
2398,James Patterson
2399,Terry Goodkind
2400,James Rollins
2401,Harlan Coben
2402,Sara Shepard
2403,E.M. Forster
2403,Oliver Stallybrass
2403,Pankaj Mishra
2404,Rachel Hartman
2405,Nora Roberts
2406,Jean M. Auel
2407,Jim Butcher
2408,Erich Segal
2409,Kevin Henkes
2410,Wendy Higgins
2411,Herman Wouk
2412,Stephen King
2412,Jae Lee
2413,Bernard Cornwell
2414,Michael E. Gerber
2415,James Howe
2415,Deborah Howe
2415,Alan Daniel
2438,Simms Taback
2416,R.A. Salvatore
2417,Amanda Hocking
2418,Jussi Adler-Olsen
2418,Lisa Hartford
2419,Gabriel García Márquez
2420,Rick Riordan
2421,Oliver Sacks
2422,Stephen King
2423,Christopher Moore
2424,John Connolly
2425,Bill Clinton
2426,Frank Miller
2426,Lynn Varley
2427,Linda Sue Park
2428,Ally Carter
2429,Lee Child
2430,Charlaine Harris
2431,Jo Nesbø
2431,Don Bartlett
2432,Nora Roberts
2433,Jodi Picoult
2434,Nobuhiro Watsuki
2434,Kenichiro Yagi
2435,Miranda Kenneally
2436,Joe Simpson
2437,Colleen Hoover
2439,Dan Millman
2440,Salman Rushdie
2441,Barbara Demick
2442,Jack Welch
2442,Suzy Welch
2443,Gail McHugh
2444,Jonah Lehrer
2445,Laurie R. King
2446,Jean de Brunhoff
2446,Merle S. Haas
2447,Michael Scott
2448,Jim Butcher
2449,Tom Rachman
2450,Katja Millay
2451,Marjane Satrapi
2451,Anjali Singh
2452,Terry Pratchett
2453,Raymond E. Feist
2454,Jenny Downham
2455,Elizabeth Gilbert
2456,Sarah Dessen
2457,Veronica Roth
2458,Terry Goodkind
2459,Julia Child
2459,Simone Beck
2459,Louisette Bertholle
2460,Kazue Kato
2460,John Werry
2461,Terry Goodkind
2462,Mohsin Hamid
2463,Jennifer A. Nielsen
2464,John Updike
2465,Daniel Todd Gilbert
2466,T.S. Eliot
2467,Else Holmelund Minarik
2467,Maurice Sendak
2468,Edgar Allan Poe
2469,Terry Pratchett
2470,Terry Pratchett
2471,Naomi Novik
2472,Holly Black
2472,Tony DiTerlizzi
2473,David Platt
2474,Robert Greene
2474,Joost Elffers
2475,Jean Craighead George
2476,Susanna Kearsley
2476,Rosalyn Landor
2477,Peter Lerangis
2478,Robin Cook
2479,Hubert Selby Jr.
2479,Darren Aronofsky
2479,Richard Price
2480,Erin Hunter
2481,Dee Brown
2482,Władysław Szpilman
2482,Anthea Bell
2483,Maya Banks
2484,Ian Edginton
2484,Oscar Wilde
2484,I.N.J. Culbard
2486,Kazuo Ishiguro
2487,China Miéville
2488,Carrie Jones
2489,Terry Pratchett
2490,Geoffrey Crayon
2490,Washington Irving
2490,William L. Hedges
2491,Frank Herbert
2492,David Wilkerson
2492,John Sherrill
2492,Elizabeth Sherrill
2493,Jim Butcher
2494,Chuck Palahniuk
2495,Cynthia Lord
2496,Karen Russell
2497,Michael Connelly
2498,Mark Kurlansky
2499,Charlotte Brontë
2499,A.S. Byatt
2499,Μαρία Λαϊνά
2499,Ignes Sodre
2500,Neal Stephenson
2501,Terry Pratchett
2502,Janet Evanovich
2503,Richard Dawkins
2504,Frank Miller
2505,Og Mandino
2506,Ian Fleming
2507,Paullina Simons
2508,Toni Morrison
2509,A.G. Riddle
2510,Philippa Gregory
2511,Julie James
2512,Dr. Seuss
2513,Stephen King
2513,Peter Straub
2514,Neil Gaiman
2514,Andy Kubert
2514,Richard Isanove
2514,Peter Sanderson
2515,Vince Flynn
2516,Peter Heller
2517,John le Carré
2518,Jim Butcher
2519,James Patterson
2520,Haruki Murakami
2520,村上 春樹
2521,Paulo Coelho
2521,Alan R. Clarke
2522,Lee Child
2523,Sheila Burnford
2524,Geraldine Brooks
2525,Lee Child
2525,Dick Hill
2526,Grant Morrison
2526,Frank Quitely
2527,George R.R. Martin
2528,Nora Roberts
2529,Alyson Noel
2530,Fiona Barton
2531,Patrick Carman
2532,Kiera Cass
2533,Marie Rutkoski
2534,Sapphire
2535,Elena Ferrante
2535,Ann Goldstein
2536,Arthur C. Clarke
2537,Atsushi Ohkubo
2538,William Kent Krueger
2539,David Baldacci
2540,Gene Luen Yang
2541,Eugene Bradley Coco
2541,Ron Dias
2541,Walt Disney Company
2542,K.A. Tucker
2543,David Mitchell
2544,Christopher Marlowe
2545,Sherrilyn Kenyon
2546,Candace Bushnell
2547,James Patterson
2548,Anthony Robbins
2548,Tony Robbins
2548,Frederick L. Covan
2549,Laurell K. Hamilton
2550,Laurell K. Hamilton
2551,Diane Chamberlain
2552,Kurt Vonnegut Jr.
2553,Arthur Conan Doyle
2554,Terry Pratchett
2555,Octavia E. Butler
2556,Laura Ingalls Wilder
2556,Garth Williams
2557,Henry Cloud
2557,John Townsend
2558,Maggie Stiefvater
2559,Philip Roth
2559,Luca Marinelli
2560,John C. Maxwell
2560,Zig Ziglar
2561,Margaret Atwood
2562,J. Sterling
2563,Patrick Ness
2564,Orson Scott Card
2565,Brian Selznick
2566,Sarah Ban Breathnach
2567,Moira Young
2568,James Patterson
2568,Maxine Paetro
2569,Edgar Rice Burroughs
2569,John Seelye
2570,Margaret Atwood
2571,Laura Ingalls Wilder
2571,Garth Williams
2572,Victoria Finlay
2573,John Grisham
2574,Michael Connelly
2575,Kristin Hannah
6182,V.C. Andrews
2576,Christina Lauren
2577,Libba Bray
2578,Ernest J. Gaines
2579,David Sedaris
2580,Nicholas Sparks
2581,Sophie Kinsella
2582,Gene Zion
2582,Margaret Bloy Graham
2583,Jennifer Weiner
2584,George Orwell
2585,Hiro Fujiwara
2586,Nick Bantock
2587,Leigh Bardugo
2588,أحمد خالد توفيق
2589,Jennifer Weiner
2590,Cheryl Strayed
2591,Karen Marie Moning
2592,Ann Rule
2593,Claudia Gray
2594,Michael Crichton
2595,Sidney Sheldon
2596,Michael Connelly
2597,Louis Sachar
2597,Joel Schick
7273,Sonali Deraniyagala
2598,Julie Orringer
2598,Arthur Morey
2599,Pittacus Lore
2600,Thomas Hardy
2600,Keith Wilson
2601,John Steinbeck
2602,Jo Nesbø
2603,Alice Hoffman
2604,Anne Rice
2604,Tim Curry
2605,Laurell K. Hamilton
2607,John Grisham
2608,Tamora Pierce
2609,Ben Aaronovitch
2610,Marian Keyes
2611,Terry Pratchett
2612,Vikram Seth
2613,Chimamanda Ngozi Adichie
2614,Patricia Briggs
2615,Amy Sedaris
2616,William Gibson
2617,Peter  Swanson
2618,Patricia Schultz
2619,Angie Sage
2619,Mark Zug
2620,Roald Dahl
2620,Quentin Blake
2621,Anne Lamott
2622,Vince Flynn
2623,Tamora Pierce
2624,Isaac Asimov
2625,Max Lucado
2626,Renee Ahdieh
2627,Nicholas D. Kristof
2627,Sheryl WuDunn
2628,Daniel Handler
2628,Maira Kalman
2629,Sarah J. Maas
2630,Curtis Sittenfeld
2631,Jim Butcher
2632,Mary Doria Russell
2633,Jodi Picoult
2634,Charlie N. Holmberg
2635,Steve Harvey
2636,Candice Millard
2637,Shirley Jackson
2637,Jonathan Lethem
2638,Emerson Eggerichs
2639,Michael Connelly
2640,Timothy Zahn
2641,Lee Child
2642,Gail Carson Levine
2643,Richard Wright
2643,Jerry W. Ward Jr.
2644,Lalita Tademy
2645,Terry Goodkind
2646,Isaac Asimov
2647,James D. Bradley
2647,Ron Powers
2648,A.A. Milne
2648,Ernest H. Shepard
2649,Mahatma Gandhi
2650,Lance Armstrong
2650,Sally Jenkins
2651,Stephen E. Ambrose
2652,Helen Macdonald
2653,David Nicholls
2654,R.A. Salvatore
2655,Christopher Yost
2655,Orson Scott Card
2655,Pasqual Ferry
2655,Frank D''Armata
2656,Karuho Shiina
2656,Tomo Kimura
2657,Dean Koontz
2658,Terry Pratchett
2659,C.J. Roberts
2660,James Allen
2661,Mary Roach
2662,Rachel Caine
2663,Nina George
2663,Simon Pare
2664,Ian McEwan
2665,Abbi Glines
2666,Tom Clancy
2667,Ann Voskamp
2668,Robert Bloch
2669,Robin Hobb
2670,Alistair MacLean
2670,Clint Willis
2671,Maeve Binchy
2672,Rupi Kaur
2673,Tom Clancy
2674,Neil Gaiman
2675,Rosamund Lupton
2676,Liu Cixin
2676,Ken Liu
2677,Terry Pratchett
2678,Mark Millar
2678,Kilian Plunkett
2678,Andrew Robinson
2678,Walden Wong
2678,Dave Johnson
2679,Julia Glass
2680,Benjamin Franklin
2680,Lewis Leary
2681,Timothy J. Keller
2682,Mark  Lawrence
2683,Jeffrey Archer
2684,Meg Cabot
2685,Sara Shepard
2686,W. Chan Kim
2686,Renée Mauborgne
2687,James Patterson
7412,Tyler Oakley
2688,Sarah Addison Allen
2689,Audrey Wood
2689,Don    Wood
2690,Matthew FitzSimmons
2691,Christopher Moore
2692,Jamie McGuire
2693,Vernor Vinge
2694,Eckhart Tolle
2695,Caroline B. Cooney
2696,Robert Lopshire
2697,Sophie Jordan
2698,Italo Calvino
2698,William Weaver
2699,Jessica Park
2700,Richard Flanagan
2701,A.N. Roquelaure
2701,Anne Rice
2702,Jennifer Worth
2703,Hunter S. Thompson
2704,Jennifer Weiner
2705,L.J. Smith
2706,Susan Elizabeth Phillips
2707,Michael   Lewis
2708,Jennifer Weiner
2709,Stendhal
2709,Roger Gard
2778,Lauren Barnholdt
2710,Philippa Gregory
2711,Catherine Fisher
2712,C.C. Hunter
2713,Bev Vincent
2714,Josephine Angelini
2715,Alyson Noel
2716,N.H. Kleinbaum
2717,Emily Bleeker
2718,Terry Pratchett
2719,John Flanagan
2720,Paramahansa Yogananda
2721,Kevin Hearne
2722,Alvin Schwartz
2722,Stephen Gammell
2723,Harlan Coben
2724,John Hersey
2725,Jennifer Brown
2726,Kasie West
2727,Karen Armstrong
2728,James S.A. Corey
2729,Pablo Neruda
2729,W.S. Merwin
2729,Cristina García
2730,Tom Clancy
2731,David Shannon
2732,Thomas More
2732,Paul Turner
2733,Pseudonymous Bosch
2733,Gilbert Ford
2734,Danielle  Paige
2735,Dean Koontz
2736,Aimee Bender
2737,James Patterson
2738,Dai Sijie
2738,Ina Rilke
2739,Roxane Gay
2740,V.C. Andrews
2741,Roald Dahl
2741,Quentin Blake
2742,Amy Chua
2743,Noelle Stevenson
2744,Giada De Laurentiis
2745,Patricia Cornwell
2746,James Patterson
2747,Jeanette Winterson
2748,R.K. Lilley
2749,Ravinder Singh
2750,Betty MacDonald
2750,Alexandra Boiger
2751,Michael Connelly
2752,Dan   Harris
2753,Ina Garten
2753,Quentin Bacon
2779,Raine Miller
2754,Michael Connelly
2755,Isaac Asimov
2756,Peter Lerangis
2757,Sena Jeter Naslund
2758,CLAMP
2758,Anthony Gerard
2759,Darren Shan
2760,Alan Moore
2760,Kevin O''Neill
2761,M.T. Anderson
2762,Nalini Singh
2763,Euripides
2763,Rex Warner
2764,Cinda Williams Chima
2765,Hannah Hurnard
2766,Charles Burns
2767,Brian K. Vaughan
2767,Fiona Staples
2768,Lee Child
2769,Therese Anne Fowler
2770,Kurt Vonnegut Jr.
2771,Catherine Ryan Hyde
2772,Martha Hall Kelly
2773,James Patterson
2773,Maxine Paetro
2774,Lee Child
2775,Anthony Marra
2776,Abbi Glines
2777,Will Schwalbe
2780,John Flanagan
2781,C.S. Lewis
2782,Warren Ellis
2782,Darick Robertston
2782,Garth Ennis
2783,Tamora Pierce
2784,George W. Bush
2785,James Patterson
2785,Gabrielle Charbonnet
2786,Jean Craighead George
2786,John Schoenherr
2787,Judy Blume
2788,David McCullough
2789,Robert Ludlum
2790,Jon Meacham
2791,David Baldacci
2792,Brandon Sanderson
2793,Helen Fielding
2794,C.S. Lewis
2795,Mia Sheridan
2796,Alyson Richman
2797,Umberto Eco
2797,Girolamo De Michele
2797,Alastair McEwen
2798,Robert Graves
2799,Joelle Charbonneau
2800,Janet Evanovich
2801,Kirsty Moseley
2802,Tamora Pierce
2803,Darynda Jones
2804,Amanda Lindhout
2804,Sara Corbett
2805,Vera Brosgol
2806,Bret Easton Ellis
2807,Kim Harrison
2808,R.A. Salvatore
2809,Jean Rhys
2810,John Fowles
2811,David Eddings
2812,Louise Rennison
2813,Caroline Kepnes
2814,Laini Taylor
2815,John Grisham
2816,Colleen Houck
2817,Frank Herbert
2818,Jacqueline Woodson
2819,Mira Grant
2820,Gwyn Hyman Rubio
2821,L.M. Montgomery
2822,Steve Berry
2823,Sue Grafton
2824,Katherine Howe
2825,Steven Erikson
2826,Kylie Scott
2827,Jeffrey Archer
2828,Joe Abercrombie
2829,Emma Healey
2830,Vince Flynn
2831,Isabel Wilkerson
2832,Claire North
2833,Carlos Ruiz Zafón
2834,Barbara W. Tuchman
2834,Robert K. Massie
2835,Vince Flynn
2836,John Marsden
2837,Robert M. Edsel
2837,Bret Witter
2838,Ava Dellaira
2839,Helen Bryan
2840,Yaa Gyasi
2841,Mary Roach
2842,David Baldacci
2843,Mark Millar
2843,John Romita Jr.
2843,Rob Liefeld
2844,Immaculée Ilibagiza
2844,Steve Erwin
2845,Michael  Grant
2846,Charles Dickens
2847,Joël Dicker
2848,Kate Atkinson
2849,Harlan Coben
2850,Maria V. Snyder
2851,CLAMP
2851,Shirley Kubo
2852,Koushun Takami
2852,Yuji Oniki
2853,Sarah Addison Allen
2854,Nevil Shute
2855,Sophia Amoruso
2856,Diane Chamberlain
2857,Elizabeth Peters
2858,Nora Roberts
2859,Tom Clancy
2860,C.S. Lewis
2861,Anthony Horowitz
2862,Dean Koontz
2863,Daniel Silva
2864,Mo Willems
2865,Edward Gorey
2866,Terry Pratchett
2866,Stephen Baxter
2867,Steven Pressfield
2867,Robert McKee
2868,Abbi Glines
2869,Raymond Carver
2870,Sarah Dessen
2871,Michael J. Sullivan
2872,Diane Chamberlain
2873,Larry Niven
2873,Jerry Pournelle
2874,Nora Roberts
2875,W. Somerset Maugham
2875,Benjamin DeMott
2875,Maeve Binchy
2876,Gayle Forman
2877,A.A. Milne
2877,Ernest H. Shepard
2878,Lisa Gardner
2879,Virginia Lee Burton
2880,Veronica Roth
2881,Terry Pratchett
2882,Nora Roberts
2883,Jodi Picoult
2884,Alexandra Bracken
2885,Vicki Myron
2885,Bret Witter
2886,Soman Chainani
2887,Kim Harrison
2888,Tana French
2889,Brandon Sanderson
2890,Jeffery Deaver
2891,Gordon Korman
2892,Margret Rey
2892,H.A. Rey
2893,Michael Connelly
2894,Naoko Takeuchi
2895,Steven D. Levitt
2895,Stephen J. Dubner
2896,Raina Telgemeier
2896,Gurihiru
2897,Sarah Vowell
2898,Roger Zelazny
2899,Alice Hoffman
2900,Orson Scott Card
2902,Paulo Coelho
2903,Joseph Campbell
2903,Bill Moyers
2904,John Scalzi
2905,Jo Baker
2906,Cary Elwes
2906,Joe Layden
2906,Various
2906,Rob Reiner
2907,Peggy Rathmann
2908,Robyn Schneider
2909,Jude Watson
2910,Frank W. Abagnale
2910,Stan Redding
2911,Laurell K. Hamilton
2912,Gary Zukav
2913,J. Kenner
2914,Marisha Pessl
2915,Josh Malerman
2916,Dan Wells
2917,Timothy Egan
2918,Ellen Marie Wiseman
2919,Sara Shepard
2920,Vince Flynn
2921,Sylvia Plath
2922,Scott Snyder
2922,Greg Capullo
2922,Jonathan Glapion
2923,Christopher Moore
2924,Raymond Khoury
2925,Kathy Griffin
2926,Milan Kundera
2926,Aaron Asher
2927,Nicholas Evans
2928,Sherry Argov
2929,Sara Shepard
2930,Kim Harrison
2931,Edwin A. Abbott
2931,Banesh Hoffmann
2932,Libba Bray
2933,Tim Tharp
2934,Erich Fromm
2934,Peter D. Kramer
2934,Rainer Funk
2935,Suzanne Collins
2936,Terry Pratchett
2937,Neil Gaiman
2937,Shawn McManus
2937,Colleen Doran
2937,Bryan Talbot
2937,George Pratt
2937,Stan Woch
2937,Dick Giordano
2937,Todd Klein
2938,Marian Keyes
2939,Pat Conroy
2940,Francine Rivers
2941,Mary E. Pearson
2942,James Clavell
2943,Eleanor Brown
2944,Terry Pratchett
2945,Tom Perrotta
2946,Mihaly Csikszentmihalyi
2947,Margaret Weis
2947,Tracy Hickman
2948,Portia de Rossi
2949,Lisa Kleypas
2950,Carl Bernstein
2950,Bob Woodward
2951,Andrea Cremer
2952,George Eliot
2952,A.S. Byatt
2953,Gary Shteyngart
2954,Robin McKinley
2955,J.R. Ward
2956,Michelle Rowen
2956,Richelle Mead
2957,C.S. Lewis
2958,Douglas R. Hofstadter
2959,Tamora Pierce
2960,Robert Frost
2960,Edward Connery Lathem
2961,Rodman Philbrick
2962,Jennifer E. Smith
2963,Philip Yancey
2964,Vince Flynn
2965,Jean M. Auel
2966,Jeff Kinney
2967,Åsne Seierstad
2967,Ingrid Christopherson
2968,D.J. MacHale
2969,China Miéville
2970,Kathy Reichs
2971,Ilona Andrews
2972,Chelsea M. Cameron
2973,Arthur Hailey
2974,James Patterson
2975,Harold Bloom
2975,Terry Southern
2975,David H. Goldsmith
2975,James Lundquist
2975,Lawrence R. Broer
2975,Peter J. Reed
2975,Loree Rackstraw
2975,William S. Doxey
2975,Jerome Klinkowitz
2975,Richard Giannone
2975,John L. Simons
2975,Leonard Mustazza
2975,Zoltan Ab di-Nagy
2975,Peter Freese
2975,Wendy B. Faris
2976,Beverly Cleary
2976,Alan Tiegreen
2977,Timothy Zahn
2978,Brandon Sanderson
2979,Stephen King
2980,Patricia McCormick
2981,James Patterson
2982,Alexander Pushkin
2982,James E. Falen
2983,Amie Kaufman
2983,Meagan Spooner
2984,Alison Goodman
2985,E.L. Konigsburg
2986,P.C. Cast
2986,Kristin Cast
2987,Rachel Hawkins
2988,Carolyn Keene
2988,Russell H. Tandy
2988,Sara Paretsky
2989,Nelson DeMille
2990,Hugh Lofting
2990,Michael Hague
2991,Jodi Picoult
2992,Arnold Lobel
2993,Shirley Jackson
2994,Adriana Trigiani
2995,Steve Berry
2996,Kelley Armstrong
2997,Richelle Mead
2998,Ilona Andrews
2999,Isabel Allende
2999,Nick Caistor
2999,Amanda Hopkinson
3000,Terry Pratchett
3001,Lara Adrian
3002,D.H. Lawrence
3002,Geoff Dyer
3003,Barbara Taylor Bradford
3004,Nicole  Williams
3005,David Baldacci
3006,William Gibson
3007,Lisa See
3008,Sarah Ockler
3009,Robert T. Kiyosaki
3009,Sharon L. Lechter
3010,Camilla Läckberg
3010,Steven T. Murray
3011,Jane Green
3012,Donna Mabry
3013,John Scalzi
3014,Laura Joffe Numeroff
3014,Felicia Bond
3015,Colleen Hoover
3016,Marian Keyes
3017,Georgia Cates
3018,Mary Higgins Clark
3019,Robin McKinley
3020,Franz Kafka
3020,Jason Baker
3020,Donna Freed
3021,Thrity Umrigar
3022,Unknown
3022,Burton Raffel
3022,Neil D. Isaacs
3023,Jerome K. Jerome
3024,Edward Abbey
3025,Janet Evanovich
3026,Tom Rath
3027,Tom Robbins
3028,Edward Rutherfurd
3029,Sidney Sheldon
3030,Richelle Mead
3031,Alyson Noel
3032,Bella Forrest
3033,Tom Wolfe
3034,Madeleine Wickham
3035,Tess Gerritsen
3036,Christopher Moore
3037,Edgar Allan Poe
3037,Byron Glaser
3037,Bill D. Fountain
3038,Jean Kwok
3039,Lauren Oliver
3040,Abbi Glines
3041,Leonardo da Vinci
3041,H. Anna Suh
3042,Kristin Hannah
3043,Blake Crouch
3044,Angie Sage
3044,Mark Zug
3045,Sophie Kinsella
3046,Mollie Katzen
3047,Dr. Seuss
3048,Orhan Pamuk
3048,Erdağ M. Göknar
3049,Carlos Castaneda
3050,David Baldacci
3051,Marcia Brown
3052,Cinda Williams Chima
3053,Janet Evanovich
3054,John   Williams
3055,Neil Gaiman
3055,Chris Bachalo
3055,Mark Buckingham
3055,Tori Amos
3056,Catherine Marshall
3058,Lisa Gardner
3059,Carol S. Dweck
3060,Jude Watson
3061,C.S. Lewis
3062,Richard H. Thaler
3062,Cass R. Sunstein
3063,Susan Cooper
3064,Jonathan Franzen
3065,Richard Paige
3065,Dean Koontz
3066,James Patterson
3067,Kristin Hannah
3068,Kurt Vonnegut Jr.
3069,Nassim Nicholas Taleb
3070,Kate Mosse
3071,Joseph J. Ellis
3072,Isaac Asimov
3073,Kerstin Gier
3074,Lawrence Wright
3075,Young Kim
3075,Stephenie Meyer
3076,John Fowles
3077,Samuel Taylor Coleridge
3077,Gustave Doré
3078,Robert Munsch
3078,Michael Martchenko
3079,John Steinbeck
3080,H. Rider Haggard
3081,Tina Reber
3082,Neil Gaiman
3082,Jill Thompson
3082,Vince Locke
3082,Peter Straub
3083,L.J. Smith
3084,Jeanne DuPrau
3085,Hermann Hesse
3085,Ursule Molinaro
3086,Neil Gaiman
3086,Bryan Talbot
3086,Stan Woch
3086,P. Craig Russell
3086,Shawn McManus
3086,John Watkiss
3086,Jill Thompson
3086,Duncan Eagleson
3086,Kent Williams
3086,Todd Klein
3087,Samantha Shannon
3088,Charles Dickens
3088,Helen Small
3088,Stephen Wall
3089,Anthony Horowitz
3090,Jacqueline Susann
3091,James A. Michener
3092,Dave Eggers
3093,Radwa Ashour
3093,رضوى عاشور
3094,Michael Rosen
3094,Helen Oxenbury
3095,Richelle Mead
3096,David Eddings
3097,Nora Roberts
3098,James Patterson
3098,Howard Roughan
3099,Peter F. Hamilton
3100,Thomas Rockwell
3101,Edgar Allan Poe
3101,Philip Pullman
3102,Heather Gudenkauf
3103,Neil Gaiman
3104,David Herbert Donald
3105,Ilona Andrews
3106,Graham Greene
3106,Robert  Stone
3107,Katie Ashley
3108,Patricia Cornwell
3109,Patrick O'Brian
3110,Akira Toriyama
3111,Alastair Reynolds
3112,James Patterson
3112,Maxine Paetro
3113,Janet Evanovich
3114,Rachel Renée Russell
3115,Kresley Cole
3116,Beth Revis
3117,Trudi Canavan
3118,Amy Tan
3119,Nicholas Sparks
3119,Micah Sparks
3120,Lloyd Alexander
3121,Amy Plum
3122,Anne Morrow Lindbergh
3123,John Perkins
3124,Jorge Luis Borges
3124,Anthony Kerrigan
3124,Anthony Bonner
3125,John Sandford
3126,Ernest Hemingway
3127,Ray Bradbury
3128,Anne Rice
3129,Chip Heath
3129,Dan Heath
3130,Sejal Badani
3131,John Fowles
3132,Gail Carson Levine
3133,Kurt Vonnegut Jr.
3134,Amanda Coplin
3135,Bill Bryson
3136,Maeve Binchy
3137,Terry Brooks
3138,L.M. Montgomery
3139,Mikhail Lermontov
3139,Paul Foote
3140,Francine Rivers
3141,Ian McEwan
3142,Edmund Morris
3143,M.M. Kaye
3144,Lee Child
3145,Jasinda Wilder
3146,Paulo Coelho
3147,Brandon Sanderson
3148,Donna VanLiere
3149,Rory Freedman
3149,Kim Barnouin
3150,Kristen Ashley
3151,Margret Rey
3151,H.A. Rey
3152,Alice Schroeder
3153,Julie Garwood
3154,John Flanagan
3155,Harlan Coben
3156,Orhan Pamuk
3156,Maureen Freely
3157,John Flanagan
3158,Tess Gerritsen
3159,Betty Crocker
3160,Gabrielle Zevin
3161,Harlan Coben
3162,James Patterson
3162,Michael Ledwidge
3163,James Patterson
3163,Michael Ledwidge
3164,Holly Goldberg Sloan
3165,Claudia Gray
3166,Laurell K. Hamilton
3167,Vince Flynn
3168,Nora Roberts
3168,Angela Dawe
3169,Richard Connell
3170,Cory Doctorow
3171,Jeff Lindsay
3172,Jalaluddin Rumi
3172,Coleman Barks
3173,Lisa Genova
3174,Steven Erikson
3175,Dean Koontz
3176,Rachel Caine
3177,Tamora Pierce
3178,William R. Forstchen
3179,Suzanne Collins
3180,David Levithan
3181,Helen Gardner
3181,Fred S. Kleiner
3181,Christin J. Mamiya
3182,Terry Brooks
3183,Gena Showalter
3184,Sarah Addison Allen
3185,Jennifer L. Armentrout
3186,Chimamanda Ngozi Adichie
3187,Miranda July
3188,Kevin Hearne
3189,Kresley Cole
3190,Vince Flynn
3191,Brian K. Vaughan
3191,Fiona Staples
3192,Jamie McGuire
3193,Carl Hiaasen
3194,Curtis Sittenfeld
3195,Nick Hornby
3196,Jack Canfield
3196,Mark Victor Hansen
3197,Alexander McCall Smith
3198,Michael Connelly
3199,C.J. Roberts
3200,Terry Pratchett
3201,Kresley Cole
3202,Kurt Vonnegut Jr.
3203,Brian Froud
3203,Terry Windling
3204,Elin Hilderbrand
3205,Stephen King
3205,Bernie Wrightson
3206,Jane Yolen
3207,Alan Weisman
3208,Erik Larson
3209,Elin Hilderbrand
3210,Virginia Woolf
3211,Cecelia Ahern
3212,Anne Brontë
3212,Angeline Goreau
3213,Nora Roberts
3214,Vince Flynn
3215,Sherrilyn Kenyon
3216,Pat Conroy
3217,Ami McKay
3218,Lisa McMann
3219,Donna Tartt
3220,Rick Riordan
3221,Ingrid Law
3222,Bill Simmons
3223,James Patterson
3224,عائض القرني
3225,A.P.J. Abdul Kalam
3225,Arun Tiwari
3226,L.J. Smith
3226,Kevin Williamson
3226,Julie Plec
3227,Nate Silver
3228,Ruta Sepetys
3229,Agatha Christie
3230,Gary Russell
3231,Olivia Cunning
3232,Marjorie Flack
3232,Kurt Wiese
3233,Rachel Renée Russell
3234,Laura Ingalls Wilder
3234,Garth Williams
3235,Simon Sinek
3236,Fannie Flagg
3237,Dorothy Allison
3238,Libba Bray
3239,Daniel Suarez
3240,Scott Turow
3241,Leigh Bardugo
3242,Joy Adamson
3243,Alfred Bester
3243,Neil Gaiman
3244,Tamora Pierce
3245,Rosamund Hodge
3246,Dan Simmons
3247,Dan Simmons
3248,Shaun Tan
3249,Brandon Sanderson
3250,Steve Martin
3251,مصطفى محمود
3252,Mark Twain
3253,Claire Messud
3254,Christopher Moore
3255,F. Scott Fitzgerald
3256,Augustine of Hippo
3256,Henry Chadwick
3256,Albert Cook Outler
3257,Kent Haruf
3258,Nora Roberts
3259,Cathy Marie Buchanan
3260,Chanda Hahn
3261,Sarah Silverman
3262,Patricia Highsmith
3264,James Clavell
3265,Christine Feehan
3266,Masashi Kishimoto
3267,Lauren Beukes
3268,Diane Ackerman
3269,David Mitchell
3270,Chris Hadfield
3271,Melissa Marr
3272,أحلام مستغانمي
3272,Ahlam Mosteghanemi
3273,John Grisham
3274,Dr. Seuss
3275,J.K. Rowling
3275,Mary GrandPré
3276,Anthony Horowitz
3277,Harlan Coben
3278,Robin Hobb
3279,Joanna Cole
3279,Bruce Degen
3280,Michael Connelly
3281,Holly Black
3281,Cassandra Clare
3282,Daniel Abraham
3282,George R.R. Martin
3282,Tommy Patterson
3283,Candace Bushnell
3284,Bret Lott
3285,Veronica Roth
3286,Tim LaHaye
3286,Jerry B. Jenkins
3287,Michael Pollan
3288,خولة حمدي
3289,Ellen Schreiber
3290,Kristin Hannah
3291,Tad Williams
3292,Adrian Conan Doyle
3292,John Dickson Carr
3293,Anna Quindlen
3294,Elena Ferrante
3294,Ann Goldstein
3295,Trudi Canavan
3296,Joshua Ferris
3297,Monica  Murphy
3298,Robin Hobb
3299,Maeve Binchy
3300,John Grisham
3301,Hisaya Nakajo
3301,David Ury
3302,Juliet Marillier
3303,Eric Carle
3304,Judy Blume
3305,Seth Godin
3306,Rudyard Kipling
3307,Candice Millard
3308,Atul Gawande
3308,Susanne Kuhlmann-Krieg
3309,Jim Butcher
3310,Roland Barthes
3310,Richard Howard
3311,Amy Tan
3312,Mary Kubica
3313,Andrew Davidson
3314,Neal Stephenson
3315,Elizabeth  Smart
3315,Chris Stewart
3316,Michael Buckley
3316,Peter Ferguson
3317,Terry Pratchett
3317,Stephen Briggs
3318,Caragh M. O'Brien
3319,Derek Landy
3319,Tom Percival
3320,Andy Warhol
3321,Vladimir Nabokov
3322,Tracy Chevalier
3323,Charles Dickens
3323,Michael Slater
3324,B.J. Novak
3325,Terry Pratchett
3325,Stephen Briggs
3326,Rachel Caine
3327,Nathan Filer
3328,Madeleine Roux
3329,Margaret Atwood
3330,Kim Harrison
3331,John Piper
3332,Holly Black
3333,Carl Hiaasen
3334,Alice Hoffman
3335,Jonah Lehrer
3336,Rachel Caine
3337,Neal Shusterman
3338,David Foster Wallace
3339,Eoin Colfer
3340,Anne Rice
3341,Brandon Sanderson
3342,Albert Camus
3342,Justin O''Brien
3343,Lauren Graham
3344,Robert Frost
3345,Becky Albertalli
3346,Elizabeth Gaskell
3346,Pam Morris
3347,A.G. Howard
3348,Virginia Lee Burton
3349,Primo Levi
3349,Stuart J. Woolf
3349,Philip Roth
3350,Cinda Williams Chima
3351,Jules Verne
3351,Caleb Carr
3351,Jordan Stump
3352,Susan Vreeland
3353,William Steig
3354,Philippa Gregory
3355,Harlan Coben
3356,Carolyn Jessop
3356,Laura Palmer
3357,David Baldacci
3358,Douglas Adams
3359,Terry Pratchett
3360,Stephen R. Donaldson
3361,Marcus Buckingham
3361,Curt Coffman
3362,Terry Pratchett
3363,Dr. Seuss
3364,Thornton Wilder
3364,Donald Margulies
3364,Tappan Wilder
3365,Sara Shepard
3366,Michael Connelly
3367,David Baldacci
3368,Emily Carroll
3369,Anthony Horowitz
3370,Michael Ende
3371,Blake Crouch
3372,Sarah Dessen
3373,Ayana Mathis
3374,Dean Koontz
3375,V.C. Andrews
3376,Jane Yolen
3376,John Schoenherr
3377,Fyodor Dostoyevsky
3377,Constance Garnett
3377,Gary Saul Morson
3378,Patricia Briggs
3379,Honoré de Balzac
3380,Jo Nesbø
3380,Don Bartlett
3381,Sylvia Plath
3381,Ted Hughes
3382,Sherrilyn Kenyon
3383,Paulo Coelho
3384,R.L. Mathewson
3385,Andrew Ross Sorkin
3386,Kristin Hannah
3387,John Steinbeck
3387,Susan Shillinglaw
3388,William Faulkner
3389,Zoe Sugg
3389,Siobhan Curham
3390,Carol Ryrie Brink
3391,Janet Evanovich
3392,J.I. Packer
3393,R.A. Salvatore
3394,Harlan Coben
3395,Neil Gaiman
3395,Marc Hempel
3395,Richard Case
3395,D''Israeli
3395,Teddy Kristiansen
3395,Glyn Dillon
3395,Charles Vess
3395,Dean Ormston
3395,Kevin Nowlan
3395,Todd Klein
3395,Frank McConnell
3419,Harriet Jacobs
3396,Neil Gaiman
3396,Mike Allred
3396,Gary Amaro
3396,Mark Buckingham
3396,David Giordano
3396,Tony Harris
3396,Steve Leialoha
3396,Vince Locke
3396,Shea Anton Pensa
3396,Alec Stevens
3396,Bryan Talbot
3396,John Watkiss
3396,Todd Klein
3396,Michael Zulli
3396,Stephen King
3398,Hans Christian Andersen
3398,Jerry Pinkney
3399,Miguel Ruiz
3400,Graham Greene
3400,Monica Ali
3401,Jennifer Weiner
3402,Felix Salten
3402,Barbara Cooney
3403,Ursula K. Le Guin
3404,Herodotus
3404,Aubrey de Sélincourt
3404,John M. Marincola
3405,K. Bromberg
3406,Matthew Pearl
3407,Jean M. Auel
3408,Patricia Briggs
3409,Paulo Coelho
3410,James A. Michener
3411,Kimberly Derting
3412,Ian McEwan
3413,Stephen R. Covey
3413,A. Roger Merrill
3413,Rebecca R. Merrill
3414,Anne McCaffrey
3415,Nancy Garden
3416,Michael Crichton
3417,Jonathan Lethem
3418,Malorie Blackman
3420,Michael Scott
3421,Ron Chernow
3422,Kristen Proby
3423,T. Harv Eker
3424,C.C. Hunter
3425,Michael Chabon
3425,Hans Hermann
3426,Molly McAdams
3427,Julie Otsuka
3428,Tom Robbins
3429,Jennifer McMahon
3430,Sara Shepard
3431,Tess Gerritsen
3432,Marina Keegan
3433,Paolo Giordano
3433,Shaun Whiteside
3434,Nicole  Williams
3435,Neil Gaiman
3435,Skottie Young
3436,G. Willow Wilson
3436,Adrian Alphona
3437,Nalini Singh
3438,أثير عبدالله النشمي
3439,Gennifer Choldenko
3440,Guillermo del Toro
3440,Chuck Hogan
3441,Maggie Stiefvater
3442,Pamela Druckerman
3442,Abby Craden
3443,Patricia Cornwell
3444,Megan Whalen Turner
3445,Richelle Mead
3446,Sarah Winman
3447,Lang Leav
3448,Francis Chan
3448,Danae Yankoski
3450,Tom Franklin
3451,Rainer Maria Rilke
3451,Reginald Snell
3451,Franz Xaver Kappus
3452,Meg Cabot
3453,Anna Banks
3454,Sherrilyn Kenyon
3455,James Patterson
3456,Ann Patchett
3457,Charles Baudelaire
3457,Richard Howard
3458,Janet Evanovich
3458,Lee Goldberg
3459,Pierre-Ambroise Choderlos de Laclos
3459,Douglas Parmée
3460,E. Nesbit
3461,David Baldacci
3463,Ilona Andrews
3464,Aldous Huxley
3465,Irwin Shaw
3466,Gilly Macmillan
3467,Michael Connelly
3468,Sheri Reynolds
3469,Pat Frank
3470,Vince Flynn
3471,Kazu Kibuishi
3472,Flannery O'Connor
3473,L.J. Smith
3474,Anthony  Ryan
3475,Lisa Scottoline
3476,Nick Hornby
3477,Anne Rice
3478,Kevin Hearne
3479,Sister Souljah
3480,Shunryu Suzuki
3481,Han Kang
3481,Deborah     Smith
3482,Franz Kafka
3482,Mark Harman
3482,Regaip Minareci
3482,Şerif Yeşilbucak
3483,Mark  Lawrence
3484,Jonathan Swift
3485,Sam Harris
3486,L.J. Smith
3487,Susane Colasanti
3488,Edmund Morris
3489,Connie Willis
3490,David Baldacci
3536,Tamora Pierce
3491,Bryan Stevenson
3492,David Eddings
3493,Brian L. Weiss
3494,Michael Connelly
3495,Keith Ferrazzi
3496,Jeaniene Frost
3497,Tamora Pierce
3498,Melina Marchetta
3499,Kimon Nicolaides
3499,Mamie Harmon
3500,R.A. Salvatore
3501,Lorna Landvik
3502,Kate DiCamillo
3502,K.G. Campbell
3503,Cecelia Ahern
3504,Edward P. Jones
3505,James     Baldwin
3506,Yuu Watase
3507,Michael Connelly
3508,Marcel Proust
3508,Simon Vance
3508,Lydia Davis
3509,Don    Wood
3509,Audrey Wood
3510,Laurell K. Hamilton
3511,Isabel Allende
3511,Margaret Sayers Peden
3512,Daniel H. Wilson
3513,Dean Koontz
3514,Jeaniene Frost
3515,Janet Evanovich
3516,Marian Keyes
3517,James Patterson
3517,Maxine Paetro
3518,Sue Townsend
3519,W. Somerset Maugham
3520,Edward Gorey
3521,Mike Carey
3521,Glenn Fabry
3521,Neil Gaiman
3522,Chloe Neill
3523,James     Baldwin
3524,Jasper Fforde
3525,Naoki Higashida
3525,K.A. Yoshida
3525,David Mitchell
3526,Rick Riordan
3527,Jeaniene Frost
3528,Jon Krakauer
3530,David Eddings
3531,Janette Oke
3532,Joe Abercrombie
3533,Jeffrey Archer
3534,Brent Weeks
3535,W.B. Yeats
3535,Richard J. Finneran
3537,David Baldacci
3538,أحمد مراد
3539,Barbara Shook Hazen
3539,Robert Lewis May
3539,Richard Scarry
3540,Haruki Murakami
3540,Jay Rubin
3540,Alfred Birnbaum
3541,Frederik Pohl
3542,Kerry Patterson
3542,Joseph Grenny
3542,Ron McMillan
3542,Al Switzler
3542,Stephen R. Covey
3543,Thomas Cahill
3544,Robert Kirkman
3544,Tony Moore
3544,Charlie Adlard
3544,Cliff Rathburn
3545,Mary Roach
3546,Ruth Reichl
3547,Terry Pratchett
3548,William  Gibson
3549,Maya Banks
3550,Alice Sebold
3551,P.D. James
3552,Thomas Hobbes
3552,C.B. Macpherson
3553,Sandra Brown
3554,K. Bromberg
3555,Sloane Crosley
3556,Antonia Fraser
3557,Michelle Magorian
3558,Tabitha Suzuma
3559,Rob Thomas
3559,Jennifer Graham
3560,Philip Roth
3561,J.R. Moehringer
3562,Brian Jacques
3563,Cinda Williams Chima
3564,Danny Sugerman
3564,Jerry Hopkins
3565,Marguerite Henry
3565,Wesley Dennis
3566,David Mitchell
3567,Jane Green
3568,Haven Kimmel
3569,Sidney Sheldon
3570,Nathaniel Philbrick
3571,Kresley Cole
3572,Joseph J. Ellis
3573,William Gibson
3573,Bruce Sterling
3574,Lauren Weisberger
3575,A.L. Singer
3575,Walt Disney Company
3576,Rebecca Donovan
3577,Darren Shan
3578,Guy Gavriel Kay
3579,Nora Ephron
3580,Louisa May Alcott
3581,Thomas Pynchon
3582,Brennan Manning
3582,Michael W. Smith
3582,Rich Mullins
3583,Meg Cabot
3584,Wilbur Smith
3585,Willa Cather
3586,Naomi Klein
3587,Jonas Jonasson
3587,Rachel Willson-Broyles
3588,Ann Patchett
3589,Abbi Glines
3590,Günter Grass
3591,Lee Strobel
3592,Kerstin Gier
3593,Shannon Hale
3593,James Noel Smith
3594,Arthur Conan Doyle
3595,Edith Hamilton
3595,Steele Savage
3596,Anna Dewdney
3597,Al Franken
3598,Chuck Klosterman
3599,Leah Remini
3599,Rebecca Paley
3600,Kurt Vonnegut Jr.
3601,Steven Erikson
3602,Eric Shanower
3602,Skottie Young
3602,L. Frank Baum
3715,Charles Dickens
3715,Mark Ford
3603,Atul Gawande
3604,Edith Hahn Beer
3604,Susan Dworkin
3604,Susan Sarandon
3604,Julia Ormond
3604,Rory Kennedy
3605,Nora Roberts
3606,Ree Drummond
3607,Jennifer L. Armentrout
3608,Laurell K. Hamilton
3609,Brian Greene
3610,Jane Green
3611,Charlaine Harris
3612,Sue Grafton
3613,Chaim Potok
3614,Tim LaHaye
3614,Jerry B. Jenkins
3615,Julie Kibler
3616,J.R. Ward
3617,Carrie Jones
3618,Carrie Fisher
3619,Karin Slaughter
3621,Louise Penny
3622,James Patterson
3622,Maxine Paetro
3623,James Patterson
3623,Michael Ledwidge
3624,Rick Riordan
3624,Gordon Korman
3624,Peter Lerangis
3624,Jude Watson
3625,Sam Harris
3626,Mary E. Pearson
3627,John Flanagan
3628,Bill Watterson
3629,Rumiko Takahashi
3630,Ron Rash
3631,Hampton Sides
3632,Iain M. Banks
3633,Gail McHugh
3634,Marisa de los Santos
3635,Jeff Smith
3636,Christopher Paolini
3637,Christopher Pike
3638,Marilynne Robinson
3639,Dodie Smith
3639,Michael Dooling
3640,Sidney Sheldon
3641,F. Scott Fitzgerald
3642,Daniel Defoe
3643,E.L. Doctorow
3644,David Weber
3645,Ben Goldacre
3646,Ruth Reichl
3647,Jo Nesbø
3648,Tamora Pierce
3649,Cherrie Lynn
3650,David Foster Wallace
3651,Ai Yazawa
3652,Joseph Delaney
3652,Patrick  Arrasmith
3653,Tess Gerritsen
3654,Terry Pratchett
3655,Morgan Matson
3656,Plum Sykes
3657,Robert Cormier
3658,Teddy Slater
3658,Ron Dias
3658,Ric González
3659,Michael Punke
3660,Neil Gaiman
3660,Michael Zulli
3660,Jon J. Muth
3660,Charles Vess
3660,Mikal Gilmore
3661,Clayton M. Christensen
3662,Teddy Slater
3662,Bill Langley
3662,Ron Dias
3662,Walt Disney Company
3663,Tamora Pierce
3664,Anthony Horowitz
3665,Ally Carter
3667,Bill O''Reilly
3667,Martin Dugard
3668,James Rollins
3669,Foundation for Inner Peace
3670,James S.A. Corey
3671,Nelson DeMille
3672,Brian K. Vaughan
3672,Pia Guerra
3672,José Marzán Jr.
3673,Kim Harrison
3674,Wayne W. Dyer
3675,Jack Weatherford
3676,Theodore Dreiser
3677,Cinda Williams Chima
3678,Andrea Hirata
3679,Bryan Lee O'Malley
3680,Patricia Cornwell
3681,Joanne Fluke
3682,Mitchell Zuckoff
3683,Sam Kean
3684,Clive Barker
3685,Bill Dedman
3685,Paul Clark Newell Jr.
3686,Tracy Chevalier
3687,Rachel Caine
3688,Douglas Preston
3688,Lincoln Child
3689,Brother Lawrence
3690,Lee Child
3691,Catherine Ryan Hyde
3826,Susan Cooper
3692,Wallace Stegner
3693,John Sandford
3694,Bob Goff
3695,Benjamin Graham
3695,Jason Zweig
3695,Warren Buffett
3696,Stephen Hawking
3697,Joe Abercrombie
3698,Blanche Fisher Wright
3699,Oscar Wilde
3700,William Shakespeare
3700,John Jowett
3701,Anna Todd
3703,Philip Roth
3704,Cassandra Clare
3704,Sarah Rees Brennan
3704,Maureen Johnson
3704,Cassandra Jean
3705,Michael Connelly
3706,Tarryn Fisher
3707,Jon Kabat-Zinn
3708,Banana Yoshimoto
3708,Megan Backus
3709,Eric Van Lustbader
3710,Judith McNaught
3711,Paolo Bacigalupi
3712,Suzanne Collins
3713,James Patterson
3713,Peter de Jonge
3714,Maureen Johnson
3716,Dean Koontz
3716,Kevin J. Anderson
3716,Chuck Dixon
3716,Brett Booth
3717,Jean-Jacques Rousseau
3717,Maurice Cranston
3718,Laurie Halse Anderson
3719,Ernesto Sabato
3720,Alexander Hamilton
3720,James Madison
3720,John Jay
3720,Philo-Publius
3720,Clinton Rossiter
3720,Charles R. Kessler
3721,Julie Anne Peters
3722,Elena Ferrante
3722,Ann Goldstein
3723,E. Lockhart
3724,Sarah Blake
3724,Orlagh Cassidy
3725,Michael J. Sullivan
3726,Nic Sheff
3727,Daniel O'Malley
3728,Frank Beddor
3729,Philippa Gregory
3730,Joyce Maynard
3731,Terry Pratchett
3732,Christina Lauren
3733,Ed Catmull
3733,Amy Wallace
3734,Frida Kahlo
3734,Carlos Fuentes
3734,Sarah M. Lowe
3735,Stephen King
3735,Bernie Wrightson
3735,Michele Wrightson
3736,Bob McCabe
3737,Jeff Shaara
3738,Gena Showalter
3739,Madeleine L'Engle
3740,Bill Martin Jr.
3740,Eric Carle
3741,Lisa Gardner
3742,Michael Morpurgo
3743,Eric Carle
3744,Dennis Lehane
3745,Chelsea Cain
3746,Julianne Donaldson
3747,Kathleen Tessaro
3748,Tara Sivec
3749,Wendy Higgins
3750,Douglas Preston
3750,Lincoln Child
3751,Gabrielle Hamilton
3752,Agatha Christie
3753,J.K. Rowling
3754,Isaac Asimov
3755,Herman Melville
3756,Stephen King
3757,Lars Kepler
3757,Ann Long
3758,Piers Anthony
3759,Charlaine Harris
3939,H.W. Janson
3939,Anthony F. Janson
3760,Sidney Sheldon
3761,Tommy Lee
3761,Vince Neil
3761,Nikki Sixx
3761,Neil Strauss
3761,Mick Mars
3762,Theo LeSieg
3762,Roy McKie
3763,Theodore Dreiser
3763,Richard R. Lingeman
3764,Ernest Hemingway
3765,Brynne Stephens
3765,Lela Dowling
3765,Cynthia Martin
3765,Anne McCaffrey
3766,Elin Hilderbrand
3767,Alice Hoffman
3768,Kevin Hearne
3769,Jenny Nimmo
3770,Amie Kaufman
3770,Jay Kristoff
3771,Glen Cook
3772,Herman Wouk
3773,Susan Hill
3773,John Lawrence
3774,Barbara Robinson
3775,George R.R. Martin
3776,James Clavell
3777,Michael  Grant
3778,Colleen Hoover
3778,Tarryn Fisher
3779,Frederick Forsyth
3780,Diana Gabaldon
3781,Aimee Carter
3782,Steven Johnson
3783,Anna Carey
3784,David Baldacci
3785,Susan Sontag
3786,Vince Flynn
3787,Mary McGarry Morris
3788,Erik Larson
3789,Michio Kaku
3791,Michel Faber
3792,Mark Haddon
3793,Richelle Mead
3794,Armistead Maupin
3795,C.S. Lewis
3796,Ellen Hopkins
3797,Michael Crichton
3798,Michael J. Sullivan
3799,Washington Irving
3800,Julie James
3801,James Patterson
3801,Maxine Paetro
3802,Victoria Hislop
3803,Dean Koontz
3804,Dean Koontz
3805,Alan Bradley
3806,Dean Koontz
3807,Ian Rankin
3807,Mircea Pricăjan
3808,Flannery O'Connor
3809,Robert Kirkman
3809,Charlie Adlard
3810,Seth Godin
3811,Marya Hornbacher
3812,Anna Quindlen
3813,Lewis Carroll
3813,John Tenniel
3814,Kim Harrison
3815,William  Davis
3816,Susan Ee
3817,H.P. Lovecraft
3817,August Derleth
3817,Robert Bloch
3818,Mary  Stewart
3819,Kim Harrison
3820,H.P. Lovecraft
3820,S.T. Joshi
3821,Neale Donald Walsch
3822,Felicia Day
3822,Joss Whedon
3823,James Patterson
3823,Michael Ledwidge
3824,J.D. Robb
3825,Matt Fraction
3825,David Aja
3825,Javier Pulido
3825,Matt Hollingsworth
3825,Chris Eliopoulos
3825,Alan Davis
3827,Jeph Loeb
3827,Jim Lee
3827,Scott Williams
3827,Alex Sinclair
3827,Richard Starkings
3828,Haruki Murakami
3828,Jay Rubin
3829,James Patterson
3830,Sharon Creech
3831,Dave Pelzer
3832,Laurell K. Hamilton
3833,Edgar Rice Burroughs
3834,Anne McCaffrey
3835,Jen Lancaster
3836,Enid Blyton
3837,Margaret Atwood
3838,Larissa Ione
3839,Lara Adrian
3840,Robert Hughes
3841,Jeffrey Archer
3842,Christopher Pike
3843,Ted Dekker
3844,Adam Hochschild
3845,James Patterson
3845,David Ellis
3846,Jodi Picoult
3846,Samantha van Leer
3847,Diane Chamberlain
7413,Alessandra Torre
3848,Rachel Renée Russell
3849,Craig Thompson
3850,Anthony Horowitz
3851,Nelson DeMille
3852,Jennifer L. Armentrout
3853,Henry David Thoreau
3853,W.S. Merwin
3854,Kanoko Sakurakouji
3854,JN Productions
3854,Pancha Diaz
3855,Erin Watt
3855,Elle Kennedy
3855,Jen Frederick
3856,Tom Perrotta
3857,Ira Levin
3858,Terry Pratchett
3859,Kresley Cole
3860,Patricia C. Wrede
3860,Peter de Sève
3861,Chris Bohjalian
3862,Rachel Caine
3862,Cynthia Holloway
3863,Laurelin Paige
3864,James Patterson
3864,NaRae Lee
3865,Nora Roberts
3865,MacLeod Andrews
3866,Lene Kaaberbøl
3866,Agnete Friis
3867,Jon Ronson
3868,Plato
3868,Christopher Gill
3869,D.B.C. Pierre
3870,Michael Connelly
3871,Judy Blume
3872,Ntozake Shange
3873,Nora Roberts
3874,Laurell K. Hamilton
3875,Chloe Neill
3876,Patricia Cornwell
3877,Jennifer Close
3878,Stella Gibbons
3878,Lynne Truss
3878,Roz Chast
3879,Gayle Forman
3880,Sylvia Day
3881,Rainer Metzger
3881,Ingo F. Walther
3882,Chris Guillebeau
3883,Christopher Moore
3884,William Gibson
3885,Trevor Noah
3886,Theodore Taylor
3887,Julie Garwood
3888,Justina Chen
3889,Carol Shields
3890,Stormie Omartian
3891,Beth Harbison
3892,Peter Høeg
3892,Tiina Nunnally
4033,Sarah Dessen
3893,Bill Bryson
3894,Nicholas Evans
3895,Julia Hoban
3896,Hillary Rodham Clinton
3897,Jeph Loeb
3897,Tim Sale
3898,Edmund de Waal
3900,Al Perkins
3900,Eric Gurney
3901,Lissa Price
3902,Kresley Cole
3903,Juan Rulfo
3903,Margaret Sayers Peden
3903,Susan Sontag
3904,L.M. Montgomery
3905,Kelly Corrigan
3906,Harlan Coben
3907,T.S. Eliot
3907,Michael North
3908,Heather Cocks
3908,Jessica  Morgan
3909,Julia Quinn
3910,Dave Barry
3910,Ridley Pearson
3910,Greg Call
3911,Junot Díaz
3912,Jane Green
3913,Milan Kundera
3914,Jeffrey Archer
3915,Robert Charles Wilson
3916,Eugene O'Neill
3917,Kohta Hirano
3917,Duane Johnson
3918,Tim LaHaye
3918,Jerry B. Jenkins
3919,Laurie Halse Anderson
3920,Noah Gordon
3921,Dean Koontz
3921,Kevin J. Anderson
3921,Scott Brick
3922,Jane Yolen
3922,Mark Teague
3923,Miyamoto Musashi
3923,Victor Harris
3924,Dean Koontz
3925,Robert Ludlum
3926,Kresley Cole
3927,J.R. Ward
3928,Irvin D. Yalom
3929,Cormac McCarthy
3930,Aristotle
3930,J.A.K. Thomson
3930,Jonathan Barnes
3930,Hugh Tredennick
3931,Kyle Idleman
3932,Bryan Lee O'Malley
3933,Mary Roach
3934,William Blake
3935,Lisa Kleypas
3936,Stan Berenstain
3936,Jan Berenstain
3937,Richard Bachman
3937,Stephen King
3938,David Eddings
3940,Tess Gerritsen
3941,Bernard Cornwell
3942,Frank Miller
3943,Simone Elkeles
3944,Yukiru Sugisaki
3946,Karl Marlantes
3947,Trenton Lee Stewart
3947,Diana Sudyka
3948,William Shakespeare
3948,Barbara A. Mowat
3948,Paul Werstine
3949,Aristotle
3950,Jordan Belfort
3951,Dietrich Bonhoeffer
3952,Amor Towles
3953,Michelle Alexander
3954,Knut Hamsun
3954,George Egerton
3955,Cristina Henriquez
3956,Lauren DeStefano
3957,Sue Grafton
3958,Kate Atkinson
3959,Brian Azzarello
3959,Lee Bermejo
3960,Sergei Lukyanenko
3960,Andrew Bromfield
3961,Jenny Offill
3962,Susan Meissner
3963,Pat Conroy
3964,Dalton Trumbo
3965,Michael Connelly
3966,Frank McCourt
3967,Ellen Schreiber
3968,Eoin Colfer
3969,Pierre Boulle
3969,Xan Fielding
3970,Rachel Caine
3972,Henry T. Blackaby
3972,Claude V. King
3972,Richard Blackaby
3973,James Dickey
3974,Anne McCaffrey
3975,Cynthia Hand
3976,John Grisham
3977,Katsura Hoshino
3977,Mayumi Kobayashi
3978,Isaac Asimov
3979,Ian Caldwell
3979,Dustin Thomason
3980,Jessica Sorensen
3981,Gene Luen Yang
3981,Bryan Konietzko
3981,Michael Dante DiMartino
3981,Dave Marshall
3981,Gurihiru
3982,Michael Connelly
3983,Erin Hunter
3984,Gena Showalter
3985,Rob Sheffield
3986,Legs McNeil
3986,Gillian McCain
3987,Marybeth Mayhew Whalen
3988,Arnold Lobel
3989,R.A. Salvatore
3990,Laurell K. Hamilton
3991,Sarah Weeks
3992,Margaret Peterson Haddix
3994,Jim Carroll
3995,Frank Miller
3996,Andrzej Sapkowski
3997,Rebecca Wells
3998,Marian Keyes
3999,Brandon Mull
4000,John Flanagan
4001,Joe Hill
4002,Pittacus Lore
4003,Lew Wallace
4004,George Orwell
4004,Lionel Trilling
4005,Lolly Winston
4006,George R.R. Martin
4006,Gary Gianni
4007,Melissa de la Cruz
4008,Madeline Sheehan
4009,Candace Bushnell
4010,Pam Adams
4011,Robert Bryndza
4012,Joss Whedon
4012,Georges Jeanty
4013,Anthony Bourdain
4014,L.M. Montgomery
4015,Mikhail Bulgakov
4015,Mirra Ginsburg
4016,John Gardner
4017,Bernard Cornwell
4018,James Gleick
4019,Kurt Busiek
4019,Alex Ross
4020,Dave Eggers
4021,Jay Asher
4021,Carolyn Mackler
4022,James Patterson
4023,Kristen Ashley
4024,Suzanne Young
4025,Michael Connelly
4026,Peter F. Hamilton
4027,Alexander McCall Smith
4028,Jennifer Echols
4029,Philipp Meyer
4030,Sherrilyn Kenyon
4031,Christopher Moore
4031,Oliver Wyman
4032,Bryn Greenwood
4034,Robert A. Heinlein
4035,Ina Garten
4035,Melanie Acevedo
4036,Kathy Reichs
4036,Brendan Reichs
4037,Laura Schroff
4037,Alex Tresniowski
4037,Valerie Salembier
4038,P.C. Cast
4038,Kristin Cast
4039,Rhoda Janzen
4040,David Baldacci
4041,Justin Cronin
4042,Beverly Cleary
4043,Ruud van der Rol
4043,Rian Verhoeven
4043,Anna Quindlen
4043,Anne Frank
4043,Tony Langham
4043,Plym Peters
4044,Jacqueline Carey
4045,Chetan Bhagat
4046,Gary Larson
4047,Octavia E. Butler
4048,James Patterson
4048,Maxine Paetro
4049,Orson Scott Card
4049,Aaron Johnston
4050,Pema Chödrön
4051,Daisy Goodwin
4052,V.C. Andrews
4053,Al Dempster
4053,Milt Banta
4053,Golden Books
4053,Walt Disney Company
4077,Kristen Ashley
4054,Andy Goldsworthy
4055,Denis Johnson
4056,Vince Flynn
4057,Amy Tan
4058,Lisa Genova
4059,Seth Godin
4060,Rick Yancey
4061,Bryan Lee O''Malley
4061,Steve Buccellato
4062,Leon Uris
4063,Jim Butcher
4064,Alan Moore
4064,Eddie Campbell
4064,Pete Mullins
4065,Nora Roberts
4066,Lisa Gardner
4067,Katherine Neville
4068,Jean Webster
4069,Edith Pattou
4070,Anne McCaffrey
4071,Sigmund Freud
4071,James Strachey
4071,Peter Gay
4072,James Bowen
4073,J. Kenner
4074,Robin Hobb
4075,Joss Whedon
4075,John Cassaday
4076,Melissa Marr
4078,Clive Barker
4079,Bill Bryson
4080,Eric    Weiner
4081,Tom Wolfe
4082,Elle Kennedy
4083,Susan Elizabeth Phillips
4084,Nora Roberts
4085,Dean Koontz
4086,Tracy Brogan
4087,Meg Cabot
4088,Stephenie Meyer
4089,Kristin Hannah
4090,Richard J. Foster
4091,Muriel Spark
4092,Megan McCafferty
4093,Matthew Quick
4094,Richard Peck
4095,James Patterson
4096,Ben Mezrich
4097,Mariko Tamaki
4097,Jillian Tamaki
4099,Nikki Sixx
4100,Paul Harding
4101,Terry Brooks
4102,Penelope Ward
4103,Alan Lightman
4104,Fyodor Dostoyevsky
4104,Richard Pevear
4104,Larissa Volokhonsky
4105,Sherrilyn Kenyon
4106,Fyodor Dostoyevsky
4106,Christian Redl
4106,Philip Dossick
4106,Emanuela Guercetti
4106,Michelle-Irène Brudny
4106,Richard Pevear
4106,Norman Dietz
4106,Donald Fanger
4106,coderati
4106,Boris de Schlœzer
4106,Larissa Volokhonsky
4107,Andrew Williamson
4108,Isabel Allende
4108,Margaret Sayers Peden
4109,Amy Harmon
4110,Vikas Swarup
4111,Tana French
4112,Donald J. Sobol
4113,C.J. Sansom
4114,Lisi Harrison
4115,Elizabeth Kolbert
4116,Ben Fountain
4117,Daniel H. Pink
4118,Lian Hearn
4119,Stephen Hawking
4119,Leonard Mlodinow
4120,Richard Dawkins
4121,Nora Roberts
4122,Ronald H. Balson
4123,Emily Bleeker
4123,Dan John Miller
4124,Dean Koontz
4125,Cinda Williams Chima
4126,Ellen Hopkins
4127,Patricia Cornwell
4128,Emma Donoghue
4129,Alison Weir
4130,John Irving
4131,Dennis Lehane
4132,Darren Shan
4133,Kristin Hannah
4134,Iris Johansen
4135,Michelle Hodkin
4136,Rachael Ray
4137,Augusten Burroughs
4138,Orson Scott Card
4139,Michael Chabon
4140,James L. Swanson
4141,Cecelia Ahern
4142,Ally Carter
4143,Kasie West
4144,Mark  Edwards
4145,Jerry Spinelli
4147,David McRaney
4148,Sara Donati
4149,Aeschylus
4149,Robert Fagles
4149,William Bedell Stanford
4150,Louise Penny
4151,John Piper
4152,Ildefonso Falcones
4153,Alison Weir
4154,The Church of Jesus Christ of Latter-day Saints
4155,Jon Stewart
4155,Rory Albanese
4155,Kevin Bleyer
4155,Rich Bloomquist
4155,Steve Bodow
4155,Tim Carvell
4155,Wyatt Cenac
4155,Hallie Haglund
4155,J.R. Havlan
4155,David Javerbaum
4155,Elliott Kalan
4155,Josh Lieb
4155,Sam Means
4155,Jo Miller
4155,John Oliver
4155,Daniel Radosh
4155,Jason Ross
4156,Rachel Vincent
4157,Neale Donald Walsch
4158,Brodi Ashton
4159,Janet Evanovich
4160,Paulo Coelho
4161,G. Norman Lippert
4162,Jon Krakauer
4163,Brother Andrew
4163,Elizabeth Sherrill
4163,John Sherrill
4164,J. Courtney Sullivan
4165,Kasie West
4166,Meg Rosoff
4167,Garth Nix
4168,Heather Gudenkauf
4169,Dawn J. Ranck
4169,Phyllis Pellman Good
4170,Lili St. Crow
4170,Lilith Saintcrow
4171,Malika Oufkir
4171,Michèle Fitoussi
4172,Nora Roberts
4173,Mark Millar
4173,Steve McNiven
4173,Dexter Vines
4173,Morry Hollowell
4174,Kim Carpenter
4174,John R. Perry
4174,Krickitt Carpenter
4175,Robert A. Heinlein
4176,Megan Miranda
4177,Mercer Mayer
4178,Maria Semple
4179,CLAMP
4179,William Flanagan
4180,Harry Allard
4180,James  Marshall
4181,Kim Stanley Robinson
4182,Tad Williams
4183,Oscar Wilde
4183,Inga Moore
4184,Bryan Lee O''Malley
4184,Nathan Fairbairn
4185,Tijan
4186,Jenő Barcsay
4187,John Saul
4188,Karen Cushman
4189,Jean Sasson
4190,Terry Brooks
4191,Joseph Murphy
4191,Ian McMahan
4192,Anne Rice
4193,Rae Carson
4194,Tamora Pierce
4195,Kiera Cass
4196,Esther Forbes
4196,Lynd Ward
4197,Ernesto Che Guevara
4197,Aleida Guevara March
4198,Kristen Proby
4199,Ted Dekker
4200,N.K. Jemisin
4201,Peggy Rathmann
4202,Roberto Bolaño
4202,Natasha Wimmer
4203,Gena Showalter
4204,Aprilynne Pike
4205,Stefan Zweig
4205,Joel Rotenberg
4205,Hans Hausmann
4205,Dirk Muller
4205,Peter Gay
4205,Willy Trenk-Trebitsch
4205,Mario Adorf
4205,Gert Westphal
4206,Justine Korman Fontes
4206,Don Williams
4206,Walt Disney Company
4207,Gordon Korman
4208,Jeanne Birdsall
4209,Nelson DeMille
4210,Karen Marie Moning
4211,Sally Bedell Smith
4212,Jo Nesbø
4212,Charlotte Barslund
4213,John Layman
4213,Rob Guillory
4214,Linda Sue Park
4215,Margaret Weis
4215,Tracy Hickman
4216,Christopher Moore
4217,Arkady Strugatsky
4217,Boris Strugatsky
4217,Antonina W. Bouis
4217,Theodore Sturgeon
4218,Meg Cabot
4219,Elizabeth Gaskell
4220,Don DeLillo
4221,Jack Kerouac
4221,Aram Saroyan
4222,P.G. Wodehouse
4223,Melissa Marr
4224,Kristen Ashley
4225,Amanda Palmer
4226,Veronica Rossi
4227,Ann Brashares
4228,Garth Ennis
4228,Steve Dillon
4229,Chris   Smith
4229,Christopher Lee
4229,Richard Taylor
4230,D.J. MacHale
4231,Elizabeth  George
4232,Arturo Pérez-Reverte
4232,Sonia Soto
4233,Shannon Hale
4234,Meg Cabot
4235,أحمد مراد
4236,Beverly Cleary
4236,Paul O. Zelinsky
4237,Ann Patchett
4238,Douglas Coupland
4239,Viet Thanh Nguyen
4240,Agatha Christie
4241,Joanna Wylde
4242,Mary O''Hara
4242,Dave Blossom
4243,Philippa Gregory
4243,Mirjana Valent
4244,Henrik Ibsen
4244,William Archer
4245,Walt Disney Company
4246,Erika Johansen
4247,Jo Nesbø
4247,Don Bartlett
4248,P.C. Cast
4248,Kristin Cast
4249,Cecelia Ahern
4250,W. Somerset Maugham
4251,Anne Rice
4252,Caroline Myss
4253,Alexander McCall Smith
4254,Beatriz Williams
4255,Sabaa Tahir
4256,Gary D. Schmidt
4257,R.A. Salvatore
4258,Judy Schachner
4259,Nora Roberts
4260,Brian Tracy
4261,Sandra Boynton
4262,Wallace D. Wattles
4263,James Rollins
4264,أحلام مستغانمي
4264,Ahlam Mosteghanemi
4265,A. Manette Ansay
4266,David Brin
4267,Shelly Crane
4268,Robert   Harris
4269,David Baldacci
4270,Bertrand Russell
4271,Lewis Carroll
4272,Nigella Lawson
4273,Thomas Malory
4273,Keith Baines
4273,Robert Graves
4274,Cupcake Brown
4275,Lloyd Alexander
4276,Douglas Preston
4276,Lincoln Child
4277,Kate Douglas Wiggin
4278,Lisa Kleypas
4279,Susan Beth Pfeffer
4280,Ted Dekker
4281,Gena Showalter
4282,Chuck Palahniuk
4283,Lauren Weisberger
4284,Anton Chekhov
4284,Richard Pevear
4284,Larissa Volokhonsky
4285,S.C. Gwynne
4286,John le Carré
4287,Karen Kingsbury
4287,Gary Smalley
4288,Jennifer Donnelly
4289,Tim LaHaye
4289,Jerry B. Jenkins
4290,Dorothy L. Sayers
4291,Robert Sabuda
4291,Lewis Carroll
4292,Ross King
4293,Kelley Armstrong
4294,David Baldacci
4295,Louise Penny
4296,Noel Streatfeild
4296,Diane Goode
4297,Harry Gregson-Williams
4298,Ayn Rand
4298,Leonard Peikoff
4299,Marie Rutkoski
4300,Carolyn Brown
4324,Samantha Young
4301,E.E. Cummings
4302,Jen Lancaster
4303,Erin Hunter
4304,Sarah Waters
4305,Patricia Briggs
4306,Sara Raasch
4307,Matthew  Thomas
4308,Nora Roberts
4309,Mary Pipher
4310,Bernard Cornwell
4311,Margaret Peterson Haddix
4312,Raine Miller
4313,Lisa See
4314,Kate Brian
4315,Russell Hoban
4315,Lillian Hoban
4316,Tom Robbins
4317,Gregory Maguire
4318,Patrick Ness
4319,Cormac McCarthy
4320,Francine Rivers
4321,Max Barry
4322,Candace Bushnell
4322,Donna Murphy
4323,Cece Bell
4323,David Lasky
4325,Robert Kirkman
4325,Charlie Adlard
4326,Philip K. Dick
4327,Francine Rivers
4328,Jude Deveraux
4329,Jonathan Maberry
4330,Plato
4330,G.M.A. Grube
4330,John M. Cooper
4331,Charles R. Cross
4332,Thucydides
4332,Rex Warner
4332,Moses I. Finley
4333,Stephen Crane
4333,George Stade
4333,Richard Fusco
4334,Richard Kadrey
4335,John Hart
4336,Jorge Luis Borges
4336,Donald A. Yates
4336,James E. Irby
4336,André Maurois
4337,Anita Shreve
4338,Patricia Highsmith
4339,Colleen Houck
4340,Chloe Neill
4341,Tim Harford
4342,Frank E. Peretti
4343,Anna Godbersen
4344,Drew Daywalt
4344,Oliver Jeffers
4345,Meg Cabot
4346,Katie J. Davis
4346,Beth Clark
4347,Kathleen Kent
4348,Thomas Mann
4348,John E. Woods
4349,Michael Connelly
4350,Claudia Gray
4351,Patricia Reilly Giff
4352,Peter F. Hamilton
4353,Sidney Sheldon
4354,Zadie Smith
4355,Heather Brewer
4356,Barry Schwartz
4357,Annette Curtis Klause
4358,Michael Connelly
4359,D.H. Lawrence
4360,Jane Green
4361,David Brin
4362,Elin Hilderbrand
4363,Ann Patchett
4364,Jack Canfield
4364,Janet Switzer
4365,Kristen Ashley
4366,Alexander Osterwalder
4366,Yves Pigneur
4367,Stephen Greenblatt
4368,Margaret George
4369,Chuck Palahniuk
4370,Norman Doidge
4371,Larry Niven
4372,Barry Lyga
4373,K. Bromberg
4374,J. Ryan Stradal
4375,Ann McGovern
4375,Winslow Pinney Pels
4375,Winslow Pinn
4375,Ey Pels
4376,Alaa Al Aswany
4376,علاء الأسواني
4377,James Patterson
4377,Maxine Paetro
4378,Brian  McClellan
4379,James Rollins
4380,Karin Slaughter
4381,Nicola Yoon
4382,James Patterson
4382,David Ellis
4383,Nevil Shute
4384,Nick Hornby
4385,Edward Rutherfurd
4386,V.E. Schwab
4386,Victoria Schwab
4387,Dean Koontz
4388,Haruki Murakami
4388,Philip Gabriel
4388,Jay Rubin
4389,Ina Garten
4389,Quentin Bacon
4390,Jane Green
4434,Syd Hoff
4391,Koren Zailckas
4392,John Irving
4393,Bree Despain
4394,Bill Buford
4395,Clarissa Pinkola Estés
4396,Patricia C. Wrede
4396,Peter de Sève
4397,Marcus Buckingham
4397,Donald O. Clifton
4398,Chris Anderson
4399,Adolf Hitler
4400,Jane Green
4401,Louise Penny
4402,Nora Roberts
4403,Aleatha Romig
4404,Sean Covey
4405,Tom Angleberger
4406,Jennifer Crusie
4407,Thanhha Lai
4408,Josephine Angelini
4409,Abbi Glines
4410,Jude Fisher
4411,Guy Kawasaki
4412,Wes  Moore
4412,Tavis Smiley
4413,Ariana Franklin
4414,Tucker Max
4415,Naoko Takeuchi
4415,武内 直子
4416,Susan Elizabeth Phillips
4417,Dan Ariely
4418,Sarah Vowell
4418,Katherine Streeter
4419,Ruth Stiles Gannett
4420,Greg Iles
4421,Charles Bukowski
4422,Thomas Harris
4423,J.D. Robb
4424,Sherrilyn Kenyon
4425,Laurell K. Hamilton
4426,Thomas Pynchon
4427,Jodi Picoult
4428,Guillermo del Toro
4428,Chuck Hogan
4429,Jay McInerney
4430,Nora Roberts
4431,Jennifer Weiner
4432,Robert Kirkman
4433,Kresley Cole
4435,Giovanni Boccaccio
4435,G.H. McWilliam
4436,Sara Shepard
4437,Michael Connelly
4438,Alice Munro
4439,Eileen Christelow
4440,Jacqueline Carey
4441,Jorge Luis Borges
4441,Andrew Hurley
4442,Rachel Van Dyken
4443,Raymond Chandler
4444,Raymond Chandler
4445,Lloyd Alexander
4446,Rachel Caine
4447,Lilian Jackson Braun
4448,Nyrae Dawn
4449,Rick Riordan
4449,Haley Riordan
4451,Neil Patrick Harris
4451,David Javerbaum
4451,Antony Hare
4452,Kathy Reichs
4453,Josh McDowell
4454,Cherie Priest
4455,Rita Mae Brown
4456,Lauren Kate
4457,Raina Telgemeier
4458,D.J. MacHale
4459,Terry Brooks
4460,Brian Jacques
4461,James S.A. Corey
4462,Marianne Williamson
4463,David Baldacci
4464,Charles Portis
4465,Susan  Jeffers
4466,Katy Evans
4467,Matthew Dicks
4468,Salman Rushdie
4468,Paul Birkbeck
4469,Susan Crandall
4470,Kresley Cole
4471,Paullina Simons
4472,Brian Staveley
4473,Monica Ali
4474,Sally Green
4475,Nikos Kazantzakis
4475,Νίκος Καζαντζάκης
4476,William H. Armstrong
4476,James Barkley
4477,Lawrence M. Krauss
4477,Richard Dawkins
4478,Slash
4478,Anthony Bozza
4479,Nalini Singh
4480,Rachel Hawkins
4481,Tess Gerritsen
4482,Francine Rivers
4483,Bill Watterson
4484,Gene Luen Yang
4484,Bryan Konietzko
4484,Michael Dante DiMartino
4484,Gurihiru
4485,Jean-Paul Sartre
4485,Hazel E. Barnes
4485,Mary Warnock
4485,Richard Eyre
4486,Andrzej Sapkowski
4487,Rachel Carson
4487,Linda Lear
4487,Edward O. Wilson
4488,Brandon Sanderson
4489,Holly Madison
4490,James Patterson
4491,Nadia Hashimi
4492,Scott Westerfeld
4492,Keith Thompson
4493,Martha Stout
4494,Brian K. Vaughan
4494,Pia Guerra
4494,Goran Sudžuka
4494,José Marzán Jr.
4495,Jeff Kinney
4496,Dan Brown
4497,Jennifer Donnelly
4498,Ben Aaronovitch
4499,Charles Belfoure
4500,Morgan Rhodes
4500,Michelle Rowen
4501,Esther Hicks
4501,Jerry Hicks
4501,Wayne W. Dyer
4502,Isabel Allende
4502,Margaret Sayers Peden
4503,Henry Fielding
4503,Thomas Keymer
4503,Alice Wakely
4504,Sherwood Anderson
4505,Jamie McGuire
4506,Sue Grafton
4507,Brian K. Vaughan
4507,Pia Guerra
4507,José Marzán Jr.
4508,Joanne Harris
4509,Roberto Bolaño
4510,Douglas Coupland
4511,Matthew Inman
4511,The Oatmeal
4512,David Baldacci
4513,Anita Shreve
4514,Darren Shan
4515,Philip K. Dick
4516,Haruki Murakami
4516,Ted Goossen
4517,Kurt Vonnegut Jr.
4518,Rhonda Byrne
4519,Diana L. Paxson
4519,Marion Zimmer Bradley
4520,Per Petterson
4520,Anne Born
4521,Doug Moench
4521,Chuck Dixon
4521,Jim Aparo
4521,Norm Breyfogle
4521,Graham Nolan
4521,Jim Balent
4522,Brian K. Vaughan
4522,Fiona Staples
4523,Brad Thor
4524,Stephen King
4524,Willem Dafoe
4525,Elizabeth George Speare
4526,John Fante
4526,Charles Bukowski
4527,Rick Bragg
4528,Leigh Nichols
4528,Dean Koontz
4529,Philip Pullman
4529,Jacob Grimm
4529,Wilhelm Grimm
4530,Terry Goodkind
4531,Milan Kundera
4532,Philippa Gregory
4533,Stephen Coonts
4534,Susan Cooper
4535,Enid Bagnold
4536,Richard Branson
4537,Aristophanes
4537,Sarah Ruden
4538,Elizabeth Kostova
4539,Karen Marie Moning
4541,Gary D. Schmidt
4542,Tim LaHaye
4542,Jerry B. Jenkins
4543,Joe Abercrombie
4544,Pat Conroy
4545,Scott Jurek
4545,Steve Friedman
4546,Karin Slaughter
4547,Elin Hilderbrand
4548,Tim LaHaye
4548,Jerry B. Jenkins
4549,Marisa de los Santos
4550,Erin Hunter
4551,James Ellroy
4552,Louise Penny
4553,David Eddings
4554,Joss Whedon
4554,Brett Matthews
4554,Will Conrad
4555,Larry McMurtry
4556,Sherrilyn Kenyon
4557,Madeleine Wickham
4558,Max Lucado
4559,Carrie Jones
4560,Ian Fleming
4561,T.C. Boyle
4562,Melissa Marr
4563,Emma Straub
4564,R.L. Mathewson
4565,Terry Pratchett
4566,Eugene B. Sledge
4566,Paul Fussell
4567,Eleanor Estes
4567,Louis Slobodkin
4568,Sarah Addison Allen
4569,Meredith Wild
4570,Tracy Chevalier
4571,Steven Erikson
4572,Kass Morgan
4573,Alexandra Adornetto
4574,Brian K. Vaughan
4574,Pia Guerra
4574,José Marzán Jr.
4574,Paul Chadwick
4575,Karma Wilson
4575,Jane Chapman
4576,Lauren Graham
4577,Gabrielle Zevin
4578,Brian Jacques
4578,Gary Chalk
4579,Anne Rice
4580,Holly Black
4581,Melina Marchetta
4582,Thomas Hardy
4582,Alexander Theroux
4583,Michael Crichton
4583,Richard   Preston
4584,Jean-Paul Sartre
4584,Stuart Gilbert
4584,Lionel Abel
4585,Greg Bear
4586,P.D. James
4587,Kiersten White
4588,Terry Brooks
4589,Louise Penny
4590,Michael Connelly
4591,منى المرشود
4592,Nathaniel Hawthorne
4592,Robert S. Levine
4593,Erin Hunter
4594,Glennon Doyle Melton
4595,Louise Penny
4596,Richard Paul Evans
4597,W.E.B. Du Bois
4597,Donald B. Gibson
4597,Monica W. Elbert
4598,Hannah  Green
4598,Joanne Greenberg
4599,Cinda Williams Chima
4600,Elin Hilderbrand
4601,Shonda Rhimes
4602,Marguerite Duras
4602,Barbara Bray
4602,Maxine Hong Kingston
4603,Christopher Paolini
4604,Maya Banks
4605,Graham Greene
4605,John Updike
4607,Marilynne Robinson
4608,Terry Brooks
4609,Kate Atkinson
4610,Stephanie Danler
4611,Julia Quinn
4612,Edward Bloor
4612,Danny De Vito
4613,Richard Matheson
4614,Claire Messud
4615,Nora Roberts
4616,Lisa Gardner
4617,Michael Connelly
4685,Richard Ford
4618,David Baldacci
4619,Nora Roberts
4620,Bryan Burrough
4620,John Helyar
4621,Ann Leckie
4622,David Fishelson
4622,Aaron Leichter
4622,Max Brod
4622,Franz Kafka
4623,Rysa Walker
4624,Catherynne M. Valente
4624,Ana Juan
4625,Denise Grover Swank
4626,James Patterson
4626,Marshall Karp
4627,Douglas Preston
4627,Lincoln Child
4628,Timur Vermes
4629,Chris Pavone
4630,Kathy Reichs
4631,Elin Hilderbrand
4632,Tim LaHaye
4632,Jerry B. Jenkins
4633,Jeff Lindsay
4634,Hermann Hesse
4634,Richard Winston
4634,Clara Winston
4634,Theodore Ziolkowski
4635,Kevin Powers
4636,Harlan Coben
4637,Katie Ashley
4638,Gerald Durrell
4638,Helma Lapiņa
4639,Tawni O'Dell
4640,Raymond Carver
4641,J.K. Rowling
4642,Stephen King
4642,Robin A.H. Waterfield
4643,Donald Miller
4644,Alison Goodman
4645,Louisa May Alcott
4646,Maurice Sendak
4647,Sue Grafton
4648,Quinn Loftis
4649,Doreen Cronin
4649,Harry Bliss
4650,Susan Cooper
4651,Kevin Hearne
4653,Jane Austen
4654,Michel Faber
4655,Claire LaZebnik
4656,Laurell K. Hamilton
4657,Richard Condon
4658,Judy Blume
4659,James Patterson
4660,Anne Lamott
4661,Carl Sagan
4661,Ann Druyan
4662,Abbi Glines
4686,Jasper Fforde
4663,Shane Claiborne
4664,John Medina
4665,D.J. MacHale
4666,Richard C. Morais
4667,Anthony Horowitz
4668,Lincoln Peirce
4669,Meg Cabot
4670,Tim Burton
4671,Edwidge Danticat
4672,Louis-Ferdinand Céline
4672,Ralph Manheim
4672,William T. Vollmann
4673,Michael Connelly
4675,Anthony Horowitz
4676,Essam Youssef
4677,Shaunti Feldhahn
4678,Dean Koontz
4678,Keith Szarabajka
4679,Lynsay Sands
4680,Nora Roberts
4681,Matthew Reilly
4682,Ken Follett
4683,Jasper Fforde
4684,Adam Smith
4687,Holly Black
4687,Tony DiTerlizzi
4688,Antony Beevor
4689,Kyousuke Motomi
4690,Doreen Cronin
4690,Betsy Lewin
4691,Beryl Markham
4692,Steven Galloway
4693,Lisa Kleypas
4694,Betty White
4695,René Descartes
4695,Donald A. Cress
4696,Daniel Silva
4698,L.M. Montgomery
4699,James Surowiecki
4700,Douglas Preston
4700,Lincoln Child
4701,James Herbert
4702,Anthony Robbins
4702,Kenneth H. Blanchard
4702,Jason Winters
4703,Douglas Preston
4703,Lincoln Child
4704,Jeanette Winterson
4705,Ann Aguirre
4706,Roz Chast
4707,Marilyn Manson
4707,Neil Strauss
4708,BookRags
4709,Bernard Waber
4710,Gail Carriger
4711,José Saramago
4711,Margaret Jull Costa
4712,Tamora Pierce
4713,Dean Koontz
4714,Fredrik Backman
4714,Henning Koch
4714,سمانه پرهیزکاری
4715,Rob Bell
4716,Rudyard Kipling
4716,Edward Said
4717,Beverly  Lewis
4718,Anne Bishop
4719,Nicholas Meyer
4720,Suzanne Collins
4721,Timothy J. Keller
4722,Peter Mayle
4723,Jonathan Harr
4724,Chris Bohjalian
4725,Sonia Sotomayor
4726,Vernor Vinge
4727,Immanuel Kant
4727,Paul Guyer
4727,Allen W. Wood
4728,Agatha Christie
4729,Rien Poortvliet
4729,Wil Huygen
4730,MaryJanice Davidson
4731,Steven Pressfield
4732,Hester Browne
4733,John Stuart Mill
4734,Alan Cumming
4735,Nigella Lawson
4736,D.M. Pulley
4737,Jill Shalvis
4738,Sylvain Reynard
4739,Bryan Lee O'Malley
4740,Atul Gawande
4741,Cherrie Lynn
4742,Kylie Scott
4743,Rebecca Housel
4743,J. Jeremy Wisnewski
4743,William Irwin
4744,Eric Berne
4745,Brandon Sanderson
4746,Alexandre Dumas fils
4746,David Coward
4747,Rachel Hauck
4748,Stephen C. Lundin
4748,Harry Paul
4748,John Christensen
4748,Kenneth H. Blanchard
4749,Stephen E. Ambrose
4750,Linda Sue Park
4751,Michael  Grant
4752,Vi Keeland
4752,Penelope Ward
4753,Philip José Farmer
4754,Nora Roberts
4755,Mark Helprin
4756,Sidney Sheldon
4757,J.D. Robb
4757,Susan Ericksen
4758,Thomas Paine
4759,Adeline Yen Mah
4760,مصطفى محمود
4761,C.C. Hunter
4762,Timothy Ferriss
4763,Michel Houellebecq
4763,Frank Wynne
4764,Georgia Cates
4765,Roy Thomas
4765,Dick Giordano
4765,Mark D. Beazley
4765,Bram Stoker
4766,Dav Pilkey
4767,Paul Tough
4768,Arthur C. Clarke
4769,Elif Shafak
4770,David Levithan
4771,James Rollins
4772,Scott B. Smith
4773,Erin Hunter
4774,Michael Blake
4775,Tamora Pierce
4776,Brent Weeks
4777,William Faulkner
4778,Anonymous
4779,Ellis Peters
4780,Giorgio Vasari
4780,Julia Conway Bondanella
4780,Peter Bondanella
4781,Sherrilyn Kenyon
4782,Angie Sage
4783,Dmitry Glukhovsky
4783,M. David Drevs
4784,Christos Tsiolkas
4785,Robert Henri
4785,Forbes Watson
4785,Margery A. Ryerson
4786,Marcus Sakey
4787,Camille Pagán
4788,Jonathan Lethem
4789,Dean Koontz
4790,Jeff VanderMeer
4791,Holly Black
4791,Tony DiTerlizzi
4792,Caroline Preston
4793,Myla Goldberg
4794,Karin Slaughter
4795,Dean Koontz
4796,Ram Dass
4796,Richard Alpert
4797,Patricia Cornwell
4798,Conn Iggulden
4799,David Eddings
4800,Clive Barker
4801,Lara Adrian
4802,Tess Gerritsen
4803,Brad Stone
4804,Brittainy C. Cherry
4805,Kresley Cole
4806,Steven Erikson
4807,Heidi McLaughlin
4808,Charlie N. Holmberg
4809,Ashwin Sanghi
4810,Norman Mailer
4811,James M. McPherson
4812,Michael Teitelbaum
4812,Sue DiCicco
4813,James Patterson
4813,Andrew Gross
4814,Rob Buyea
4815,Judy Blume
4816,Jeaniene Frost
4817,Jennifer L. Armentrout
4818,Lindsey Kelk
4819,Meg Cabot
4820,A.N. Roquelaure
4820,Anne Rice
4821,Beth Fantaskey
4822,E.E. Cummings
4823,Larry Bossidy
4823,Ram Charan
4823,Charles Burck
4824,Caitlin Doughty
4825,Daniel Silva
4826,H.P. Lovecraft
4827,Joe Hill
4827,Christopher Golden
4828,David Mitchell
4830,Richelle Mead
4831,Grace Lin
4832,Arthur Ransome
4833,Olivia Cunning
4834,Caitlin Moran
4835,Andrea Hirata
4836,A.J. Jacobs
4837,Lisa Gardner
4838,Chris Bohjalian
4839,Mary Kay Andrews
4840,S.K. Tremayne
4841,J.A. Redmerski
4842,Tracy Chevalier
4843,Michael Moss
4844,Edward Eager
4844,N.M. Bodecker
4845,Steve Hockensmith
4845,Jane Austen
4845,Patrick Arrasmith
4846,Lisa Gardner
4847,Kevin Henkes
4848,Helene Hanff
4849,J.R. Ward
4850,Thich Nhat Hanh
4850,Arnold Kotler
4850,Dalai Lama XIV
4851,Kyousuke Motomi
4852,Anna Kendrick
4853,Robert Masello
4854,Kate Atkinson
4855,Jim Starlin
4855,Jim Aparo
4855,Mike DeCarlo
4856,Colum McCann
4857,Jeaniene Frost
4858,Lisa Lutz
4859,Clive Barker
4860,James Rollins
4861,Donald Miller
4862,Shel Silverstein
4863,Robert   Harris
4864,Daniel Suarez
4865,Thornton Wilder
4866,Fyodor Dostoyevsky
4867,Laurell K. Hamilton
4890,Joni Eareckson Tada
4890,Joe Musser
4868,James E. Talmage
4869,Don Ferguson
4870,Charlotte Brontë
4870,Lucasta Miller
4870,collaborative
4870,Jessica Cox
4871,Nora Roberts
4872,Tom Robbins
4873,Paul Beatty
4874,Bill Willingham
4874,Mark Buckingham
4874,Craig Hamilton
4874,Steve Leialoha
4874,P. Craig Russell
4875,Lee Child
4875,Dick Hill
4876,Tess Gerritsen
4877,Dr. Seuss
4878,Bella Forrest
4879,Jenna Miscavige Hill
4879,Lisa Pulitzer
4880,Plato
4880,James J. Helm
4881,Garth Ennis
4881,Steve Dillon
4881,Penn Jillette
4882,Anne Rice
4883,Diane Muldrow
4883,J.P. Miller
4884,Sandra Brown
4885,Dan Simmons
4886,Ludwig Bemelmans
4887,John Heilemann
4887,Mark Halperin
4888,V.C. Andrews
4889,Kim Harrison
4891,Margaret Weis
4891,Tracy Hickman
4892,James Patterson
4893,Ross King
4894,Shakti Gawain
4895,Janet Evanovich
4896,Colleen Hoover
4896,Tarryn Fisher
4897,Darynda Jones
4898,Anya Seton
4898,Philippa Gregory
4899,Marina Lewycka
4900,Kimberly McCreight
4901,Kelley Armstrong
4902,René Goscinny
4902,Jean-Jacques Sempé
4903,A.G. Riddle
4904,Harold G. Moore
4904,Joseph L. Galloway
4905,Ken Follett
4906,Barbara W. Tuchman
4907,Mike Lupica
4908,Neil Strauss
4909,Sue Grafton
4910,Julia Quinn
4911,Rick Riordan
4911,Tk
4912,Lisa Gardner
4913,Debbie Macomber
4914,R.A. Salvatore
4915,Nelson DeMille
4916,Darren Shan
4917,Eric Van Lustbader
4917,Robert Ludlum
4919,Karen Kingsbury
4920,Anita Shreve
4921,Ilona Andrews
4922,Ben Aaronovitch
4923,James Patterson
4923,Maxine Paetro
4924,Sidney Sheldon
4925,Terry Pratchett
4926,Lisa Kleypas
4927,Ted Dekker
4928,Louise Penny
4929,Jennifer L. Armentrout
4930,Jun Mochizuki
4930,望月淳
4931,H.P. Lovecraft
4932,Mary Karr
4933,Anne McCaffrey
4934,Kathryn Erskine
4935,أحمد حلمي
4936,Joshua Harris
4937,Zilpha Keatley Snyder
4938,Kaye Gibbons
4939,Franz Kafka
4939,Nahum N. Glatzer
4939,John Updike
4939,Willa Muir
4939,Edwin Muir
4939,Tania Stern
4939,James Stern
4939,Ernst Kaiser
4939,Eithne Wilkins
4940,Isa Chandra Moskowitz
4940,Terry Hope Romero
4941,Margaret Weis
4941,Tracy Hickman
4942,Flannery O'Connor
4943,Sabahattin Ali
4944,Terry Brooks
4945,Charles M. Sheldon
4946,Kresley Cole
4947,Mo Willems
4948,David Baldacci
4949,Elissa Wall
4949,Lisa Pulitzer
4950,Ruta Sepetys
4951,Ed Brubaker
4951,Doug Mahnke
4951,Patrick Zircher
4951,Aaron Sowd
4951,Steve Bird
4952,Erin Hunter
4953,Ben Horowitz
4954,Jessica Sorensen
4955,Stephen R. Donaldson
4956,Russell Brand
4957,Nora Roberts
4958,Simon Garfield
4959,J.D. Robb
4960,Charles Bukowski
4961,N.K. Jemisin
4962,R.D. Ronald
4964,Jasper Fforde
4965,S.E. Hinton
4966,Trenton Lee Stewart
4966,Del Roy
4967,Kevin    Wilson
4968,Chris Gardner
4969,Karl Ove Knausgård
4970,Alan Bradley
4971,Doris Kearns Goodwin
4972,Richard Russo
4973,Walker Percy
4974,Anton Chekhov
4974,Tom    Murphy
4975,Wendy Mass
4976,J.R.R. Tolkien
4976,Christopher Tolkien
4977,Ann Brashares
4978,Grant Naylor
4979,Christopher Moore
4980,أحلام مستغانمي
4980,Ahlam Mosteghanemi
4981,G.K. Chesterton
4982,Jane O''Connor
4982,Robin Preiss Glasser
4983,Graham Greene
4984,Jeff Kinney
4985,Patricia C. Wrede
4985,Peter de Sève
4986,James Patterson
4986,Howard Roughan
4987,Neil Gaiman
4987,Chris Riddell
4988,Susan Meissner
4989,A.N. Roquelaure
4989,Anne Rice
4990,Dee Henderson
4991,Ravinder Singh
4992,Gregory Maguire
4992,Douglas Smith
4993,Raymond E. Feist
4994,Tobias Wolff
4995,Jonathan Maberry
4996,Willa Cather
4997,Patricia Briggs
4998,Rick Riordan
4999,Molière
4999,Martin Sorrell
5000,Larissa Ione
5001,Kazune Kawahara
5002,أثير عبدالله النشمي
5003,Mercer Mayer
5004,James Rollins
5005,David D. Burns
5006,Nora Roberts
5007,Patricia Cornwell
5008,Melody Beattie
5010,Clive Cussler
5011,Ruth Reichl
5012,Po Bronson
5012,Ashley Merryman
5013,Nelson DeMille
5014,Mary Higgins Clark
5015,Raymond E. Feist
5015,Janny Wurts
5016,Neal Shusterman
5017,Kresley Cole
5018,John Grisham
5018,Richard Thomas
5019,Chris Ware
5020,Richard Peck
5021,Kristen Ashley
5022,Carlos Ruiz Zafón
5023,Ann Brashares
5024,Jeanette Winterson
5025,Colleen Houck
5026,Dean Koontz
5027,Matt Ridley
5028,Sandra Boynton
5029,Louise Rennison
5030,Tim LaHaye
5030,Jerry B. Jenkins
5032,Libba Bray
5033,James M. Cain
5034,Carrie Ryan
5035,Robert Kurson
5036,Clare Vanderpool
5037,Amitav Ghosh
5038,Jessica Anthony
5038,Rodrigo Corral
5039,Lisa Scottoline
5040,James Dashner
5041,Agatha Christie
5042,J.D. Robb
5043,Jo Nesbø
5043,Don Bartlett
5044,Charlaine Harris
5045,Isabel Allende
5045,Margaret Sayers Peden
5046,Naguib Mahfouz
5046,نجيب محفوظ
5047,China Miéville
5048,Meg Cabot
5049,Anne McCaffrey
5050,Rachel Simon
5188,Richard Bachman
5188,Stephen King
5051,Dava Sobel
5052,Leon Uris
5053,Allen Say
5054,Amitav Ghosh
5055,Isaac Asimov
5055,Robert Silverberg
5056,Melinda Long
5056,David Shannon
5057,Edward Abbey
5058,John Irving
5059,Rob Bell
5060,Rachel Caine
5061,Jeffrey Archer
5062,Linda Howard
5063,M. Leighton
5064,Mira Lyn Kelly
5065,Linwood Barclay
5066,Katherine Hannigan
5067,Robin Hobb
5068,Aldo Leopold
5069,Eric Knight
5069,Marguerite Kirmse
5070,T. Colin Campbell
5070,Thomas M. Campbell II
5071,Julia Donaldson
5071,Axel Scheffler
5072,Douglas Adams
5073,Arthur C. Clarke
5074,Sui Ishida
5074,石田 スイ
5075,Cressida Cowell
5076,David Foster Wallace
5077,Mary Higgins Clark
5078,Lauren Conrad
5079,Kiera Cass
5080,Greg Iles
5081,Joseph J. Ellis
5082,Jo Nesbø
5082,Don Bartlett
5083,Daniel Silva
5084,Paul Bowles
5085,Patrick Ness
5086,Alison Weir
5087,Lily Koppel
5088,G.K. Chesterton
5088,Jonathan Lethem
5089,Frank B. Gilbreth Jr.
5089,Ernestine Gilbreth Carey
5090,Douglas Preston
5090,Mario Spezi
5091,Daniel Woodrell
5092,Laurell K. Hamilton
5093,Bernard Cornwell
5094,Jessica Seinfeld
5095,Anita Shreve
5096,Katie Ashley
5097,Maeve Binchy
5098,Aleatha Romig
5099,Terry Pratchett
5099,Paul Kidby
5100,Isaac Asimov
5101,Philip Gourevitch
5102,Jonathan Cahn
5103,Daniel Silva
5104,Susan Vreeland
5105,Jennifer E. Smith
5106,L.A. Weatherly
5107,Brandon Mull
5108,Adeline Yen Mah
5109,John Sandford
5110,Bryan J.L. Glass
5110,Tim Seeley
5110,Hugo Petrus
5110,Raymond E. Feist
5111,Vi Keeland
5112,J.R. Ward
5113,Joe Hill
5113,Gabriel Rodríguez
5114,Beverly Cleary
5114,Alan Tiegreen
5115,Agatha Christie
5116,Julio Cortázar
5116,Gregory Rabassa
5117,Karin Slaughter
5118,Marissa Meyer
5119,Eric Clapton
5120,Naomi Klein
5121,Harlan Coben
5122,Hunter S. Thompson
5123,P.D. James
5124,Sarah Addison Allen
5125,Ted Chiang
5126,Mario Vargas Llosa
5127,Heidi W. Durrow
5128,Bret Easton Ellis
5129,Lisa Gardner
5130,Habiburrahman El-Shirazy
5131,Erin Watt
5132,Paulo Coelho
5132,Margaret Jull Costa
5133,Lisa Scottoline
5134,Clive Barker
5135,Mary Higgins Clark
5136,D.J. MacHale
5137,Kristen Ashley
5138,Robert K. Massie
5139,Janet Evanovich
5140,Chris Grabenstein
5142,Francine Rivers
5143,David Wiesner
5144,Tom Clancy
5145,Mercedes Lackey
5146,Joan Didion
5147,Raymond E. Feist
5148,Courtney Allison Moulton
5149,Stephen King
5150,Paul Auster
5151,Holly Black
5151,Tony DiTerlizzi
5152,Marjorie Kinnan Rawlings
5153,Katie McGarry
5154,Ozzy Osbourne
5154,Chris Ayres
5155,J. Maarten Troost
5156,Maria V. Snyder
5157,Kaye Gibbons
5158,Nora Roberts
5159,Darren Shan
5160,David Eddings
5161,Bill Clegg
5162,Nelson DeMille
5163,Elisabeth Kübler-Ross
5164,James Patterson
5164,Maxine Paetro
5165,Lisa Kleypas
5166,Patricia Cornwell
5167,Dennis Lehane
5168,R.A. Salvatore
5169,Ellen Hopkins
5170,Kristen Proby
5171,J.D. Robb
5172,Monica  Murphy
5173,Brian K. Vaughan
5173,Pia Guerra
5173,Goran Parlov
5173,José Marzán Jr.
5174,Nora Roberts
5175,Robin McKinley
5176,Sue Grafton
5177,Jesmyn Ward
5178,Kristen Callihan
5179,Naomi Novik
5180,David McCullough
5181,Brian K. Vaughan
5181,Pia Guerra
5181,Goran Sudžuka
5181,José Marzán Jr.
5182,Edward Rutherfurd
5183,Natasha Preston
5184,Stephanie Perkins
5184,Holly Black
5184,Ally Carter
5184,Matt de la Pena
5184,Gayle Forman
5184,Jenny Han
5184,David Levithan
5184,Kelly Link
5184,Myra McEntire
5184,Rainbow Rowell
5184,Laini Taylor
5184,Kiersten White
5185,Hugh Howey
5186,Scott  Meyer
5189,Émile Zola
5189,Roger Pearson
5190,Abbi Glines
5191,Michael Ondaatje
5192,Alfred Bester
5193,Melissa de la Cruz
5194,Meg Cabot
5195,Dean Koontz
5196,Lisa Gardner
5197,J. Lynn
5197,Jennifer L. Armentrout
5198,Isabel Allende
5198,Margaret Sayers Peden
5199,Jacqueline Kelly
5200,Katie Alender
5201,Clive Cussler
5202,David Mazzucchelli
5203,David Eddings
5204,Robert Kirkman
5204,Charlie Adlard
5204,Cliff Rathburn
5205,Kazu Kibuishi
5206,Carl Hiaasen
5207,Bill Watterson
5208,Danny Gregory
5209,Dean Koontz
5210,Michel Foucault
5210,Alan Sheridan
5210,Thomas Mathiesen
5210,Walter Seitter
5210,Drago Braco Rotar
5211,Catherine Ryan Hyde
5212,Danny Gregory
5213,Arina Tanemura
5213,Tomo Kimura
5214,Bernard Cornwell
5215,Anne Lamott
5216,Sarah Dunant
5217,Peter V. Brett
5218,Sherrilyn Kenyon
5219,Nicholas Sparks
5220,Anita Shreve
5221,Shannon Hale
5222,Jeffrey Archer
5223,Amy A. Bartol
5224,Aprilynne Pike
5225,Joe McGinniss
5226,Sudhir Venkatesh
5227,Raymond E. Feist
5227,Michael Avon Oeming
5227,Bryan J.L. Glass
5227,Ryan Stegman
5228,John C. Maxwell
5229,C.S. Lewis
5231,Sara Gruen
5232,David Eddings
5232,Leigh Eddings
5233,Kevin Kwan
5234,Elizabeth George
5235,Brad Thor
5236,Ann Leary
5237,Rudolfo Anaya
5238,Bret Easton Ellis
5239,Sue Grafton
5240,Jo Nesbø
5241,Alessandro Baricco
5242,Tatiana de Rosnay
5243,Tim LaHaye
5243,Jerry B. Jenkins
5244,Italo Calvino
5244,Archibald Colquhoun
5245,Stephenie Meyer
5245,Young Kim
5246,Belle Aurora
5247,Roger Zelazny
5248,Gena Showalter
5249,Andrzej Sapkowski
5250,Jillian Dodd
5251,Kate Alcott
5252,Judith McNaught
5253,Chris Van Allsburg
5254,Ken Grimwood
5255,David Eagleman
5256,Neil deGrasse Tyson
5257,Margaret Atwood
5258,Richard Dawkins
5259,Marissa Meyer
5260,Paul Zindel
5261,Lincoln Child
5262,Meg Cabot
5263,Alexander McCall Smith
5264,Kerrelyn Sparks
5265,Dr. Seuss
5266,Christina Lauren
5267,Robert Muchamore
5268,Sarah Simblet
5269,Simon Singh
5270,Richard Paul Evans
5271,Amanda Hocking
5272,Aurora Rose Reynolds
5273,Angela Carter
5274,Anthony Bourdain
5275,Simon Schama
5276,Michelle Knight
5276,Michelle Burford
5277,Nora Roberts
5300,H.M. Ward
5278,Simone Elkeles
5279,Jasmine Warga
5280,Kim Gordon
5281,Heather Brewer
5282,Patricia Cornwell
5283,Joseph Campbell
5284,John Sandford
5285,D.C. Talk
5285,The Voice of the Martyrs
5286,Michael Pollan
5287,Anne Bishop
5288,Orson Scott Card
5289,Jo Nesbø
5289,Don Bartlett
5290,Anne Rice
5291,Yuu Watase
5291,Yuji Oniki
5292,Brunonia Barry
5293,Faye Perozich
5293,Travis Moore
5293,Michael Halbleib
5293,Daerick Gröss
5293,Anne Rice
5294,Sherman Alexie
5295,Laurell K. Hamilton
5296,Stephenie Meyer
5297,Anchee Min
5298,Eoin Colfer
5299,Kathy Reichs
5301,George MacDonald
5301,Arthur Hughes
5302,Camilla Läckberg
5302,Steven T. Murray
5303,Dr. Seuss
5304,Dean Koontz
5305,Madeleine Wickham
5306,Neal Stephenson
5307,Terry Pratchett
5308,Joelle Charbonneau
5309,Sue Grafton
5310,Roger Zelazny
5310,Sönmez Güven
5311,Roald Dahl
5311,Quentin Blake
5312,Mike Mignola
5313,Scott B. Smith
5314,James Patterson
5314,Michael Ledwidge
5315,Joan Didion
5315,David Thomson
5316,Kelley Armstrong
5317,Kim Stanley Robinson
5318,Paulo Coelho
5318,Alan R. Clarke
5319,Louise Penny
5320,A.S. King
5321,Joseph Delaney
5321,Patrick  Arrasmith
5322,L.J. Smith
5323,Karen Marie Moning
5324,Karen Marie Moning
5325,Reza Aslan
5326,Philip K. Dick
5327,Simone de Beauvoir
5327,H.M. Parshley
5327,Deirdre Bair
5328,Jennifer A. Nielsen
5329,Margaret Weis
5329,Tracy Hickman
5330,Kurt Vonnegut Jr.
5331,Brian K. Vaughan
5331,Pia Guerra
5331,Goran Sudžuka
5331,José Marzán Jr.
5332,Dan Simmons
5333,Noelle Stevenson
5333,Grace Ellis
5333,Shannon Waters
5333,Shannon Watters
5333,Brooke A. Allen
5333,Faith Hicks
5333,Kat Leyh
5333,Brooke Allen
5333,Carolyn Nowak
5333,Various
5333,Carey Pietsch
5334,Elaine N. Aron
5335,Chitra Banerjee Divakaruni
5336,H.W. Brands
5337,Douglas Preston
5337,Lincoln Child
5338,Susan Beth Pfeffer
5339,Yoshihiro Togashi
5339,冨樫 義博
5340,J.D. Robb
5341,Connie Willis
5342,James Patterson
5342,Ned Rust
5343,Michael Crichton
5344,Daniel Abraham
5344,George R.R. Martin
5344,Tommy Patterson
5345,Holly Black
5346,Raymond Carver
5347,Jasper Fforde
5348,Jean M. Auel
5349,Lucy Grealy
5350,Lauren Oliver
5351,Walt Disney Company
5352,Angie Sage
5352,Mark Zug
5353,Jeff Kinney
5354,Dashiell Hammett
5355,Candace Bushnell
5356,David Brin
5357,Raymond E. Feist
5358,Kingsley Amis
5358,David Lodge
5359,Karin Slaughter
5360,Marie Lu
5361,Kristin Hannah
5362,Susane Colasanti
5363,Jeff Hobbs
5364,Li Cunxin
5365,Lisa Gardner
5366,Brian K. Vaughan
5366,Pia Guerra
5366,José Marzán Jr.
5367,Greg Bear
5368,Helen Simonson
5369,C.G. Jung
5369,Aniela Jaffé
5369,Richard Winston
5369,Clara Winston
5370,Laurell K. Hamilton
5371,Diana Gabaldon
5372,Meg Cabot
5373,ياسر حارب
5374,Milan Kundera
5374,Suzanne Rappaport
5375,Julia Quinn
5376,Founding Fathers
5377,Gilles Néret
5378,Malcolm Lowry
5379,Rachel Abbott
5380,Mary Pope Osborne
5380,Salvatore Murdocca
5381,Robert A. Heinlein
5382,Jack London
5383,Meg Cabot
5384,Kate Beaton
5385,Ann Packer
5386,Thomas Mann
5386,Michael Henry Heim
5386,Michael Cunningham
5387,Sogyal Rinpoche
5387,Andrew Harvey
5388,Orson Scott Card
5389,Edgar Allan Poe
5390,D.J. MacHale
5391,E. Lockhart
5392,Pat Barker
5393,Veronica Roth
5394,Michael J. Fox
5395,Margaret Atwood
5396,John Joseph Adams
5396,Robert J. Sawyer
5396,Stephen King
5396,Michael Moorcock
5396,Sharyn McCrumb
5396,Stephen Baxter
5396,Anne Perry
5396,Barbara Hambly
5396,Tanith Lee
5396,Neil Gaiman
5396,Rob Rogers
5396,Naomi Novik
5396,Anthony Burgess
5396,Dominic Green
5396,Laurie R. King
5396,Barbara Roden
5396,Peter Tremayne
5396,Tim Lebbon
5396,Bradley H. Sinor
5396,Edward D. Hoch
5396,Vonda N. McIntyre
5396,Darrell Schweitzer
5396,Mary Robinette Kowal
5396,H.Paul Jeffers
5396,Geoffrey A. Landis
5396,Amy Myers
5396,Tony Pi
5396,Chris Roberson
5396,Mark Valentine
5397,Gigi Levangie Grazer
5398,Bill Willingham
5398,Mark Buckingham
5398,Steve Leialoha
5398,James Jean
5399,James     Baldwin
5399,Kıvanç Güney
5400,Mo Willems
5401,Grant Morrison
5401,Frank Quitely
5402,Meg Cabot
5403,Ellen Schreiber
5404,Sinclair Lewis
5405,Rick Riordan
5405,John Rocco
5406,Catherine Gilbert Murdock
5407,Michael Chabon
5408,Karin Slaughter
5409,Erika Swyler
5410,Laurell K. Hamilton
5411,Nora Roberts
5412,Christopher Moore
5413,Frederick Franck
5414,Kristen Britain
5415,Anne McCaffrey
5416,Helen Oyeyemi
5417,Sue Grafton
5418,David  Brooks
5419,Ian McEwan
5420,Thomas S. Kuhn
5421,Andrea Levy
5422,Louise Penny
5423,Sidney Sheldon
5424,Peter M. Senge
5425,Arthur Koestler
5425,Daphne Hardy
5426,Jaci Burton
5427,Jane Green
5428,Jack Campbell
5429,Lois McMaster Bujold
5430,Elizabeth Flock
5431,Nora Roberts
5432,Malinda Lo
5433,Bernard Cornwell
5434,Megan McCafferty
5435,Diane Arbus
5435,Stan Grossfeld
5435,Doon Arbus
5435,Marvin Israel
5436,Carolyn Mackler
5437,Joseph Conrad
5438,Leo Lionni
5439,Neil Gaiman
5440,Andrew Clements
5441,Frank E. Peretti
5441,Ted Dekker
5442,V.E. Schwab
5442,Victoria Schwab
5443,Clive Cussler
5444,Eoin Colfer
5445,Meg Cabot
5446,Dr. Seuss
5447,Camron Wright
5448,Rohinton Mistry
5449,Harvey Karp
5450,Penelope Douglas
5450,Nelson Hobbs
5451,Dee Lestari
5452,Gordon Korman
5453,Dallas Hartwig
5453,Melissa Hartwig
5454,Ted Kerasote
5455,Gary Paulsen
5456,Julia Alvarez
5457,J. Lynn
5457,Jennifer L. Armentrout
5458,Louisa May Alcott
5459,Harlan Coben
5460,Charles Bukowski
5461,Jussi Adler-Olsen
5461,K.E. Semmel
5462,James McBride
5463,Susan Cooper
5464,Robert Kirkman
5464,Charlie Adlard
5464,Cliff Rathburn
5465,Elizabeth Chandler
5466,Abbi Glines
5467,Daniel Silva
5468,Kate Atkinson
5469,Clive Barker
5470,Arthur C. Clarke
5471,Marshall Goldsmith
5471,Mark Reiter
5473,Claudia Gray
5474,Nick Hornby
5475,Robin LaFevers
5476,Kwame Alexander
5477,Andrea Hirata
5478,Alan Hollinghurst
5479,Susanna Kearsley
5480,Frank E. Peretti
5481,Daniel Silva
5482,Chuck Klosterman
5483,Peter F. Drucker
5484,Kieron Gillen
5484,Jamie McKelvie
5484,Matt Wilson
5484,Clayton Cowles
5485,Dean Koontz
5486,John Sandford
5487,Esther Hicks
5487,Jerry Hicks
5488,Alexandra Bracken
5489,Aimee Carter
5490,Holly Black
5490,Tony DiTerlizzi
5491,Beverly Cleary
5491,Tracy Dockray
5492,Russell Hoban
5492,Garth Williams
5493,Tetsuko Kuroyanagi
5493,Chihiro Iwasaki
5493,Dorothy Britton
5494,Joe Abercrombie
5495,Roger Lowenstein
5496,Natalie Goldberg
5497,Darren Shan
5498,Tad Williams
5635,Penelope Ward
5499,Charlaine Harris
5500,Katherine Paterson
5501,James Patterson
5501,Liza Marklund
5502,Julietta Suzuki
5502,Tomo Kimura
5503,Colleen Hoover
5504,D.J. MacHale
5505,Agatha Christie
5506,China Miéville
5507,Dean Koontz
5508,Arthur Conan Doyle
5509,Dorothy L. Sayers
5510,Gary Larson
5511,Julie Kagawa
5512,J.D. Robb
5513,Tarryn Fisher
5514,Aron Ralston
5515,David Gemmell
5516,Sheila Turnage
5517,Meg Cabot
5518,Ann Rule
5519,Chris Bohjalian
5520,Avery Monsen
5520,Jory John
5521,Matthew Reilly
5522,Nora Roberts
5523,Tite Kubo
5524,Johnny Cash
5524,Patrick   Carr
5525,Sidney Sheldon
5526,Carl Hiaasen
5527,Isak Dinesen
5527,Karen Blixen
5528,Robert Crais
5529,Nassim Nicholas Taleb
5530,Molly McAdams
5531,Sam Harris
5532,Marieke Nijkamp
5533,Rachel Vincent
5534,Elin Hilderbrand
5535,Rebecca Stead
5536,Brian Jacques
5536,Gary Chalk
5537,Steven Pinker
5538,Peter F. Hamilton
5539,Meg Cabot
5540,William Shakespeare
5540,Cynthia Marshall
5540,Barbara A. Mowat
5540,Paul Werstine
5541,Margaret Peterson Haddix
5542,Christopher Pike
5543,Zane
5544,Kristen Simmons
5545,Randy Shilts
5545,William Greider
5546,Laurelin Paige
5547,Lara Adrian
5548,Karin Slaughter
5549,Miranda July
5549,Brigitte Sire
5550,Hubert Selby Jr.
5550,Gilbert Sorrentino
5551,Mario Vargas Llosa
5551,Edith Grossman
5552,Jordan Sonnenblick
5553,Miranda July
5554,Tad Williams
5555,Jay Crownover
5556,John Banville
5557,James Patterson
5557,David Ellis
5558,Dean Koontz
5559,Gail Carriger
5560,L.E. Modesitt Jr.
5561,John Jakes
5562,Ben H. Winters
5564,Douglas Preston
5564,Lincoln Child
5565,Darren Shan
5566,Thea Harrison
5567,L.M. Montgomery
5568,Stephen King
5569,Diane Mowat
5569,W.W. Jacobs
5570,John Saul
5571,Jerry Bridges
5571,Foster W. Cline
5571,Jim Fay
5572,Lisa Kleypas
5573,Anne Rivers Siddons
5574,Jennifer Donnelly
5575,Eric S. Nylund
5576,Kim Harrison
5577,Frank De Felitta
5578,Nathan  Hill
5579,Sophie Jordan
5580,Bill Watterson
5581,J. Sheridan Le Fanu
5582,Garth Nix
5583,Melina Marchetta
5584,K.A. Linde
5585,James Patterson
5585,Maxine Paetro
5586,Brian K. Vaughan
5586,Pia Guerra
5586,Goran Sudžuka
5586,José Marzán Jr.
5587,Chris Bohjalian
5588,Sue Grafton
5589,Jerry Spinelli
5590,Laura Joffe Numeroff
5590,Felicia Bond
5591,William Gibson
5592,Craig Ferguson
5593,Michael J. Fox
5594,Sarah MacLean
5595,Charlotte Rogan
5596,Henryk Sienkiewicz
5596,W.S. Kuniczak
5597,Amy Ewing
5598,Chris d'Lacey
5599,Raymond E. Feist
5599,Janny Wurts
5600,Nora Roberts
5601,Deborah Guarino
5601,Steven Kellogg
5602,Anna Todd
5603,Jacob Tomsky
5604,Tony Horwitz
5605,David Wong
5606,Robert Descharnes
5606,Gilles Néret
5607,Matthew Reilly
5608,Cherrie Lynn
5609,Laurell K. Hamilton
5610,Stephen R. Covey
5611,Larissa Ione
5612,Dean Koontz
5612,Leigh Nichols
5636,Elizabeth Scott
5613,Dan Wells
5614,Laura Dave
5615,Fannie Flagg
5616,Irvine Welsh
5617,Lori Lansens
5618,Janet Evanovich
5619,Sandra Brown
5620,Wiley Cash
5621,Ann M. Martin
5622,Roland Smith
5623,Sheri  Fink
5624,Henning Mankell
5624,Steven T. Murray
5625,Sarah Vowell
5626,Guy de Maupassant
5626,Douglas Parmée
5627,Norman Maclean
5628,María Dueñas
5628,Daniel Hahn
5629,Toni Morrison
5630,William Gibson
5631,Kristan Higgins
5632,Diana Wynne Jones
5633,Jude Watson
5634,Deborah Blum
5637,Anonymous
5637,Ananda Maitreya
5637,Thich Nhat Hanh
5637,Balangoda Ananda Maitreya Maitreya
5638,Kristen Ashley
5639,Kathy Reichs
5640,Brené Brown
5641,Alan Bradley
5642,James Patterson
5642,Maxine Paetro
5643,Elisabeth Elliot
5644,Tarryn Fisher
5645,Holly Black
5646,Susan Elizabeth Phillips
5647,خالد الخميسي
5647,Khaled Al Khamissi
5648,Gail Tsukiyama
5649,Sally   Thorne
5650,Julia Heaberlin
5651,Penny Reid
5652,Scott Westerfeld
5652,Keith Thompson
5653,Akira Amano
5653,JN Productions
5653,Frances E. Wall
5654,Karin Slaughter
5655,Tom Clancy
5656,Sue Grafton
5657,Alton Brown
5658,James Herriot
5659,Sherrilyn Kenyon
5660,Beth Revis
5661,Ursula K. Le Guin
5662,Amy Tintera
5663,Carrie Brownstein
5664,Jon Meacham
5665,Agatha Christie
5666,Iain M. Banks
5667,Pearl Cleage
5668,Sue Grafton
5669,David Baldacci
5670,Irvin D. Yalom
5671,Trudi Canavan
5672,Steven Erikson
5673,Frank E. Peretti
5674,Joe Hill
5674,Gabriel Rodríguez
5675,The Arbinger Institute
5676,Arthur C. Clarke
5676,Gentry Lee
5677,Lisa Kleypas
5678,Graham Greene
5679,Scott Snyder
5679,Jock
5679,Francesco Francavilla
5679,Jared K. Fletcher
5679,Sal Cipriano
5679,David   Baron
5680,James Patterson
5680,Marshall Karp
5681,Darren Shan
5682,Corrie ten Boom
8119,Amy Zhang
5683,Laura Joffe Numeroff
5683,Felicia Bond
5684,Laurell K. Hamilton
5684,Laural Merlington
5685,Orson Scott Card
5685,James Cameron
5686,Paula Brackston
5687,Katarina Bivald
5687,Alice Menzies
5688,Dennis Lehane
5689,Amy Plum
5690,Richard Dawkins
5690,Dave McKean
5691,Karen Kingsbury
5691,Gary Smalley
5692,James Patterson
5693,Christian Lander
5694,Nora Roberts
5695,Stephen R. Donaldson
5696,Marian Keyes
5697,Heather Dixon
5698,Rachel Dratch
5699,Gabriel García Márquez
5700,J.M. Coetzee
5701,Willy Lindwer
5702,Walter Isaacson
5703,Deborah Rodriguez
5704,Ernest Hemingway
5705,Ken Follett
5706,محمد السالم
5707,Neal Stephenson
5708,Ben Mikaelsen
5709,Rachel Kushner
5710,Jeaniene Frost
5711,Deborah Feldman
5712,Kiera Cass
5713,Gary Vaynerchuk
5714,Alastair Reynolds
5715,Steve Berry
5716,T.S. Eliot
5717,Lloyd C. Douglas
5718,Walt Disney Company
5718,Ellen Titlebaum
5719,Anton DiSclafani
5720,Kylie Scott
5721,Kelley Armstrong
5722,Joseph Delaney
5722,Patrick  Arrasmith
5723,Gavin de Becker
5724,Jennifer Echols
5725,Lincoln Peirce
5726,Mary Kubica
5727,Willard F. Harley Jr.
5728,Nora Roberts
5729,Kelly Creagh
5730,Sadegh Hedayat
5730,D.P. Costello
5731,Eric Litwin
5731,James Dean
5732,Jonathan Stroud
5732,Simon  Jones
5733,R.L. Stine
5734,Louise Erdrich
5735,Glen Cook
5736,Abbi Glines
5737,Melinda Haynes
5738,Chris Cleave
5739,Michael Crichton
5740,Danielle Steel
5741,Kristin Hannah
5742,Juliet Marillier
5743,Ken Follett
5744,Chloe Neill
5745,Ina Garten
5745,Maura McEvoy
5746,Fisher Amelie
5747,H.P. Lovecraft
5747,China Miéville
5747,S.T. Joshi
5748,Nora Roberts
5749,Lara Adrian
5750,James Rollins
5751,Allison Pearson
5752,Garth Ennis
5752,Steve Dillon
5753,Becky  Chambers
5754,Jorge Luis Borges
5754,Andrew Hurley
5755,Holly Black
5756,John le Carré
5757,Jennifer Lynn Barnes
5758,Harlan Coben
5759,L.J. Smith
5760,Sherrilyn Kenyon
5761,Carol Tavris
5761,Elliot Aronson
5762,T.R. Ragan
5763,Richard Bachman
5763,Stephen King
5764,Clive Cussler
5765,Jared Diamond
5766,Dennis Lehane
5767,Gina Mayer
5767,Mercer Mayer
5768,Nicole  Williams
5769,Mira Grant
5770,Harlan Coben
5771,Karin Slaughter
5772,Jill Bolte Taylor
5773,Robert Kirkman
5773,Charlie Adlard
5773,Cliff Rathburn
5774,Isabel Allende
5774,Margaret Sayers Peden
5775,Dean Koontz
5776,Emma Donoghue
5777,Iain Pears
5778,Donny Dhirgantoro
5779,Geoffrey A. Moore
5779,Regis McKenna
5780,Peach-Pit
5781,Harlan Coben
5782,Isaac Asimov
5783,Aldous Huxley
5784,Neil Shubin
5785,Jean-Paul Sartre
5786,Seth Godin
5787,Alison Bechdel
5788,Bob Ong
5789,Robin Hobb
5790,Elin Hilderbrand
5791,Darynda Jones
5792,Milan Kundera
5792,Linda Asher
8279,Roland Smith
5793,Mary E. Pearson
5794,Loung Ung
5795,Owen  West
5795,Dean Koontz
5796,Stephen M.R. Covey
5797,Mary Higgins Clark
5798,Betty Mahmoody
5799,Lisa Gardner
5800,Piers Anthony
5801,Mary Higgins Clark
5802,Joseph Kesselring
5803,Ellen Schreiber
5804,Ken Kesey
5805,Tamora Pierce
5806,Sam Harris
5807,Darcie Chan
5808,Douglas Coupland
5809,Jon Lee Anderson
5810,Scott Westerfeld
5811,C.C. Hunter
5812,Paulo Coelho
5813,Brandon Mull
5814,Kelley Armstrong
9324,John Lanchester
5815,Maggie Stiefvater
5816,Verna Aardema
5816,Leo Dillon
5816,Diane Dillon
5817,Sophie Kinsella
5818,Nora Roberts
5819,Tom Rob Smith
5820,Rebecca Solnit
5821,Kristen Proby
5822,Carlos Ruiz Zafón
5822,Lucia Graves
5823,Alfred Uhry
5824,Meredith Wild
5825,J.D. Robb
5826,Alexander McCall Smith
5827,Laura Ingalls Wilder
5827,Garth Williams
5828,R.D. Ronald
5829,Kathy Reichs
5830,Jacob Grimm
5830,Wilhelm Grimm
5830,منى الخميسي
5831,Allan Pease
5831,Barbara Pease
5832,Tammara Webber
5833,Farley Mowat
5834,James Patterson
5834,Michael Ledwidge
5835,Michelle Moran
5836,Kathy Reichs
5837,Kevin Hearne
5838,John Scalzi
5839,Brad Thor
5840,Oscar Wilde
5840,Merlin Holland
5841,Cook''s Illustrated Magazine
5841,John Burgoyne
5841,Carl Tremblay
5842,Renee Ahdieh
5843,Peter Clines
5844,Louise Penny
5845,Laura C. Schlessinger
5846,Ted Dekker
5847,Yana Toboso
5848,Michael J. Sullivan
5849,Fábio Moon
5849,Gabriel Bá
5849,Craig Thompson
5849,Dave Stewart
5849,Sean Konot
5850,Cherise Sinclair
5851,Orhan Pamuk
5851,Maureen Freely
5852,Brit Bennett
5853,Johann Wolfgang von Goethe
5853,Walter Kaufmann
5854,Cora Carmack
5855,Jenny Nimmo
5856,Shelly Crane
5857,Andrea Cremer
5858,Agatha Christie
5859,Rachel Renée Russell
5860,Beverly Cleary
5861,Agatha Christie
5862,Susan Elizabeth Phillips
5863,Maxine Hong Kingston
5864,Masha
5864,Marie Simchow Stern
5865,Charles Bukowski
5866,Samantha Young
5867,Terry Brooks
5868,Taylor Jenkins Reid
5869,Glennon Doyle Melton
5870,Arthur Conan Doyle
5870,David Timson
5871,Nora Roberts
5872,Charles Dickens
5873,Stephen R. Covey
5874,Larry Correia
5875,Rae Carson
5876,Tom Clancy
5877,Anne McCaffrey
5878,Diane Muldrow
5879,Garth Ennis
5879,Steve Dillon
5879,Peter Snejbjerg
5880,Megan Whalen Turner
5881,Christopher Isherwood
5882,Christopher Hitchens
5883,Chris d'Lacey
5884,Neil Gaiman
5885,Stephen E. Ambrose
5886,Julie Garwood
5887,Kody Keplinger
5888,A. Meredith Walters
5889,Nora Roberts
5890,Jeanne DuPrau
5891,James Patterson
5892,Kresley Cole
5892,Gena Showalter
5893,Holly Black
5893,Eliza Wheeler
5894,Patricia Cornwell
5895,Alan Bradley
5896,Kristen Ashley
5897,Joseph Fink
5897,Jeffrey Cranor
5898,Michael Teitelbaum
5898,Walt Disney Company
5899,Julia Quinn
5900,Julie   Murphy
5901,Ann Leckie
5902,Gena Showalter
5903,Stephen King
5904,Gina L. Maxwell
5905,Alexander McCall Smith
5906,Eve Ensler
5906,Gloria Steinem
5907,Charles Dickens
5908,Evelyn Waugh
5909,Francine Rivers
5910,Barbara Delinsky
5911,Paul Auster
5912,Karen Marie Moning
5913,Wendy Mass
5914,Maeve Binchy
5915,George Eliot
5915,Edmund White
5916,Elin Hilderbrand
5917,Susan Mallery
5918,Plum Sykes
5919,Anonymous
5919,Ronald A. Beers
5920,Douglas Preston
5920,Lincoln Child
5921,Sylvain Neuvel
5922,Julianne Donaldson
5923,Neil Gaiman
5923,Barron Storey
5923,Bill Sienkiewicz
5923,Glenn Fabry
5923,Dave McKean
5923,P. Craig Russell
5923,Milo Manara
5923,Miguelanxo Prado
5923,Frank Quitely
5923,Todd Klein
5924,Olivia Goldsmith
5925,Maggie O'Farrell
5926,Sarah Waters
5927,Jeffrey Archer
5928,Anne Rice
5929,Carl Hiaasen
5930,Robert McCammon
5931,George Eliot
5931,Joanna Trollope
5931,Hugh Osborne
5932,Chitra Banerjee Divakaruni
5933,Yōko Ogawa
5933,Stephen Snyder
5934,Sue Grafton
5935,Douglas Coupland
5936,Dean Koontz
5937,Niall Ferguson
5938,Jim Gaffigan
5939,Laurie Halse Anderson
5940,Dante Alighieri
5940,Robert M. Durling
5941,David Baldacci
5942,Jonathan Tropper
5943,Julie Anne Peters
5943,C.J. Bott
5944,Denise Kiernan
5945,Dean Koontz
5945,Ed Gorman
5945,John Bedford Lloyd
5946,D.J. MacHale
5947,David Mitchell
5948,Douglas Coupland
5949,Stephen King
5950,Mark Dunn
5974,Kiera Cass
5951,Steven Erikson
5952,Tess Gerritsen
5953,Dee Lestari
5954,Paul Tremblay
5955,Gretchen Rubin
5956,Ben Aaronovitch
5957,Raymond E. Feist
5958,Isabel Allende
5958,Anne McLean
5959,Rita Williams-Garcia
5960,Robin Hobb
5961,P.G. Wodehouse
5962,Pseudonymous Bosch
5962,Gilbert Ford
5963,Erin Hunter
5964,Jason F. Wright
5965,Lili St. Crow
5965,Lilith Saintcrow
5966,James Patterson
5966,Howard Roughan
5967,Blue Balliett
5967,Brett Helquist
5968,Philip Yancey
5970,Alice Clayton
5971,Dav Pilkey
5971,George Beard
5971,Harold Hutchins
5972,Robert Louis Stevenson
5972,Tasha Tudor
5973,Bret Easton Ellis
5975,James Rollins
5976,Robert Kirkman
5976,Charlie Adlard
5977,Jane Smiley
5978,Paulo Freire
5978,Myra Bergman Ramos
5978,Donaldo Macedo
5978,Richard Shaull
5979,Ian Doescher
5980,Brad Meltzer
5980,Rags Morales
5980,Michael Bair
5980,Joss Whedon
5981,Sarah Rees Brennan
5982,Arthur C. Clarke
5982,Gentry Lee
5983,José Saramago
5984,Lemony Snicket
5984,Seth
5985,Kelley Armstrong
5986,Bryan Konietzko
5986,Michael Dante DiMartino
5986,Aaron Ehasz
5986,Alison Wilgus
5986,Amy Kim Ganter
5986,Brian Ralph
5986,Corey Lewis
5986,Dave Roman
5986,Elsa Garagarza
5986,Ethan Spaulding
5986,Frank Pittarese
5986,Gurihiru
5986,J. Torres
5986,Joaquim Dos Santos
5986,Johane Matte
5986,John O''Bryan
5986,Joshua Hamilton
5986,Justin Ridge
5986,Kaite Mattila
5986,May Chan
5986,Rawles Marie Lumumba
5986,Reagan Lodge
5986,Tim Hedrick
5986,Tom McWeeney
5987,Catherine McKenzie
5988,Margaret Sidney
5989,Jessica Day George
5990,Radwa Ashour
5990,رضوى عاشور
5991,Barbara Cooney
5992,Jim Bouton
5993,Bill Willingham
5993,Mark Buckingham
5993,Steve Leialoha
5993,James Jean
5994,Carlos Fuentes
5995,Harriet Lerner
5996,Burton G. Malkiel
5997,Jennifer Echols
5998,Kelly Elliott
5999,William Goldman
6000,Julie Klassen
6001,Michelle A. Valentine
6002,Piers Anthony
6003,Claire Huchet Bishop
6003,Kurt Wiese
6004,Jamie McGuire
6005,Piers Anthony
6006,Arnold Lobel
6007,Cormac McCarthy
6008,C.S. Pacat
6009,Megan Whalen Turner
6010,Ridley Pearson
6010,David Frankland
6011,Richard Feynman
6012,Paul Murray
6013,David Weber
6014,V.C. Andrews
6015,A.G. Riddle
6016,Jessica Shirvington
6017,Dorothy L. Sayers
6018,Tony Kushner
6019,Dorothy Koomson
6020,Lisa Kleypas
6021,Ruth Reichl
6022,John Keats
6023,Judith McNaught
6024,Joseph Boyden
6025,Dashiell Hammett
6026,J. Lynn
6026,Jennifer L. Armentrout
6027,Masashi Kishimoto
6027,Frances Wall
6028,David Baldacci
6029,Judith McNaught
6030,Khushwant Singh
6031,Craig Silvey
6032,Michael A. Singer
6033,Marlon James
6034,Nina LaCour
6035,Julie Garwood
6036,Jami Attenberg
6037,Thomas Piketty
6037,Arthur Goldhammer
6038,James D. Bradley
6039,Kay Thompson
6039,Hilary Knight
6040,Jonathan Stroud
6041,Herman Koch
6042,Peter Carey
6043,Elmore Leonard
6044,K.A. Tucker
6045,Nathanael West
6045,Alfred Kazin
6046,James Gleick
6047,Alan Brennert
6048,Keri Arthur
6049,Richard Russo
6050,Rosamunde Pilcher
6051,Ally Carter
6052,Rachel Caine
6053,Anthony Horowitz
6054,John Darnielle
6055,Erich Maria Remarque
6056,Melissa de la Cruz
6057,Maya Angelou
6058,Andrzej Sapkowski
6059,James Patterson
6059,Richard DiLallo
6060,Ori Brafman
6060,Rom Brafman
6061,Marguerite Henry
6061,Wesley Dennis
6062,Sam Harris
6063,Jack London
6064,Iris Chang
6065,Jerry A. Coyne
6066,Annie Proulx
6067,Susan Elizabeth Phillips
6068,Lisa Scottoline
6069,Jeffrey Archer
6070,Jostein Gaarder
6070,Sarah Jane Hails
6071,Jen Sincero
6072,Jill Mansell
6073,Dean Koontz
6074,Iain M. Banks
6075,Nicky Charles
6076,Conn Iggulden
6077,Kurtis J. Wiebe
6077,Roc Upchurch
6078,Agatha Christie
6079,Lian Hearn
6080,Laurell K. Hamilton
6081,Laurelin Paige
6082,Edan Lepucki
6083,Stephen Briggs
6083,Terry Pratchett
6084,Mo Willems
6085,Chuck Wendig
6086,Ellen Schreiber
6087,Agatha Christie
6088,Jennifer Chiaverini
6089,Safiy al-Rahman al-Mubarakfuri
6090,Sarah McCoy
6091,J.R. Ward
6092,Trina Schart Hyman
6092,Johann Grimm
6092,Wilhelm Grimm
6093,Dav Pilkey
6094,Martin Pistorius
6094,Megan Lloyd Davies
6095,Greg McKeown
6096,Philippa Gregory
6097,Roald Dahl
6097,Quentin Blake
6098,Lisa Renee Jones
6099,L.A. Fiore
6100,Samantha Towle
6101,René Descartes
6101,Donald A. Cress
6102,Enid Blyton
6103,Sandi Lynn
6104,Henry James
6105,Lauren Groff
6106,Dorothy Kunhardt
6107,Melanie Benjamin
6108,CLAMP
6108,Maria Simpson
6109,Meg Cabot
6110,Ree Drummond
6112,Dian Fossey
6113,Jeffery Hudson
6113,Michael Crichton
6114,Adelle Waldman
6115,P.C. Cast
6115,Kristin Cast
6116,Matthew Norman
6117,Linda Castillo
6118,Ilona Andrews
6119,Anton Chekhov
6119,Michael Frayn
6120,Haruki Murakami
6120,村上 春樹
6121,Meg Cabot
6122,Louise Rennison
6123,Robert A. Heinlein
6124,Julie Anne Peters
6125,Alice Munro
6126,Iain M. Banks
6127,Mia Sheridan
6128,E.M. Forster
6129,J.D. Robb
6129,Susan Ericksen
6130,Ira Levin
6131,Cornelius Ryan
6132,Janet Evanovich
6133,D.J. MacHale
6134,David Baldacci
6135,Raymond E. Feist
6135,Janny Wurts
6136,C.J. Redwine
6137,Elin Hilderbrand
6138,Carolyn Keene
6138,Mildred Benson
6139,Taylor Caldwell
6140,Daniel Silva
6141,J.K. Rowling
6142,Karen Kingsbury
6143,Laurell K. Hamilton
6144,Stephen Briggs
6144,Terry Pratchett
6145,Mariana Zapata
6146,Mary Higgins Clark
6147,Joseph Wambaugh
6148,Kathy Reichs
6149,Kelly McGonigal
6150,Richard K. Morgan
6151,Karin Slaughter
6153,Sue Grafton
6154,Thomas Pynchon
6155,Joseph Conrad
6155,A. Michael Matin
6156,Bertrand Russell
6156,Paul  Edwards
6157,Alain de Botton
6158,Paullina Simons
6159,James Patterson
6160,Heinrich Böll
6160,محمد اسماعیل‌زاده
6161,Laura McHugh
6162,Julia Quinn
6163,Sue Grafton
6164,Margaret Peterson Haddix
6165,William Gibson
6166,Anonymous
6166,Richard Wilhelm
6166,Cary F. Baynes
6166,C.G. Jung
6167,John Buchan
6168,Joan Didion
6169,Peter Watts
6170,Nick Offerman
6171,Scott Snyder
6171,Stephen King
6171,Rafael Albuquerque
6172,John Sandford
6173,Alexis de Tocqueville
6173,Isaac Kramnick
6173,Gerald Bevan
6174,Harlan Coben
6175,Darren Shan
6176,A. Meredith Walters
6177,Erica Bauermeister
6178,Amy A. Bartol
6179,Bernard Cornwell
6180,Roddy Doyle
6181,Anne Tyler
6183,Jenny Nimmo
6184,Martin Amis
6185,John Sandford
6186,Chris Ryall
6186,Gabriel Rodríguez
6186,Clive Barker
6187,Arthur Conan Doyle
6188,Brian Herbert
6188,Kevin J. Anderson
6189,Diana Wynne Jones
6190,Charles Dickens
6191,Joseph O'Neill
6192,Steve Berry
6193,Larissa Ione
6195,Franz Kafka
6195,بهرام مقدادی
6196,Steve Niles
6196,Ben Templesmith
6197,Erin Hunter
6198,يوسف زيدان
6198,Youssef Ziedan
6199,Hillary Jordan
6200,Sidney Sheldon
6201,Meg Cabot
6202,Christopher Hitchens
6202,Titus Lucretius Carus
6202,Omar Khayyám
6202,Thomas Hobbes
6202,Baruch Spinoza
6202,David Hume
6202,James Boswell
6202,Percy Bysshe Shelley
6202,George Eliot
6202,Charles Darwin
6202,Leslie Stephen
6202,Anatole France
6202,Mark Twain
6202,Joseph Conrad
6202,Thomas Hardy
6202,Emma Goldman
6202,H.P. Lovecraft
6202,Carl Van Doren
6202,H.L. Mencken
6202,Sigmund Freud
6202,Albert Einstein
6202,George Orwell
6202,John Betjeman
6202,Chapman Cohen
6202,Bertrand Russell
6202,Philip Larkin
6202,Martin Gardner
6202,Carl Sagan
6202,John Updike
6202,John Leslie Mackie
6202,Michael Shermer
6202,A.J. Ayer
6202,Daniel C. Dennett
6202,Charles Templeton
6202,Richard Dawkins
6202,Victor J. Stenger
6202,Elizabeth S.  Anderson
6202,Penn Jillette
6202,Ian McEwan
6202,Steven Weinberg
6202,Salman Rushdie
6202,Ibn Warraq
6202,Sam Harris
6202,A.C. Grayling
6202,Ayaan Hirsi Ali
6202,John Stuart Mill
6202,Karl Marx
6203,Larissa Ione
6250,Michel Houellebecq
6204,Fritjof Capra
6205,Madeline Sheehan
6206,Kathryn Croft
6207,Jeff VanderMeer
6208,Kristen Ashley
6209,Elizabeth Eulberg
6210,Julie Garwood
6211,Agatha Christie
6212,Agatha Christie
6213,Renée Knight
6214,Veronica Roth
6215,Umberto Eco
6215,Richard Dixon
6216,Yann Martel
6217,Hiroyuki Takei
6218,Robert Jordan
6219,Michio Kaku
6220,Steven Pinker
6222,Karen Kingsbury
6223,Ian Fleming
6224,Kate Egan
6225,John Stuart Mill
6225,George Sher
6226,Andrew  Smith
6227,Mitch Albom
6228,Robin Hobb
6229,Jack Finney
6230,Melvin Burgess
6231,Bill O''Reilly
6231,Martin Dugard
6232,Keigo Higashino
6232,Alexander O. Smith
6233,Jenny Nimmo
6234,Irvine Welsh
6235,Jenny Nimmo
6236,Hugh Howey
6237,James Patterson
6237,Michael Ledwidge
6238,Daniel Silva
6239,Ellen Schreiber
6240,Neale Donald Walsch
6241,Patti Smith
6242,Louise Erdrich
6243,Brad Meltzer
6244,Jessica Day George
6245,Carrie Fisher
6246,Steven Erikson
6247,Rachel Renée Russell
6248,Lisa McMann
6249,Brian K. Vaughan
6249,Niko Henrichon
6251,Jon Krakauer
6252,Richard K. Morgan
6253,Amish Tripathi
6254,Gail Carriger
6255,Jenny McCarthy
6256,Clive Barker
6257,William Zinsser
6258,Thomas A. Harris
6259,Mario Puzo
6260,Patricia Briggs
6261,Maeve Binchy
6262,Jane Werner Watson
6262,Corinne Malvern
6263,S.A. Bodeen
6264,James A. Michener
6265,Boris Vian
6266,Kimberly Derting
6267,Nora Roberts
6268,Kimberly Lauren
6269,Christine Feehan
6270,Dan Wells
6271,Sarah MacLean
6272,Martin Heidegger
6273,Ernest Hemingway
6274,Jonathan Kozol
6275,Charlie Higson
6276,Jeffrey Archer
6277,Jeffery Deaver
6278,Daphne du Maurier
6279,Kenneth Oppel
6280,Thomas Tryon
6281,Daniel Silva
6282,Colin Meloy
6282,Carson Ellis
6284,Margaret Weis
6284,Tracy Hickman
6285,Daniel Tammet
6286,Rachel Van Dyken
6287,Conor Grennan
6288,Kaui Hart Hemmings
6289,Colleen Hoover
6290,Natsumi Ando
6290,Miyuki Kobayashi
6291,Irving Stone
6292,Faith Hunter
6293,Mary Kay Andrews
6294,James Patterson
6294,Mark T. Sullivan
6295,Craig Johnson
6296,Sherwood Smith
6297,Victoria Kann
6297,Elizabeth Kann
6298,Pablo Neruda
6298,Ilan Stavans
6299,Tracy Chevalier
6300,Madeleine Wickham
6301,Ilsa J. Bick
6302,Jane Austen
6302,Robert William Chapman
6303,Tillie Cole
6304,Mary Higgins Clark
6305,Julee Rosso
6305,Sheila Lukins
6305,Michael McLaughlin
6306,Sidney Sheldon
6307,Keri Hulme
6308,Michelle Paver
6308,Geoff Taylor
6309,Brian  McClellan
6310,Gavin Extence
6311,Marguerite Henry
6312,Tsugumi Ohba
6312,Takeshi Obata
6312,Diana Hammermeister
6313,Susan Elizabeth Phillips
6314,Agatha Christie
6315,J.G. Ballard
6316,Friedrich Nietzsche
6316,H.L. Mencken
6317,Lawrence Wright
6318,Robert A. Heinlein
6319,K.R. Dwyer
6319,Dean Koontz
6320,Charles Bukowski
6321,Jeff Lindsay
6322,John Irving
6323,Stephen King
6324,Sidney Sheldon
6325,J.D. Robb
6326,Virginia Woolf
6327,Jeffrey Toobin
6328,Sarah Jio
6329,Kyung-Sook Shin
6329,신경숙
6329,Chi-Young Kim
6330,David Eddings
6331,Brian Michael Bendis
6331,Olivier Coipel
6331,Tim Townsend
6331,Rick Magyar
6331,John Dell
6331,Scott Hanna
6331,Frank D''Armata
6331,Chris Eliopoulos
6331,James Taveras
6331,Omar Otieku
6331,Tom Valente
6331,Esad Ribic
6332,Heather Brewer
6333,Leon Uris
6334,Dr. Seuss
6335,Peter Carey
6336,Alexander McCall Smith
6337,Booker T. Washington
6337,Ishmael Reed
6338,Daniel Silva
6339,Laura Kaye
6340,Lois McMaster Bujold
6341,René Goscinny
6341,Albert Uderzo
6341,Anthea Bell
6341,Derek Hockridge
6342,Jan Karon
6343,Jessica Sorensen
6344,Lisa Gardner
6345,Gertrude Crampton
6346,Erin Hunter
6347,Mercer Mayer
6348,Robert Fulghum
6349,Matthew Reilly
6350,Dave Barry
6350,Ridley Pearson
6350,Greg Call
6351,Sarah Macdonald
6352,Tess Gerritsen
6353,China Miéville
6354,Jean-Paul Sartre
6355,Lisa Jewell
6356,George R.R. Martin
6357,Brad Thor
6358,Helen Bryan
6359,Enid Blyton
6360,Elin Hilderbrand
6361,Bill Watterson
6362,Yoko Kamio
6362,神尾葉子
6363,Steven Levy
6364,Kazuo Ishiguro
6365,Linda Kage
6366,David Small
6367,Ellis Avery
6368,Tamora Pierce
6369,Anne McCaffrey
6370,Jamie McGuire
6371,Naomi Novik
6372,Julie Garwood
6373,David Shannon
6374,Tamora Pierce
6375,Colleen McCullough
6376,John Connolly
6377,Daniel Silva
6378,Tomoko Hayakawa
6378,David Ury
6379,Robert Kirkman
6379,Jay Bonansinga
6380,R.A. Salvatore
6381,Anna Quindlen
6382,Jerzy Kosiński
6383,Maeve Binchy
6384,Jonathan Haidt
6385,Edgar Allan Poe
6386,Peter F. Hamilton
6387,L.J. Smith
6388,Elizabeth Scott
6389,Toni Morrison
6390,Benjamin Hoff
6391,Cecily von Ziegesar
6392,Ilya Ilf
6392,Eugene Petrov
6392,Maurice Friedberg
6392,John H.C. Richardson
6393,Jack Canfield
6393,Mark Victor Hansen
6393,Kimberly Kirberger
6395,Eric Carle
6396,Alison Croggon
6397,Simon R. Green
6398,Thomas J. Stanley
6399,Sidney Sheldon
6400,The Beatles
6400,Paul McCartney
6400,Ringo Starr
6400,John Lennon
6400,George Harrison
6401,Christopher  Ryan
6401,Cacilda Jethá
6402,Cecily von Ziegesar
6403,Annette Pollert
6403,L.J. Smith
6404,Vera B. Williams
6405,Iain Banks
6406,Jonathan Tropper
6407,Margaret Weis
6407,Tracy Hickman
6408,Kiyoko Arai
6409,Eric Carle
6410,Joshua Harris
6411,Bill Willingham
6411,Mark Buckingham
6411,David Hahn
6411,Steve Leialoha
6412,Whitney G.
6413,Marilynne Robinson
6414,Jen Hatmaker
6415,J. Sterling
6416,Christina Lauren
6417,William Shakespeare
6418,Peter F. Hamilton
6419,Matt Fraction
6419,Chip Zdarsky
6420,Tim LaHaye
6420,Jerry B. Jenkins
6421,Lauren Kate
6422,Patricia Cornwell
6423,Marie Rutkoski
6424,R.K. Lilley
6425,Sharon Kay Penman
6426,Byron Katie
6426,Stephen Mitchell
6427,Sid Fleischman
6427,Peter Sís
6428,J.K. Rowling
6428,MinaLima
6429,Carolyn Keene
6430,George Bernard Shaw
6430,John A. Bertolini
6431,Drew Karpyshyn
6432,Elizabeth  Hall
6433,Brigid Kemmerer
6434,Maureen Johnson
6435,Richard Rhodes
6437,Francine Rivers
6438,Tony Kushner
6439,Ken Follett
6440,Brian Herbert
6440,Kevin J. Anderson
6441,Richard Koch
6442,William Blake
6442,David V. Erdman
6442,Harold Bloom
6443,Ian McEwan
6444,Tsugumi Ohba
6444,Takeshi Obata
6445,Katsuhiro Otomo
6445,Yoko Umezawa
6445,Linda M. York
6445,Jo Duffy
6446,Robert   Harris
6447,Richard Ford
6448,Garth Nix
6449,Julie Maroh
6450,Bill Bryson
6451,Susanna Kearsley
6452,Tachibana Higuchi
6452,樋口 橘
6453,William Least Heat-Moon
6454,Anne Tyler
6455,Emily Dickinson
6456,Robert Louis Stevenson
6456,Jenny Davidson
6457,Spencer W. Kimball
6459,Gena Showalter
6460,Toni Morrison
6461,Gerard Way
6461,Gabriel Bá
6461,Dave Stewart
6461,Nate Piekos
6461,Tony Ong
6462,Jennifer L. Armentrout
6463,Jessica Livingston
6464,Lacey Weatherford
6465,Scott Sigler
6466,Leila Sales
6467,Gloria Naylor
6468,G. Willow Wilson
6468,Adrian Alphona
6468,Jacob Wyatt
6469,Elisabeth Elliot
6470,Jenny Han
6470,Siobhan Vivian
6471,David McCullough
6472,David Eddings
6473,Petra Durst-Benning
6473,Samuel Willcocks
6474,Maggie Shipstead
6475,David Foster Wallace
6476,Julie James
6477,Patrick Carman
6478,Tahereh Mafi
6479,Megan Abbott
6480,Sharon Kay Penman
6481,Tom Stoppard
6482,Scott Pratt
6483,Irving Shulman
6484,Anne McCaffrey
6485,Leonard Mlodinow
6486,James Patterson
6487,Steve Krug
6488,Charlaine Harris
6489,Jennifer L. Armentrout
6490,Orson Scott Card
6491,Lindy West
6492,Anne Bishop
6493,Harper Sloan
6494,Julie James
6495,Jim Kjelgaard
6495,Carl Pfeuffer
6496,Caleb Carr
6497,George R.R. Martin
6498,Mercer Mayer
6499,Arthur Conan Doyle
6500,Augusten Burroughs
6501,Agatha Christie
6502,T.H. White
6503,Jaclyn Moriarty
6504,Anne Rice
6505,L.M. Montgomery
6506,Cecelia Ahern
6507,Dean Koontz
6508,Alan Moore
6508,Stephen R. Bissette
6508,John Totleben
6508,Rick Veitch
6508,Ramsey Campbell
6509,Arthur C. Clarke
6510,Dennis Lehane
6511,Alyson Noel
6512,Agatha Christie
6513,Lara Adrian
6514,Jan Brett
6515,Kasie West
6516,Henning Mankell
6516,Laurie Thompson
6517,Paolo Bacigalupi
6518,Karl Weber
6519,Catherine Coulter
6520,Robert Crais
6521,Herman Wouk
6522,Becca Fitzpatrick
6523,James Lee Burke
6524,Thomas à Kempis
6524,William Benham
6525,K.A. Linde
6526,Kevin Henkes
6527,Brian K. Vaughan
6527,Fiona Staples
6528,Debbie Macomber
6529,Richard Castle
6530,William Shakespeare
6531,L.J. Smith
6532,R.L. Stine
6533,Jeffrey Archer
6534,Charlaine Harris
6535,Peter Shaffer
6536,Raymond E. Feist
6537,Chris Colfer
6537,Brandon Dorman
6538,Charlie N. Holmberg
6539,Dean Koontz
6540,Lisa Kleypas
6541,Joseph Delaney
6541,Patrick  Arrasmith
6542,Jennifer Probst
6543,Sam Smith
6543,Doug Grud
6544,Michelle Moran
6545,John Ortberg
6546,Janice Y.K. Lee
6547,Livia E. Bitton-Jackson
6548,Roy F. Baumeister
6548,John Tierney
6549,Tami Hoag
6550,Caragh M. O'Brien
6551,Piers Anthony
6552,Anita Shreve
6553,Ford Madox Ford
6553,Kenneth Womack
6553,William Baker
6554,Margaret Weis
6554,Tracy Hickman
6555,J.L. Bourne
6556,Stan Berenstain
6556,Jan Berenstain
6557,Robin Furth
6557,Stephen King
6557,Peter Straub
6557,Tony Shasteen
6557,Nei Ruffino
6558,David Brin
6559,Stephen Fry
6560,Meredith Wild
6561,John Sandford
6562,Peter Lerangis
6563,Ellen Schreiber
6564,Sebastian Junger
6565,John Corey Whaley
6566,Anita Shreve
6567,Simon Singh
6568,Alan Moore
6568,Kevin O''Neill
6569,Jacqueline Winspear
6570,Shiv Khera
6571,John Flanagan
6572,Umberto Eco
6573,Leil Lowndes
6574,Gosho Aoyama
6575,C.S. Lewis
6576,Yoshihiro Togashi
6577,Philippa Gregory
6578,Robin Hobb
6579,Joshilyn Jackson
6580,Sue Grafton
6581,R.A. Salvatore
6583,Phil Knight
6584,Paul Pilkington
6585,J.D. Robb
6586,Andrew Loomis
6587,Sarah Waters
6588,Pat Conroy
6589,Clive Cussler
6590,Bill Watterson
6591,Tim Winton
6592,Jack Ketchum
6593,Carlos Castaneda
6594,Natsuo Kirino
6594,Stephen Snyder
6595,Philippa Pearce
6595,Susan Einzig
6597,Cassandra Clare
6597,Sarah Rees Brennan
6598,Kevin Stein
6599,David  Perlmutter
6599,Kristin Loberg
6600,Annie Dillard
6601,Raymond E. Feist
6602,Roger Zelazny
6603,Daron Acemoğlu
6603,James A. Robinson
6604,Isabel Allende
6604,Margaret Sayers Peden
6605,Marti Olsen Laney
6606,Garth Ennis
6606,Steve Dillon
6607,D.H. Lawrence
6607,Daphne Merkin
6608,Kathryn Lasky
6609,Gary Taubes
6610,Sue Grafton
6611,Garth Ennis
6611,Steve Dillon
6611,Steve Pugh
6611,Matt Hollingsworth
6611,Carlos Ezquerra
6611,Richard Case
6612,John M. Barry
6613,Paul Hattaway
6613,Brother Yun
6615,Saul Bellow
6615,Philip Roth
6616,Neal Shusterman
6617,Thich Nhat Hanh
6618,David Shannon
6619,Iris Johansen
6620,Steven Pinker
6621,Tim Johnston
6622,Kentaro Yabuki
6623,Megan Abbott
6624,Rachel Caine
6625,Alaa Al Aswany
6625,علاء الأسواني
6626,Martha Stewart
6626,Victor Schrager
6627,Jacqueline Winspear
6628,E.D. Baker
6629,Reginald Rose
6629,David Mamet
6630,Neil Gaiman
6630,Andy Kubert
6630,Matt Wagner
6630,Simon Bisley
6630,Bernie Mireault
6630,Mark Buckingham
6631,Ree Drummond
6632,Leo Lionni
6633,Sinclair Lewis
6634,Cormac McCarthy
6635,Ellen Schreiber
6636,Anne Enright
6637,Tori Spelling
6638,James Patterson
6639,Jonathan Haidt
6640,Garth Nix
6641,Kristen Ashley
6642,Joe Hill
6642,Gabriel Rodríguez
6643,Wendy Mass
6644,Julia Scheeres
6645,David Wiesner
6646,Angela Marsons
6647,Jerry Pinkney
6648,Langston Hughes
6649,Kendare Blake
6650,Lois McMaster Bujold
6651,QuinRose
6651,Soumei Hoshino
6652,Darren Shan
6653,Michael Moorcock
6654,Caroline Alexander
6655,Wendy Mass
6656,Walt Disney Company
6657,Jay McLean
6658,L.J. Smith
6659,Lin-Manuel Miranda
6659,Jeremy McCarter
6660,Harlan Coben
6661,Gregory Maguire
6661,Douglas Smith
6662,O. Henry
6662,Victoria Blake
6663,Janet Briggs
6663,Beth Wittlinger
6664,Franz Kafka
6665,Anne Rice
6666,Josephine Angelini
6667,J.R. Ward
6668,Frederick Forsyth
6669,Brian Lumley
6670,Truddi Chase
6670,Robert A. Phillips Jr.
6671,Robison Wells
6672,Brad Thor
6673,David Gemmell
6674,Amy Efaw
6675,Margaret Atwood
6676,Mhairi McFarlane
6677,Kevin D. Mitnick
6677,William L. Simon
6677,Steve Wozniak
6678,Robert Jordan
6680,Susane Colasanti
6681,Bernard Cornwell
6682,Robin Oliveira
6683,Diane Duane
6684,Agatha Christie
6685,Brad Thor
6686,Douglas Preston
6686,Lincoln Child
6687,Christopher Hitchens
6688,Umberto Eco
6688,William Weaver
6688,R.C.S. Libri
6689,Christine Feehan
6690,Steve Berry
6691,Terry Goodkind
6692,William Shakespeare
6693,Robert Graysmith
6694,James Patterson
6694,Maxine Paetro
6695,John le Carré
6696,David Baldacci
6697,Sandra Boynton
6698,John Sandford
6699,Lisa Lutz
6700,Abbi Glines
6701,Orson Scott Card
6702,Graeme Base
6703,Elizabeth   Hunter
6704,Leslie Feinberg
6705,Jennifer L. Armentrout
6706,Amy  Stewart
6707,Maggie Shipstead
6708,Helen Marion Palmer
6708,P.D. Eastman
6709,Iain M. Banks
6710,Wendelin Van Draanen
6711,C.J. Roberts
6712,Dean Karnazes
6713,Robert   Harris
6714,Hampton Sides
6715,Mary Higgins Clark
6716,Judy Blume
6717,Rachel Caine
6718,Alexandra Potter
6719,Richelle Mead
6720,Joe Hill
6720,Gabriel Rodríguez
6721,Anna Godbersen
6722,Ann Aguirre
6723,Rajaa Alsanea
6724,Eric Carle
6725,Carrie Vaughn
6726,Ha Jin
6727,George Orwell
6728,James Patterson
6728,Andrew Gross
6729,Judith Guest
6730,Cory Doctorow
6730,Jen Wang
6731,Sherrilyn Kenyon
6732,Alexandre Dumas
6733,Scott Westerfeld
6734,Alison Croggon
6735,Lili St. Crow
6735,Lilith Saintcrow
6736,Dylan Thomas
6737,Anne Tyler
6738,Ben Avery
6738,Mike S. Miller
6738,George R.R. Martin
6739,Kristen Ashley
6740,Peter  May
6741,Lisa Kleypas
6742,Mary Higgins Clark
6743,Richelle Mead
6744,R.A. Salvatore
6745,Jerome Lawrence
6745,Robert E.  Lee
6746,Tony Hawks
6747,Carrie Ryan
6748,Chelsea Handler
6749,Pseudonymous Bosch
6749,Gilbert Ford
6750,Chuck Klosterman
6751,Founding Fathers
6752,Gary Jennings
6753,Charlie Jane Anders
6754,Terry Pratchett
6755,Gary Paulsen
6756,Juliet Marillier
6757,Kristin Hannah
6758,Clive Barker
6759,Amy A. Bartol
6760,Ken Follett
6761,Nora Roberts
6762,J.D. Robb
6762,Nora Roberts
6763,J.D. Robb
6764,Amanda Knox
6765,Jean Ferris
6766,Julie Garwood
6767,Alan Bradley
6768,Joseph Conrad
6769,J.J. Abrams
6769,Doug Dorst
6770,Heather O'Neill
6772,Omar Khayyám
6772,محمدعلی فروغی
6772,قاسم غنی
6773,Lauren DeStefano
6774,Darynda Jones
6775,Brian K. Vaughan
6775,Adrian Alphona
6776,Richard A. Knaak
6777,Carolyn  Parkhurst
6778,Ludwig Bemelmans
6779,Dean Koontz
6780,Garth Nix
6781,Michio Kaku
6782,Max Lucado
6783,Amanda Hocking
6784,Ina May Gaskin
6785,Melissa Müller
6785,Rita Kimber
6785,Robert Kimber
6786,Ashwin Sanghi
6787,Henry Miller
6788,Ambrose Bierce
6789,Katherine Allred
6790,Dale Brown
6791,Miriam Toews
6792,D.J. MacHale
6793,Kathleen Grissom
6795,Jan Karon
6796,Tami Hoag
6797,Steven Erikson
6798,Charles Stross
6799,Sara Nović
6800,Darren Shan
6801,Meg Cabot
6802,Henning Mankell
6802,Steven T. Murray
6803,Abbi Glines
6804,Rachel Maddow
6805,Joelle Charbonneau
6806,Billie Letts
6807,Dean Koontz
6808,Jeanette Winterson
6809,Don Winslow
6810,Stephanie Dray
6810,Laura Kamoie
6811,Kim Harrison
6812,Ilona Andrews
6813,Cynthia Kadohata
6814,John Scalzi
6815,Pittacus Lore
6816,Jasper Fforde
6817,Mike Carey
6817,Bill Willingham
6817,Peter Gross
6818,Salman Rushdie
6819,Preeti Shenoy
6820,Michel Foucault
6820,Robert Hurley
6821,Brad Thor
6822,Jules Verne
6823,Tim LaHaye
6823,Jerry B. Jenkins
6824,Steven Naifeh
6824,Gregory White Smith
6825,Thomas  Moore
6826,Dennis Lehane
6827,Karen Russell
6828,Jasper Fforde
6829,Laurie Notaro
6830,Robin Hobb
6831,Daniel Silva
6832,Ross King
6833,Dean Koontz
6834,Wendy Higgins
6835,Elizabeth  George
6836,Judith McNaught
6838,Lian Hearn
6839,Michael Thomas Ford
6840,David Nicholls
6841,Elizabeth Ross
6841,ROFry
6864,Sherrilyn Kenyon
6842,Alexandre Dumas
6842,David Coward
6842,Auguste Maquet
6843,Sandra Brown
6844,Paul Auster
6845,Margaret Weis
6845,Tracy Hickman
6846,Mike Mignola
6847,Lisa McMann
6848,Mike Mullin
6849,Kim Holden
6850,Trinka Hakes Noble
6850,Steven Kellogg
6851,Nelson DeMille
6852,Michel Faber
6853,Dorothy Gilman
6854,Douglas Preston
6854,Lincoln Child
6855,Karen Miller
6856,Christiane F.
6856,Kai Hermann
6856,Horst Rieck
6857,Carl Sagan
6858,Sue Grafton
6859,Robert Muchamore
6860,Leo Lionni
6861,Maria V. Snyder
6862,John             Lewis
6862,Andrew Aydin
6862,Nate Powell
6863,Flannery O''Connor
6863,Robert Fitzgerald
6865,Hugh Laurie
6866,Nora Ephron
6867,R.K. Narayan
6867,Jhumpa Lahiri
6868,Mark Manson
6869,James Grady
6870,Anne Tyler
6871,Oliver Pötzsch
6871,Lee Chadeayne
6872,Jussi Adler-Olsen
6873,Brian Jacques
6874,Nalini Singh
6875,Jeff Hertzberg
6875,Zoë François
6875,Mark Luinenburg
6876,P.G. Wodehouse
6877,V.S. Naipaul
6878,Patricia Cornwell
6879,Stephen Fry
6880,John Locke
6880,C.B. Macpherson
6881,Elizabeth Eulberg
6882,Nicholas Carr
6883,Natasha Solomons
6884,Martin Luther King Jr.
6884,Clayborne Carson
6885,Mineko Iwasaki
6885,Rande Brown
6886,A.W. Tozer
6887,Sergei Lukyanenko
6887,Andrew Bromfield
6888,Douglas Preston
6889,Michael Cunningham
6890,Scott Snyder
6890,Greg Capullo
6890,Jonathan Glapion
6890,James Tynion IV
6890,Rafael Albuquerque
6890,Jason Fabok
6890,Becky Cloonan
6890,Andy Clarke
6890,Sandu Florea
6891,Mercedes Lackey
6892,George Saunders
6893,Howard E. Wasdin
6893,Stephen Templin
6894,Caroline Myss
6895,Dave Eggers
6896,Plato
6896,G.M.A. Grube
6896,John M. Cooper
6897,Jana Aston
6898,Oscar Wilde
6899,J.D. Horn
6900,Erin Watt
6901,Jeanne DuPrau
6902,Gordon B. Hinckley
6903,Daniel Silva
6904,Helena Hunting
6905,Irin Carmon
6905,Shana Knizhnik
6906,Jennifer Estep
6907,Chevy Stevens
6908,Robert Ludlum
6909,John Galsworthy
6910,Sue Grafton
6911,Laurie Faria Stolarz
6912,Janet Evanovich
6912,Lee Goldberg
6913,Jostein Gaarder
6913,James Anderson
6914,Leigh Nichols
6914,Dean Koontz
6915,John Marsden
6916,Daphne du Maurier
6917,Gary Shteyngart
6918,Sherrilyn Kenyon
6919,George Carlin
6920,Bill Watterson
6921,Firoozeh Dumas
6922,John P. Kotter
6923,J.D. Robb
6923,Susan Ericksen
6924,Gene Wolfe
6925,A.S. King
6926,Ben Aaronovitch
6927,Georgette Heyer
6928,Friedrich A. Hayek
6929,Marko Kloos
6930,Joanna Wylde
6931,Diana Gabaldon
6932,Norman Mailer
6933,Robert Crais
6934,Toni Morrison
6935,William Pène du Bois
6936,John Sandford
6937,Donald A. Norman
6938,Margaret Peterson Haddix
6939,Cathy Glass
6940,Robert Dugoni
6941,Judith McNaught
6942,Nora Roberts
6943,Debbie Macomber
6944,Tom Wolfe
6945,Joanna Weaver
6946,Laura Lippman
6947,Leslye Walton
6948,Joanna Trollope
6949,Jen Hatmaker
6950,Nalini Singh
6951,Anna Lee Waldo
6952,Gemma Malley
6953,Gene Luen Yang
6953,Michael Dante DiMartino
6953,Bryan Konietzko
6953,Gurihiru
6954,Richard Ford
6955,Brad Thor
6956,Obert Skye
6957,Francine Rivers
6958,J. Courtney Sullivan
6959,Beverly Cleary
6960,Kristen Ashley
6961,Ted Dekker
6962,Daniel Silva
6963,Stephen E. Robinson
6964,Amanda Hocking
6965,Loreth Anne White
6966,Simon Singh
6967,Karen Chance
6968,Dan Simmons
6969,Lori Brighton
6970,Karen Marie Moning
6971,Deb Perelman
6972,Avi
6973,Piers Anthony
6974,Kylie Scott
6975,Jeffrey Archer
6976,J. Michael Straczynski
6976,Shane Davis
6976,Sandra Hope
6976,Barbara Ciardo
6976,Rob Leigh
6977,Cassandra Clare
6978,John Foxe
6978,W. Grinton Berry
6979,Rachel Gibson
6980,Michael Dorris
6981,Seanan McGuire
6982,Robert Lynn Asprin
6983,Elizabeth Reyes
6984,Simon Kuper
6984,Stefan Szymanski
6985,Catherine Fisher
6986,Lurlene McDaniel
6987,Tess Gerritsen
6988,Mark Bittman
6989,Sandy   Hall
6990,Ann Patchett
6991,Jeff Kinney
6992,John Verdon
6993,Lang Leav
6994,Nora Roberts
6995,James L. Ferrell
6996,Mark Kurlansky
6997,Brian Greene
6998,Betty Friedan
6998,Anna Quindlen
6999,Graham Greene
6999,J.M. Coetzee
7000,عبدالله المغلوث
7001,Greg Mortenson
7001,Khaled Hosseini
7002,Toni Morrison
7003,Neal Stephenson
7004,A.G. Riddle
7005,Kristen Ashley
7006,Agatha Christie
7007,James Patterson
7007,Maxine Paetro
7008,George Saunders
7009,Meg Jay
7010,Robert Kirkman
7010,Charlie Adlard
7010,Cliff Rathburn
7011,H.A. Rey
7012,Robert A. Heinlein
7013,Lauren Oliver
7014,Garth Ennis
7014,Steve Dillon
7014,John McCrea
7015,Stephen King
7015,Michael Whelan
7016,Stan Berenstain
7016,Jan Berenstain
7017,Robert Crais
7018,David Colbert
7019,Peter H. Reynolds
7020,Shannon Hale
7021,Clive Barker
7022,Milan Kundera
7022,Linda Asher
7023,Kate Brian
7024,محمد عبد الرحمن العريفي
7025,Danielle Steel
7026,William Gibson
7026,Bruce Sterling
7027,Garth Ennis
7027,Steve Dillon
7028,Clayton M. Christensen
7028,James Allworth
7028,Karen Dillon
7029,Jon Klassen
7030,R.A. Salvatore
7031,Denis Leary
7032,Françoise Sagan
7033,Jeffrey Archer
7034,Corban Addison
7035,Alastair Reynolds
7036,Bella Forrest
7037,Edgar Allan Poe
7039,Astrid Lindgren
7039,Ilon Wikland
7039,Jill M. Morgan
7040,Lisa Scottoline
7041,J.D. Robb
7041,Susan Ericksen
7042,Sue Grafton
7043,Alaa Al Aswany
7043,علاء الأسواني
7044,Jojo Moyes
7045,Jacqueline Wilson
7045,Nick Sharratt
7046,Evan Wright
7047,Leigh Nichols
7047,Dean Koontz
7048,Daniel Silva
7049,Hope Jahren
7050,Derek Landy
7051,Laurelin Paige
7052,Patricia Gaffney
7053,Harlan Coben
7054,Darren Shan
7055,Peter Shaffer
7056,R.A. Salvatore
7057,Emmy Laybourne
7058,Jude Deveraux
7059,Anne Lamott
7060,Martha Stewart
7061,Christina Lauren
7062,Teri Terry
7063,Pramoedya Ananta Toer
7064,Christine Feehan
7065,Kathy Reichs
7066,Lorrie Moore
7067,Rebecca Forster
7068,Jack London
7068,Andrew Sinclair
7069,Andrzej Sapkowski
7070,Conn Iggulden
7071,Kevin Wignall
7072,Brian Azzarello
7072,Cliff Chiang
7072,Tony Akins
7072,Dan Green
7072,Matthew Wilson
7072,Jared K. Fletcher
7073,Brittainy C. Cherry
7074,William Shakespeare
7074,David Scott Kastan
7075,Ed Emberley
7076,Jinsei Kataoka
7076,Kazuma Kondou
7077,Linda Lafferty
7078,Robert Harling
7079,John Updike
7080,David Axton
7080,Dean Koontz
7081,Diana Wynne Jones
7082,George R.R. Martin
7083,Caralyn Buehner
7083,Mark Buehner
7084,Alessandra Torre
7085,Tara Sivec
7086,Thomas Paine
7086,Sidney Hook
7086,Jack Fruchtman Jr.
7087,Matthew Quick
7088,Alexander McCall Smith
7089,Ian Fleming
7090,Émile Zola
7091,Richard Paul Evans
7093,Tom Perrotta
7094,David Baldacci
7095,David Farland
7096,Suzanne Rindell
7097,Cassandra Clare
7097,Sarah Rees Brennan
7098,Alan Dean Foster
7099,Robert Crais
7100,J.M. Darhower
7101,Ilona Andrews
7102,Susanna Kearsley
7103,Roald Dahl
7103,Quentin Blake
7104,Sara Pennypacker
7104,Marla Frazee
7105,Daniel Abraham
7106,T.S. Eliot
7106,Edward Gorey
7107,Philippa Gregory
7108,Cassie Dandridge Selleck
7109,Henning Mankell
7109,Laurie Thompson
7110,Ai Yazawa
7133,Nancy Horan
7111,Geoff Colvin
7112,Sherrilyn Kenyon
7113,Lois McMaster Bujold
7114,أحلام مستغانمي
7114,Ahlam Mosteghanemi
7115,George C. Perry
7115,Clive Barda
7115,Jane Rice
7115,Andrew Lloyd Webber
7116,Michael Buckley
7116,Peter Ferguson
7117,Dietrich Bonhoeffer
7118,Stephen R. Donaldson
7119,Anne McCaffrey
7120,Liu Cixin
7120,Joel Martinsen
7121,Mira Grant
7122,Douglas Preston
7122,Lincoln Child
7123,Leigh Nichols
7123,Dean Koontz
7124,Anne Bishop
7125,Pepper Winters
7127,Jacqueline Carey
7128,Alastair Reynolds
7129,Martin Sixsmith
7130,Jim Benton
7131,Liz Murray
7132,J.D. Robb
7132,Nora Roberts
7134,Quinn Loftis
7135,Saul Bellow
7135,Christopher Hitchens
7136,Tijan
7137,Tony Parsons
7138,Margaret George
7139,Steve Berry
7140,Miriam Toews
7141,Miranda Beverly-Whittemore
7142,John Gribbin
7143,F. Paul Wilson
7144,James Patterson
7144,Chris Tebbetts
7144,Laura Park
7145,Octavia E. Butler
7146,David A. Vise
7147,Hans Fallada
7147,Michael Hofmann
7147,Geoff Wilkes
7148,Alwyn Hamilton
7149,Joe Haldeman
7150,J.D. Robb
7150,Nora Roberts
7151,C.G. Jung
7151,Joseph L. Henderson
7151,Aniela Jaffé
7151,Jolande Jacobi
7151,John Freeman
7151,Marie-Louise von Franz
7152,Gerald N. Lund
7153,Kazu Kibuishi
7154,Steven  Rowley
7155,Tim O'Brien
7156,Lisa Kleypas
7156,Rosalyn Landor
7157,Colleen Houck
7158,Harlan Coben
7159,Susan Elizabeth Phillips
7160,Jennifer L. Armentrout
7161,Louise Doughty
7162,Douglas Preston
7162,Lincoln Child
7163,Emma Chase
7164,Gail Carriger
7165,Janette Oke
7166,Stephanie Evanovich
7167,Julie Garwood
7168,Lisa Kleypas
7169,Vladimir Nabokov
7169,David Lodge
7170,Piers Anthony
7171,Cornelia Funke
7172,Nikolai Gogol
7173,Eiji Yoshikawa
7173,Charles Terry
7173,Edwin O. Reischauer
7174,Wendy Mass
7175,John Grisham
7176,Matthew      Lewis
7177,John Sandford
7178,Jamie Ford
7179,Arnaldur Indriðason
7179,Bernard Scudder
7180,Jeffery Deaver
7181,Lynda Mullaly Hunt
7182,Jim Cymbala
7182,Dean Merrill
7183,Megan Shepherd
7184,James Patterson
7184,Howard Roughan
7185,Samantha Young
7186,George Carlin
7187,Douglas Adams
7187,Mark Carwardine
7188,Gordon Korman
7189,Lucy Knisley
7190,Huntley Fitzpatrick
7191,Lambert M. Surhone
7192,Sara Shepard
7193,Beatriz Williams
7194,Shayla Black
7195,Jenny Nimmo
7196,Vi Keeland
7197,Brian Staveley
7198,Jean-Paul Sartre
7198,Arlette Elkaïm-Sartre
7198,Annie Cohen-Solal
7198,Carol Macomber
7199,Gloria Steinem
7200,Scott Belsky
7201,Lauren Conrad
7202,Katy Evans
7203,Kristen Ashley
7204,Hans Christian Andersen
7204,Rachel Isadora
7205,Rory Stewart
7206,Nora Roberts
7207,Justin Halpern
7208,Agatha Christie
7209,Edward Rutherfurd
7210,Guy de Maupassant
7211,Michael Connelly
7212,Rudyard Kipling
7213,John Sandford
7214,Anne Rice
7215,Sharon Guskin
7216,Rod Campbell
7217,Tsugumi Ohba
7217,Takeshi Obata
7218,John Flanagan
7219,Lee Child
7220,Hannah Harrington
7221,M.J. Arlidge
7222,Anna Banks
7223,Dean Koontz
7224,Kitty French
7225,Anthony  Ryan
7226,Stephen R. Donaldson
7227,William Styron
7228,Vaddey Ratner
7229,Jack Gantos
7230,Jennifer Estep
7231,Ralph Waldo Emerson
7232,J.G. Ballard
7233,Adele Faber
7233,Elaine Mazlish
7233,Kimberly Ann Coe
7234,Joseph Stein
7234,Jerry Bock
7234,Sheldon Harnick
7235,Sylvia Day
7236,Sydney Taylor
7237,Daniel Suarez
7238,Terry Brooks
7239,Katharine Graham
7240,Jane Harper
7241,Janet Evanovich
7241,Charlotte Hughes
7242,Kahlil Gibran
7242,Anthony R. Ferris
7243,Douglas Preston
7243,Lincoln Child
7244,Robin Hobb
7245,Cornelius Ryan
7246,Jerry Spinelli
7247,Kate Mosse
7248,Richard Kadrey
7249,Rolf Potts
7250,Laurell K. Hamilton
7251,Ernest Hemingway
7252,Maya Banks
7253,Stephen R. Donaldson
7254,Bill Watterson
7255,J.C. Reed
7256,Matthew Mather
7257,Chuck Klosterman
7258,Tad Williams
7259,Nujood Ali
7259,Delphine Minoui
7259,Linda Coverdale
7260,Anne Rice
7261,Joshua Ferris
7262,David Auburn
7263,Robert A. Heinlein
7263,Damon Knight
7264,Robert A. Caro
7265,Dean Koontz
7266,Roald Dahl
7267,Charlaine Harris
7268,Patricia Cornwell
7269,Erich Maria Remarque
7270,Dan Jurgens
7270,Jerry Ordway
7270,Louise Simonson
7270,Roger Stern
7270,Jon Bogdanove
7270,Tom Grummett
7270,Jackson Butch Guice
7270,Brett Breeding
7270,Rick Burchett
7270,Doug Hazlewood
7270,Dennis Janke
7270,Denis Rodier
7271,Steven Hall
7272,Rick Riordan
7274,Margaret Weis
7274,Tracy Hickman
7275,Andrew Solomon
7276,Barbara Park
7276,Denise Brunkus
7277,Gabriel García Márquez
7277,Gregory Rabassa
7278,Conn Iggulden
7279,Oliver Sacks
7280,Karen Marie Moning
7281,Edgar Allan Poe
7282,Guy Gavriel Kay
7283,Maud Hart Lovelace
7283,Lois Lenski
7284,Sara Zarr
7285,Lauren Groff
7286,Charlaine Harris
7287,Diane Mott Davidson
7288,Julie Kagawa
7289,Kathy Reichs
7290,James  Jones
7291,Wayne W. Dyer
7292,Michael Moore
7293,Mario Puzo
7294,يوسف زيدان
7294,Youssef Ziedan
7295,Meg Cabot
7296,Kathy Reichs
7297,Gerda Weissmann Klein
7298,Rudyard Kipling
7298,Jerry Pinkney
7299,Grant Morrison
7299,Frank Quitely
7300,George R.R. Martin
7300,Elio M. García Jr.
7300,Linda Antonsson
7301,Julia Quinn
7302,Nando Parrado
7302,Vince Rause
7303,Nicole  Williams
7304,Margaret Peterson Haddix
7305,Kimberly Brubaker Bradley
7305,مرضیه ورشوساز
7306,R.L. Stine
7307,Bernard Cornwell
7308,Meg Cabot
7309,Thomas Mann
7309,Joachim Neugroschel
7310,Alan Bradley
7311,Zoë Heller
7312,J.R. Ward
7313,Dorothea Benton Frank
7314,CLAMP
7314,Anita Sengupta
7315,G.P. Ching
7316,Nelson DeMille
7317,Michael Morpurgo
7318,Rhys Bowen
7319,Ilona Andrews
7320,Joe Abercrombie
7321,Kristen Ashley
7322,Jennifer Probst
7323,Bruce Degen
7324,Kelley Armstrong
7325,Elizabeth Haydon
7326,Erich Segal
7327,Amin Maalouf
7327,Russell Harris
7328,J.D. Robb
7329,NoViolet Bulawayo
7330,Marian Potter
7331,Jen Lancaster
7332,Scott Cunningham
7334,Cath Crowley
7335,John Steptoe
7336,Lois McMaster Bujold
7337,Robert Greene
7338,Kurt Vonnegut Jr.
7339,Molly Wizenberg
7340,David Wiesner
7341,Martin E.P. Seligman
7342,Kimberly Derting
7343,John Lawrence Peterson
7343,Roberta Carter Clark
7344,Peggy Parish
7344,Barbara Siebel Thomas
7345,Cynthia Voigt
7346,Karen Marie Moning
7347,Margaret Weis
7347,Tracy Hickman
7348,Harlan Coben
7349,Roger Zelazny
7350,Katherine Paterson
7351,Clive Cussler
7352,James Alexander Thom
7353,William Shakespeare
7353,Barbara A. Mowat
7353,Paul Werstine
7355,Cristin Terrill
7356,Kimberly Rae Miller
7357,Kathleen Winsor
7358,John  Stephens
7359,Zadie Smith
7360,Doug Stanton
7361,Yuna Kagesaki
7362,Nina LaCour
7363,Wendy Mass
7364,Patricia Polacco
7365,William Gibson
7366,Alice Munro
7367,J. Lynn
7367,Jennifer L. Armentrout
7368,C.S. Pacat
7369,Tiffany Reisz
7370,William  Kennedy
7371,Jonathan Kellerman
7372,Michael Moore
7373,Sarah J. Maas
7374,Derek Landy
7375,Paul Theroux
7376,Brad Thor
7377,Warren Ellis
7377,Darick Robertson
7378,Charles Stross
7379,Steve Martin
7380,C.J. Sansom
7381,Christina Lauren
7383,Brian Jacques
7384,Lloyd Jones
7385,Giada De Laurentiis
7385,Victoria Pearson
7386,John Patrick Shanley
7387,Cate Tiernan
7388,Beth Harbison
7389,Anna Todd
7390,Laurie Fabiano
7391,Sarah J. Maas
7392,Søren Kierkegaard
7392,Alastair Hannay
7393,Amelia Atwater-Rhodes
7394,Peter F. Hamilton
7395,Peggy Parish
7395,Wallace Tripp
7396,Thor Heyerdahl
7397,Mohsin Hamid
7398,Albert Einstein
7398,Nigel Calder
7398,Robert W. Lawson
7399,Anna Maxted
7401,David James Duncan
7402,Shawn Achor
7403,W. Bruce Cameron
7404,Timothy J. Keller
7404,Kathy  Keller
7405,Grant Morrison
7405,Frank Quitely
7405,Philip Tan
7405,Jonathan Glapion
7405,Alex Sinclair
7406,Matsuri Hino
7407,Arturo Pérez-Reverte
7407,Margaret Jull Costa
7408,Janet Stevens
7408,Hans Christian Andersen
7409,F. Scott Fitzgerald
7409,Matthew J. Bruccoli
7410,V.C. Andrews
7411,Timothy Zahn
7414,Laura Lippman
7415,Jay Crownover
7415,Charlotte Connan de vries
7416,Laurence Sterne
7416,Melvyn New
7417,Giles Andreae
7417,Guy Parker-Rees
7418,Susan Vreeland
7419,Louise L. Hay
7420,Mia Ikumi
7420,Reiko Yoshida
7421,Emily M. Danforth
7422,Neil Gaiman
7422,P. Craig Russell
7423,Diana Wynne Jones
7424,Don Winslow
7425,Sue Klebold
7426,Carl Hiaasen
7427,Ian Fleming
7428,John Locke
7428,Peter Laslett
7428,Raymond Geuss
7429,Henry David Thoreau
7430,Louisa May Alcott
7431,David  Arnold
7432,Barbara Claypole White
7433,Melina Marchetta
7434,Kristen Ashley
7435,Darynda Jones
7436,Wilbur Smith
7437,Kody Keplinger
7438,Nick Cutter
7439,C.J. Sansom
7440,Pablo Neruda
7440,Stephen Tapscott
7441,Amy Bloom
7442,Julia Quinn
7443,J.K. Rowling
7443,MinaLima
7444,Georg Wilhelm Friedrich Hegel
7444,A.V. Miller
7444,John Niemeyer Findlay
7445,Kristen Ashley
7446,Peter F. Hamilton
7447,Gena Showalter
7448,Victoria Aveyard
7449,Paul Auster
7450,يوسف زيدان
7451,Sarah Mlynowski
7452,Moira Young
7453,Julie Gregory
7454,Anita Shreve
7455,Paulette Jiles
7456,Brad Thor
7457,Devdutt Pattanaik
7458,Gail Tsukiyama
7459,Anthony Hope
7460,Amanda Hocking
7461,Tammy Falkner
7462,Paul Auster
7463,David Baldacci
7464,R.A. Salvatore
7465,R.L. Stine
7466,Douglas Preston
7467,J.P. Delaney
7468,Louis Sachar
7469,Dan Simmons
7470,Jim Butcher
7470,Mark Powers
7470,Ardian Syaf
7471,Carl Hiaasen
7472,أحمد خالد توفيق
7473,Debbie Macomber
7474,Karin Slaughter
7475,Heather Brewer
7476,Robert A. Heinlein
7477,Alex Kava
7478,Anne Lamott
7479,Brian Jacques
7479,Allan Curless
7480,Steven Pinker
7481,A.A. Milne
7481,Ernest H. Shepard
7482,M.O. Walsh
7483,Dee Henderson
7484,Dee Lestari
7485,Mika Waltari
7485,ذبیح‌الله منصوری
7486,Nicole Krauss
7487,Karin Slaughter
7488,Marie Force
7489,Francine Rivers
7490,Orson Scott Card
7491,Alexander McCall Smith
7492,Sandra Brown
7493,Neil Gaiman
7493,Mark Buckingham
7494,Mark  Edwards
7495,Tayeb Salih
7495,Denys Johnson-Davies
7496,Doris Lessing
7497,Jennifer Donnelly
7498,Jeff Shaara
7499,Éric-Emmanuel Schmitt
7500,Harold S. Kushner
7501,Patrick O'Brian
7502,Jessica Day George
7503,Susan Coolidge
7504,Robert McCloskey
7505,Tamora Pierce
7506,David Eddings
7507,Philip G. Zimbardo
7508,Nancy Pickard
7509,Clive Cussler
7509,Michael Pritchard
7510,Abbi Glines
7511,Kim Stanley Robinson
7512,J.D. Robb
7513,Mary  Stewart
7514,Margaret Peterson Haddix
7515,Rusty Young
7515,Thomas McFadden
7516,Fuyumi Soryo
7517,Richard Feynman
7518,Alice Waters
7519,Piers Anthony
7520,Michelle Richmond
7521,Marv Wolfman
7521,George Pérez
7522,John Hodgman
7523,J.K. Rowling
7524,Astrid Lindgren
7524,Patricia Crampton
7524,Trina Schart Hyman
7525,Kathy Reichs
7526,Andrew Clements
7527,Jo Nesbø
7527,Neil Smith
7528,Elisabeth Naughton
7529,Tan Twan Eng
7530,Natasha Preston
7531,Arina Tanemura
7533,Christine Feehan
7534,Frank E. Peretti
7535,Danielle  Paige
7536,Christine Feehan
7537,Claudia Rankine
7538,P.G. Wodehouse
7539,Sarah Prineas
7539,Antonio Javier Caparo
7540,Michael Azerrad
7541,Rosalind Miles
7542,Marian Keyes
7543,Guy Delisle
7544,Ken Follett
7545,Courtney Maum
7546,Cecily von Ziegesar
7547,Michael E. Porter
7548,Wayne A. Grudem
7571,Sandra Brown
7549,Sue Grafton
7550,Sarah Andersen
7551,R. Scott Bakker
7552,Kristin Kimball
7553,Jonathan Maberry
7554,Melissa Landers
7555,Laura Ruby
7556,Adriana Trigiani
7557,Marcus Samuelsson
7558,Meg Cabot
7559,Chimamanda Ngozi Adichie
7560,Stephanie Garber
7561,James Frey
7562,Kate Chopin
7563,John Updike
7564,Anna Quindlen
7565,Cheryl Rainfield
7566,Mary Kay Andrews
7567,Ahmad Fuadi
7568,Naomi Novik
7569,Rick Atkinson
7570,Mary Higgins Clark
7572,Fannie Flagg
7573,Jo Walton
7574,J.D. Robb
7575,James M. Cain
7576,Sherrilyn Kenyon
7577,Garr Reynolds
7578,R.A. Salvatore
7579,Philip Roth
7580,Tom Sniegoski
7580,Jeff Smith
7580,Thomas E. Sniegoski
7580,Steve Hamaker
7581,Josh Kaufman
7582,Dorothea Benton Frank
7583,Sherrilyn Kenyon
7584,Scott  Hawkins
7585,Chris d'Lacey
7586,James A. Michener
7587,Joel Osteen
7588,Jennifer L. Holm
7589,Lois McMaster Bujold
7590,Mary Beth Chapman
7590,Steven Curtis Chapman
7591,Lauren Beukes
7592,Sylvia Plath
7592,Karen V. Kukil
7593,David Foster Wallace
7594,Richard Feynman
7595,Lili St. Crow
7595,Lilith Saintcrow
7596,Kelley Armstrong
7597,Jill Conner Browne
7598,Tamora Pierce
7599,Debra Dean
7601,Chelsea Cain
7602,José Saramago
7603,William Gibson
7604,Hannu Rajaniemi
7605,John Sandford
7606,Ludwig Wittgenstein
7607,Agatha Christie
7608,Jeph Loeb
7608,Jim Lee
7608,Scott Williams
7609,Spencer Quinn
7610,Mary Kay Andrews
7611,Dr. Seuss
7612,Doris Kearns Goodwin
7613,Brandon Mull
7614,David Weber
7615,Caroline Knapp
7616,Jules Verne
7617,P.C. Cast
7617,Kristin Cast
7618,Kalayna Price
7619,Agatha Christie
7620,Edith Wharton
7620,Mary Gordon
7621,Sarah J. Maas
7622,Friedrich Nietzsche
7622,Walter Kaufmann
7622,R.J. Hollingdale
7623,Steven Callahan
7624,Judith McNaught
7625,James Rollins
7626,Lisi Harrison
7627,Bernard Cornwell
7628,Howard Schultz
7628,Joanne Gordon
7629,Laurence Rees
7630,Slavomir Rawicz
7631,Nora Roberts
7632,Alexandra Bracken
7633,J.D. Robb
7633,Susan Ericksen
7634,Chris Bohjalian
7635,Agatha Christie
7636,Durjoy Datta
7636,Maanvi Ahuja
7637,Robyn Carr
7638,Iain M. Banks
7639,José Mauro de Vasconcelos
7639,قاسم صنعوی
7640,Margaret Atwood
7641,Ivan Doig
7642,Morgan Rhodes
7642,Michelle Rowen
7643,James Patterson
7643,Marshall Karp
7644,James A. Michener
7645,Steve Martini
7646,Gloria Levine
7647,Walter Mosley
7648,Michael Rosen
7648,Jane Ray
7649,Jim Thompson
7650,Mary Elizabeth Braddon
7651,José Saramago
7651,Margaret Jull Costa
7652,Adriana Trigiani
7653,Jodi Lynn Anderson
7654,Karen Kingsbury
7654,Gary Smalley
7655,Philip Pullman
7656,Amanda Foreman
7657,A.C. Gaughen
7658,Miranda Kenneally
7659,Mary Kay Andrews
7660,Bill Willingham
7660,Mark Buckingham
7660,Steve Leialoha
7660,Tony Akins
7660,Jimmy Palmiotti
7661,Machado de Assis
7662,Robert Shea
7662,Robert Anton Wilson
7663,Alexander Gordon Smith
7664,Michael Chabon
7664,Jay Ryan
7665,Nancy Thayer
7666,John Layman
7666,Rob Guillory
7667,Poppy Z. Brite
7668,Joseph Conrad
7669,Alan W. Watts
7670,Ramez Naam
7671,Kathleen E. Woodiwiss
7672,Veronica Roth
7673,Colm Tóibín
7674,Jamie McGuire
7675,Steve Berry
7676,Lisa Gardner
7677,Dorie Greenspan
7677,Alan    Richardson
7678,Jane Green
7679,Kristen Ashley
7680,Aya Nakahara
7680,Pookie Rolf
7681,Agatha Christie
7682,Belle Aurora
7683,Heidi Murkoff
7683,Sharon Mazel
7683,Arlene Eisenberg
7683,Sandee Hathaway
7683,Mark D. Widome
7684,Danielle Steel
7685,Kristin Levine
7686,Phillip C. McGraw
7687,Amanda Hocking
7688,Hidekaz Himaruya
7689,Andrew Stanton
7689,Walt Disney Company
7690,Herman Parish
7690,Lynn Sweat
7692,Jan Karon
7693,Eric Schmidt
7693,Jonathan Rosenberg
7694,J.A. Redmerski
7695,Cecelia Ahern
7696,A.A. Milne
7696,Ernest H. Shepard
7697,L.J. Smith
7698,Mary Kay Andrews
7699,Jane Green
7700,Lara Adrian
7701,José Maria de Eça de Queirós
7701,Ester de Lemos
7702,Amy Harmon
7703,Amy Gentry
7704,Nora Roberts
7705,Tijan
7706,Amanda Grange
7707,Robert Crais
7708,Joshilyn Jackson
7709,Miranda Hart
7710,Kent Haruf
7711,Tim Hamilton
7711,Ray Bradbury
7712,Maki Minami
7713,Hiroshi Sakurazaka
7713,桜坂洋
7713,Alexander O. Smith
7713,Joseph Reeder
7714,Elizabeth George Speare
7715,Alain de Botton
7716,Jonathan Harr
7717,Wanda Gág
7718,Christine Feehan
7719,James Patterson
7719,David Ellis
7720,Allen Say
7721,Mary Kay Andrews
7722,James Rollins
7723,René Descartes
7723,Donald A. Cress
7724,Matthew Reilly
7725,Kiersten White
7727,Thich Nhat Hanh
7728,Ursula K. Le Guin
7729,Jessica Park
7730,Philip C. Stead
7730,Erin E. Stead
7731,Smith Henderson
7732,Lisa Jackson
7733,Greg Iles
7734,Erskine Caldwell
7734,Lewis Nordan
7735,Kate Summerscale
7736,Loretta Chase
7737,L. Frank Baum
7738,David McCullough
7739,Glenn Beck
7740,Rachel Renée Russell
7741,James Rollins
7742,Nelson DeMille
7743,J. Lynn
7743,Jennifer L. Armentrout
7744,Sylvia Day
7745,Ally Carter
7746,Larry Bird
7746,Earvin Johnson
7746,Jackie MacMullan
7747,R.A. Salvatore
7748,Agatha Christie
7749,Douglas Coupland
7750,Tony Hillerman
7751,Jane Green
7752,Camilla Läckberg
7753,Mo Willems
7754,David  Brooks
7755,Gabriel García Márquez
7755,Edith Grossman
7756,Mario Vargas Llosa
7757,Cammie McGovern
7758,Tess Gerritsen
7759,Meg Cabot
7760,H.M. Ward
7761,Sandra Brown
7762,Susan Abulhawa
7763,Melissa Nathan
7764,Katy Evans
7765,Peter Clines
7766,Alastair Reynolds
7767,Enid Blyton
7768,Misty Bernall
7769,Evelyn Waugh
7770,Rita Golden Gelman
7771,Lorrie Moore
7772,Lauren Blakely
7773,Kendare Blake
7774,Elizabeth Bard
7775,John Jakes
7776,Aprilynne Pike
7777,David Foster Wallace
7777,Michael Pietsch
7778,Confucius
7778,D.C. Lau
7803,Amazon
7779,Pamela Des Barres
7779,Dave Navarro
7780,Richelle Mead
7781,Robert Kirkman
7781,Charlie Adlard
7781,Cliff Rathburn
7783,Giuseppe Tomasi di Lampedusa
7783,Archibald Colquhoun
7784,Paul Jenkins
7784,Andy Kubert
7784,Richard Isanove
7784,Joe Quesada
7784,Bill Jemas
7785,V.C. Andrews
7786,Patricia Briggs
7786,Eileen Wilks
7786,Karen Chance
7786,Sunny
7787,John Sandford
7788,Sara Douglass
7789,Sandra Gulland
7790,حسن الجندي
7791,Lisa Scottoline
7792,Adam Gidwitz
7793,Trudi Canavan
7794,Philip Roth
7795,Dee Lestari
7796,Alisa Valdes
7796,Alisa Valdes-Rodriguez
7797,L.J. Smith
7798,Luke Rhinehart
7799,Yana Toboso
7799,Tomo Kimura
7800,Bret Easton Ellis
7801,Krista Ritchie
7801,Becca Ritchie
7802,Gayle Forman
7804,James Patterson
7804,Jill Dembowski
7804,Elijah Wood
7804,Spencer Locke
7806,Eleanor Coerr
7806,Ronald Himler
7807,Tsugumi Ohba
7807,Takeshi Obata
7808,Josephine Tey
7809,Daniel Silva
7810,Milan Kundera
7810,Linda Asher
7811,Brian  McClellan
7812,Anaïs Nin
7813,Robert Kirkman
7813,Charlie Adlard
7813,Cliff Rathburn
7814,Vernor Vinge
7815,Kristen Callihan
7816,Michael J. Sullivan
7817,Sergei Lukyanenko
7817,Andrew Bromfield
7818,Kelley Armstrong
7819,J.R. Ward
7820,Piers Anthony
7821,Sandra Brown
7821,Stephen Lang
7822,Douglas Preston
7822,Lincoln Child
7823,غسان كنفاني
7824,Raymond E. Feist
7825,Steve Berry
7826,John Steinbeck
7849,Ben Carson
7849,Cecil Murphey
7827,Mark Mathabane
7828,Anne Tyler
7829,Thomas Malory
7829,Eugène Vinaver
7830,Clive Cussler
7831,صلاح جاهين
7831,يحيى حقي
7832,T.S. Eliot
7833,Gene Stratton-Porter
7834,Kim Harrison
7835,T.M. Frazier
7836,Henry James
7836,Amy Bloom
7836,Pierre A. Walker
7837,Nancy Reagin
7838,Oscar Wilde
7839,Masaru Emoto
7839,David A. Thayne
7840,S.E. Hinton
7841,Ken Follett
7842,José Saramago
7842,Margaret Jull Costa
7843,Jason Mott
7844,Ramachandra Guha
7845,Ryan Holiday
7846,Erin Hunter
7847,Abbi Glines
7848,Kate Grenville
7850,Linda Williams
7850,Megan Lloyd
7851,Brad Thor
7852,R.C. Sproul
7853,Kevin Henkes
7854,Sherrilyn Kenyon
7855,Dorothy L. Sayers
7856,Carole Radziwill
7857,Patricia Briggs
7858,Nancy E. Shaw
7858,Margot Apple
7859,Leo Tolstoy
7859,Isai Kamen
7859,Doris Lessing
7860,Julia Child
7861,Phaidon Press
7862,Bruno Ernst
7862,M.C. Escher
7862,John E. Brigham
7863,Matsuri Hino
7863,Tomo Kimura
7864,Steve Perry
7865,Robert Kirkman
7865,Charlie Adlard
7866,Al Ries
7866,Jack Trout
7867,Jane Green
7868,John Grisham
7869,Alain de Botton
7870,J.B. Salsbury
7871,S.J. Watson
7917,Simon Winchester
7872,Irvine Welsh
7873,Seth Godin
7874,Alice Munro
7875,Hazel Gaynor
7876,Gary Keller
7876,Jay Papasan
7877,Whitney G.
7878,Simms Taback
7879,Jacqueline Wilson
7879,Nick Sharratt
7879,Sue Heap
7880,Meg Cabot
7881,Omar Tyree
7882,Deborah Rodriguez
7883,Alisa Kwitney
7883,Neil Gaiman
7884,Marc Guggenheim
7884,Alex Maleev
7884,Stephen King
7885,Paul Pen
7885,Simon Bruni
7886,Mercedes Lackey
7887,Stephen King
7888,Kristen Britain
7889,Jeffrey Archer
7890,Jennifer Crusie
7891,Kevin Henkes
7892,Terry Pratchett
7892,Stephen Baxter
7893,Mercedes Lackey
7894,America''s Test Kitchen
7894,Carl Tremblay
7894,Daniel J. Van Ackere
7895,Tamora Pierce
7896,Phaedra Patrick
7898,William Kamkwamba
7898,Bryan Mealer
7899,Paul O. Zelinsky
7900,Katherine Addison
7901,Rob Thomas
7901,Jennifer Graham
7902,Adam Makos
7902,Larry Alexander
7903,Tillie Cole
7904,Robert A. Heinlein
7905,Carl Hiaasen
7906,Neil Gaiman
7906,Yoshitaka Amano
7907,John Cheever
7908,John Sandford
7909,Neil Simon
7910,V.S. Ramachandran
7910,Sandra Blakeslee
7910,Oliver Sacks
7911,J.D. Robb
7912,Drew Barrymore
7913,Mario Benedetti
7914,Vanessa Diffenbaugh
7915,Tamara Ireland Stone
7916,James Andrew Miller
7916,Tom Shales
7918,Michelle Moran
7919,Eoin Colfer
7920,James C. Collins
7920,Morten T. Hansen
7921,Kurt Vonnegut Jr.
7922,Richelle Mead
7922,Emma Vieceli
7922,Leigh Dragoon
7923,Oliver Sacks
7924,Jeff Lindsay
7925,Mem Fox
7925,Jane Dyer
7926,Jessica Verday
7927,P.B. Kerr
7928,Paul O. Zelinsky
7929,J.K. Rowling
7929,Joel Holland
7930,Rachel Abbott
7931,Robert Kirkman
7932,Matthew Reilly
7933,Marcus Sakey
7934,Robin McKinley
7935,Diana Gabaldon
7936,R.S. Grey
7937,عزالدين شكري فشير
7938,James Patterson
7938,Michael Ledwidge
7939,Ilona Andrews
7940,Richelle Mead
7941,Robert Crais
7942,Isa Chandra Moskowitz
7942,Terry Hope Romero
7942,Sara Quin
7943,Joan Bauer
7944,A.M. Homes
7945,Christopher Yost
7945,Pasqual Ferry
7945,Orson Scott Card
7946,Naomi Wolf
7947,Anonymous
7947,Lane T. Dennis
7947,Wayne A. Grudem
7948,Douglas E. Richards
7949,Miklós Nyiszli
7949,Tibère Kremer
7949,Bruno Bettelheim
7949,Richard Seaver
7950,Thomas L. Friedman
7951,Kathryn Jackson
7951,Byron Jackson
7951,Gustav Tenggren
7952,Gustave Flaubert
7952,Robert Baldick
7952,Geoffrey Wall
7953,Mike Birbiglia
7954,Phil Robertson
7954,Mark Schlabach
7955,Raditya Dika
7956,Kirsty Moseley
7957,Maria V. Snyder
7958,Robert Crais
7959,Mary Kay Andrews
7960,Juliet Marillier
7961,Marion Zimmer Bradley
7961,Diana L. Paxson
7962,Tara Sue Me
7963,Michel Houellebecq
7964,Jonah Berger
7965,Terry McMillan
7966,Natsuki Takaya
7966,Alethea Nibley
7966,Athena Nibley
7967,Joe Navarro
7967,Marvin Karlins
7968,Nora Roberts
7969,Lauren Willig
7970,Annie Proulx
7971,Stephen Sondheim
7971,Hugh Wheeler
7971,Christopher Godfrey Bond
7972,Kristin Hannah
7973,Tammara Webber
7974,Shūsaku Endō
7974,William Johnston
7975,Rachel Ward
7976,J.D. Robb
7977,Philip Yancey
7978,Jacqueline Winspear
7979,Bruce Springsteen
7980,Wednesday Martin
7981,Tamora Pierce
7982,Nora Roberts
7983,Nalini Singh
8006,James Patterson
8006,Marshall Karp
7984,Margot Lee Shetterly
7985,Robert Greene
7986,Jacqueline Carey
7987,Iain M. Banks
7988,Joseph Boyden
7989,R.J. Palacio
7990,John Locke
7991,Agatha Christie
7992,Sara Shepard
7993,Brandon Sanderson
7994,Gary Chapman
7994,D. Ross Campbell
7995,Alexander McCall Smith
7996,J.D. Robb
7997,Henry James
7997,Michael Cunningham
7998,Carl R. Rogers
7998,Peter D. Kramer
7999,Kristen Proby
8000,Matt Ridley
8001,J.M. Darhower
8002,Mary Higgins Clark
8003,David Baldacci
8004,Masami Tsuda
8004,Darcy Lockman
8004,Jack Niida
8005,Anne Bishop
8007,Howard Jacobson
8008,J.D. Robb
8009,Iris Rainer Dart
8010,David Almond
8011,David Hume
8012,Mary Higgins Clark
8013,B.J. Novak
8014,Maxwell Maltz
8015,Amitav Ghosh
8016,Mary Lawson
8017,Catherine Ryan Hyde
8018,Leslie Marmon Silko
8019,Toni Morrison
8020,Brian K. Vaughan
8020,Cliff Chiang
8020,Matthew Wilson
8021,Deborah Ellis
8022,Robyn Carr
8023,Stephen Clarke
8024,Dorothea Benton Frank
8025,Frantz Fanon
8025,Jean-Paul Sartre
8025,Richard Philcox
8025,Homi K. Bhabha
8026,Clive Cussler
8027,Bruce H. Wilkinson
8027,David Kopp
8028,Anne Frank
8028,Susan Massotty
8029,Robert Jackson Bennett
8030,Mary Higgins Clark
8031,Bruce Coville
8032,Lauren Henderson
8032,Chris Manby
8032,Sarah Mlynowski
8032,Jill A. Davis
8032,Stella Duffy
8032,Lisa Jewell
8032,Marian Keyes
8032,Sophie Kinsella
8032,Adèle Lang
8032,Carole Matthews
8032,Anna Maxted
8032,Megan McCafferty
8032,Alisa Valdes
8032,Isabel Wolff
8032,Meg Cabot
8032,Jessica Adams
8032,Louise Bagshawe
8032,Emily Barr
8032,Jenny Colgan
8032,Lynda Curnyn
8032,Jennifer Weiner
8033,Irvin D. Yalom
8033,Nicola Ferguson
8034,Seth Godin
8035,C.S. Friedman
8036,David R. Gillham
8037,Molière
8038,David Eddings
8039,Alice Walker
8040,J.R. Ward
8041,Veronica Roth
8042,Lisa Kleypas
8043,Jennifer L. Armentrout
8044,Jennifer Niven
8045,Sarah Vowell
8046,Daniel H. Pink
8047,James D. Watson
8048,Jamie Oliver
8049,Brian Herbert
8049,Kevin J. Anderson
8072,Mary Downing Hahn
8050,Sherrilyn Kenyon
8051,Tracy Kidder
8052,Shoichi Aoki
8052,Mark Sanders
8052,Shoich Aoki
8053,James Herriot
8054,Louise Rennison
8055,Arnold Lobel
8056,Haruki Murakami
8056,Jay Rubin
8057,Mary Westmacott
8057,Agatha Christie
8058,Kristen Ashley
8059,Lynda Mullaly Hunt
8060,Debbie Macomber
8061,Fiona Carnarvon
8062,S.M. Stirling
8063,Rachel Abbott
8064,Bethany McLean
8064,Peter Elkind
8065,Jacqueline Woodson
8066,John Shors
8067,Douglas Preston
8067,Lincoln Child
8068,Brian Coffey
8068,Dean Koontz
8069,Kurt Cobain
8070,James Patterson
8070,Michael Ledwidge
8071,Don DeLillo
8073,Adriana Trigiani
8074,Bill Willingham
8074,Mark Buckingham
8074,Steve Leialoha
8074,Shawn McManus
8074,Andrew Pepoy
8075,Maeve Binchy
8076,Christine Feehan
8077,Robert Kirkman
8077,Charlie Adlard
8077,Cliff Rathburn
8078,Robert Kirkman
8078,Charlie Adlard
8079,Italo Calvino
8079,William Weaver
8079,Ανταίος Χρυσοστομίδης
8079,Ελευθερία Κοψιδά
8080,Alice Walker
8081,Clifford D. Simak
8082,Rachel Vincent
8083,Henri J.M. Nouwen
8084,Charles Wheelan
8085,Tamora Pierce
8086,Addison Moore
8087,Guy Gavriel Kay
8088,Laura Wiess
8089,Aurora Rose Reynolds
8090,Judith Krantz
8091,Sandra Dallas
8092,Don Winslow
8093,Dean Koontz
8094,Elizabeth Berg
8095,Janne Teller
8095,Martin Aitken
8096,A.N. Roquelaure
8096,Anne Rice
8097,Brian Azzarello
8097,Eduardo Risso
8098,Karen Miller
8099,Madeleine L'Engle
8100,Sara Zarr
8101,Matthew Reilly
8102,J.D. Robb
8103,Mercedes Lackey
8104,Liz Kessler
8104,Sarah Gibb
8105,Sarah Hepola
8106,John Flanagan
8107,W. Somerset Maugham
8108,Joe Hart
8109,Neil Gaiman
8109,Mike Dringenberg
8109,Chris Bachalo
8109,Michael Zulli
8109,Kelly Jones
8109,Charles Vess
8109,Colleen Doran
8109,Malcolm Jones III
8109,Steve Parkhouse
8109,Daniel Vozzo
8109,Lee Loughridge
8109,Steve Oliff
8109,Todd Klein
8109,Dave McKean
8109,Sam Kieth
8111,Cynthia Voigt
8112,Robert Kirkman
8112,Charlie Adlard
8112,Cliff Rathburn
8112,Rus Wooton
8113,Morgan Rice
8114,Kōbō Abe
8114,E. Dale Saunders
8115,Mario Vargas Llosa
8115,Helen R. Lane
8116,Victoria Aveyard
8117,Warren Ellis
8117,Darick Robertson
8117,Rodney Ramos
8118,James  Hankins
8120,Sheldon Vanauken
8120,C.S. Lewis
8121,Charles C. Mann
8122,Anna Jean Mayhew
8123,Linda Sue Park
8124,Colson Whitehead
8125,Jennifer Ashley
8126,Stephen Hunter
8127,J.M. Coetzee
8128,Mary Doria Russell
8129,Kendra Elliot
8130,Jamie Oliver
8131,Clive Cussler
8132,Marion Zimmer Bradley
8132,Diana L. Paxson
8133,John Sandford
8134,MaryJanice Davidson
8135,Jack Campbell
8136,Sara Donati
8137,Tarryn Fisher
8138,David Ebershoff
8139,Esther Earl
8139,Lori Earl
8139,Wayne Earl
8139,John Green
8140,Aldous Huxley
8141,Pauline Réage
8141,Sabine d''Estree
8142,Robin Hobb
8143,Dennis Lehane
8144,Kendra Elliot
8145,Penelope Douglas
8146,Jack Higgins
8147,Sean Patrick
8148,Meg Cabot
8149,George Bernard Shaw
8149,Alan Jay Lerner
8150,Mario Puzo
8151,Elizabeth Norris
8152,Richard Bach
8153,Kate DiCamillo
8154,Mercedes Lackey
8155,George R.R. Martin
8156,Agatha Christie
8157,Mark Millar
8157,J.G. Jones
8157,Brian K. Vaughan
8158,Tsugumi Ohba
8158,Takeshi Obata
8159,Chris Claremont
8159,John Byrne
8160,Noam Chomsky
8160,Edward S. Herman
8161,Astrid Lindgren
8161,Gerry Bothmer
8162,Horace Walpole
8163,Cormac McCarthy
8164,Kresley Cole
8165,Gene Wolfe
8166,Julia Pierpont
8167,Hunter S. Thompson
8168,Anne Sexton
8168,Maxine Kumin
8169,Kim Stanley Robinson
8170,Sharon M. Draper
8171,James Rollins
8172,Bisco Hatori
8173,Michael Buckley
8173,Peter Ferguson
8174,David Hackett Fischer
8175,Salman Rushdie
8176,Waris Dirie
8176,Cathleen Miller
8177,Eric S. Nylund
8178,Natasha Preston
8179,Tom Peters
8179,Robert H. Waterman Jr.
8180,James Patterson
8180,Emily Raymond
8181,Bill Finger
8181,Gardner F. Fox
8181,Bob Kane
8181,Jerry Robinson
8181,Sheldon Moldoff
8182,Eric Blehm
8183,Lisa Tawn Bergren
8184,Rachel Joyce
8185,Terry Brooks
8186,Rosamunde Pilcher
8187,Isaac Asimov
8187,Bob E. Flick
8187,Jim Gallant
8188,Saul Bellow
8188,Luciano Bianciardi
8189,Erica Jong
8190,Sarah Blakley-Cartwright
8190,David Leslie Johnson
8190,Catherine Hardwicke
8191,Rashmi Bansal
8192,Roald Dahl
8192,Quentin Blake
8193,Nickolas Butler
8194,Conn Iggulden
8195,Mireille Guiliano
8196,Laura Whitcomb
8197,Scott Westerfeld
8198,Greg Iles
8199,Jeffrey Archer
8200,pleasefindthis
8200,Iain S. Thomas
8200,Jon Ellis
8201,Ina Garten
8201,Quentin Bacon
8202,Masashi Kishimoto
8203,Louise Rennison
8204,Natasha Anders
8205,Emma Chase
8206,Anna Godbersen
8207,Charlotte Brontë
8208,Chloe Neill
8209,غسان كنفاني
8210,Hans Christian Andersen
8210,Lisbeth Zwerger
8210,Anthea Bell
8211,Meg Cabot
8212,Jack Kerouac
8213,Angela Elwell Hunt
8213,Tim Jonke
8214,Frank Miller
8215,Agatha Christie
8216,Patricia Cornwell
8217,John Eldredge
8217,Brent Curtis
8218,Louis Sachar
8219,Katie McGarry
8220,Edmund Morris
8221,William Carlos Williams
8221,Charles Tomlinson
8222,Timothy Zahn
8223,Haruki Murakami
8224,Ali Smith
8225,Meg Cabot
8226,Thomas Hardy
8226,Patricia Ingham
8227,Jane Green
8228,Barbara Delinsky
8229,Mark Bowden
8230,Chris Cleave
8231,Lesley Livingston
8232,Franklin Foer
8233,Fernando Pessoa
8233,Richard Zenith
8234,Geoff Johns
8234,Gary Frank
8234,Jon Sibal
8234,Brad Anderson
8234,Rob Leigh
8235,Anne Lamott
8235,Sam Lamott
8236,MaryJanice Davidson
8237,Douglas Preston
8237,Lincoln Child
8238,Manning Marable
8239,Marlo Morgan
8240,Lara Adrian
8241,Michael Buckley
8241,Peter Ferguson
8242,Bert Dodson
8243,Bill Willingham
8243,Mark Buckingham
8243,Steve Leialoha
8243,Andrew Pepoy
8243,Gene Ha
8243,Joshua Middleton
8243,Iñaki Miranda
8243,Mike Allred
8244,Karen Chance
8245,Len Deighton
8246,Marion Cunningham
8246,Fannie Merritt Farmer
8246,Archibald Candy Corporation
8247,بهاء طاهر
8248,Keary Taylor
8249,Flann O'Brien
8250,Alexander McCall Smith
8251,Erin Hunter
8252,Suzanne Wright
8253,Hergé
8253,Leslie Lonsdale-Cooper
8253,Michael Turner
8254,Kathy Reichs
8255,Ottessa Moshfegh
8256,J.D. Robb
8257,Anna Dewdney
8258,Karin Slaughter
8259,Nicholas Ganz
8259,Tristan Manco
8260,Ed Young
8261,Anita Amirrezvani
8262,E. Nesbit
8263,Essam Youssef
8264,Clive Cussler
8265,Victoria Schwab
8266,L.J. Smith
8266,Kevin Williamson
8266,Julie Plec
8267,Nalini Singh
8268,Morgan Matson
8269,Anne Rampling
8269,Anne Rice
8270,Mary-Jane Knight
8270,Rick Riordan
8271,G. Willow Wilson
8272,Robert Foster
8272,J.R.R. Tolkien
8274,Amy Harmon
8275,Terry Brooks
8276,Kate Chopin
8276,Cynthia Brantley Johnson
8276,Alyssa  Harad
8277,Uwem Akpan
8278,Elly Griffiths
8280,Henning Mankell
8280,Ebba Segerberg
8281,Frederick Forsyth
8282,Alice Hoffman
8283,C.J. Sansom
8284,Sandra Brown
8285,Grant Morrison
8285,Andy Kubert
8285,John Van Fleet
8285,Jesse Delperdang
8286,Harold McGee
8287,Michael Buckley
8287,Peter Ferguson
8288,Maya Banks
8289,William Styron
8290,Jodee Blanco
8291,Drew Karpyshyn
8292,Gemma Burgess
8293,Whitney G.
8294,John Scalzi
8295,Isabel Allende
8296,Lama Surya Das
8297,Edie Claire
8298,Sara Zarr
8299,Lee Child
8300,Kim van Alkemade
8301,J.D. Robb
8302,David Weber
8303,David Byrne
8304,Mary Kay Andrews
8305,Paul Auster
8306,Jack Finney
8307,Heather Burch
8308,Nicky Cruz
8308,Jamie Buckingham
8309,August Wilson
8310,Richard Wurmbrand
8311,Lynda Cohen Loigman
8312,C.S. Lewis
8313,Daniel Coyle
8313,John Farrell
8314,Elizabeth Little
8315,Carrie Anne Noble
8316,P.G. Wodehouse
8317,Margaret Weis
8317,Tracy Hickman
8318,Tom Rob Smith
8319,Carl Hiaasen
8320,China Miéville
8321,Tsugumi Ohba
8321,Takeshi Obata
8322,Richard Castle
8323,David Simon
8324,Benedict Freedman
8324,Nancy Freedman
8325,Connor Franta
8326,Rene Denfeld
8327,Paul  Hoffman
8328,Katie Cotugno
8329,Adam Gopnik
8330,Jenny Downham
8331,Ann M. Martin
8332,Tamora Pierce
8333,Tyler Hamilton
8333,Daniel Coyle
8334,Ian Fleming
8335,Isabel Allende
8335,Oliver Brock
8335,Frank Wynne
8336,Samad Behrangi
8337,Robertson Davies
8338,Alan    Richardson
8338,Karen Tack
8339,Larry Correia
8340,Maeve Binchy
8341,Lincoln Peirce
8342,Catherine Bybee
8343,Dick Riley
8343,Pam McAllister
8343,Bruce Cassiday
8344,L.A. Casey
8345,Kresley Cole
8346,Kelly Corrigan
8347,Walter Lord
8347,Nathaniel Philbrick
8348,Brady Udall
8349,Carl Hiaasen
8350,Richard Russo
8350,Arthur Morey
8351,Maya Banks
8352,Donald Ray Pollock
8353,Saroo Brierley
8354,Erin Hunter
8355,Orhan Pamuk
8356,Clare Naylor
8356,Mimi Hare
8357,Charles Dickens
8357,Patricia Ingham
8357,Hablot Knight Browne
8358,John Marsden
8359,Stephen King
8360,James A. Michener
8361,V.S. Naipaul
8362,Matthew Desmond
8363,Sarah J. Maas
8364,Abbi Glines
8365,Genevieve Cogman
8366,Anne Tyler
8367,Marjane Satrapi
8367,Anjali Singh
8368,Mary Downing Hahn
8369,Melissa Anelli
8369,J.K. Rowling
8370,Francisco X. Stork
8371,Stephen King
8372,Tere Liye
8373,Brandon Sanderson
8374,Jeffrey Brown
8375,Daniel C. Dennett
8376,Andrzej Sapkowski
8377,C.J. Box
8378,Shannon Hale
8379,Jill Alexander Essbaum
8380,Amanda Brown
8381,Susan Dennard
8382,Gavin Menzies
8383,Hope Larson
8383,Madeleine L''Engle
8384,Nora Ephron
8385,Liza Klaussmann
8386,Ken Follett
8387,Henning Mankell
8387,Laurie Thompson
8388,Margaret Weis
8388,Tracy Hickman
8389,Sherman Alexie
8390,Ludwig Wittgenstein
8390,G.E.M. Anscombe
8391,Carrie Jones
8392,Claire Contreras
8393,Bernard Cornwell
8394,Harper Sloan
8395,Tarryn Fisher
8396,Scott Dikkers
8396,Maria Schneider
8396,John Krewson
8396,Robert Siegel
8396,David Javerbaum
8396,Todd Hanson
8396,Carol Kolb
8396,Mike Loew
8396,Tim Harrod
8397,James Rollins
8398,Laurell K. Hamilton
8399,Jeffrey Archer
8400,Stephen Hawking
8401,Stephen R. Donaldson
8402,Nalini Singh
8403,Will Durant
8404,Elaine Pagels
8405,Jonathan Tropper
8406,Edgar Rice Burroughs
8407,Vince Flynn
8407,Kyle Mills
8407,Armand Schultz
8408,Nalini Singh
8409,Roxane Gay
8410,Tim Winton
8411,American Psychiatric Association
8412,Laurie R. King
8413,Orson Scott Card
8414,Elizabeth Wein
8415,Kiyohiko Azuma
8415,あずま きよひこ
8416,Black Elk
8416,John G. Neihardt
8417,Ben Mezrich
8418,Jeffery Deaver
8419,Christine Feehan
8420,Jeph Loeb
8420,Jim Lee
8420,Scott Williams
8421,Heather Gudenkauf
8422,Greg Iles
8423,Sara Ryan
8424,Jim Butcher
8425,Connie Willis
8426,Bella Forrest
8427,Alice Hoffman
8428,Jean de Brunhoff
8429,Gordon Korman
8430,Michael Frayn
8431,Harlan Coben
8432,Dan Simmons
8433,Tom Standage
8434,Karen   White
8435,Robert Hicks
8436,Jennifer L. Armentrout
8437,Randy Alcorn
8437,Alex Kendrick
8437,Stephen Kendrick
8438,Kate DiCamillo
8438,Yoko Tanaka
8439,Anne Tyler
8440,James Joyce
8441,محمد المنسي قنديل
8441,Mohamed Mansi Qandil
8442,Aleatha Romig
8443,Bree Despain
8444,Dean Koontz
8445,Stephen R. Lawhead
8446,Carl Hiaasen
8447,حسن كمال
8448,Orson Scott Card
8449,Dolen Perkins-Valdez
8450,Karen Chance
8451,Beth Moore
8452,Michael Ondaatje
8453,Jodi Picoult
8454,Jack Welch
8454,John A. Byrne
8454,Mike Barnicle
8455,Shel Silverstein
8456,Milan Kundera
8456,Aaron Asher
8457,Anna Quindlen
8458,Gena Showalter
8459,Pittacus Lore
8460,Mercedes Lackey
8461,Lisa Scottoline
8462,Meg Cabot
8463,Mark Bittman
8464,Rosamunde Pilcher
8465,Tim LaHaye
8465,Jerry B. Jenkins
8466,خالد الباتلي
8467,John Sandford
8468,John Sandford
8469,Anita Brookner
8470,Pat Barker
8471,Mark Twain
8472,Aristotle
8472,Joe Sachs
8473,Emily Murdoch
8474,Carl Hiaasen
8475,Sandra Dallas
8476,Rachel Vincent
8477,Jill Murphy
8478,Cynthia Rylant
8478,Stephen Gammell
8479,Siri Hustvedt
8480,Andrea Hirata
8481,Ellen Hopkins
8482,Todd J. McCaffrey
8483,J.C. Reed
8484,Brian Jacques
8485,Ken Robinson
8485,Lou Aronica
8486,Geraldine Brooks
8487,Rick Riordan
8488,Amy Harmon
8489,Chuck Klosterman
8490,William C. Dietz
8491,Terry Brooks
8492,Billy Collins
8493,Anna Carey
8494,Samantha Young
8495,Lois McMaster Bujold
8496,Jennifer Crusie
8496,Bob Mayer
8497,Apostolos Doxiadis
8497,Christos H. Papadimitriou
8497,Alecos Papadatos
8497,Annie Di Donna
8498,Laurent Binet
8499,Kate Andersen Brower
8500,Jennifer L. Armentrout
8501,Lori Nelson Spielman
8502,Kelley Armstrong
8503,Thomas Mann
8503,John E. Woods
8503,T.J. Reed
8504,Anton Chekhov
8505,James Patterson
8505,Richard DiLallo
8506,T.A. Barron
8507,Maria V. Snyder
8508,Iris Murdoch
8508,Mary Kinzie
8509,Jamie McGuire
8510,Margaret Peterson Haddix
8511,Amy A. Bartol
8512,L. Ron Hubbard
8513,Dave Ramsey
8514,Mary Higgins Clark
8515,Carol Burnett
8516,Ruth Ozeki
8517,Octavia E. Butler
8518,Kristen Ashley
8519,Samuel Shem
8519,John Updike
8520,Ayşe Kulin
8520,John W. Baker
8521,Pam Muñoz Ryan
8522,Keri Smith
8523,Aleksandr Solzhenitsyn
8523,Edward E. Ericson Jr.
8524,Heinrich Harrer
8526,Suzanne Weyn
8527,Kresley Cole
8528,Larry Levin
8529,James Ellroy
8530,Thomas E. Sniegoski
8531,Anne McCaffrey
8532,José Saramago
8532,Giovanni Pontiero
8533,Rose Levy Beranbaum
8533,Maria Guarnaschelli
8533,Vincent Lee
8533,Manuela Paul
8533,Dean G. Bornstein
8534,Robert  Beatty
8535,Alan Dean Foster
8535,George Lucas
8536,Nancy Thayer
8537,Sarah Turnbull
8538,Amélie Nothomb
8539,Anne Rice
8540,Candace Bushnell
8541,Jeffery Deaver
8542,J.D. Robb
8543,Angela Johnson
8544,Christopher Chabris
8544,Daniel Simons
8545,Tami Hoag
8547,Steve Toltz
8548,Jon Klassen
8549,Ramit Sethi
8550,Nelson DeMille
8551,Jeff Wheeler
8552,Karen Kingsbury
8552,Gary Smalley
8575,Obert Skye
8553,Michio Kaku
8554,Jennifer Lynn Barnes
8555,Hergé
8555,Leslie Lonsdale-Cooper
8555,Michael Turner
8556,Henning Mankell
8556,Ebba Segerberg
8557,Michael Buckley
8557,Peter Ferguson
8558,Charles Bernard Nordhoff
8558,James Norman Hall
8559,Ken Akamatsu
8560,William Arntz
8560,Betsy Chasse
8560,Mark Vicente
8561,Jeff Wheeler
8562,Johanna Lindsey
8563,Terry Pratchett
8564,Elizabeth Gaskell
8564,Shirley Foster
8565,Joseph Conrad
8566,Ellen Marie Wiseman
8567,Tsugumi Ohba
8567,Takeshi Obata
8568,Michael J. Sullivan
8569,Sherrilyn Kenyon
8570,Honoré de Balzac
8570,Sylvia Raphael
8570,Christopher Prendergast
8571,Marcella Hazan
8571,Karin Kretschmann
8572,Arnaldur Indriðason
8572,Bernard Scudder
8573,Jess Rothenberg
8574,April Henry
8576,Bill O''Reilly
8576,Martin Dugard
8577,Leah Wilson
8577,Jennifer Lynn Barnes
8577,Mary Borsellino
8577,Sarah Rees Brennan
8577,Terri  Clark
8577,Bree Despain
8577,Adrienne Kress
8577,Sarah Darer Littman
8577,Cara Lockwood
8577,Elizabeth M. Rees
8577,Carrie Ryan
8577,Ned Vizzini
8577,Lili Wilkinson
8577,Blythe Woolston
8578,Russell Hoban
8578,Lillian Hoban
8579,J.D. Robb
8580,Maggie Nelson
8581,Jann S. Wenner
8581,Corey Seymour
8582,Dominic Smith
8583,Louise Jensen
8584,Jennifer Estep
8585,David Shannon
8586,Margaret Leroy
8587,Jennifer A. Nielsen
8588,Paul Auster
8589,Machado de Assis
8590,Elizabeth  George
8591,L.M. Montgomery
8592,Jacqueline Carey
8593,Thomas C. Foster
8594,Orson Scott Card
8595,Ilona Andrews
8596,Robert Crais
8800,Carl Hiaasen
8597,Lauren Myracle
8598,Bruce Campbell
8599,Matsuri Hino
8599,Tomo Kimura
8600,Denis Johnson
8600,Bettina Abarbanell
8601,Rolf Dobelli
8602,Ellen Stoll Walsh
8603,L.D. Davis
8604,Ulrich Bischoff
8605,Charles Harrison
8605,Paul Wood
8606,Hervé Tullet
8606,Christopher Franceschelli
8607,Robert Muchamore
8608,Harlan Coben
8609,Alfred Tennyson
8609,Charles Keeping
8610,Lisi Harrison
8611,Friedrich Nietzsche
8611,Douglas Smith
8612,Jamie Delano
8612,John Ridgway
8612,Alfredo Alcalá
8613,Jane Lynch
8613,Lisa Dickey
8614,Jonathan Renshaw
8615,J.D. Robb
8616,سلطان موسى الموسى
8617,Walter Moers
8617,John Brownjohn
8618,Antonia Fraser
8619,Shel Silverstein
8620,Raymond Briggs
8621,Jay Crownover
8622,Quinn Loftis
8623,Carl Sagan
8623,Ann Druyan
8624,John Sandford
8625,John Updike
8626,Lemony Snicket
8627,Winston Graham
8628,Gregg Hurwitz
8629,Bella Andre
8630,Stephen King
8631,Robert Ludlum
8632,Roland Merullo
8633,Suetonius
8633,Michael Grant
8633,Robert Graves
8634,Ibraheem Abbas
8634,إبراهيم عباس
8634,Yasser Bahjatt
8635,Bernard Cornwell
8636,R.A. Salvatore
8637,Scott Westerfeld
8638,Lisa Lutz
8639,Charlie LeDuff
8640,Dorothy L. Sayers
8641,C.S. Pacat
8642,Penelope Douglas
8642,Abby Craden
8642,Nelson Hobbs
8643,Philip Reeve
8644,James Patterson
8644,Mark Pearson
8645,Faith Hunter
8646,Gemma Halliday
8647,Raymond Chandler
8648,Bernadette Rossetti-Shustak
8648,Caroline Jayne Church
8649,Lisa Gardner
8650,Jim Krueger
8650,Alex Ross
8650,Doug Braithwaite
8651,Tad Williams
8652,William Nicholson
8652,Peter Sís
8653,Scarlett Thomas
8654,Michael Chabon
8654,Gary Gianni
8655,James Andrew Miller
8655,Tom Shales
8656,Daniel Wallace
8657,Tammara Webber
8658,Lisa O'Donnell
8659,Frances Mayes
8660,Rachel Caine
8661,Tim Tebow
8661,Nathan Whitaker
8662,Octavia E. Butler
8663,Joe Hill
8663,Gabriel Rodríguez
8664,J.G. Ballard
8665,Patricia M. Scarry
8665,Richard Scarry
8666,Paul Theroux
8667,Anne McCaffrey
8668,Sarah J. Maas
8669,Laura Joffe Numeroff
8669,Felicia Bond
8670,James Luceno
8671,Anderson Cooper
8671,Gloria Vanderbilt
8672,Ben H. Winters
8673,Ann Cleeves
8674,Sherrilyn Kenyon
8675,Sarah L. Delany
8675,A. Elizabeth Delany
8675,Amy Hill Hearth
8676,Richard Price
8677,Peter Hedges
8678,Gail Carriger
8679,Annie Barrows
8680,Karen Kingsbury
8680,Gary Smalley
8681,Armistead Maupin
8682,Émile Zola
8682,Robin Buss
8684,J.S. Scott
8685,Sarah Pinborough
8686,Robert W. Chambers
8686,E.F. Bleiler
8687,Patrick O'Brian
8688,Ayn Rand
8688,Nathaniel Branden
8689,Debbie Macomber
8690,Joseph Boyden
8691,Susan  Wilson
8692,Jeanette Winterson
8693,Randy Susan Meyers
8694,J.D. Robb
8695,Victoria Schwab
8696,David Mamet
8697,Umberto Eco
8698,Ruth Wariner
8699,Beatrix Potter
8700,Charles M. Schulz
8701,Frank Miller
8702,Nalini Singh
8703,Adrian Nicole LeBlanc
8704,Leo Tolstoy
8704,Louise Maude
8704,Aylmer Maude
8705,Larry Correia
8706,John Sandford
8707,Lee Strobel
8708,Benedict Jacka
8709,Maggie O'Farrell
8710,Jonathan Kellerman
8711,Janet Evanovich
8711,Lee Goldberg
8712,Jeff Kinney
8713,Victoria Helen Stone
8714,Sharon G. Flake
8715,James Rollins
8716,Kazuo Ishiguro
8717,Pascal Mercier
8717,Barbara Harshav
8718,Tessa Dare
8719,Martha Grimes
8720,Jessica Sorensen
8721,David McCullough
8722,Louise Erdrich
8723,Lucie Whitehouse
8724,The Waiter
8724,Steve Dublanica
8725,Kevin Hearne
8726,Robert Louis Stevenson
8727,Tom Clancy
8727,Grant Blackwood
8728,V.C. Andrews
8729,Melanie Rawn
8730,Jeffery Deaver
8731,Breena Clarke
8825,Lindsay Ashford
8732,Nancy Leigh DeMoss
8732,Elisabeth Elliot
8733,Jack London
8734,Lisi Harrison
8735,John Irving
8736,Chris Anderson
8737,Joe Sacco
8737,Edward Said
8738,Vincent van Gogh
8738,Irving Stone
8738,Jean   Stone
8739,Cecelia Ahern
8740,Louisa May Alcott
8741,Yangsze Choo
8742,Terry Brooks
8742,George Lucas
8743,Gene Luen Yang
8743,Michael Dante DiMartino
8743,Gurihiru
8743,Bryan Konietzko
8744,Karina Halle
8745,Jacqueline Wilson
8746,Else Holmelund Minarik
8746,Maurice Sendak
8747,Twyla Tharp
8748,Mourid Barghouti
8748,مريد البرغوثي
8749,Jocelyn Davies
8750,Marion Zimmer Bradley
8750,Diana L. Paxson
8751,Tom Clancy
8751,Mark Greaney
8752,Miles Davis
8752,Quincy Troupe
8753,Elizabeth Winthrop
8754,Steven Tyler
8755,George R.R. Martin
8756,Jeffery Deaver
8757,H.P. Lovecraft
8758,Christina Lauren
8759,Patricia Cornwell
8760,Anton Chekhov
8761,Anthony Horowitz
8762,Abbi Glines
8763,Janet Evanovich
8763,Charlotte Hughes
8764,Josh Bazell
8765,Elin Hilderbrand
8766,Brian Herbert
8766,Kevin J. Anderson
8767,Piers Anthony
8768,Arthur Conan Doyle
8768,William S. Baring-Gould
8769,Joanna Wylde
8770,Nicky Charles
8771,Mercer Mayer
8772,Patricia Cornwell
8773,Beth Moore
8774,Eric Hill
8775,Penelope Ward
8775,Vi Keeland
8776,Jan Karon
8777,James Patterson
8777,Michael Ledwidge
8778,Camilla Läckberg
8778,Tiina Nunnally
8779,Terry McMillan
8780,Elizabeth Eulberg
8781,Carl Hiaasen
8782,Gabriel García Márquez
8783,Kevin J. Anderson
8784,Ted Dekker
8785,J.D. Robb
8786,John le Carré
8787,Brian Jacques
8788,Yasunari Kawabata
8788,Edward G. Seidensticker
8789,J. Maarten Troost
8790,Robin Cook
8791,Dave Barry
8792,Fyodor Dostoyevsky
8792,Ergin Altay
8793,Kim Gruenenfelder
8794,Morris Gleitzman
8795,Cecily von Ziegesar
8796,John Sandford
8797,Sara Shepard
8798,Gary Brandner
8799,Roger Zelazny
8801,Douglas Coupland
8802,John Berendt
8803,Rosamund Lupton
8804,Ilana Tan
8805,Charles Bukowski
8806,Wilbur Smith
8807,Oprah Winfrey
8808,Amanda Hocking
8809,Colm Tóibín
8810,Sara B. Larson
8811,Fannie Flagg
8812,Mircea Eliade
8813,Christina McKenna
8814,Glen David Gold
8815,Georges Bataille
8815,Joachim Neugroschel
8815,Dovid Bergelson
8816,Kate Jacobs
8817,Maurice Sendak
8818,Raymond Carver
8819,Rainer Maria Rilke
8819,Stephen Mitchell
8819,Robert Hass
8820,Larissa Ione
8821,Gabriel García Márquez
8821,Randolph Hogan
8822,J.D. Robb
8823,Christiane Northrup
8824,John Sandford
8826,Warren Ellis
8826,John Cassaday
8827,Danielle L. Jensen
8828,Andy Cohen
8829,Stephen King
8830,Mary Higgins Clark
8831,Assata Shakur
8831,Angela Y. Davis
8831,Lennox S. Hinds
8832,Clive Barker
8833,Paul Galdone
8833,Peter Christen Asbjørnsen
8834,Willow Aster
8835,Corina Bomann
8835,Alison Layland
8836,Edward M. Kennedy
8837,Ian Fleming
8838,James Hilton
8839,Caroline Kepnes
8840,Nella Larsen
8840,Ntozake Shange
8840,Thadious M. Davis
8841,Neil Gaiman
8841,Michael Reaves
8842,David Levithan
8843,Harry Bernstein
8844,Brenna Yovanoff
8845,George Carlin
8845,Tony Hendra
8846,James Gleick
8847,Homer Hickam
8848,Danielle Steel
8849,John le Carré
8850,Raymond Chandler
8851,Laurell K. Hamilton
8852,Kristen Ashley
8853,John Sandford
8854,Francine Rivers
8855,Richard Branson
8856,Betty MacDonald
8856,Alexandra Boiger
8857,Roald Dahl
8857,Quentin Blake
8858,Val McDermid
8860,Nora Roberts
8861,Robert Crais
8862,J.R. Ward
8863,Alistair MacLean
8864,Ian Fleming
8865,Robin Norwood
8866,Perry Moore
8867,Alex Kotlowitz
8868,Agatha Christie
8869,Kiera Cass
8870,John D. Fitzgerald
8870,Mercer Mayer
8871,Chris d'Lacey
8872,Julie Garwood
8873,Roddy Doyle
8874,Chuck Palahniuk
8875,Sonya Sones
8876,Danielle Trussoni
8877,Paula H. Deen
8877,John Berendt
8878,Gabriel García Márquez
8878,J.S. Bernstein
8879,Nicholas Pileggi
8880,Warren Ellis
8880,Darick Robertson
8880,Rodney Ramos
8880,Patrick Stewart
8881,Kent Haruf
8882,عباس معروفی
8883,Linda Howard
8884,Chelsea Cain
8885,Cynthia Swanson
8886,Anatoli Boukreev
8886,G. Weston DeWalt
8887,Django Wexler
8888,Louisa May Alcott
8889,Jamie McGuire
8890,Natsuki Takaya
8890,Alethea Nibley
8890,Athena Nibley
8891,Bart D. Ehrman
8892,Mariana Zapata
8893,Ursula K. Le Guin
8894,Steve Berry
8894,Scott Brick
8895,Anthony Horowitz
8896,William Shakespeare
8896,Roma Gill
8896,Robert          Jackson
8897,Johanna Lindsey
8898,Greg Iles
8899,George Gordon Byron
8899,Peter J. Manning
8899,Susan J. Wolfson
8900,Laura Lippman
8901,Jennifer Worth
8902,Anna Gavalda
8902,Alison Anderson
8903,Peter Lynch
8903,John Rothchild
8904,Iain M. Banks
8905,Fannie Flagg
8906,Jonathan Swift
8907,Alan W. Watts
8908,Bertolt Brecht
8908,David Hare
8909,Jeaniene Frost
8910,Jessica Day George
8911,Brent Weeks
8912,Nic Pizzolatto
8913,Mac Barnett
8913,Jon Klassen
8914,Justin Torres
8915,Daniel C. Dennett
8916,Edmund Spenser
8916,Thomas P. Roche
8916,C. Patrick O''Donnell
8938,Chevy Stevens
8917,Francine Rivers
8918,Kristen Ashley
8919,Alissa Nutting
8920,Arthur Nersesian
8921,Steve Alten
8922,Frank Beddor
8923,John O'Hara
8924,Janet Ahlberg
8924,Allan Ahlberg
8925,Gene Kim
8925,Kevin Behr
8925,George Spafford
8926,Brandon Stanton
8927,Chris Van Allsburg
8927,Lois Lowry
8927,Kate DiCamillo
8927,M.T. Anderson
8927,Louis Sachar
8927,Stephen King
8927,Tabitha King
8927,Jon Scieszka
8927,Sherman Alexie
8927,Gregory Maguire
8927,Cory Doctorow
8927,Jules Feiffer
8927,Linda Sue Park
8927,Walter Dean Myers
8927,Lemony Snicket
8928,Erin Gruwell
8928,Zlata Filipović
8928,The Freedom Writers
8929,Fareed Zakaria
8930,Jon Ronson
8931,Susanna Clarke
8931,Charles Vess
8932,Dinah Bucholz
8933,Bill Browder
8934,David Bach
8935,Cat Patrick
8936,Jill Leovy
8937,Terry Jones
8937,Brian Froud
8939,Paul Torday
8940,Alex  Ross
8941,Katie Klein
8942,Trish Doller
8943,Glenn Greenwald
8944,Orson Scott Card
8945,Lisa Gardner
8946,Hafez
8947,John L. Parker Jr.
8948,Ben Hatke
8949,Dante Alighieri
8949,Dorothy L. Sayers
8949,Barbara Reynolds
8950,William  Boyd
8951,Nancy Farmer
8952,Amy Lichtenhan
8952,A.L. Jackson
8953,R.L. Stine
8954,Kathryn Croft
8955,Belle Aurora
8956,R.L. Stine
8957,David Lebovitz
8958,Julie Kagawa
8959,Grace Draven
8960,Mark Haddon
8961,Larry Niven
8961,Jerry Pournelle
8962,Heather Brewer
8963,Alistair MacLean
8964,Ronald C. White Jr.
8965,William Shakespeare
8965,Sylvan Barnet
8965,Alvin Kernan
8965,Russell Fraser
8966,Susan Elizabeth Phillips
8967,Jodi Ellen Malpas
8968,Neal Shusterman
8969,Jon J. Muth
8970,Lois McMaster Bujold
8971,Gayle Forman
8972,Jeffery Deaver
8973,Salman Rushdie
8974,Gayle Tzemach Lemmon
8975,David Foster Wallace
8976,Stephen King
8977,A.J. Jacobs
8978,Bill Watterson
8979,Arthur Conan Doyle
8980,Tonya Hurley
8981,Mary Higgins Clark
8981,Alafair Burke
8982,Bill Willingham
8982,Mark Buckingham
8982,Steve Leialoha
8982,Aaron Alexovich
8982,Andrew Pepoy
8983,Barbara Delinsky
8984,Larry Bond
8984,Patrick Larkin
8985,Linwood Barclay
8986,Dean Koontz
8987,Leigh Nichols
8987,Dean Koontz
8988,Naomi Novik
8989,Malorie Blackman
8990,James Rollins
8990,Rebecca Cantrell
8991,Tijan
8992,Josh Kilmer-Purcell
8993,Lauren Barnholdt
8994,Kathy Reichs
8995,Robin McKinley
8996,Michael Herr
8997,Henning Mankell
8997,Laurie Thompson
8998,Lorenzo Carcaterra
8999,Walter Benjamin
8999,Michael W. Jennings
8999,Brigid Doherty
8999,Edmund F.N. Jephcott
8999,Rodney Livingstone
8999,Howard Eiland
8999,Thomas Y. Levin
9000,Mary Higgins Clark
9001,Sarah Palin
9001,Lynn Vincent
9001,Dewey Whetsell
9002,Anne Byrn
9002,Anthony Loew
9003,Rick Yancey
9004,Robert A. Caro
9005,Patricia Cornwell
9006,Forrest Carter
9007,Gena Showalter
9008,Richard Brautigan
9009,Ali Novak
9009,Fallzswimmer
9010,John Marsden
9011,Crissy Calhoun
9012,Liane Moriarty
9013,Myra McEntire
9014,Al Ries
9014,Jack Trout
9015,Nalini Singh
9016,Laurann Dohner
9017,David B.
9018,Tracy Letts
9019,Tad Williams
9020,Susan Elia MacNeal
9021,Gregory Maguire
9021,Douglas Smith
9022,Christopher Priest
9023,Donald McCaig
9024,Tony Kushner
9025,Michael Ondaatje
9026,Dean Koontz
9027,Kristen Ashley
9028,Chris Colfer
9028,Brandon Dorman
9029,Scott  Meyer
9030,Melody Anne
9031,Maya Banks
9032,Andrew Hunt
9032,Dave Thomas
9033,Dee Lestari
9034,James S.A. Corey
9035,Katee Robert
9036,T.C. Boyle
9036,Richard Poe
9038,Diablo Cody
9039,أنيس منصور
9040,James Patterson
9040,Michael Ledwidge
9041,Madeline Sheehan
9042,Peter Heller
9043,Steven Spielberg
9044,Anne Rice
9044,Robert O''Keefe
9044,F. Murray Abraham
9044,Michael York
9044,Kate Nelligan
9044,David Purdham
9045,Stan Berenstain
9045,Jan Berenstain
9046,Olivia Cunning
9047,Iris Johansen
9048,J.K. Rowling
9049,Audre Lorde
9050,Cassandra Clare
9050,Hye-Kyung Baek
9051,Tere Liye
9052,Darynda Jones
9053,John Flanagan
9054,Amy Waldman
9055,Alan Lee
9055,Ian McKellen
9056,Jenna Black
9057,James Patterson
9057,Howard Roughan
9058,Stephen Jones
9058,H.P. Lovecraft
9058,Kim Newman
9058,Brian Mooney
9058,Nicholas Royle
9058,David Langford
9058,Michael Marshall Smith
9058,Brian Lumley
9058,Neil Gaiman
9058,Basil Copper
9058,Jack Yeovil
9058,Guy N. Smith
9058,Adrian Cole
9058,D.F. Lewis
9058,Ramsey Campbell
9058,David Sutton
9058,Peter Tremayne
9059,James Lee Burke
9060,Nick Cave
9061,Jeff Brown
9061,Scott Nash
9061,Macky Pamintuan
9062,Julie Kagawa
9063,Donald Crews
9064,Kate Clifford Larson
9065,Jennifer Haigh
9066,Lynsay Sands
9067,Kristen Ashley
9068,Mary Higgins Clark
9069,Ann M. Martin
9070,Alice Hoffman
9071,Enid Blyton
9072,Garth Risk Hallberg
9073,Kathleen E. Woodiwiss
9074,Raymond E. Feist
9075,Jessica Day George
9076,The Church of Jesus Christ of Latter-day Saints
9077,Jasper Fforde
9078,Edward Said
9079,Gerald N. Lund
9080,Eric Jerome Dickey
9081,Georgia Byng
9082,Matthew Reilly
9083,Nick Hornby
9084,Tom Brokaw
9085,Philip K. Dick
9086,Lynn Flewelling
9087,Jacqueline Davies
9088,Mary Pope Osborne
9088,Salvatore Murdocca
9089,H.M. Ward
9090,Ilana Tan
9091,John Searles
9092,Tsugumi Ohba
9092,Takeshi Obata
9093,Rick Riordan
9093,Robert Venditti
9093,José Villarrubia
9093,Attila Futaki
9094,Clint Hill
9094,Lisa McCubbin
9095,W.P. Kinsella
9096,Charles Martin
9097,Naomi Klein
9098,Richard Kadrey
9099,Aurora Rose Reynolds
9100,Peter Jenkins
9101,Olivia Cunning
9102,Michael Patrick MacDonald
9103,Terry Brooks
9104,William March
9104,Elaine Showalter
9105,Kim Karr
9106,L.A. Weatherly
9107,Ira Wagler
9108,Toni Aleo
9109,J.  Daniels
9110,Steve Sheinkin
9111,Suketu Mehta
9112,Bob Grant
9113,Carolly Erickson
9114,Edgar Allan Poe
9115,Douglas Preston
9115,Lincoln Child
9116,Agatha Christie
9117,Danielle Steel
9118,Brian Kilmeade
9118,Don Yaeger
9119,Sharon Kay Penman
9120,Eugene Bradley Coco
9120,Ron Dias
9121,Peter F. Hamilton
9122,Christine Zolendz
9123,Anton Chekhov
9123,Richard Pevear
9123,Larissa Volokhonsky
9124,Stan Berenstain
9124,Jan Berenstain
9125,H.A. Rey
9126,Jeph Loeb
9126,Tim Sale
9126,Bjarne Hansen
9127,Federico García Lorca
9127,Antonio Sobejano-Moran
9127,Paola Bianco
9129,Irvine Welsh
9130,A.G. Howard
9131,Cecelia Ahern
9132,Judith McNaught
9133,R.A. Salvatore
9134,Lettie B. Cowman
9134,James Reimann
9135,Jennifer Estep
9136,Cassandra Clare
9136,Joshua Lewis
9137,Chris Heimerdinger
9138,Laurie Faria Stolarz
9139,Stephen King
9140,Kelley Armstrong
9141,Brandon Sanderson
9142,Richard Paul Evans
9166,Meg Cabot
9143,Jenna Jameson
9143,Neil Strauss
9144,Brad Meltzer
9145,Anita Shreve
9146,Derek Landy
9147,Stephen King
9148,Jacquelyn Frank
9149,Katie MacAlister
9150,Rachel Joyce
9151,Norman Bridwell
9152,Philip Pullman
9152,John Lawrence
9153,Rachel Vincent
9154,James Patterson
9154,Mark T. Sullivan
9155,Lisa Gardner
9156,Mary Hoffman
9156,Caroline Binch
9157,David Eddings
9157,Leigh Eddings
9158,Emma Donoghue
9159,Rachel Gibson
9160,Julie James
9161,Bisco Hatori
9162,Nancy Tillman
9163,Rachel Bertsche
9164,Brandon Sanderson
9164,Jon Foster
9165,Jennifer L. Armentrout
9167,J.  Daniels
9168,Debbie Macomber
9169,François Lelord
9169,Lorenza García
9170,Joshilyn Jackson
9171,Jennifer Crusie
9172,Haruki Murakami
9172,Alfred Birnbaum
9172,Philip Gabriel
9173,Indu Sundaresan
9174,Erica Stevens
9175,Piers Anthony
9176,Rob Bell
9177,Isabel Wolff
9178,Hanif Kureishi
9179,Sarah Crossan
9180,Brian Coffey
9180,Dean Koontz
9181,Alex Rosenberg
9182,Michael J. Sandel
9183,Mitchell Zuckoff
9184,Richelle Mead
9185,Leila Meacham
9186,Jennifer Crusie
9187,Maya Angelou
9188,Lionel Shriver
9189,Mordicai Gerstein
9190,Cassandra Clare
9191,José Saramago
9191,Margaret Jull Costa
9192,Richelle Mead
9193,Jacqueline Sheehan
9194,Beatrix Potter
9195,Piers Anthony
9196,Sarah Jio
9197,Raymond Chandler
9198,Madeleine L'Engle
9199,Steve Berry
9200,Jenny Nimmo
9201,Lynsay Sands
9202,Hillary Rodham Clinton
9203,Bob Gale
9203,Devin Grayson
9203,Alex Maleev
9203,Dale Eaglesham
9204,Jeffrey D. Sachs
9204,Bono
9205,Esi Edugyan
9206,Katrina Kittle
9207,Robin Benway
9208,Scott McCloud
9209,Victoria Jamieson
9210,P.D. Eastman
9211,J.L. Bourne
9212,Randall Wallace
9213,Bill Willingham
9213,Mark Buckingham
9213,Steve Leialoha
9213,Jim Fern
9213,Jimmy Palmiotti
9213,Andrew Pepoy
9214,André Aciman
9215,Anne Michaels
9216,Terry Brooks
9217,Richard   Preston
9218,Brodi Ashton
9219,Richard Stearns
9220,Gary Ezzo
9221,نور عبدالمجيد
9222,Steve Coll
9223,Anonymous
9224,E.C. Diskin
9225,John Wyndham
9226,Phyllis T. Smith
9227,Sandra Brown
9228,Jeff Smith
9228,Thomas E. Sniegoski
9228,Steve Hamaker
9229,Jennifer L. Holm
9229,Tad Carpenter
9230,Kathryn Jackson
9230,Gustav Tenggren
9231,Don Richardson
9232,Don DeLillo
9254,Bernard Cornwell
9233,John le Carré
9234,Robin Hobb
9235,Hugh Howey
9236,James Redfield
9237,Jed Rubenfeld
9238,Mark Waid
9238,Alfred Gough
9238,Miles Millar
9238,Dave McCaig
9238,Gerry Alanguilan
9238,Leinil Francis Yu
9239,Margret Rey
9239,H.A. Rey
9239,Martha Weston
9240,Julian Barnes
9241,Gerald N. Lund
9242,Karina Halle
9243,E.H. Gombrich
9243,Caroline Mustill
9243,Clifford Harper
9244,H.P. Mallory
9245,Natsuki Takaya
9245,Alethea Nibley
9245,Athena Nibley
9246,Geneen Roth
9247,Naguib Mahfouz
9247,William M. Hutchins
9247,Olive E. Kenny
9248,Andrew  Peterson
9249,Frank Bettger
9250,Billy Crystal
9251,Jackie Collins
9252,Stephen Schwartz
9252,Gregory Maguire
9253,Erma Bombeck
9255,Frances Hodgson Burnett
9256,Cheryl McIntyre
9257,George R.R. Martin
9258,Olivia Cunning
9259,Holly Black
9260,Rhonda Byrne
9261,Mariana Zapata
9262,Bill Hybels
9262,Lavonne Neff
9263,Philip Roth
9264,Teju Cole
9266,Melissa de la Cruz
9267,Anita Shreve
9268,Clive Barker
9269,Vi Keeland
9270,Robin McKinley
9271,Janice  Thompson
9272,Sharon Creech
9273,Jen Lancaster
9274,Bernard Cornwell
9275,Zig Ziglar
9275,Al Mayton
9276,Ian McGuire
9277,Greg Bear
9278,Robert Dugoni
9279,Brad Thor
9280,Alison Weir
9281,Aeschylus
9281,Judith Affleck
9281,Philip de May
9281,Patricia E. Easterling
9281,John     Harrison
9282,Kevin Hearne
9283,David Baggett
9283,Shawn E. Klein
9284,Maya Banks
9285,P.C. Cast
9285,Kristin Cast
9286,Henry Marsh
9287,Max Barry
9288,David Baldacci
9289,Christine Feehan
9290,Frank Miller
9290,Lynn Varley
9291,Katharine Hepburn
9292,Neil A. Fiore
9293,Anna Todd
9294,Joel C. Rosenberg
9295,Bill Bryson
9296,Alice  Miller
9296,Ruth Ward
9297,Dale Wasserman
9298,H.P. Lovecraft
9299,Austin Grossman
9300,Janet Fitch
9301,Karen Kingsbury
9302,Graham Swift
9303,Roland Barthes
9303,Annette Lavers
9305,Melanie Gideon
9306,Colleen Oakley
9307,Mike Lupica
9308,Susan Cooper
9309,Margot Livesey
9310,Ted Dekker
9311,Immanuel Kant
9311,Mary J. Gregor
9311,Christine M. Korsgaard
9312,Douglas Preston
9312,Lincoln Child
9313,Theodore Sturgeon
9314,James Patterson
9314,Michael Ledwidge
9315,Donna Russo Morin
9316,Dee Henderson
9317,Ernest Hemingway
9318,Dee Henderson
9319,Bisco Hatori
9320,Erlend Loe
9320,Tor Ketil Solberg
9321,Meca Tanaka
9321,田中メカ
9322,Andy Andrews
9323,Iris Murdoch
9325,P.C. Cast
9325,Kristin Cast
9326,Elle Kennedy
9327,Eoin Colfer
9328,Shana Norris
9329,Peter  May
9330,Terry Brooks
9331,Trudi Canavan
9332,Jessica Sorensen
9333,Robert Ludlum
9334,Conn Iggulden
9335,Blake Crouch
9336,Linda Fairstein
9337,Jay Winik
9338,Jessica Verday
9339,Dee Henderson
9340,Julie Buxbaum
9341,Cecily von Ziegesar
9342,Lynsay Sands
9343,Robert Jordan
9344,Daniel Goleman
9345,HaveYouSeenThisGirL
9345,Jan Irene Villar
9346,Susan Elizabeth Phillips
9347,Robin S. Sharma
9348,Jennifer McMahon
9349,Debora Geary
9350,Andy Andrews
9351,Elle Casey
9352,Margaret Peterson Haddix
9353,Si Robertson
9353,Mark Schlabach
9354,Tom Angleberger
9355,Kady Cross
9356,Daniel Glattauer
9357,James Lincoln Collier
9357,Christopher Collier
9358,Linda Howard
9359,Tom Holland
9360,Stephen King
9361,Laurie Halse Anderson
9362,Molly Harper
9363,Anne Rice
9363,Anne Rampling
9364,Eloisa James
9365,Richard Paul Evans
9366,Julie Garwood
9367,Derf Backderf
9368,Julie Garwood
9369,Mary Kay Andrews
9370,Cindy C. Bennett
9371,Brian Jacques
9372,Dick King-Smith
9372,Maggie Kneen
9373,Wally Lamb
9374,Jack McCallum
9375,Kerry Patterson
9375,Joseph Grenny
9375,David Maxfield
9375,Ron McMillan
9375,Al Switzler
9376,Roger Zelazny
9377,Maya Banks
9378,Jeff Smith
9378,Steve Hamaker
9379,Joel Fuhrman
9380,Tessa Dare
9381,Ann M. Martin
9382,Karen Chance
9383,Susan S. Adler
9383,Renée Graef
9383,Nancy Niles
9384,Sebastian Barry
9385,Greg Rucka
9385,J.H. Williams III
9385,Rachel Maddow
9386,Julie Otsuka
9387,Sophie Jordan
9388,John Sandford
9389,Dorothy L. Sayers
9390,Stephanie Bond
9391,Anthony Bourdain
9392,George Saunders
9393,William Gibson
9394,Chelsea Fine
9395,Louis Sachar
9396,Alex Marwood
9397,Simon R. Green
9398,John Brunner
9399,Gwen Cooper
9400,Agatha Christie
9401,Michael Dante DiMartino
9401,Bryan Konietzko
9402,Enid Blyton
9403,Sara Paretsky
9404,Enid Blyton
9405,Danielle Steel
9406,Fannie Flagg
9407,Leon Uris
9408,Guy Gavriel Kay
9409,Bette Greene
9410,George R.R. Martin
9410,Gardner R. Dozois
9410,Joe Abercrombie
9410,Gillian Flynn
9410,Matthew Hughes
9410,Joe R. Lansdale
9410,Michael Swanwick
9410,David  Ball
9410,Carrie Vaughn
9410,Scott Lynch
9410,Bradley Denton
9410,Cherie Priest
9410,Daniel Abraham
9410,Paul Cornell
9410,Steven Saylor
9410,Garth Nix
9410,Walter Jon Williams
9410,Phyllis Eisenstein
9410,Lisa Tuttle
9410,Neil Gaiman
9410,Connie Willis
9410,Patrick Rothfuss
9411,Jodi Daynard
9412,Cora Reilly
9413,Tijan
9414,Lara Adrian
9415,Faith Hunter
9416,Cara Lockwood
9417,Judy Schachner
9418,Mason Currey
9419,Kevin Malarkey
9419,Alex Malarkey
9420,Kitty French
9421,Jacqueline Winspear
9422,Jennifer McMahon
9423,Sarra Manning
9424,Ursula K. Le Guin
9425,Juan Gabriel Vásquez
9425,Anne McLean
9426,Ruth Cardello
9427,Dean Koontz
9428,William Gibson
9428,Terry Bisson
9429,Michael A. Stackpole
9430,Danielle Steel
9431,Clive Cussler
9432,Neil Postman
9432,Andrew Postman
9433,Anne McCaffrey
9434,Raymond E. Feist
9435,Lynley Dodd
9436,Pattie Boyd
9436,Penny Junor
9437,Ann Hood
9438,Roderick Gordon
9438,Brian  Williams
9439,Bob Spitz
9440,Ken Follett
9441,Greg Pak
9441,Aaron Lopresti
9441,Carlo Pagulayan
9441,Juan Santacruz
9441,Gary Frank
9441,Takeshi Miyazawa
9442,David Starkey
9443,Dean Hughes
9444,Jussi Adler-Olsen
9445,محمد صادق
9446,Lindsey Kelk
9447,Arthur C. Clarke
9447,Gentry Lee
9448,Alice Clayton
9449,Ted Dekker
9450,Garth Nix
9451,Donna Leon
9452,James Ellroy
9453,Jan Karon
9454,Ken Follett
9455,Charles Dickens
9455,Norman Page
9456,Virginia M. Axline
9457,Natsuki Takaya
9457,Alethea Nibley
9457,Athena Nibley
9458,Matt Fraction
9458,David Aja
9458,Francesco Francavilla
9458,Steve Lieber
9458,Jesse Hamm
9458,Annie Wu
9458,Matt Hollingsworth
9458,Chris Eliopoulos
9459,Barbara Ann Brennan
9459,Jos. A. Smith
9460,Bohumil Hrabal
9461,Lemony Snicket
9461,Brett Helquist
9462,Shannon Hale
9463,Isaac Asimov
9464,Kristan Higgins
9465,Brian Michael Bendis
9465,Mark Bagley
9466,Shelly Crane
9467,M. Pierce
9468,John Sandford
9469,Agatha Christie
9469,Hugh Fraser
9470,Amie Kaufman
9470,Jay Kristoff
9470,Marie Lu
9471,Chris Crutcher
9472,R.D. Blackmore
9472,Michelle Allen
9473,Paulo Coelho
9474,Jill Shalvis
9475,Ted Dekker
9476,Agatha Christie
9476,Robin Bailey
9477,Jennifer McMahon
9478,Benjamin Hoff
9479,Stacy King
9479,SunNeko Lee
9479,Crystal S. Chan
9479,Victor Hugo
9480,R.A. Salvatore
9481,Anne McCaffrey
9482,S.A.R.K.
9483,William  Boyd
9484,John Grisham
9485,Oliver Pötzsch
9485,Lee Chadeayne
9486,E.L. James
9487,Michel Houellebecq
9488,J.D. Robb
9489,Alex   Sanchez
9490,Jeanne Birdsall
9491,Lynsay Sands
9492,Lars Kepler
9492,Laura A. Wideburg
9493,Nora Roberts
9494,Agatha Christie
9495,Matthew Inman
9496,Mercer Mayer
9497,Melissa Senate
9498,Conn Iggulden
9499,Alastair Reynolds
9500,Alexandra Adornetto
9501,Cynthia Hand
9502,Dr. Seuss
9502,Maurice Sendak
9502,Audrey Geisel
9503,Anne Rice
9504,N.K. Jemisin
9505,Matt Haig
9506,A.S. Byatt
9507,Sandra Brown
9508,Susanna Kearsley
9509,Jack Gantos
9510,Jacqueline Winspear
9510,Orlagh Cassidy
9511,Jane Green
9512,عمر طاهر
9513,Helen Fielding
9514,Sarah Vowell
9515,Jonathan L. Howard
9516,Ann-Marie MacDonald
9517,Ryū Murakami
9517,Ralph McCarthy
9518,Timothy J. Keller
9519,Elizabeth Strout
9520,Jason  Matthews
9521,Ben Macintyre
9522,Dick Winters
9522,Cole C. Kingseed
9523,Chuck Palahniuk
9524,Richard Paul Evans
9525,Glen Cook
9526,David Weber
9527,Jennifer Rush
9528,J.D. Robb
9529,Dave Ramsey
9530,M.C. Beaton
9531,Richard Siken
9532,L. Frank Baum
9532,David McKee
9533,Sherman Alexie
9534,Joel Osteen
9535,Aurora Rose Reynolds
9536,Natsuki Takaya
9536,Alethea Nibley
9536,Athena Nibley
9537,Yotam Ottolenghi
9538,John Scalzi
9539,Terry Goodkind
9540,Franz Kafka
9541,Richard   Phillips
9542,Louise Erdrich
9543,E.L. Montes
9544,Morton Rhue
9544,Todd Strasser
9545,Helen Hooven Santmyer
9546,Christopher Moore
9547,Mary Higgins Clark
9547,Alafair Burke
9548,L.J. Shen
9549,François Rabelais
9549,M.A. Screech
9550,George Carlin
9551,Brian Selznick
9552,Glen Duncan
9553,Hajime Isayama
9553,Hikaru Suruga
9553,Gan Sunaaku
9554,Thomas Frank
9555,عمرو سلامة
9556,Carrie Vaughn
9558,Whitney G.
9559,Stephen King
9559,Josh Hamilton
9560,Jack Campbell
9561,Nikolai Gogol
9561,Kevin Hawkes
9562,Carrie Vaughn
9563,Guy Debord
9563,Donald Nicholson-Smith
9564,Charlie Higson
9565,Elin Hilderbrand
9566,Bill Watterson
9567,Gennifer Albin
9568,Robert Leckie
9569,Angie Thomas
9570,مصطفى إبراهيم
9571,Drew Karpyshyn
9572,S.H. Kolee
9573,Susane Colasanti
9574,P.D. James
9575,David Weber
9576,Marshall McLuhan
9576,Quentin Fiore
9576,Jerome Agel
9577,Anne McCaffrey
9579,Zadie Smith
9580,Vi Keeland
9581,Jack Campbell
9582,Cynthia Bond
9583,Rachel Vincent
9584,Julia Quinn
9585,Jacqueline Winspear
9586,Trudi Canavan
9587,Thomas Merton
9587,Robert Giroux
9587,William H. Shannon
9588,Jennifer Egan
9589,Mélanie Watt
9590,Paul Neilan
9591,Morgan Rhodes
9591,Michelle Rowen
9592,Lisa Gardner
9593,Nalini Singh
9594,Jennifer McMahon
9595,Alan Dean Foster
9595,Lawrence Kasdan
9595,J.J. Abrams
9595,Michael Arndt
9596,Lauren Conrad
9597,Kalayna Price
9642,George Orwell
9598,Atsushi Ohkubo
9599,Robert C. O'Brien
9600,Dan Chaon
9601,Alan Moore
9601,Curt Swan
9601,George Pérez
9601,Kurt Schaffenberger
9602,Nevada Barr
9603,Shelly Laurenston
9604,Scott Anderson
9605,Ralph Waldo Emerson
9605,Peter Norberg
9606,Gabriel García Márquez
9606,Gregory Rabassa
9607,Charles Stross
9608,Cynthia J. McGean
9609,Glen Cook
9610,حسن الجندي
9611,Ally Carter
9612,Stendhal
9612,Richard Howard
9612,Robert Andrew Parker
9613,Heather Gudenkauf
9614,Alex Berenson
9615,Jacqueline Briggs Martin
9615,Mary Azarian
9616,Jenny O'Connell
9617,Karen Kingsbury
9618,G.A. Aiken
9619,Leisa Rayven
9620,Elizabeth Bishop
9621,Anita Diamant
9622,Terry Brooks
9623,Thomas Wolfe
9624,William McDonough
9624,Michael Braungart
9625,Marc Weissbluth
9626,Warren Ellis
9626,Darick Robertson
9626,Rodney Ramos
9626,Keith Akin
9627,Maggie O'Farrell
9628,Jeffrey Archer
9629,Monty Roberts
9629,Lucy Grealy
9629,Lawrence Scanlan
9630,David Foster Wallace
9631,Michael Baigent
9631,Richard Leigh
9631,Henry Lincoln
9632,Don DeLillo
9632,محمدصادق رئیسی
9633,James Frey
9633,Nils Johnson-Shelton
9634,Lauren Oliver
9635,Jonathan Kellerman
9636,Nancy Farmer
9637,Henning Mankell
9637,Laurie Thompson
9638,Kass Morgan
9639,Fannie Flagg
9640,Tom Clancy
9640,Peter Telep
9641,Kate Hamer
9643,Orson Scott Card
9644,Cynthia Hand
9644,Brodi Ashton
9644,Jodi Meadows
9645,Martin Amis
9646,Marcia Clark
9647,Robert Cormier
9648,Eldridge Cleaver
9649,Baruch Spinoza
9649,Edwin M. Curley
9649,Stuart Hampshire
9649,Edwin Curley
9650,Geraldine Brooks
9651,Jessi Klein
9652,R.L. Mathewson
9653,Andre Norton
9653,Mercedes Lackey
9654,Carlos Ruiz Zafón
9654,Lucia Graves
9655,Clive Cussler
9656,Lynsay Sands
9657,John Sandford
9658,Alastair Reynolds
9659,Jane Shemilt
9660,Darwyn Cooke
9660,Dave Stewart
9660,Jared K. Fletcher
9661,Betty MacDonald
9661,Alexandra Boiger
9662,Jennifer Estep
9663,Rebecca Wells
9664,Hergé
9665,Megan McDonald
9665,Peter H. Reynolds
9666,Christian Rudder
9667,Friedrich Nietzsche
9667,Walter Kaufmann
9668,N.K. Jemisin
9669,Sarah Lotz
9670,Donald J. Trump
9670,Tony Schwartz
9671,Enid Blyton
9672,John Marsden
9673,Natsuki Takaya
9673,Alethea Nibley
9673,Athena Nibley
9674,Alex Lake
9675,Brian Herbert
9675,Kevin J. Anderson
9676,J.D. Robb
9677,Mike Carey
9678,J. Lynn
9678,Jennifer L. Armentrout
9679,Anonymous
9679,Juan Mascaró
9680,Arianna Huffington
9681,Julie Hockley
9682,Mark Walden
9683,تامر إبراهيم
9684,Terry Goodkind
9685,John D. MacDonald
9686,Enid Blyton
9687,Jana Oliver
9688,Pema Chödrön
9689,James Agee
9690,Andrea Kettenmann
9691,Chitra Banerjee Divakaruni
9692,Gwen Hayes
9694,Karen   White
9695,Kiyo Fujiwara
9696,Brent Weeks
9697,Nicky Charles
9698,Dr. Seuss
9699,Isaac Asimov
9700,Michael D. Watkins
9701,Claudia Gray
9702,Jean Lee Latham
9703,Meredith Wild
9704,Lisi Harrison
9705,AnnaLisa Grant
9706,Penelope Ward
9707,Margaret Edson
9708,Lisi Harrison
9709,The Harvard Lampoon
9710,James Herbert
9711,Guy Gavriel Kay
9712,Ilona Andrews
9713,M. Leighton
9714,David James Duncan
9715,Chris Cleave
9716,Stephen Davis
9717,C.J. Sansom
9718,Gretchen Rubin
9718,Käthe Mazur
9719,Jojo Moyes
9720,Adolfo Bioy Casares
9720,Suzanne Jill Levine
9720,Jorge Luis Borges
9720,Ruth L.C. Simms
9720,Norah Borges de Torre
9721,Antony Beevor
9722,John Irving
9723,Orson Scott Card
9724,Dav Pilkey
9725,Neal Shusterman
9726,Leslie Jamison
9727,Bernard Cornwell
9728,Nora Roberts
9729,Courtney Milan
9730,Bisco Hatori
9731,Carl Hiaasen
9732,Henry Hazlitt
9733,Lara Adrian
9734,Robert Muchamore
9735,Marko Kloos
9736,Julia Claiborne Johnson
9737,Grant Naylor
9738,Kylie Scott
9739,Eric S. Nylund
9740,Rick Riordan
9741,Robert Kirkman
9741,Charlie Adlard
9741,Cliff Rathburn
9742,Cathy Hopkins
9743,Tim O'Brien
9744,Roger Lea MacBride
9744,David Gilleece
9745,Catherine Bybee
9746,Dr. Seuss
9746,Theo LeSieg
9746,Roy McKie
9747,J.D. Robb
9748,Carl Hiaasen
9749,Brian Herbert
9749,Kevin J. Anderson
9750,Héctor Tobar
9751,Francis A. Schaeffer
9752,Meg Wolitzer
9753,Robert Coles
9753,George Ford
9754,Vladimir Nabokov
9755,Pepper Winters
9756,Patricia Harman
9757,Patty Lovell
9757,David Catrow
9758,Isaac Asimov
9759,Nick Flynn
9760,Beverly  Lewis
9761,Richard Llewellyn
9762,Robert T. Kiyosaki
9762,Sharon L. Lechter
9763,Carol Lynch Williams
9764,Frederick Forsyth
9765,Jim Loehr
9765,Tony Schwartz
9766,Edward Gibbon
9766,Daniel J. Boorstin
9766,Gian Battista Piranesi
9766,Hans-Friedrich Mueller
9767,Donald Hall
9767,Barbara Cooney
9768,Octavia E. Butler
9769,Jenny Han
9770,حسن الجندي
9771,Chevy Stevens
9772,Anne Tyler
9773,Hugh Lofting
9773,Michael Hague
9774,Derek Landy
9775,Jeff Lemire
9775,José Villarrubia
9775,Carlos M. Mangual
9776,Darynda Jones
9777,Hugh Howey
9778,Rafael Sabatini
9779,Warren Ellis
9779,Adi Granov
9780,H.P. Lovecraft
9780,Les Edwards
9780,Stephen Jones
9781,Hiro Fujiwara
9782,D.J. Molles
9783,Scott Snyder
9783,Greg Capullo
9783,Jonathan Glapion
9784,E.E. Cummings
9784,Richard S. Kennedy
9785,Mathias Malzieu
9786,Diane Chamberlain
9787,Laura  McBride
9788,Amanda Berry
9788,Gina DeJesus
9788,Mary Jordan
9788,Kevin Sullivan
9789,Clive Cussler
9790,Daniel Quinn
9791,Elisabeth Egan
9792,Lucy Sykes
9792,Jo Piazza
9793,Patricia Highsmith
9794,Carol Shields
9795,Deanna Raybourn
9796,Else Holmelund Minarik
9796,Maurice Sendak
9797,Tom Clancy
9797,Mark Greaney
9798,Tite Kubo
9799,Diana Gabaldon
9800,Loek Koopmans
9800,Charles Perrault
9800,Anthea Bell
9801,Danielle Steel
9802,Liesl Shurtliff
9803,Stan Berenstain
9803,Jan Berenstain
9804,C.J. Sansom
9805,Linda Howard
9806,Eiichirō Oda
9807,Penelope Douglas
9807,Jeremy York
9807,Tatiana Sokolov
9808,Elyn R. Saks
9809,Marie Kondō
9810,Frederick Forsyth
9811,Lynsay Sands
9811,Jeaniene Frost
9812,Georgette Heyer
9813,Natasha Friend
9814,Kevin J. Anderson
9815,Martha Stewart
9816,Penelope Ward
9817,Lynsay Sands
9818,Justine Korman Fontes
9819,Richard Henry Dana Jr.
9820,Lisa Scottoline
9821,Amy Brown
9821,Charles  de Lint
9822,Martin Waddell
9822,Patrick Benson
9823,Angela Flournoy
9824,Dee Henderson
9825,Samantha Towle
9826,Ted Andrews
9826,Winston Allen
9826,Margaret K. Andrews
9827,Debbie Macomber
9828,Maeve Binchy
9829,محمد صادق
9830,Stephanie Kallos
9831,Babe Walker
9832,Mo Hayder
9833,Mark    Adams
9834,Simon Winchester
9835,Sara Donati
9836,T.M. Frazier
9837,Andrew  Smith
9838,Perry Moore
9838,Andrew Adamson
9838,C.S. Lewis
9839,Jean Anouilh
9840,Barbara Taylor Sissel
9841,Joanne Harris
9842,Brandon Stanton
9843,John Marsden
9844,Marie Lu
9845,Maya Banks
9846,Judith Kerr
9847,Suki Kim
9848,Lois McMaster Bujold
9849,Joan Aiken
9849,Pat Marriott
9850,Andy Weir
9851,Matsuri Hino
9851,Tomo Kimura
9852,Robert Ludlum
9853,Nick Bruel
9854,Anita Diamant
9855,Alex Flinn
9856,Mary Pope Osborne
9856,Salvatore Murdocca
9857,Jack Kerouac
9857,Joyce Johnson
9858,سهراب سپهری
9859,Hugh Howey
9860,Larry McMurtry
9861,Eva Ibbotson
9862,Kazuo Ishiguro
9863,Harry Harrison
9864,W.G. Sebald
9864,Anthea Bell
9865,Esther Hicks
9865,Jerry Hicks
9866,Jeffrey Archer
9867,Sharon M. Draper
9868,Anne McCaffrey
9869,Lisa Kleypas
9870,Erin Hunter
9871,James Lee Burke
9872,Laura  Barnett
9873,Kazu Kibuishi
9874,Gary Zukav
9875,Johanna Edwards
9876,Melina Marchetta
9877,Roger Zelazny
9878,Dan Ariely
9879,Tom Clancy
9879,Mark Greaney
9880,Lauren Morrill
9881,Jacqueline Wilson
9881,Nick Sharratt
9882,Scott Westerfeld
9883,Charlie Lovett
9884,Aleksandr Griboyedov
9884,Александр Сергеевич Грибоедов
9885,Mary Higgins Clark
9886,Wendy Mass
9887,Howard Dully
9887,Charles Fleming
9888,Karen Harper
9890,Dean Koontz
9891,José Emilio Pacheco
9892,J.D. Robb
9893,Emery Lord
9894,Iain M. Banks
9895,Ilsa Madden-Mills
9896,Alice LaPlante
9897,Robert Muchamore
9898,Brigid Kemmerer
9899,Angela Duckworth
9900,Chuck Palahniuk
9901,Scott Turow
9902,Craig Johnson
9903,Dan Abnett
9904,Laura Kaye
9905,Paul Auster
9906,Bisco Hatori
9907,Anita Shreve
9908,Max Frisch
9909,Alex Gino
9910,Daniel J. Boorstin
9911,Terry Brooks
9912,Ellen Levine
9912,Kadir Nelson
9913,Tillie Cole
9914,Iris Johansen
9915,Linwood Barclay
9916,Sophie Kinsella
9917,Jennifer Echols
9918,Jana Deleon
9919,Barthe DeClements
9920,Kami Garcia
9920,Margaret Stohl
9921,Lawrence Ferlinghetti
9922,Tad Williams
9923,Stephen King
9924,Scott Westerfeld
9925,Mary Hoffman
9926,Sophie Jordan
9927,Christopher Buckley
9928,Charles Frazier
9929,أحمد خالد توفيق
9930,Lionel Shriver
9931,Nicci French
9932,Shauna Niequist
9933,Tedd Arnold
9934,Sally Fallon Morell
9935,John Sandford
9936,Richard Bach
9937,Caragh M. O'Brien
9938,Christopher Moore
9939,Steven Johnson
9940,Darren Shan
9941,Alessandro Baricco
9942,Abigail Haas
9942,Abby McDonald
9943,Malvina G. Vogel
9943,Arthur Conan Doyle
9944,Adam M. Grant
9945,R.K. Lilley
9946,Thomas L. Friedman
9947,Maria Dahvana Headley
9948,Matsuri Hino
9948,Tomo Kimura
9949,Jon Ronson
9950,Kristen Ashley
9951,Joanne Harris
9952,William S. Baring-Gould
9953,Anne Bishop
9954,Grady Hendrix
9954,Michael Rogalski
9955,Simone Elkeles
9956,Joss Whedon
9956,John Cassaday
9957,Alexandra Horowitz
9958,Hugh Ambrose
9959,Hugh Howey
9960,Terry Ryan
9961,Ian McEwan
9962,Inga Muscio
9962,Betty Dodson
9963,Raymond E. Feist
9964,Samantha Shannon
9965,Clive Barker
9966,Salman Rushdie
9967,Naguib Mahfouz
9967,نجيب محفوظ
9968,Maria Augusta von Trapp
9969,Giulia Enders
9969,Jill Enders
9970,Ami McKay
9971,Melody Anne
9972,Kurt Vonnegut Jr.
9973,John M. Gottman
9973,Nan Silver
9974,Lois Lowry
9975,David Gemmell
9976,Maria V. Snyder
9977,Anne Tyler
9978,Yukio Mishima
9978,John Nathan
9979,Wilbur Smith
9981,Jeffery Deaver
9982,Karen Marie Moning
9983,Kazue Kato
9984,Peter Matthiessen
9985,Steve Perry
9985,Tom Clancy
9985,Steve Pieczenik
9986,Terri Blackstock
9987,Iris Johansen
9988,John Rawls
9989,Quinn Loftis
9990,Oscar Hijuelos
9991,Ben Okri
9992,Miles  Cameron
9993,Ian Mortimer
9994,Michael Buckley
9994,Peter Ferguson
9995,Herman Melville
9996,Ilona Andrews
9997,Robert A. Caro
9998,Patrick O'Brian
9999,Peggy Orenstein
10000,John Keegan
6582,L.A. Meyer
9265,Dave Pelzer
