book_id,genre
216,Ficción
324,Ficción
324,Juvenil
499,Ficción
499,Terror
566,Ficción
566,Romántica
1003,Ciencia ficción
1047,Infantil
1208,Terror
1411,Ficción
1411,Clásicos
1522,Ficción histórica
1658,Romántica
1685,Ficción
1685,Thriller
1931,Fantasía
2105,Fantasía
2160,Fantasía
2251,Thriller
2606,Fantasía
2901,Fantasía
2901,Romántica
3057,Ciencia ficción
3057,Juvenil
3263,Romántica
3263,Juvenil
3397,Ciencia ficción
3449,Thriller
3462,Fantasía
3529,Ciencia ficción
3620,Thriller
3666,Romántica
3702,Fantasía
3790,Ficción histórica
3790,Juvenil
3899,Fantasía
3945,Thriller
3971,Ficción histórica
3993,Ficción
3993,Romántica
4098,Ficción
4450,Romántica
4540,Terror
4540,Ciencia ficción
4606,Memorias
4652,Romántica
4674,Ciencia ficción
4697,Ficción
4829,Thriller
4918,Romántica
4963,Thriller
5009,Clásicos
5009,Ficción
5031,Ficción
5141,Ciencia ficción
5187,Ficción
5230,Ciencia ficción
5472,Ficción
5563,Ciencia ficción
5969,Thriller
6111,Fantasía
6111,Juvenil
6152,Ciencia ficción
6194,Ficción
6221,Fantasía
6221,Romántica
6221,Juvenil
6283,Ficción
6394,Thriller
6436,Ficción
6458,Ficción
6458,Romántica
6596,Fantasía
6614,Fantasía
6679,Ciencia ficción
6679,Juvenil
6771,Fantasía
6771,Juvenil
6794,Aventura
6794,Juvenil
6837,Ficción
7038,Ciencia ficción
7092,Terror
7126,Thriller
7333,Clásicos
7333,Ficción
7354,Terror
7382,Ficción
7400,Juvenil
7400,Ficción
7532,Romántica
7600,Fantasía
7691,Fantasía
7726,Ficción histórica
7782,Romántica
7805,Aventura
7805,Juvenil
7897,Fantasía
7897,Juvenil
8110,Romántica
8273,Ficción
8525,Ficción
8546,Fantasía
8546,Juvenil
8683,Terror
8859,Religión y espiritualidad
8859,Ensayo
9037,Cómic y novela gráfica
9037,Ciencia ficción
9128,Fantasía
9128,Romántica
9304,Clásicos
9304,Ensayo
9557,Infantil
9578,Cómic y novela gráfica
9578,Fantasía
9693,Romántica
9889,Romántica
9980,Romántica
9980,Ficción histórica
1,Ciencia ficción
1,Juvenil
2,Fantasía
2,Juvenil
3,Fantasía
3,Romántica
3,Juvenil
4,Clásicos
4,Ficción
5,Clásicos
5,Ficción
6,Juvenil
6,Ficción
7,Clásicos
7,Fantasía
8,Clásicos
8,Ficción
9,Thriller
10,Clásicos
10,Romántica
11,Ficción
11,Ficción histórica
12,Ciencia ficción
12,Juvenil
13,Clásicos
13,Ciencia ficción
14,Clásicos
14,Ficción
15,Memorias
15,Historia
16,Thriller
16,Misterio
17,Ciencia ficción
17,Juvenil
18,Fantasía
18,Juvenil
19,Clásicos
19,Fantasía
20,Ciencia ficción
20,Juvenil
21,Fantasía
21,Juvenil
22,Ficción
23,Fantasía
23,Juvenil
24,Fantasía
24,Juvenil
25,Fantasía
25,Juvenil
26,Thriller
26,Misterio
27,Fantasía
27,Juvenil
28,Clásicos
28,Ficción
29,Clásicos
30,Thriller
30,Misterio
31,Ficción histórica
32,Clásicos
32,Ficción
33,Ficción histórica
34,Romántica
35,Ficción
36,Ciencia ficción
36,Juvenil
37,Clásicos
37,Fantasía
37,Infantil
38,Ficción
38,Romántica
39,Fantasía
40,Memorias
40,Viajes
41,Fantasía
41,Juvenil
42,Clásicos
42,Ficción
43,Clásicos
43,Romántica
44,Romántica
45,Ficción
45,Aventura
46,Ficción histórica
47,Ficción histórica
47,Juvenil
48,Clásicos
48,Ciencia ficción
49,Fantasía
49,Romántica
49,Juvenil
50,Poesía
50,Infantil
51,Fantasía
51,Juvenil
52,Fantasía
52,Romántica
52,Juvenil
53,Fantasía
53,Juvenil
54,Ciencia ficción
55,Clásicos
55,Ciencia ficción
56,Fantasía
56,Romántica
56,Juvenil
57,Ficción histórica
58,Clásicos
58,Aventura
59,Clásicos
59,Infantil
60,Ficción
60,Misterio
61,Thriller
61,Misterio
62,Fantasía
62,Juvenil
63,Clásicos
63,Romántica
64,Ficción
65,Clásicos
65,Ciencia ficción
66,Clásicos
66,Ficción histórica
67,Ficción histórica
68,Ficción
68,Juvenil
69,Ciencia ficción
69,Juvenil
70,Ciencia ficción
70,Juvenil
71,Clásicos
71,Terror
72,Terror
73,Ciencia ficción
73,Romántica
74,Ficción
74,Juvenil
75,Ficción
75,Romántica
76,Clásicos
76,Romántica
77,Aventura
77,Juvenil
78,Ficción
79,Clásicos
79,Aventura
80,Infantil
80,Fantasía
81,Memorias
82,No ficción
82,Biografía
83,Clásicos
83,Ficción histórica
84,Ciencia ficción
84,Thriller
85,Infantil
86,Thriller
87,Memorias
87,Historia
88,Ficción
88,Juvenil
89,Fantasía
89,Aventura
90,Ficción
90,Juvenil
91,Ciencia ficción
91,Juvenil
92,No ficción
92,Ensayo
93,Clásicos
93,Infantil
94,Clásicos
94,Ficción
95,Clásicos
95,Ficción
96,Romántica
97,Clásicos
97,Terror
98,Thriller
98,Misterio
99,Romántica
100,Ficción histórica
101,Memorias
101,Ensayo
102,Infantil
103,Clásicos
103,Aventura
104,Ficción
105,Ciencia ficción
105,Juvenil
106,Memorias
107,Romántica
108,Ficción
108,Romántica
109,Clásicos
109,Ficción histórica
110,Fantasía
111,Ficción
112,Romántica
112,Ficción
113,Clásicos
113,Ficción
114,Memorias
114,No ficción
115,Ficción
116,Clásicos
116,Aventura
117,Ciencia ficción
117,Juvenil
118,Ficción
119,Ciencia ficción
119,Ficción
120,Juvenil
120,Ficción
121,Clásicos
121,Ficción
122,Fantasía
122,Ficción
123,Thriller
124,Ficción
125,Clásicos
125,Ficción
126,Ciencia ficción
127,Ensayo
127,No ficción
128,Biografía
129,Clásicos
129,Ficción
130,Clásicos
130,Ficción
131,Clásicos
131,Ficción
132,Ficción
133,Clásicos
133,Juvenil
134,Fantasía
134,Juvenil
135,Fantasía
136,Ficción
137,Ficción histórica
137,Romántica
138,Clásicos
138,Ficción
139,Fantasía
139,Juvenil
140,Thriller
140,Misterio
141,Ciencia ficción
142,Ficción histórica
143,Ficción histórica
144,Biografía
144,Historia
145,Thriller
146,Ficción
147,Juvenil
147,Ficción
148,Ficción histórica
149,Juvenil
149,Ficción
150,Ficción histórica
151,Fantasía
151,Juvenil
152,Romántica
153,Fantasía
153,Juvenil
154,Clásicos
154,Ficción
155,Fantasía
155,Clásicos
156,Romántica
156,Ficción
157,Infantil
158,Infantil
158,Aventura
159,Fantasía
159,Juvenil
160,Clásicos
160,Ficción
161,Fantasía
161,Clásicos
162,Clásicos
162,Ficción
163,Fantasía
163,Juvenil
164,Romántica
164,Juvenil
165,Fantasía
165,Ficción
166,Ciencia ficción
166,Juvenil
167,Fantasía
167,Ficción
168,Terror
168,Ciencia ficción
169,Romántica
170,Thriller
171,Clásicos
171,Romántica
172,Clásicos
172,Ficción
173,Clásicos
173,Ciencia ficción
174,Religión y espiritualidad
174,Ficción
175,Fantasía
175,Juvenil
176,Terror
177,Clásicos
177,Ficción
178,Clásicos
178,Ficción
179,Memorias
179,Biografía
180,Clásicos
180,Ficción
181,No ficción
181,Misterio
182,Fantasía
182,Juvenil
183,Fantasía
183,Juvenil
184,Infantil
184,Fantasía
185,Fantasía
185,Ficción
186,Ficción histórica
187,Ciencia ficción
187,Juvenil
188,Fantasía
188,Ficción
189,Fantasía
189,Clásicos
190,Memorias
190,Viajes
191,Cómic y novela gráfica
191,Ciencia ficción
192,Fantasía
193,Ensayo
193,No ficción
194,Clásicos
194,Aventura
195,Ficción histórica
195,Ficción
196,Ficción
197,Fantasía
197,Misterio
198,Clásicos
198,Ficción
199,Memorias
199,No ficción
200,Misterio
200,Clásicos
201,Thriller
201,Misterio
202,Fantasía
202,Juvenil
203,Romántica
204,Clásicos
204,Ficción
205,Terror
205,Fantasía
206,Ciencia ficción
206,Juvenil
207,Misterio
208,No ficción
208,Ciencia
209,Thriller
209,Terror
210,Fantasía
210,Juvenil
211,Psicología
211,Ensayo
212,Ficción
213,Clásicos
213,Ficción
214,Fantasía
214,Juvenil
214,Aventura
215,Ciencia ficción
217,Historia
217,No ficción
218,Romántica
219,Clásicos
219,Fantasía
219,Infantil
220,No ficción
221,Memorias
221,Biografía
222,Thriller
223,Fantasía
223,Juvenil
223,Aventura
224,Fantasía
224,Juvenil
224,Romántica
225,Clásicos
225,Ficción
226,Thriller
226,Misterio
227,Thriller
228,Ficción
229,Clásicos
229,Fantasía
229,Infantil
230,Clásicos
230,Romántica
231,Ficción histórica
232,Fantasía
232,Terror
233,Clásicos
233,Romántica
234,Juvenil
234,Ficción
235,Ficción
235,Misterio
236,No ficción
236,Aventura
237,Terror
238,Memorias
239,Terror
239,Ciencia ficción
240,Thriller
240,Misterio
241,Ficción histórica
241,Infantil
242,Thriller
242,Misterio
243,Terror
244,Thriller
244,Misterio
245,Infantil
245,Ficción
246,Fantasía
246,Juvenil
247,Autoayuda
247,Negocios
248,Clásicos
248,Poesía
249,Ficción
250,Juvenil
250,Ficción
251,Infantil
252,Ciencia ficción
252,Juvenil
253,Misterio
254,Fantasía
254,Juvenil
254,Romántica
255,Ficción
255,Ciencia ficción
256,Memorias
256,No ficción
257,Clásicos
257,Fantasía
257,Infantil
258,Ficción
258,Misterio
259,Ciencia ficción
259,Juvenil
260,Autoayuda
260,Negocios
261,Memorias
261,Viajes
262,Ficción
262,Misterio
263,Fantasía
263,Juvenil
264,Clásicos
264,Ficción
265,Clásicos
265,Ficción
266,Thriller
267,Ficción histórica
268,Ciencia ficción
268,Ficción
269,Romántica
270,Clásicos
270,Misterio
271,Ciencia ficción
271,Clásicos
272,Ficción
272,Romántica
273,Ficción histórica
274,Ficción
275,Ficción
275,Juvenil
276,Ciencia ficción
276,Clásicos
277,Fantasía
278,Poesía
278,Infantil
279,Fantasía
279,Juvenil
280,Ciencia ficción
280,Juvenil
281,Thriller
282,Fantasía
282,Juvenil
283,Fantasía
283,Ficción
284,Clásicos
284,Ficción
285,Ficción
285,Romántica
286,Romántica
287,Clásicos
287,Ficción
288,Thriller
289,Clásicos
289,Aventura
290,Memorias
291,Ficción
292,Fantasía
292,Infantil
293,Clásicos
293,Aventura
294,Fantasía
294,Juvenil
295,Ciencia ficción
295,Thriller
296,Infantil
297,Ciencia ficción
297,Clásicos
298,Ciencia ficción
298,Clásicos
299,Religión y espiritualidad
299,Memorias
300,Ficción histórica
300,Juvenil
301,Clásicos
301,Ficción
302,Romántica
303,Autoayuda
304,Ficción
305,Terror
306,Ficción
307,Fantasía
308,Ficción
308,Romántica
309,Fantasía
309,Juvenil
310,Ficción
310,Romántica
311,Ficción histórica
311,Romántica
312,Fantasía
312,Juvenil
313,Ficción histórica
313,Romántica
575,Ciencia ficción
575,Thriller
314,Fantasía
314,Juvenil
315,Autoayuda
315,Negocios
316,Viajes
316,Memorias
317,Memorias
317,Biografía
318,Ficción histórica
319,Fantasía
319,Juvenil
320,Ficción
321,Infantil
321,Aventura
322,Fantasía
323,Ficción
325,Ficción
326,Ficción
327,Ciencia ficción
327,Juvenil
328,Ficción
329,Memorias
329,Autoayuda
330,Fantasía
331,Ficción
331,Misterio
332,Fantasía
332,Infantil
333,Ficción
334,Romántica
335,Infantil
335,Fantasía
336,Thriller
336,Misterio
337,Ciencia ficción
338,Romántica
338,Ficción
339,Infantil
340,Ciencia ficción
340,Juvenil
341,Clásicos
341,Poesía
342,Ficción
343,Thriller
344,Memorias
345,Fantasía
345,Juvenil
346,Clásicos
346,Infantil
346,Fantasía
347,Fantasía
347,Infantil
348,Misterio
348,Juvenil
349,Terror
350,Memorias
351,Fantasía
351,Juvenil
352,Memorias
353,Clásicos
354,Ficción
354,Clásicos
355,Fantasía
355,Juvenil
356,Infantil
356,Misterio
357,Clásicos
357,Ficción histórica
358,Infantil
359,Ficción
360,Ciencia ficción
361,Clásicos
361,Ficción
362,Religión y espiritualidad
362,Ficción
363,Romántica
363,Juvenil
364,Infantil
365,Cómic y novela gráfica
365,Ciencia ficción
366,Biografía
366,Historia
367,Terror
367,Thriller
368,Fantasía
368,Juvenil
369,Juvenil
369,Ficción
370,Fantasía
370,Juvenil
371,Ciencia ficción
372,Memorias
372,Ensayo
373,Infantil
373,Fantasía
374,Ciencia
374,No ficción
375,Clásicos
375,Aventura
376,Ciencia ficción
376,Juvenil
377,Fantasía
378,Ficción
379,Fantasía
379,Romántica
380,Ficción
381,Ficción
382,Juvenil
382,Ficción
383,Memorias
384,Fantasía
384,Juvenil
385,Psicología
385,Autoayuda
386,Juvenil
386,Aventura
387,Clásicos
387,Ficción histórica
388,Juvenil
388,Aventura
389,Fantasía
390,Clásicos
390,Terror
391,Infantil
392,Infantil
393,Fantasía
393,Juvenil
394,Fantasía
394,Juvenil
395,Clásicos
395,Ficción histórica
396,Ficción histórica
397,Ficción
397,Thriller
398,No ficción
398,Ensayo
399,Fantasía
399,Infantil
400,Ciencia ficción
401,Clásicos
401,Ficción histórica
402,Clásicos
402,Terror
403,Clásicos
403,No ficción
404,Thriller
404,Misterio
405,Ficción
406,Arte
406,Autoayuda
407,Ficción
408,Historia
408,No ficción
409,Ficción
410,Clásicos
410,Ficción
411,Romántica
411,Ficción
412,Autoayuda
413,Clásicos
413,Aventura
414,Ficción
415,Fantasía
415,Juvenil
415,Romántica
416,Infantil
416,Fantasía
417,Misterio
417,Ficción
418,Fantasía
418,Juvenil
418,Romántica
419,Fantasía
419,Juvenil
419,Romántica
420,Romántica
421,Ficción histórica
422,Fantasía
422,Juvenil
423,Ciencia ficción
423,Juvenil
423,Romántica
424,Misterio
424,Ficción histórica
425,Juvenil
425,Ficción
426,Ficción
427,Clásicos
427,Ficción
428,Fantasía
428,Juvenil
428,Aventura
429,Fantasía
429,Ficción
430,Ficción
431,Thriller
431,Terror
432,Ciencia ficción
432,Clásicos
433,Romántica
433,Fantasía
434,Fantasía
434,Juvenil
434,Romántica
435,Juvenil
435,Ficción
436,Ficción
437,Ficción histórica
438,Ficción
439,Ciencia
439,No ficción
440,Ficción histórica
441,Thriller
441,Ciencia ficción
442,Ciencia ficción
443,Juvenil
443,Ficción
444,Infantil
444,Clásicos
445,Thriller
445,Misterio
446,Clásicos
446,Misterio
447,Fantasía
447,Juvenil
448,Religión y espiritualidad
448,Autoayuda
449,Fantasía
449,Juvenil
450,Fantasía
450,Misterio
451,Clásicos
451,Romántica
452,Ciencia ficción
452,Juvenil
453,Ficción histórica
454,Infantil
455,Romántica
455,Ficción
456,Clásicos
456,Ficción
457,Misterio
457,Ficción histórica
458,Ciencia ficción
458,Ficción
459,Ficción
460,Fantasía
460,Juvenil
460,Romántica
461,Ficción histórica
461,Clásicos
462,Arte
462,Ensayo
463,Ficción histórica
463,Romántica
464,Religión y espiritualidad
465,Ficción
465,Romántica
466,Cómic y novela gráfica
466,Fantasía
467,Ficción
468,Clásicos
468,Ficción
469,Fantasía
470,Biografía
470,Memorias
471,Clásicos
471,Romántica
472,Memorias
472,Psicología
473,Misterio
473,Thriller
474,Ensayo
474,Religión y espiritualidad
475,Romántica
475,Juvenil
476,Ficción
477,Thriller
478,Clásicos
478,Aventura
479,Ensayo
479,Clásicos
480,Fantasía
480,Juvenil
481,Fantasía
482,Ficción histórica
483,Ficción
483,Clásicos
484,Ficción
485,Clásicos
485,Ficción
486,Ciencia ficción
486,Juvenil
487,Ciencia ficción
487,Thriller
488,Terror
488,Ficción
489,Religión y espiritualidad
489,Poesía
490,Cómic y novela gráfica
490,Biografía
491,Fantasía
491,Juvenil
492,Ciencia ficción
493,Religión y espiritualidad
493,Ensayo
494,Ficción
494,Misterio
495,Memorias
496,Ficción histórica
497,Clásicos
497,Infantil
498,Clásicos
498,Ficción histórica
500,Juvenil
500,Romántica
501,Misterio
502,Cómic y novela gráfica
502,Terror
503,Ciencia ficción
504,Romántica
504,Ficción histórica
576,Clásicos
576,Ficción
505,Ciencia ficción
505,Thriller
506,Ciencia ficción
506,Juvenil
506,Romántica
507,Ciencia ficción
507,Juvenil
508,No ficción
508,Ensayo
509,Romántica
509,Ficción
510,Fantasía
511,Thriller
511,Misterio
512,Clásicos
512,Poesía
513,Biografía
513,Memorias
514,Clásicos
514,Misterio
515,Ficción
516,Ficción histórica
516,Ficción
517,Romántica
517,Juvenil
518,Clásicos
518,Infantil
518,Aventura
519,Ciencia ficción
519,Juvenil
520,Ficción
521,Thriller
521,Misterio
522,Ficción
523,Ficción
523,Memorias
524,Arte
525,Ciencia ficción
525,Juvenil
526,Thriller
526,Misterio
527,Fantasía
527,Misterio
528,Fantasía
529,Clásicos
529,Aventura
530,Clásicos
531,Clásicos
531,Poesía
532,Cómic y novela gráfica
533,Ficción
534,Memorias
534,Ensayo
535,Fantasía
535,Juvenil
536,Fantasía
536,Juvenil
537,Psicología
537,Autoayuda
538,No ficción
539,Romántica
539,Juvenil
540,Clásicos
540,Infantil
541,Romántica
541,Juvenil
542,Fantasía
542,Infantil
543,Fantasía
543,Juvenil
544,Infantil
544,Ficción histórica
545,Infantil
546,Ensayo
547,Clásicos
547,Ciencia ficción
548,Misterio
548,Juvenil
549,Infantil
550,No ficción
550,Ensayo
551,Ficción histórica
551,Ficción
552,Romántica
553,Terror
554,Romántica
554,Ficción histórica
555,Clásicos
556,Terror
557,Ficción
558,Fantasía
558,Misterio
559,Clásicos
559,Ficción
560,Clásicos
560,Ficción
561,Infantil
561,Fantasía
561,Aventura
562,Fantasía
563,Fantasía
563,Romántica
564,Juvenil
564,Ficción
565,Fantasía
567,Ficción
567,Romántica
568,Cómic y novela gráfica
569,Juvenil
569,Ciencia ficción
569,Aventura
570,Ficción
571,Romántica
571,Thriller
572,Ciencia ficción
573,Autoayuda
573,Psicología
574,Memorias
574,Cocina
577,Infantil
577,Fantasía
578,Terror
579,Infantil
580,Arte
580,No ficción
581,Juvenil
581,Ciencia ficción
582,Negocios
582,Autoayuda
583,Juvenil
583,Fantasía
583,Romántica
584,Fantasía
585,Cómic y novela gráfica
585,Fantasía
586,Juvenil
586,Fantasía
586,Ficción histórica
587,Ficción
588,Thriller
589,Romántica
589,Juvenil
590,Clásicos
590,Ficción
591,Juvenil
591,Ficción
592,Clásicos
592,Fantasía
592,Ficción
593,Fantasía
593,Juvenil
594,Infantil
594,Ficción
595,Clásicos
595,Ficción
596,Thriller
597,Clásicos
597,Aventura
598,Fantasía
599,Ciencia ficción
600,Juvenil
600,Fantasía
600,Romántica
601,Infantil
601,Clásicos
602,Fantasía
602,Infantil
602,Clásicos
603,Fantasía
604,Memorias
604,Psicología
605,Memorias
606,Ficción
606,Religión y espiritualidad
607,Juvenil
607,Fantasía
608,Infantil
609,Terror
609,Ciencia ficción
610,No ficción
610,Deportes
610,Historia
611,Fantasía
611,Clásicos
612,Fantasía
612,Terror
613,Misterio
613,Ficción histórica
614,Clásicos
614,Ficción
615,Romántica
615,Juvenil
616,Ficción
616,Misterio
617,Memorias
617,No ficción
618,Clásicos
618,Misterio
619,Psicología
619,No ficción
620,Fantasía
620,Ficción histórica
621,Juvenil
621,Ficción
622,Romántica
623,Thriller
623,Terror
624,Fantasía
624,Misterio
625,Ficción
626,Infantil
627,Infantil
628,Thriller
629,Ficción
630,Negocios
630,No ficción
631,Fantasía
631,Misterio
632,Ciencia ficción
632,Juvenil
633,Ciencia ficción
634,Romántica
635,Ficción
635,Juvenil
636,No ficción
637,Ciencia ficción
637,Clásicos
638,Ficción
639,Clásicos
639,Infantil
640,Ciencia ficción
640,Thriller
641,Fantasía
641,Infantil
642,Ficción histórica
643,Fantasía
643,Juvenil
644,Romántica
644,Juvenil
645,Fantasía
645,Juvenil
646,Clásicos
646,Poesía
647,Romántica
648,Fantasía
648,Juvenil
649,Ficción
650,Clásicos
650,Ficción histórica
651,Clásicos
651,Misterio
652,Fantasía
652,Misterio
653,Ficción
654,Ficción
655,Ciencia ficción
655,Juvenil
656,Aventura
656,Juvenil
657,Ficción
658,Ficción
659,Memorias
659,Biografía
660,Aventura
660,Thriller
661,Infantil
662,Ficción
663,Historia
663,No ficción
664,Ficción
665,Ciencia ficción
665,Terror
666,Fantasía
667,Juvenil
667,Romántica
668,Ficción
669,Ficción
670,Terror
670,Ciencia ficción
671,Misterio
672,Misterio
673,Ficción
674,Ficción
674,Romántica
675,Terror
675,Ciencia ficción
676,Romántica
677,Deportes
677,No ficción
678,Ficción
679,Infantil
680,Autoayuda
680,Negocios
681,Infantil
681,Ficción histórica
682,Fantasía
683,Romántica
684,Fantasía
684,Juvenil
685,Ciencia ficción
685,Juvenil
686,Romántica
687,Historia
688,No ficción
688,Religión y espiritualidad
689,Ficción
690,Memorias
690,No ficción
691,Memorias
691,No ficción
692,Ficción
693,Ciencia ficción
693,Thriller
694,Romántica
695,Misterio
696,Terror
696,Fantasía
697,Ficción
698,Ficción
699,Clásicos
699,Aventura
699,Ciencia ficción
700,Ficción histórica
701,Clásicos
701,Ficción
702,Ficción
703,Terror
704,Ficción
705,Terror
706,Clásicos
706,Aventura
707,Juvenil
707,Ficción
708,Ficción
709,Ficción
709,Clásicos
710,Memorias
710,Cocina
711,Ciencia ficción
711,Juvenil
712,Ficción histórica
712,Romántica
713,Ciencia ficción
713,Juvenil
714,Clásicos
714,Ficción
715,Clásicos
715,Ficción
716,Romántica
717,No ficción
718,Clásicos
718,Ficción
719,Autoayuda
719,Religión y espiritualidad
720,Cómic y novela gráfica
720,Juvenil
721,Cómic y novela gráfica
721,Memorias
722,Fantasía
723,Ficción
723,Aventura
724,Fantasía
724,Romántica
725,Fantasía
725,Terror
726,Thriller
726,Misterio
727,Ficción histórica
728,Infantil
729,Ciencia ficción
730,Clásicos
730,Ficción
731,Terror
732,Fantasía
732,Juvenil
732,Romántica
733,Ficción histórica
733,Misterio
734,Ficción histórica
734,Biografía
735,Cómic y novela gráfica
736,Clásicos
736,Ficción
737,Memorias
737,Biografía
738,Infantil
738,Fantasía
739,Ficción
740,Infantil
740,Ficción histórica
741,Ficción
742,Ciencia ficción
743,Ficción
743,Religión y espiritualidad
744,Autoayuda
744,Religión y espiritualidad
745,Memorias
746,Fantasía
747,Fantasía
747,Juvenil
748,Fantasía
748,Romántica
749,Ficción histórica
749,Ficción
750,Ciencia ficción
750,Juvenil
750,Romántica
751,Ciencia ficción
752,Fantasía
752,Juvenil
753,Cómic y novela gráfica
754,Biografía
754,Memorias
755,Fantasía
756,Fantasía
756,Juvenil
757,Ficción histórica
758,No ficción
758,Ciencia
759,Fantasía
759,Juvenil
760,Ciencia ficción
761,Romántica
762,Ficción histórica
762,Biografía
763,Clásicos
763,Ficción
764,Ficción histórica
764,Romántica
765,Biografía
765,Memorias
766,Cómic y novela gráfica
766,Fantasía
767,No ficción
767,Deportes
768,Thriller
768,Misterio
769,Clásicos
769,Misterio
770,Clásicos
770,Ficción
771,Historia
771,No ficción
772,Clásicos
772,Ensayo
773,Clásicos
773,Ficción
774,Ciencia ficción
774,Juvenil
775,Memorias
775,Música
776,Arte
776,No ficción
777,Romántica
777,Ficción
778,Clásicos
778,Ficción
779,Ficción
780,Cómic y novela gráfica
781,Ciencia ficción
781,Juvenil
782,Clásicos
782,Ficción
783,Fantasía
783,Juvenil
784,Ficción
785,Thriller
786,Poesía
786,Infantil
787,No ficción
788,Ficción
789,Ciencia ficción
789,Clásicos
790,Autoayuda
790,Religión y espiritualidad
791,Ficción
792,Clásicos
792,Infantil
793,Infantil
793,Aventura
794,Terror
794,Thriller
795,Ficción
796,Romántica
796,Ficción
797,Religión y espiritualidad
798,Infantil
799,Terror
799,Ciencia ficción
800,Biografía
800,Memorias
801,Ficción
802,Ficción histórica
802,Terror
803,Cómic y novela gráfica
803,Juvenil
804,Clásicos
804,Ficción
805,Fantasía
805,Juvenil
806,Fantasía
806,Terror
807,Ciencia ficción
807,Ficción
808,Infantil
808,Aventura
809,Clásicos
809,Ciencia ficción
810,Cómic y novela gráfica
810,Juvenil
811,Thriller
811,Misterio
812,Romántica
812,Juvenil
813,Romántica
813,Ficción
814,Fantasía
814,Juvenil
815,Thriller
815,Ficción
816,Ficción histórica
817,Fantasía
817,Juvenil
818,Terror
818,Ciencia ficción
819,Clásicos
819,Ensayo
820,Ficción
821,Romántica
822,Ficción
823,Misterio
824,Clásicos
824,Ficción
825,Ficción histórica
826,Clásicos
826,Infantil
827,Romántica
827,Juvenil
828,Cómic y novela gráfica
828,Memorias
829,Clásicos
829,Romántica
853,Juvenil
853,Ficción
830,Juvenil
830,Romántica
831,Juvenil
831,Ficción
832,Thriller
832,Romántica
833,Thriller
834,Romántica
834,Juvenil
835,Cómic y novela gráfica
835,Juvenil
836,Ficción
837,Juvenil
837,Ficción
838,Ciencia ficción
839,Clásicos
839,Ficción
840,Ficción histórica
840,Aventura
841,Romántica
841,Fantasía
842,Fantasía
842,Romántica
843,Romántica
844,Infantil
845,Cómic y novela gráfica
845,Juvenil
846,Clásicos
846,Ciencia ficción
847,Ficción
847,Misterio
848,Ficción
849,Juvenil
849,Ficción
850,Misterio
850,Ficción
851,Thriller
851,Ficción
852,Memorias
852,Biografía
854,Ficción
855,Clásicos
855,Ficción
856,Ciencia ficción
856,Juvenil
857,Misterio
857,Juvenil
858,Ciencia ficción
859,Fantasía
860,Ficción
861,Romántica
862,Fantasía
863,Infantil
864,Ficción histórica
864,Romántica
865,Terror
866,Thriller
866,Terror
867,Ficción
868,Infantil
868,Aventura
869,Ficción
870,Biografía
870,Historia
871,Fantasía
871,Romántica
872,Clásicos
872,Ficción
873,Infantil
873,Aventura
874,Memorias
875,Fantasía
875,Juvenil
875,Romántica
876,Infantil
877,Fantasía
877,Juvenil
878,Biografía
879,Clásicos
879,Ficción
880,Fantasía
880,Juvenil
881,Psicología
881,No ficción
882,Thriller
883,Ficción
884,Fantasía
884,Juvenil
885,Ficción
886,Ciencia ficción
886,Terror
887,Clásicos
887,Ficción
888,Infantil
889,Fantasía
889,Romántica
890,Ciencia ficción
891,Fantasía
892,Ensayo
892,No ficción
893,Cómic y novela gráfica
893,Fantasía
894,Fantasía
895,Memorias
896,Ficción
896,Thriller
897,Ciencia ficción
898,Terror
898,Fantasía
899,Clásicos
899,Ficción
900,Ciencia
900,No ficción
901,Ficción histórica
902,Misterio
902,Thriller
903,Ciencia ficción
904,Romántica
905,Infantil
906,Ficción
907,Romántica
908,Ficción
908,Thriller
909,Fantasía
909,Juvenil
910,Ciencia ficción
911,Terror
912,Misterio
913,Cocina
914,Ciencia ficción
915,Terror
916,Memorias
916,No ficción
917,Fantasía
918,Fantasía
918,Juvenil
919,Ficción
920,Autoayuda
921,Juvenil
921,Ficción
922,Misterio
922,Thriller
923,Fantasía
923,Juvenil
924,Ficción
925,Ficción histórica
926,Thriller
927,Juvenil
927,Ficción
928,Fantasía
928,Juvenil
929,Ciencia ficción
929,Terror
930,Ficción
931,Memorias
932,Negocios
933,Fantasía
933,Juvenil
934,Clásicos
934,Ficción
935,Clásicos
935,Aventura
936,Fantasía
936,Terror
937,Fantasía
937,Juvenil
938,Romántica
939,Misterio
939,Thriller
940,Romántica
940,Ficción
941,Ficción
942,Romántica
943,Ensayo
944,Terror
945,Fantasía
945,Juvenil
945,Romántica
946,Ciencia ficción
946,Juvenil
947,Ciencia ficción
947,Juvenil
948,Ficción
949,Fantasía
950,Juvenil
950,Ficción
951,Ficción
952,Romántica
953,Fantasía
953,Terror
954,No ficción
955,Romántica
956,Biografía
956,Ciencia
957,Fantasía
957,Juvenil
957,Romántica
958,Clásicos
958,Juvenil
959,Clásicos
959,Ficción
960,Fantasía
961,Clásicos
961,Ficción
962,Romántica
962,Juvenil
963,Thriller
964,Fantasía
964,Clásicos
965,Romántica
966,Thriller
967,Terror
968,Biografía
968,Historia
969,Ensayo
969,No ficción
970,Ciencia ficción
970,Juvenil
971,Infantil
1017,Ficción histórica
1017,Romántica
972,Clásicos
972,Aventura
972,Ciencia ficción
973,Autoayuda
973,Memorias
974,Ciencia ficción
975,No ficción
975,Historia
976,Infantil
976,Música
977,Clásicos
977,Poesía
978,Fantasía
978,Romántica
979,Ficción
979,Misterio
980,Fantasía
981,Fantasía
981,Juvenil
982,Ficción histórica
982,Misterio
983,Ensayo
983,Memorias
984,Clásicos
984,Poesía
985,No ficción
985,Negocios
986,Terror
987,Fantasía
987,Juvenil
988,Fantasía
989,Thriller
990,Negocios
991,Romántica
992,Fantasía
992,Romántica
992,Juvenil
993,Ficción
1018,Fantasía
994,Memorias
995,Misterio
995,Juvenil
996,Misterio
997,Clásicos
997,Aventura
998,Infantil
999,Infantil
1000,Fantasía
1000,Juvenil
1001,Ficción
1002,Ciencia ficción
1002,Juvenil
1004,Romántica
1004,Juvenil
1005,Ficción
1006,Biografía
1006,Memorias
1007,Memorias
1008,Ciencia ficción
1008,Juvenil
1009,Ficción
1010,Cómic y novela gráfica
1011,Ficción histórica
1012,Misterio
1012,Ficción
1013,Cocina
1014,Ciencia ficción
1015,Clásicos
1015,Ficción
1016,Thriller
1016,Misterio
1019,Ciencia ficción
1020,Infantil
1020,Fantasía
1021,No ficción
1021,Ensayo
1022,Fantasía
1022,Juvenil
1023,Fantasía
1024,Misterio
1024,Ficción histórica
1025,Religión y espiritualidad
1025,Memorias
1026,Ficción histórica
1026,Romántica
1027,Fantasía
1027,Juvenil
1028,Ficción
1029,Cómic y novela gráfica
1029,Ciencia ficción
1030,Ficción
1030,Deportes
1031,Memorias
1032,Fantasía
1032,Juvenil
1033,Infantil
1033,Aventura
1034,Fantasía
1035,Biografía
1035,Ciencia
1036,Romántica
1037,Thriller
1038,Ficción histórica
1038,Juvenil
1039,Terror
1039,Ficción
1040,Ensayo
1132,Terror
1041,Clásicos
1041,Ficción
1042,Misterio
1042,Ciencia ficción
1043,Infantil
1044,Memorias
1045,Ciencia ficción
1045,Juvenil
1046,No ficción
1046,Ensayo
1048,No ficción
1049,Fantasía
1050,Ciencia ficción
1050,Juvenil
1051,Ficción histórica
1052,Ficción
1053,Fantasía
1053,Terror
1054,Ciencia ficción
1054,Juvenil
1055,Ficción
1056,Terror
1056,No ficción
1057,Thriller
1058,Misterio
1058,Clásicos
1059,Ciencia ficción
1059,Juvenil
1060,No ficción
1060,Ensayo
1061,Ficción histórica
1061,Juvenil
1062,Romántica
1062,Juvenil
1063,Romántica
1064,Clásicos
1064,Misterio
1065,Misterio
1065,Thriller
1066,Romántica
1066,Juvenil
1067,Misterio
1067,Ficción
1068,Memorias
1068,Biografía
1069,Ensayo
1069,No ficción
1070,Fantasía
1070,Romántica
1071,Fantasía
1072,Romántica
1072,Ficción
1073,Clásicos
1073,Ficción
1074,Ciencia ficción
1075,Terror
1075,Thriller
1076,Ficción
1077,Cómic y novela gráfica
1077,Fantasía
1078,Autoayuda
1078,Negocios
1079,Ficción
1079,Religión y espiritualidad
1080,Romántica
1080,Juvenil
1081,Ficción histórica
1082,Ficción
1083,Memorias
1083,No ficción
1084,Clásicos
1084,Ficción
1085,Ficción
1086,Fantasía
1086,Misterio
1087,Ficción
1087,Juvenil
1088,Clásicos
1088,Ficción
1089,Fantasía
1090,Terror
1090,Ficción
1091,Misterio
1091,Thriller
1092,Thriller
1092,Ficción
1093,Fantasía
1093,Juvenil
1094,Clásicos
1094,Ficción
1095,Ciencia ficción
1095,Juvenil
1096,Ensayo
1096,No ficción
1097,Memorias
1097,Religión y espiritualidad
1098,Romántica
1099,Religión y espiritualidad
1099,Clásicos
1100,Ficción
1101,Ficción
1101,Thriller
1102,Memorias
1103,Romántica
1103,Ficción
1104,Romántica
1105,Ciencia ficción
1106,Religión y espiritualidad
1106,Ficción
1107,Ficción
1108,Infantil
1108,Clásicos
1133,Ficción histórica
1109,No ficción
1110,Romántica
1111,Romántica
1111,Ficción
1112,Clásicos
1112,Juvenil
1113,Clásicos
1113,Ensayo
1114,Clásicos
1114,Ficción
1115,Memorias
1116,Fantasía
1117,Ciencia ficción
1117,Aventura
1118,Ciencia ficción
1118,Juvenil
1119,Fantasía
1120,Clásicos
1120,Infantil
1121,Ficción
1121,Ficción histórica
1122,Fantasía
1122,Juvenil
1122,Romántica
1123,Terror
1124,Ficción
1124,Terror
1125,Ficción
1125,Romántica
1126,Cómic y novela gráfica
1126,Fantasía
1126,Juvenil
1127,Fantasía
1128,Ciencia ficción
1128,Fantasía
1129,No ficción
1129,Historia
1130,Romántica
1131,Ficción
1134,Romántica
1135,Clásicos
1135,Ficción
1136,Ficción
1137,Fantasía
1137,Juvenil
1137,Aventura
1138,Thriller
1139,Terror
1139,Ciencia ficción
1140,Fantasía
1140,Juvenil
1141,Autoayuda
1141,Arte
1142,Ciencia ficción
1142,Thriller
1143,Romántica
1144,Ficción
1145,Ficción
1146,No ficción
1146,Arte
1147,Fantasía
1147,Juvenil
1147,Romántica
1148,No ficción
1148,Psicología
1149,Ficción
1150,Thriller
1151,Misterio
1152,Ficción
1153,Ficción
1153,Fantasía
1154,Deportes
1154,No ficción
1155,Fantasía
1155,Juvenil
1156,No ficción
1226,Misterio
1157,Negocios
1158,Ficción histórica
1159,Ficción histórica
1160,Misterio
1160,Clásicos
1161,Clásicos
1161,Ficción
1162,No ficción
1163,Infantil
1163,Aventura
1164,Ficción
1164,Fantasía
1165,Romántica
1165,Juvenil
1166,Infantil
1166,Ficción
1167,Clásicos
1167,Poesía
1168,Autoayuda
1169,Ciencia ficción
1169,Juvenil
1169,Romántica
1170,Ciencia ficción
1170,Juvenil
1170,Romántica
1171,Ficción histórica
1172,Fantasía
1172,Juvenil
1172,Aventura
1173,Thriller
1173,Misterio
1174,Ficción
1175,Fantasía
1175,Juvenil
1176,Thriller
1176,Misterio
1177,Ciencia ficción
1177,Romántica
1178,Clásicos
1178,Aventura
1179,Ciencia ficción
1180,Ficción
1180,Ficción histórica
1181,Misterio
1182,Misterio
1182,Terror
1183,Cómic y novela gráfica
1183,Ciencia ficción
1184,Clásicos
1184,Ficción
1185,Ficción histórica
1186,Clásicos
1186,Ficción
1187,Ficción
1188,Negocios
1188,Autoayuda
1189,Autoayuda
1190,Ficción histórica
1191,Ciencia ficción
1192,Ficción histórica
1192,Juvenil
1193,Infantil
1193,Ficción
1194,Infantil
1194,Ficción
1195,Ficción
1196,Ciencia ficción
1196,Juvenil
1197,Ciencia ficción
1197,Juvenil
1198,Ficción
1199,Cómic y novela gráfica
1199,Ciencia ficción
1200,Fantasía
1201,Fantasía
1201,Romántica
1202,Ficción
1203,Juvenil
1203,Ficción
1204,Clásicos
1204,Ciencia ficción
1205,Ficción
1205,Ciencia ficción
1206,Ficción
1206,Romántica
1207,Clásicos
1207,Aventura
1209,Romántica
1210,Clásicos
1210,Juvenil
1211,Infantil
1212,Ficción
1213,Ciencia ficción
1214,Clásicos
1214,Ficción
1215,Juvenil
1215,Ficción
1216,Ficción histórica
1217,Terror
1217,Fantasía
1218,Thriller
1218,Religión y espiritualidad
1219,Romántica
1219,Juvenil
1220,Ficción
1221,Ficción
1222,Infantil
1222,Aventura
1223,Ciencia ficción
1224,Ciencia
1225,Infantil
1225,Aventura
1227,Fantasía
1227,Juvenil
1228,Fantasía
1229,Infantil
1230,Fantasía
1231,Ficción histórica
1231,Romántica
1232,Misterio
1233,Infantil
1233,Aventura
1234,Psicología
1234,No ficción
1235,Ciencia
1236,Terror
1237,Ficción
1238,Ficción
1238,Biografía
1239,Clásicos
1239,Ficción
1240,Misterio
1240,Clásicos
1241,Historia
1241,No ficción
1242,Ficción
1243,Fantasía
1243,Juvenil
1244,Juvenil
1244,Ficción
1245,Thriller
1246,Fantasía
1247,Terror
1248,Fantasía
1248,Terror
1249,Fantasía
1250,Clásicos
1250,Ficción
1251,Fantasía
1251,Juvenil
1252,No ficción
1253,Infantil
1253,Fantasía
1254,Fantasía
1255,Ficción
1256,Ficción histórica
1257,Fantasía
1257,Romántica
1258,Infantil
1259,Fantasía
1259,Juvenil
1260,Thriller
1261,Fantasía
1262,Ciencia ficción
1263,Ciencia ficción
1264,Fantasía
1264,Juvenil
1265,Cómic y novela gráfica
1265,Memorias
1266,Infantil
1267,Misterio
1267,Ficción
1268,Ficción
1268,Romántica
1269,No ficción
1269,Ciencia
1270,Ficción
1271,Ficción histórica
1272,Ensayo
1272,No ficción
1273,Fantasía
1273,Misterio
1274,Infantil
1274,Poesía
1275,Ficción histórica
1275,Romántica
1276,Fantasía
1276,Juvenil
1277,Religión y espiritualidad
1277,No ficción
1278,Fantasía
1279,Juvenil
1279,Aventura
1280,Clásicos
1280,Poesía
1281,Ficción
1282,Ficción
1283,Ficción
1283,Ensayo
1284,Juvenil
1284,Romántica
1285,Juvenil
1285,Romántica
1286,Fantasía
1286,Juvenil
1287,Infantil
1288,Ciencia ficción
1288,Terror
1289,Juvenil
1289,Aventura
1290,Ciencia ficción
1290,Juvenil
1291,Romántica
1291,Fantasía
1292,Terror
1293,Juvenil
1293,Misterio
1294,Ensayo
1294,Religión y espiritualidad
1295,Romántica
1295,Juvenil
1296,Thriller
1296,Ciencia ficción
1297,Juvenil
1297,Romántica
1298,Fantasía
1298,Juvenil
1299,Ficción
1300,Ficción histórica
1301,Thriller
1302,Ciencia ficción
1302,Juvenil
1303,Psicología
1303,Autoayuda
1304,Fantasía
1304,Misterio
1305,Infantil
1305,Misterio
1306,Thriller
1306,Misterio
1307,Memorias
1307,Ensayo
1308,Fantasía
1308,Juvenil
1309,Biografía
1309,Música
1310,Ficción
1311,Ficción
1311,Misterio
1312,Ficción
1313,Historia
1313,No ficción
1314,Ciencia
1314,No ficción
1315,Cómic y novela gráfica
1315,Memorias
1316,Ficción
1317,Ficción
1317,Misterio
1318,Ficción
1319,Ficción
1319,Aventura
1320,Clásicos
1320,Misterio
1321,Cómic y novela gráfica
1321,Aventura
1322,Fantasía
1323,Fantasía
1323,Juvenil
1324,Ficción histórica
1324,Juvenil
1325,Misterio
1325,Thriller
1326,Historia
1326,No ficción
1327,Clásicos
1327,Infantil
1328,Thriller
1329,Poesía
1330,Autoayuda
1331,Ficción
1332,Ciencia ficción
1333,Biografía
1334,Ficción
1335,Fantasía
1335,Romántica
1336,Romántica
1336,Fantasía
1337,Fantasía
1338,Religión y espiritualidad
1339,Terror
1340,Fantasía
1341,Ciencia ficción
1342,Fantasía
1343,Fantasía
1344,Ensayo
1344,No ficción
1345,Thriller
1345,Misterio
1346,Fantasía
1347,Terror
1348,Infantil
1349,Deportes
1349,No ficción
1350,Fantasía
1350,Juvenil
1351,Ciencia ficción
1351,Juvenil
1352,Cómic y novela gráfica
1353,Ciencia ficción
1353,Juvenil
1354,Clásicos
1354,Terror
1355,No ficción
1355,Juvenil
1356,Fantasía
1357,Clásicos
1357,Religión y espiritualidad
1358,Thriller
1359,Fantasía
1359,Juvenil
1360,Terror
1361,Ficción histórica
1361,Misterio
1362,Fantasía
1363,Fantasía
1364,Clásicos
1364,Ficción
2485,Terror
2485,Ciencia ficción
1365,Clásicos
1365,Ficción
1366,Ciencia ficción
1366,Juvenil
1367,Fantasía
1367,Clásicos
1368,Fantasía
1368,Ficción
1369,Ficción histórica
1369,Infantil
1370,Cómic y novela gráfica
1370,Memorias
1371,Psicología
1371,No ficción
1372,Thriller
1372,Ficción
1373,Fantasía
1373,Infantil
1374,Fantasía
1375,Ficción
1375,Juvenil
1376,Infantil
1376,Ficción
1377,Misterio
1377,Ficción
1378,Historia
1378,No ficción
1379,Misterio
1379,Thriller
1380,Cómic y novela gráfica
1380,Historia
1381,Ciencia ficción
1381,Misterio
1382,Cómic y novela gráfica
1382,Terror
1383,Infantil
1383,Ficción
1384,Autoayuda
1384,Religión y espiritualidad
1385,Fantasía
1385,Ficción
1386,Ficción
1387,Fantasía
1387,Juvenil
1388,Thriller
1388,Ficción
1389,Ficción
1389,Terror
1390,Misterio
1390,Ficción
1391,Fantasía
1391,Juvenil
1392,Ensayo
1392,No ficción
1393,Clásicos
1393,Ficción
1394,Fantasía
1394,Misterio
1395,Ficción histórica
1395,Misterio
1396,Fantasía
1397,Fantasía
1397,Juvenil
1398,Ciencia ficción
1398,Juvenil
1399,Fantasía
1399,Juvenil
1400,Fantasía
1400,Romántica
1401,Autoayuda
1401,Arte
1402,Infantil
1402,Ficción
1403,Terror
1403,Fantasía
1404,Biografía
1404,Historia
1405,Ciencia ficción
1405,Ficción
1406,Ficción histórica
1406,Ficción
1407,Thriller
1407,Ficción
1408,Memorias
1408,Historia
1409,Ficción
1410,Misterio
1410,Clásicos
1412,Fantasía
1413,Ciencia ficción
1413,Juvenil
1414,Romántica
1414,Ficción
1415,Negocios
1415,No ficción
1416,Fantasía
1416,Juvenil
1417,Ficción
1417,Romántica
1418,Fantasía
1419,Cómic y novela gráfica
1419,Terror
1420,Historia
1420,No ficción
1421,Ficción
1422,Cómic y novela gráfica
1422,Aventura
1423,Terror
1423,Thriller
1424,Thriller
1425,Fantasía
1425,Juvenil
1426,Ficción
1427,Terror
1428,Infantil
1429,Fantasía
1430,Ficción
1430,Romántica
1431,Fantasía
1431,Juvenil
1432,Ensayo
1432,Historia
1433,Thriller
1433,Misterio
1434,Clásicos
1434,Aventura
1435,Ficción histórica
1436,Ficción
1436,Romántica
1437,Fantasía
1437,Juvenil
1438,Religión y espiritualidad
1439,Ciencia ficción
1440,Memorias
1440,Religión y espiritualidad
1441,Memorias
1441,Cocina
1442,Ficción
1442,Romántica
1443,Fantasía
1443,Ficción
1444,Ficción
1445,Juvenil
1445,Romántica
1446,Psicología
1446,Autoayuda
1447,Infantil
1448,Thriller
1448,Misterio
1449,Viajes
1449,No ficción
1450,Fantasía
1451,Cómic y novela gráfica
1451,Terror
1452,Fantasía
1452,Juvenil
1453,Juvenil
1453,Romántica
1454,Clásicos
1454,Ficción
1455,Ficción
1479,Fantasía
1456,Fantasía
1456,Juvenil
1457,Ficción
1457,Romántica
1458,Ficción histórica
1458,Romántica
1459,Romántica
1460,Viajes
1460,No ficción
1461,Clásicos
1461,Misterio
1462,Ficción
1463,Fantasía
1464,Cómic y novela gráfica
1464,Memorias
1465,Ficción
1466,Biografía
1466,Ficción histórica
1467,Misterio
1467,Ficción histórica
1468,Romántica
1468,Ficción
1469,Infantil
1470,Romántica
1470,Ficción
1471,Ficción
1472,Fantasía
1472,Juvenil
1473,Romántica
1473,Fantasía
1474,Fantasía
1474,Ficción histórica
1475,Ficción
1476,Infantil
1476,Aventura
1477,Clásicos
1477,Ficción
1478,Infantil
1480,Fantasía
1480,Juvenil
1481,Ficción
1482,Ficción histórica
1483,Romántica
1483,Fantasía
1484,Ciencia ficción
1485,Misterio
1485,Thriller
1486,Clásicos
1486,Fantasía
1486,Infantil
1487,Biografía
1487,Historia
1487,Memorias
1488,Infantil
1489,Infantil
1489,Ficción histórica
1490,Thriller
1491,Terror
1492,Poesía
1492,Clásicos
1493,Infantil
1493,Aventura
1494,Memorias
1494,Biografía
1495,No ficción
1496,Fantasía
1497,Infantil
1497,Fantasía
1498,Ficción
1499,Ficción
1500,Ficción
1501,Ficción histórica
1594,Romántica
1594,Ficción
1502,Fantasía
1502,Juvenil
1503,Ficción
1504,Aventura
1504,Juvenil
1505,Ciencia ficción
1505,Juvenil
1506,Ficción
1507,Autoayuda
1508,Thriller
1508,Misterio
1509,Clásicos
1509,Ficción
1510,Cómic y novela gráfica
1510,Fantasía
1511,Fantasía
1512,Memorias
1512,Historia
1512,Biografía
1513,Romántica
1513,Fantasía
1514,Historia
1514,No ficción
1515,Memorias
1515,Biografía
1516,Ensayo
1516,No ficción
1517,Ciencia ficción
1517,Terror
1518,Clásicos
1518,Ficción histórica
1519,Ciencia ficción
1520,Ciencia ficción
1520,Clásicos
1521,Clásicos
1521,Poesía
1523,Ciencia ficción
1523,Juvenil
1524,Memorias
1525,Fantasía
1526,Clásicos
1526,Ficción histórica
1527,Ciencia
1527,No ficción
1528,Fantasía
1529,Ficción
1530,Ciencia ficción
1530,Juvenil
1531,Fantasía
1531,Juvenil
1532,Ficción
1533,Fantasía
1533,Terror
1534,Thriller
1535,Ciencia ficción
1535,Juvenil
1536,Fantasía
1537,Ficción histórica
1538,Ficción
1539,Ficción histórica
1540,Fantasía
1540,Juvenil
1541,Fantasía
1541,Juvenil
1542,Romántica
1543,Thriller
1544,Ficción
1545,Infantil
1545,Clásicos
1546,Fantasía
1547,Ficción
1548,Infantil
1549,Misterio
1549,Juvenil
1550,Misterio
1550,Juvenil
1551,Thriller
1552,Ficción histórica
1553,Fantasía
1553,Misterio
1554,Fantasía
1554,Juvenil
1555,Ciencia ficción
1555,Clásicos
1556,Ciencia ficción
1556,Juvenil
1557,No ficción
1557,Biografía
1558,Juvenil
1558,Ficción
1559,Fantasía
1559,Juvenil
1560,Fantasía
1560,Juvenil
1561,Clásicos
1561,Ficción histórica
1562,Romántica
1563,Thriller
1563,Ciencia ficción
1564,Thriller
1565,Misterio
1565,Ficción histórica
1566,Clásicos
1566,Ficción
1567,Ficción
1568,Romántica
1568,Ficción
1569,Clásicos
1569,Ficción
1570,No ficción
1570,Memorias
1571,Ficción
1571,Clásicos
1572,Cómic y novela gráfica
1572,Fantasía
1573,Ficción
1574,Ciencia ficción
1574,Clásicos
1575,Romántica
1575,Juvenil
1576,Terror
1577,No ficción
1577,Ensayo
1578,Thriller
1578,Terror
1579,Memorias
1579,No ficción
1580,Clásicos
1580,Ficción
1581,Ficción histórica
1582,Ficción
1582,Clásicos
1583,Romántica
1583,Juvenil
1584,Clásicos
1584,Ficción
1585,Fantasía
1585,Romántica
1585,Juvenil
1586,Ficción
1586,Aventura
1587,Ficción
1588,Fantasía
1588,Misterio
1589,Terror
1590,Infantil
1591,Fantasía
1592,Thriller
1593,Fantasía
1595,Biografía
1595,Memorias
1596,Thriller
1596,Ficción
1597,Ficción histórica
1598,Misterio
1598,Clásicos
1599,Ficción
1600,Thriller
1601,Psicología
1601,No ficción
1602,Fantasía
1603,Infantil
1604,Juvenil
1604,Ficción
1605,Clásicos
1605,Ficción histórica
1606,Misterio
1607,Thriller
1607,Misterio
1608,Fantasía
1608,Juvenil
1609,No ficción
1610,Ficción histórica
1610,Romántica
1611,Fantasía
1611,Juvenil
1612,Romántica
1613,Memorias
1613,Deportes
1614,Romántica
1614,Juvenil
1615,Biografía
1615,Deportes
1616,Aventura
1616,Juvenil
1686,Fantasía
1617,Thriller
1618,Ficción histórica
1618,Romántica
1619,Fantasía
1619,Romántica
1619,Juvenil
1620,Ciencia ficción
1621,Negocios
1621,Psicología
1622,Clásicos
1622,Ciencia ficción
1623,Cómic y novela gráfica
1624,Clásicos
1624,Ficción
1625,Religión y espiritualidad
1625,Autoayuda
1626,Fantasía
1626,Juvenil
1627,Misterio
1627,Romántica
1628,Ciencia ficción
1629,Fantasía
1630,Fantasía
1631,Clásicos
1631,Misterio
1632,Infantil
1633,Terror
1633,Fantasía
1634,Fantasía
1634,Juvenil
1635,Infantil
1636,Fantasía
1637,Terror
1637,Juvenil
1638,Fantasía
1639,Aventura
1639,Juvenil
1640,Ficción histórica
1640,Thriller
1641,Terror
1641,Fantasía
1642,Ficción
1643,Thriller
1644,Ficción
1645,Ficción
1646,Ciencia ficción
1647,Desconocido
1648,Infantil
1649,Ficción
1650,Clásicos
1650,Aventura
1651,Ciencia ficción
1651,Juvenil
1652,Misterio
1652,Juvenil
1653,Fantasía
1654,Fantasía
1655,Ficción
1656,Memorias
1657,Ficción
1659,Ciencia ficción
1660,Ficción histórica
1661,Ficción
1687,Ciencia ficción
1662,Infantil
1663,Ficción
1664,Ensayo
1665,Fantasía
1666,Clásicos
1666,Poesía
1667,Ficción
1667,Juvenil
1668,Fantasía
1668,Juvenil
1669,Ficción
1669,Juvenil
1670,Biografía
1670,Memorias
1671,Fantasía
1671,Juvenil
1672,Biografía
1672,No ficción
1673,Romántica
1674,Fantasía
1675,Ficción
1676,Ciencia ficción
1677,Ciencia ficción
1677,Thriller
1678,Ciencia ficción
1678,Juvenil
1679,Clásicos
1679,Poesía
1680,Romántica
1681,Clásicos
1681,Ficción
1682,Fantasía
1683,Memorias
1683,Negocios
1684,Autoayuda
1684,Negocios
1688,Ficción
1689,Romántica
1689,Fantasía
1690,Fantasía
1691,Clásicos
1691,Biografía
1691,Memorias
1692,Autoayuda
1693,Fantasía
1694,Misterio
1695,Clásicos
1695,Infantil
1695,Aventura
1696,Fantasía
1696,Juvenil
1697,Religión y espiritualidad
1697,Autoayuda
1698,Cómic y novela gráfica
1698,Fantasía
1699,Misterio
1699,Ficción histórica
1700,Ficción
1701,Memorias
1702,Romántica
1703,Ficción
1704,Ficción
1705,Psicología
1705,No ficción
1706,Clásicos
1706,Terror
1707,Infantil
1707,Misterio
1708,Ficción histórica
1709,Terror
1709,Thriller
1710,Historia
1710,No ficción
1711,Ficción
1712,Misterio
1713,Ficción
1714,Ficción
1715,Terror
1716,Ciencia ficción
1716,Juvenil
1717,Clásicos
1717,Terror
1717,Poesía
1718,Ficción
1718,Juvenil
1719,Terror
1720,Juvenil
1720,Romántica
1721,Religión y espiritualidad
1722,Fantasía
1722,Juvenil
1723,Ficción histórica
1723,Romántica
1724,Fantasía
1724,Juvenil
1725,Clásicos
1725,Fantasía
1725,Infantil
1726,Fantasía
1726,Infantil
1727,Ciencia ficción
1727,Misterio
1728,Fantasía
1729,Ciencia ficción
1730,Ciencia ficción
1731,Fantasía
1732,Misterio
1733,Thriller
1734,No ficción
1734,Historia
1735,Misterio
1735,Romántica
1736,Ciencia ficción
1736,Thriller
1737,Fantasía
1737,Juvenil
1738,Infantil
1738,Ciencia ficción
1739,Ficción
1740,Ficción
1741,Misterio
1742,Infantil
1743,Fantasía
1743,Juvenil
1744,Thriller
1744,Misterio
1745,Ciencia ficción
1745,Juvenil
1746,Thriller
1747,Religión y espiritualidad
1747,Autoayuda
1748,Ficción
1748,Misterio
1749,Ficción
1750,Autoayuda
1751,Romántica
1752,Ficción
1753,Juvenil
1753,Romántica
1754,Fantasía
1754,Juvenil
1755,Thriller
1756,Arte
1757,Ficción histórica
1758,Ficción histórica
1759,Fantasía
1760,Fantasía
1760,Juvenil
1761,No ficción
1761,Ciencia
1762,Ficción
1763,Thriller
1763,Misterio
1764,Fantasía
1764,Juvenil
1765,Infantil
1766,Fantasía
1766,Juvenil
1767,Juvenil
1768,Fantasía
1769,Romántica
1770,Terror
1771,Clásicos
1771,Ficción
1772,Aventura
1772,Juvenil
1773,Romántica
1774,Aventura
1774,Juvenil
1775,Infantil
1776,Romántica
1777,Arte
1777,Ensayo
1778,Biografía
1778,Arte
1779,Fantasía
1780,Fantasía
1780,Juvenil
1781,Infantil
1782,Fantasía
1782,Juvenil
1783,Clásicos
1783,Ficción
1784,Poesía
1784,Clásicos
1785,Clásicos
1785,Ficción
1786,Thriller
1787,Ficción
1788,Cómic y novela gráfica
1789,Ficción
1789,Juvenil
1790,Misterio
1790,Thriller
1791,Romántica
1791,Ficción
1792,Ficción histórica
1793,Ficción
1794,Ficción histórica
1795,Ciencia ficción
1795,Thriller
1796,Ficción
1797,Ficción
1798,Ficción histórica
1799,Fantasía
1799,Juvenil
1800,Ciencia ficción
1801,Fantasía
1802,Thriller
1802,Terror
1803,Fantasía
1803,Juvenil
1804,Ficción
1805,Fantasía
1805,Juvenil
1806,Ficción
1807,Fantasía
1807,Juvenil
1808,Ciencia ficción
1808,Juvenil
1809,Fantasía
1809,Juvenil
1810,Memorias
1810,Autoayuda
1811,Misterio
1811,Romántica
1812,Fantasía
1813,Romántica
1814,Ficción
1815,Biografía
1815,Historia
1816,Ciencia ficción
1817,Aventura
1817,Thriller
1818,Fantasía
1818,Romántica
1819,Ficción
1820,Ciencia ficción
1820,Juvenil
1821,Misterio
1821,Ficción
1822,Ficción
1822,Romántica
1823,Infantil
1824,Misterio
1824,Juvenil
1825,Infantil
1826,Thriller
1826,Misterio
1827,Infantil
1827,Aventura
1828,Cómic y novela gráfica
1828,Fantasía
1829,Terror
1830,Fantasía
1830,Juvenil
1830,Romántica
1831,Thriller
1832,Thriller
1832,Ficción histórica
1833,Ficción histórica
1834,Romántica
1834,Ficción
1835,Ficción
1836,Infantil
1837,Ciencia ficción
1838,Thriller
1839,Memorias
1839,Biografía
1840,Romántica
1840,Fantasía
1841,Romántica
1841,Ficción
1842,Ficción
1842,Thriller
1843,Ficción
1844,Biografía
1844,Música
1845,Ficción histórica
1846,Romántica
1847,Ficción
1847,Religión y espiritualidad
1848,Fantasía
1848,Romántica
1849,Romántica
1849,Juvenil
1850,Fantasía
1850,Juvenil
1851,No ficción
1851,Ciencia
1852,Juvenil
1852,Ficción
1853,Ficción
1854,Ficción histórica
1855,Autoayuda
1855,Religión y espiritualidad
1856,Memorias
1857,Fantasía
1857,Juvenil
1858,Thriller
1858,Misterio
1859,No ficción
1859,Ensayo
1860,Fantasía
1860,Juvenil
1861,Fantasía
1861,Juvenil
1861,Romántica
1862,Ciencia ficción
1863,Fantasía
1863,Juvenil
1864,Thriller
1865,Autoayuda
1866,Ficción
1867,Ficción histórica
1867,Misterio
1868,Terror
1868,Ciencia ficción
1869,Fantasía
1869,Juvenil
1870,Thriller
1871,Thriller
1871,Misterio
1872,Thriller
1872,Misterio
1873,Ciencia ficción
1873,Misterio
1874,Ficción histórica
1875,Infantil
1876,Thriller
1877,No ficción
1878,Clásicos
1878,Terror
1879,Ficción
1880,Fantasía
1881,Ciencia ficción
1882,Thriller
1882,Misterio
1883,Ficción
1884,Música
1884,No ficción
1885,Clásicos
1885,Ficción
1886,Cómic y novela gráfica
1886,Terror
1887,Clásicos
1887,Ficción
1888,No ficción
1888,Ensayo
1889,Fantasía
1890,Fantasía
1890,Juvenil
1891,Fantasía
1891,Romántica
1892,Misterio
1892,Ficción
1893,Romántica
1894,Romántica
1894,Ficción
1895,Cómic y novela gráfica
1895,Fantasía
1896,Clásicos
1896,Infantil
1897,Memorias
1897,Biografía
1898,Ciencia ficción
1899,Ficción
1900,Terror
1901,Fantasía
1901,Romántica
1902,Thriller
1903,Ciencia ficción
1903,Juvenil
1904,Cómic y novela gráfica
1904,Fantasía
1905,Fantasía
1906,Romántica
1906,Juvenil
1907,Clásicos
1907,Aventura
1908,Ficción
1909,Ficción histórica
1910,Clásicos
1910,Fantasía
1911,Misterio
1911,Thriller
1912,Ficción histórica
1913,Ficción
1914,Ciencia ficción
1914,Misterio
1915,Ficción
1916,Infantil
1916,Aventura
1917,Terror
1917,Juvenil
1918,Fantasía
1919,Romántica
1919,Juvenil
1920,Ficción histórica
1921,Infantil
1922,Thriller
1923,Ensayo
1924,Fantasía
1925,Ficción
1925,Terror
1925,Religión y espiritualidad
1926,Negocios
1927,No ficción
1927,Historia
1928,Ficción
1929,Autoayuda
1929,Religión y espiritualidad
1930,Romántica
1930,Fantasía
1932,Romántica
1932,Fantasía
1933,Romántica
1934,Misterio
1934,Thriller
1935,No ficción
1936,Ficción
1937,Ciencia ficción
1937,Clásicos
1938,Infantil
1938,Aventura
1939,Infantil
1940,Ficción
1940,Terror
1941,Thriller
1941,Misterio
1942,Memorias
1942,Biografía
1943,Ficción
1944,Fantasía
1944,Juvenil
1945,Fantasía
1945,Romántica
1946,Fantasía
1946,Romántica
1947,Thriller
1947,Misterio
1948,Fantasía
1948,Juvenil
1949,Clásicos
1949,Ficción
1950,Cómic y novela gráfica
1950,Fantasía
1951,Misterio
1951,Juvenil
1952,Fantasía
1952,Juvenil
1953,Clásicos
1953,Aventura
1953,Ficción histórica
1954,Terror
1954,Clásicos
1955,Ficción
1956,Infantil
1956,Ficción histórica
1957,Ficción
1958,Fantasía
1958,Juvenil
1959,Misterio
1960,Ficción
1961,Ficción histórica
1962,Fantasía
1963,Thriller
1964,Fantasía
1965,Fantasía
1965,Juvenil
1966,Romántica
1966,Fantasía
1967,Clásicos
1967,Ensayo
1968,Infantil
1968,Aventura
1968,Fantasía
1969,No ficción
1969,Historia
1970,Ficción
1971,Fantasía
1971,Juvenil
1972,Thriller
1973,Psicología
1973,No ficción
1974,Terror
1975,Aventura
1975,Infantil
1976,Memorias
1976,Viajes
1977,Aventura
1977,Infantil
1978,Memorias
1979,Fantasía
1979,Romántica
1980,Ciencia ficción
1981,Romántica
1982,Ciencia ficción
1982,Terror
1983,Romántica
1984,Infantil
1985,Ciencia
1985,No ficción
1986,No ficción
1987,Terror
1987,Thriller
1988,Religión y espiritualidad
1988,Biografía
1989,Fantasía
1990,Ficción
1990,Romántica
1991,Ciencia ficción
1992,Autoayuda
1993,Fantasía
1993,Terror
1994,Romántica
1995,Fantasía
1996,Clásicos
1996,Infantil
1997,Ficción histórica
1997,Juvenil
1998,Religión y espiritualidad
1999,Clásicos
1999,Ficción
2000,Ficción
2001,No ficción
2001,Arte
2002,Clásicos
2002,Ficción
2003,Ficción histórica
2003,Biografía
2004,Memorias
2004,Viajes
2005,Ficción histórica
2006,Fantasía
2007,Aventura
2007,Infantil
2008,Fantasía
2008,Juvenil
2009,Terror
2009,Misterio
2010,Memorias
2010,No ficción
2011,Ficción
2012,Thriller
2012,Misterio
2013,Ficción
2014,Thriller
2014,Misterio
2015,Romántica
2016,Thriller
2017,Fantasía
2017,Juvenil
2018,Ficción histórica
2019,Aventura
2019,Infantil
2020,Cocina
2021,Fantasía
2021,Juvenil
2021,Romántica
2022,Arte
2022,Ensayo
2023,Ficción
2024,Clásicos
2024,Ficción
2025,Ficción
2026,Clásicos
2026,Misterio
2027,Ficción
2028,Fantasía
2029,Ficción
2030,Misterio
2030,Thriller
2031,Misterio
2031,Thriller
2032,Infantil
2032,Ficción histórica
2033,Ficción histórica
2034,Fantasía
2034,Terror
2035,Ficción
2036,Autoayuda
2036,Psicología
2037,Ficción
2038,Fantasía
2038,Juvenil
2039,Infantil
2040,Romántica
2040,Juvenil
2041,Terror
2041,Thriller
2042,Memorias
2042,Religión y espiritualidad
2043,Fantasía
2044,Memorias
2044,Religión y espiritualidad
2045,Ciencia ficción
2046,Romántica
2046,Ficción
2047,Ficción histórica
2047,Aventura
2048,Thriller
2048,Misterio
2049,Infantil
2050,Fantasía
2050,Juvenil
2051,Ficción
2052,Clásicos
2053,Clásicos
2053,Ficción
2054,Juvenil
2054,Ficción
2055,Thriller
2055,Misterio
2056,Fantasía
2057,Thriller
2057,Ficción
2058,Ficción
2059,Thriller
2060,Autoayuda
2060,Psicología
2061,Ficción histórica
2062,Ficción histórica
2062,Misterio
2063,Memorias
2063,Viajes
2064,Infantil
2065,Romántica
2065,Ficción
2066,Thriller
2066,Misterio
2067,Ficción histórica
2068,Juvenil
2068,Ficción histórica
2068,Poesía
2069,Romántica
2069,Ficción
2070,Infantil
2071,Ficción histórica
2071,Juvenil
2072,Juvenil
2072,Ficción
2073,Thriller
2073,Ficción
2074,Thriller
2074,Misterio
2075,Romántica
2075,Ficción
2076,Clásicos
2076,Poesía
2077,Ficción histórica
2077,Juvenil
2077,Romántica
2078,Infantil
2079,Ficción
2080,Autoayuda
2081,Fantasía
2081,Ficción
2082,Religión y espiritualidad
2083,Romántica
2083,Fantasía
2084,Ciencia ficción
2085,Ficción histórica
2086,Fantasía
2086,Ficción
2087,Ficción
2088,Ficción
2089,Ficción
2090,Fantasía
2090,Terror
2091,Romántica
2091,Fantasía
2092,Juvenil
2092,Ficción
2093,Cómic y novela gráfica
2093,Terror
2094,Misterio
2094,Ficción
2095,Infantil
2096,Infantil
2097,Clásicos
2097,Ficción
2098,Ficción
2098,Ciencia ficción
2099,Cómic y novela gráfica
2100,Cómic y novela gráfica
2101,Fantasía
2101,Juvenil
2102,Ciencia ficción
2103,Clásicos
2103,Ficción
2104,Romántica
2104,Juvenil
2106,Romántica
2107,Ficción histórica
2108,Arte
2108,Memorias
2109,Fantasía
2109,Ficción
2110,Cómic y novela gráfica
2111,Cómic y novela gráfica
2112,Romántica
2112,Juvenil
2113,Thriller
2113,Misterio
2114,Ficción histórica
2115,No ficción
2115,Historia
2116,Fantasía
2117,No ficción
2117,Aventura
2118,Ciencia ficción
2118,Juvenil
2119,Fantasía
2120,Fantasía
2120,Juvenil
2121,Thriller
2122,Juvenil
2122,Ficción
2123,Infantil
2123,Aventura
2124,Ficción
2125,Fantasía
2125,Juvenil
2126,Fantasía
2126,Romántica
2127,Infantil
2128,Ficción
2129,Cómic y novela gráfica
2130,Fantasía
2130,Juvenil
2131,Clásicos
2131,Ficción
2132,Negocios
2133,Ficción histórica
2134,Fantasía
2134,Juvenil
2135,Thriller
2136,Ficción
2137,Ficción
2138,Misterio
2139,Biografía
2140,Ciencia ficción
2141,Juvenil
2141,Romántica
2142,Clásicos
2142,Poesía
2143,Cómic y novela gráfica
2143,Ciencia ficción
2144,Memorias
2144,Aventura
2145,Ficción histórica
2145,Romántica
2146,Fantasía
2146,Juvenil
2147,Ficción histórica
2148,Juvenil
2148,Ficción
2149,Fantasía
2150,Thriller
2150,Misterio
2151,Cómic y novela gráfica
2151,Ciencia ficción
2152,Juvenil
2152,Misterio
2153,Juvenil
2153,Romántica
2154,Fantasía
2155,Terror
2156,Ciencia ficción
2157,Clásicos
2157,Terror
2158,Clásicos
2158,Ciencia ficción
2159,Romántica
2161,Juvenil
2161,Romántica
2162,Ficción
2163,Autoayuda
2164,Fantasía
2164,Juvenil
2165,Romántica
2165,Ficción
2166,Negocios
2167,Fantasía
2167,Juvenil
2168,Clásicos
2168,Ficción
2169,Thriller
2170,Fantasía
2170,Ficción
2171,Fantasía
2172,Ciencia ficción
2172,Ficción
2173,Memorias
2173,No ficción
2174,Biografía
2174,Historia
2175,Biografía
2175,Historia
2176,Infantil
2176,Poesía
2177,Clásicos
2177,Ficción
2178,Romántica
2178,Juvenil
2179,Fantasía
2179,Romántica
2179,Juvenil
2180,Thriller
2181,Infantil
2182,Fantasía
2182,Juvenil
2183,Romántica
2184,Thriller
2184,Misterio
2185,Romántica
2185,Juvenil
2186,Historia
2186,Biografía
2187,Ciencia ficción
2187,Clásicos
2188,Ficción
2189,Ciencia ficción
2190,Clásicos
2190,Ficción
2191,Arte
2191,Fantasía
2192,Fantasía
2192,Ficción
2193,Ficción
2372,Thriller
2372,Romántica
2194,Fantasía
2194,Juvenil
2195,Fantasía
2195,Juvenil
2196,Ciencia ficción
2197,Clásicos
2197,Ficción
2198,Fantasía
2199,Ficción
2199,Terror
2200,Aventura
2200,Juvenil
2200,Misterio
2201,Fantasía
2201,Romántica
2201,Juvenil
2202,Ficción
2202,Juvenil
2203,Thriller
2204,Ficción
2205,Historia
2205,Ensayo
2206,Memorias
2206,No ficción
2207,Misterio
2207,Thriller
2208,Romántica
2209,Clásicos
2209,Poesía
2210,Ciencia ficción
2211,Misterio
2211,Thriller
2212,Thriller
2213,Thriller
2213,Ciencia ficción
2214,Thriller
2214,Misterio
2215,Infantil
2216,Thriller
2216,Misterio
2217,Fantasía
2217,Romántica
2217,Juvenil
2218,Ciencia ficción
2219,Fantasía
2220,Negocios
2221,Misterio
2221,Thriller
2222,Ficción
2223,Thriller
2223,Ficción histórica
2224,Fantasía
2224,Misterio
2225,Terror
2225,Ciencia ficción
2226,Ciencia
2226,Ensayo
2227,Ficción
2227,Juvenil
2228,Ciencia ficción
2228,Clásicos
2229,Memorias
2229,Psicología
2230,Fantasía
2230,Juvenil
2231,Música
2231,Ciencia
2232,Ficción
2233,Memorias
2234,Ficción
2235,Misterio
2235,Clásicos
2236,Religión y espiritualidad
2237,Romántica
2237,Fantasía
2238,Romántica
2238,Ficción histórica
2239,Fantasía
4146,Ficción histórica
2240,Clásicos
2240,Ficción
2241,Ciencia ficción
2241,Thriller
2242,Thriller
2243,Thriller
2244,Cómic y novela gráfica
2244,Ciencia ficción
2245,Thriller
2246,Negocios
2246,No ficción
2247,Memorias
2248,Biografía
2248,Historia
2249,Thriller
2250,Memorias
2252,Memorias
2253,Historia
2254,Ciencia ficción
2254,Juvenil
2255,Memorias
2255,Psicología
2256,Religión y espiritualidad
2257,Clásicos
2257,Ficción
2258,Fantasía
2259,Ficción
2259,Misterio
2260,Infantil
2261,Misterio
2261,Thriller
2262,Fantasía
2263,Biografía
2263,Religión y espiritualidad
2264,Misterio
2265,Ciencia ficción
2265,Juvenil
2266,Religión y espiritualidad
2267,Fantasía
2267,Juvenil
2268,Misterio
2268,Ficción histórica
2269,Fantasía
2270,Ficción
2270,Juvenil
2271,Fantasía
2272,Thriller
2272,Misterio
2273,Thriller
2273,Terror
2274,Ficción
2275,Fantasía
2275,Romántica
2276,Romántica
2277,Thriller
2277,Misterio
2278,Juvenil
2278,Ficción
2279,Viajes
2279,No ficción
2280,Juvenil
2280,Romántica
2281,Ficción
2282,Ciencia ficción
2282,Juvenil
2282,Aventura
2283,Fantasía
2283,Juvenil
2283,Romántica
2284,Ficción
2285,Fantasía
2286,Clásicos
2286,Ficción
2287,Fantasía
2287,Romántica
2288,Memorias
2289,Fantasía
2289,Juvenil
2290,Ensayo
2290,No ficción
2291,Fantasía
2291,Juvenil
2292,Ficción
2293,Fantasía
2293,Juvenil
2294,Ciencia ficción
2294,Juvenil
2295,Historia
2295,Ciencia
2295,Biografía
2296,Thriller
2296,Misterio
2297,Clásicos
2297,Poesía
2298,Historia
2298,Ensayo
2299,Fantasía
2300,Cómic y novela gráfica
2300,Terror
2301,Ciencia ficción
2301,Juvenil
2302,Ficción histórica
2302,Romántica
2303,Fantasía
2303,Misterio
2304,Clásicos
2304,Ficción
2305,Biografía
2305,Memorias
2306,Fantasía
2307,Ficción
2307,Romántica
2308,Arte
2308,No ficción
2309,Fantasía
2310,Negocios
2310,Autoayuda
2311,Infantil
2311,Aventura
2312,Ciencia ficción
2313,Fantasía
2314,Clásicos
2314,Ficción
2315,Infantil
2315,Aventura
2316,Ficción
2317,Fantasía
2317,Romántica
2318,Negocios
2319,Juvenil
2319,Misterio
2320,Biografía
2320,Música
2320,Memorias
2321,Viajes
2321,No ficción
2322,Ficción histórica
2322,Ficción
2323,Thriller
2323,Misterio
2324,Infantil
2324,Ficción histórica
2325,Ciencia ficción
2326,Infantil
2326,Fantasía
2327,Negocios
2328,Ficción
2328,Memorias
2329,Negocios
2330,Romántica
2331,Romántica
2332,Romántica
2332,Misterio
2333,Romántica
2334,Ficción histórica
2334,Fantasía
2335,Memorias
2336,Religión y espiritualidad
2336,Clásicos
2337,Ficción
2337,Misterio
2338,Juvenil
2338,Ficción histórica
2339,Ficción
2339,Clásicos
2340,Ficción
2341,Fantasía
2341,Terror
2342,Ensayo
2342,Clásicos
2343,Juvenil
2343,Ficción histórica
2344,Ficción
2345,Fantasía
2345,Juvenil
2346,No ficción
2347,Terror
2347,Fantasía
2348,Ficción histórica
2349,Memorias
2349,No ficción
2350,Ficción histórica
2351,Thriller
2351,Misterio
2352,Terror
2353,Cómic y novela gráfica
2353,Fantasía
2354,Thriller
2355,Clásicos
2355,Ficción
2356,Ciencia ficción
2356,Juvenil
2357,Ciencia
2357,No ficción
2358,Fantasía
2358,Juvenil
2359,Ficción
2359,Misterio
2360,Thriller
2360,Misterio
2361,Clásicos
2361,Aventura
2362,Deportes
2362,No ficción
2363,Memorias
2363,No ficción
2364,Romántica
2364,Juvenil
2365,Clásicos
2365,Terror
2366,Clásicos
2366,Poesía
2367,Ficción histórica
2368,Ficción histórica
2369,Fantasía
2369,Juvenil
2370,Cómic y novela gráfica
2370,Clásicos
2371,Memorias
2373,Thriller
2373,Misterio
2374,Ficción
2374,Ficción histórica
2375,Thriller
2375,Misterio
2376,Fantasía
2376,Infantil
2377,Ciencia ficción
2377,Juvenil
2377,Romántica
2378,Ficción
2379,Memorias
2380,Clásicos
2380,Ficción
2381,Ciencia ficción
2381,Juvenil
2381,Aventura
2382,Fantasía
2383,Thriller
2384,Thriller
2384,Misterio
2385,Fantasía
2386,Cómic y novela gráfica
2386,Biografía
2387,Ficción
2388,Negocios
2388,Memorias
2389,Aventura
2389,Juvenil
2389,Thriller
2390,Fantasía
2391,Aventura
2391,Juvenil
2391,Misterio
2392,Fantasía
2392,Juvenil
2393,Thriller
2394,Fantasía
2394,Juvenil
2394,Terror
2395,Misterio
2395,Romántica
2396,Thriller
2396,Misterio
2397,Misterio
2397,Clásicos
2398,Thriller
2398,Misterio
2399,Fantasía
2400,Thriller
2400,Aventura
2401,Thriller
2401,Misterio
2402,Misterio
2402,Juvenil
2403,Clásicos
2403,Ficción
2404,Fantasía
2404,Juvenil
2405,Fantasía
2405,Romántica
2406,Ficción histórica
2407,Fantasía
2408,Romántica
2408,Ficción
2409,Infantil
2410,Fantasía
2410,Juvenil
2410,Romántica
2411,Ficción histórica
2412,Fantasía
2412,Terror
2413,Ficción histórica
2414,Negocios
2415,Infantil
2415,Misterio
2438,Infantil
2416,Fantasía
2417,Fantasía
2417,Juvenil
2418,Thriller
2418,Misterio
2419,Ficción
2420,Fantasía
2420,Juvenil
2421,No ficción
2421,Ciencia
2421,Música
2422,Thriller
2422,Terror
2423,Ficción
2423,Aventura
2424,Fantasía
2425,Biografía
2425,Memorias
2426,Cómic y novela gráfica
2426,Ficción histórica
2427,Aventura
2427,Juvenil
2428,Aventura
2428,Juvenil
2429,Thriller
2430,Misterio
2430,Fantasía
2431,Misterio
2431,Thriller
2432,Romántica
2432,Fantasía
2433,Ficción
2434,Cómic y novela gráfica
2434,Aventura
2435,Romántica
2435,Juvenil
2436,Memorias
2436,Aventura
2437,Romántica
2437,Juvenil
2439,Autoayuda
2439,Religión y espiritualidad
2440,Ficción
2441,No ficción
2441,Historia
2442,Negocios
2443,Romántica
2444,Psicología
2444,Ciencia
2445,Misterio
2445,Ficción histórica
2446,Infantil
2447,Fantasía
2447,Juvenil
2448,Fantasía
2449,Ficción
2450,Romántica
2450,Juvenil
2451,Cómic y novela gráfica
2451,Biografía
2452,Fantasía
2453,Fantasía
2454,Ficción
2454,Juvenil
2455,Memorias
2455,Ensayo
2456,Ficción
2456,Juvenil
2457,Ciencia ficción
2457,Juvenil
2458,Fantasía
2459,Cocina
2460,Cómic y novela gráfica
2460,Fantasía
2461,Fantasía
2462,Ficción
2463,Fantasía
2463,Juvenil
2464,Ficción
2464,Clásicos
2465,Psicología
2465,Ciencia
2466,Poesía
2466,Clásicos
2467,Infantil
2468,Terror
2468,Clásicos
2469,Fantasía
2470,Fantasía
2471,Fantasía
2471,Ficción histórica
2472,Fantasía
2472,Infantil
2473,Religión y espiritualidad
2474,Autoayuda
2474,Negocios
2475,Aventura
2475,Juvenil
2476,Ficción histórica
2476,Romántica
2477,Aventura
2477,Juvenil
2478,Thriller
2478,Misterio
2479,Ficción
2480,Fantasía
2480,Juvenil
2481,Historia
2481,No ficción
2482,Memorias
2482,Biografía
2482,Historia
2483,Romántica
2484,Cómic y novela gráfica
2484,Clásicos
2486,Fantasía
2486,Ficción
2487,Fantasía
2487,Ciencia ficción
2488,Fantasía
2488,Juvenil
2489,Fantasía
2490,Clásicos
2490,Ficción
2491,Ciencia ficción
2492,Biografía
2492,Religión y espiritualidad
2493,Fantasía
2494,Ficción
2494,Terror
2495,Juvenil
2495,Ficción
2496,Ficción
2497,Misterio
2497,Thriller
2498,Historia
2498,No ficción
2499,Clásicos
2499,Ficción
2500,Thriller
2500,Ciencia ficción
2501,Fantasía
2502,Misterio
2503,Ciencia
2503,No ficción
2504,Cómic y novela gráfica
2504,Misterio
2505,Autoayuda
2505,Negocios
2506,Thriller
2506,Aventura
2507,Ficción histórica
2507,Romántica
2508,Ficción
2509,Ciencia ficción
2509,Thriller
2510,Ficción histórica
2511,Romántica
2511,Thriller
2512,Infantil
2513,Terror
2513,Misterio
2514,Cómic y novela gráfica
2514,Fantasía
2515,Thriller
2516,Ciencia ficción
2516,Ficción
2517,Thriller
2518,Fantasía
2519,Thriller
2519,Ciencia ficción
2520,Ficción
2521,Memorias
2521,Religión y espiritualidad
2522,Thriller
2523,Aventura
2523,Infantil
2524,Ficción histórica
2525,Thriller
2526,Cómic y novela gráfica
2527,Fantasía
2528,Romántica
2528,Fantasía
2529,Fantasía
2529,Juvenil
2529,Romántica
2530,Thriller
2530,Misterio
2531,Aventura
2531,Juvenil
2532,Romántica
2532,Juvenil
2533,Fantasía
2533,Juvenil
2533,Romántica
2534,Ficción
2535,Ficción
2536,Ciencia ficción
2537,Cómic y novela gráfica
2537,Juvenil
2538,Ficción
2538,Misterio
2539,Thriller
2540,Cómic y novela gráfica
2540,Juvenil
2541,Infantil
2542,Romántica
2543,Ficción histórica
2544,Clásicos
2545,Romántica
2545,Fantasía
2546,Ficción
2547,Thriller
2547,Misterio
2548,Autoayuda
2549,Fantasía
2549,Misterio
2550,Fantasía
2550,Misterio
2551,Thriller
2551,Misterio
2552,Ciencia ficción
2553,Clásicos
2553,Aventura
2553,Ciencia ficción
2554,Fantasía
2555,Ciencia ficción
2556,Ficción histórica
2556,Infantil
2557,Autoayuda
2557,Psicología
2558,Fantasía
2558,Juvenil
2559,Ficción
2560,Negocios
2561,Ficción
2562,Romántica
2563,Ciencia ficción
2563,Juvenil
2564,Ciencia ficción
2565,Infantil
2566,Autoayuda
2567,Ciencia ficción
2567,Juvenil
2568,Thriller
2568,Misterio
2569,Clásicos
2569,Ciencia ficción
2569,Aventura
2570,Ciencia ficción
2571,Ficción histórica
2571,Infantil
2572,No ficción
2572,Arte
2573,Ficción
2574,Thriller
2574,Misterio
2575,Ficción
6182,Ficción
2576,Romántica
2577,Fantasía
2577,Juvenil
2578,Ficción
2578,Ficción histórica
2579,Memorias
2579,No ficción
2580,Romántica
2581,Ficción
2581,Romántica
2582,Infantil
2583,Ficción
2584,Memorias
2584,Clásicos
2585,Cómic y novela gráfica
2585,Romántica
2586,Ficción
2587,Fantasía
2587,Juvenil
2588,Ciencia ficción
2589,Ficción
2590,Autoayuda
2590,Memorias
2591,Romántica
2591,Fantasía
2592,No ficción
2592,Biografía
2593,Fantasía
2593,Juvenil
2594,Thriller
2595,Thriller
2595,Romántica
2596,Thriller
2596,Misterio
2597,Infantil
7273,Memorias
2598,Ficción histórica
2599,Ciencia ficción
2599,Juvenil
2600,Clásicos
2600,Ficción
2601,Clásicos
2601,Ficción
2602,Thriller
2602,Misterio
2603,Ficción
2603,Romántica
2604,Fantasía
2604,Terror
2605,Fantasía
2605,Terror
2607,Thriller
2608,Fantasía
2608,Juvenil
2609,Fantasía
2609,Misterio
2610,Ficción
2610,Romántica
2611,Fantasía
2611,Juvenil
2612,Ficción
2613,Ensayo
2614,Fantasía
2615,No ficción
2615,Cocina
2616,Ciencia ficción
2617,Thriller
2618,Viajes
2619,Fantasía
2619,Juvenil
2620,Memorias
2620,Infantil
2621,Memorias
2621,Religión y espiritualidad
2622,Thriller
2623,Fantasía
2623,Juvenil
2624,Ciencia ficción
2625,Infantil
2626,Fantasía
2626,Juvenil
2626,Romántica
2627,No ficción
2627,Ensayo
2628,Juvenil
2628,Ficción
2629,Fantasía
2629,Juvenil
2630,Ficción
2631,Fantasía
2632,Ciencia ficción
2633,Ficción
2634,Fantasía
2635,Autoayuda
2636,Historia
2636,Biografía
2637,Ficción
2637,Terror
2638,Autoayuda
2638,Religión y espiritualidad
2639,Thriller
2639,Misterio
2640,Ciencia ficción
2641,Thriller
2642,Fantasía
2642,Juvenil
2643,Memorias
2643,Biografía
2644,Ficción histórica
2645,Fantasía
2646,Ciencia ficción
2647,Historia
2647,No ficción
2648,Infantil
2648,Clásicos
2649,Biografía
2649,Memorias
2650,Biografía
2650,Memorias
2650,Deportes
2651,Historia
2651,No ficción
2652,Memorias
2652,No ficción
2653,Ficción
2654,Fantasía
2655,Cómic y novela gráfica
2655,Ciencia ficción
2656,Cómic y novela gráfica
2656,Romántica
2657,Thriller
2658,Fantasía
2659,Romántica
2659,Ficción
2660,Autoayuda
2661,Ciencia
2661,No ficción
2662,Fantasía
2662,Juvenil
2663,Ficción
2664,Ficción
2665,Romántica
2666,Thriller
2667,Religión y espiritualidad
2667,Autoayuda
2668,Terror
2669,Fantasía
2670,Aventura
2670,Thriller
2671,Ficción
2672,Poesía
2673,Thriller
2674,Ficción
2674,Fantasía
2675,Thriller
2675,Misterio
2676,Ciencia ficción
2677,Fantasía
2678,Cómic y novela gráfica
2678,Ciencia ficción
2679,Ficción
2680,Biografía
2680,Memorias
2681,Religión y espiritualidad
2681,Ensayo
2682,Fantasía
2683,Ficción
2684,Fantasía
2684,Juvenil
2685,Misterio
2685,Juvenil
2686,Negocios
2687,Ciencia ficción
2687,Juvenil
7412,Memorias
2688,Ficción
2688,Romántica
2689,Infantil
2690,Thriller
2691,Ficción
2691,Fantasía
2692,Romántica
2693,Ciencia ficción
2694,Autoayuda
2694,Religión y espiritualidad
2695,Misterio
2695,Juvenil
2696,Infantil
2697,Fantasía
2697,Juvenil
2698,Ficción
2698,Clásicos
2699,Romántica
2700,Ficción histórica
2701,Ficción
2701,Romántica
2702,Memorias
2703,No ficción
2703,Memorias
2704,Ficción
2704,Romántica
2705,Fantasía
2705,Juvenil
2706,Romántica
2707,No ficción
2707,Negocios
2708,Ficción
2709,Clásicos
2709,Ficción
2778,Romántica
2778,Juvenil
2710,Ficción histórica
2711,Ciencia ficción
2711,Juvenil
2712,Fantasía
2712,Juvenil
2713,No ficción
2713,Ensayo
2714,Fantasía
2714,Juvenil
2715,Fantasía
2715,Juvenil
2716,Ficción
2717,Thriller
2718,Fantasía
2719,Fantasía
2719,Juvenil
2720,Biografía
2720,Religión y espiritualidad
2721,Fantasía
2722,Terror
2722,Infantil
2723,Thriller
2724,No ficción
2724,Historia
2725,Ficción
2725,Juvenil
2726,Romántica
2726,Juvenil
2727,Historia
2727,Religión y espiritualidad
2728,Ciencia ficción
2729,Poesía
2730,Thriller
2731,Infantil
2732,Clásicos
2732,Ficción
2733,Misterio
2733,Juvenil
2734,Fantasía
2734,Juvenil
2735,Thriller
2736,Ficción
2737,Thriller
2738,Ficción histórica
2739,Ensayo
2740,Ficción
2741,Infantil
2741,Aventura
2742,Memorias
2743,Cómic y novela gráfica
2743,Fantasía
2744,Cocina
2745,Thriller
2746,Thriller
2747,Ficción
2748,Romántica
2749,Romántica
2750,Infantil
2751,Thriller
2752,Autoayuda
2752,Memorias
2753,Cocina
2779,Romántica
2754,Thriller
2755,Ciencia ficción
2756,Aventura
2756,Juvenil
2757,Ficción histórica
2758,Cómic y novela gráfica
2758,Fantasía
2759,Terror
2759,Juvenil
2760,Cómic y novela gráfica
2760,Aventura
2761,Ciencia ficción
2761,Juvenil
2762,Fantasía
2762,Romántica
2763,Clásicos
2764,Fantasía
2764,Juvenil
2765,Religión y espiritualidad
2765,Ficción
2766,Cómic y novela gráfica
2766,Terror
2767,Cómic y novela gráfica
2767,Ciencia ficción
2768,Thriller
2769,Ficción histórica
2769,Biografía
2770,Ensayo
2770,Memorias
2771,Ficción
2772,Ficción histórica
2773,Misterio
2773,Thriller
2774,Thriller
2775,Ficción
2776,Romántica
2777,Memorias
2777,No ficción
2780,Fantasía
2780,Juvenil
2780,Aventura
2781,Religión y espiritualidad
2781,Memorias
2782,Cómic y novela gráfica
2782,Ciencia ficción
2783,Fantasía
2783,Juvenil
2784,Biografía
2784,Memorias
2785,Fantasía
2785,Juvenil
2786,Infantil
2786,Aventura
2787,Juvenil
2787,Romántica
2788,Biografía
2788,Historia
2789,Thriller
2790,Biografía
2790,Historia
2791,Thriller
2792,Fantasía
2793,Romántica
2793,Ficción
2794,Ensayo
2794,Religión y espiritualidad
2795,Romántica
2796,Ficción histórica
2796,Romántica
2797,Arte
2797,Ensayo
2798,Ficción histórica
2798,Clásicos
2799,Ciencia ficción
2799,Juvenil
2800,Misterio
2801,Romántica
2801,Juvenil
2802,Fantasía
2802,Juvenil
2803,Fantasía
2803,Misterio
2804,Memorias
2804,No ficción
2805,Cómic y novela gráfica
2805,Juvenil
2806,Ficción
2807,Fantasía
2808,Fantasía
2809,Ficción
2809,Clásicos
2810,Ficción
2810,Clásicos
2811,Fantasía
2812,Juvenil
2812,Ficción
2813,Thriller
2814,Fantasía
2814,Juvenil
2815,Ficción
2816,Fantasía
2816,Juvenil
2816,Romántica
2817,Ciencia ficción
2818,Memorias
2818,Poesía
2818,Juvenil
2819,Ciencia ficción
2819,Terror
2820,Ficción
2821,Clásicos
2821,Ficción
2822,Thriller
2822,Misterio
2823,Misterio
2824,Misterio
2824,Ficción histórica
2825,Fantasía
2826,Romántica
2827,Thriller
2828,Fantasía
2829,Misterio
2829,Ficción
2830,Thriller
2831,Historia
2831,No ficción
2832,Ciencia ficción
2833,Ficción
2833,Misterio
2834,Historia
2834,No ficción
2835,Thriller
2836,Aventura
2836,Juvenil
2837,Historia
2837,No ficción
2838,Juvenil
2838,Ficción
2839,Ficción histórica
2839,Romántica
2840,Ficción histórica
2841,Ciencia
2841,No ficción
2842,Thriller
2843,Cómic y novela gráfica
2844,Memorias
2844,Religión y espiritualidad
2845,Ciencia ficción
2845,Juvenil
2846,Clásicos
2846,Ficción
2847,Misterio
2847,Thriller
2848,Ficción histórica
2849,Thriller
2850,Fantasía
2851,Cómic y novela gráfica
2852,Ciencia ficción
2852,Thriller
2853,Ficción
2853,Romántica
2854,Ficción histórica
2854,Clásicos
2855,Negocios
2855,Memorias
2856,Thriller
2856,Ficción
2857,Misterio
2857,Ficción histórica
2858,Romántica
2859,Thriller
2860,Fantasía
2860,Ficción
2861,Aventura
2861,Juvenil
2862,Terror
2862,Thriller
2863,Thriller
2864,Infantil
2865,Infantil
2865,Poesía
2866,Ciencia ficción
2867,Autoayuda
2867,Arte
2868,Fantasía
2868,Juvenil
2869,Ficción
2869,Clásicos
2870,Juvenil
2870,Romántica
2871,Fantasía
2872,Ficción histórica
2873,Ciencia ficción
2874,Romántica
2875,Clásicos
2875,Ficción
2876,Juvenil
2876,Ficción
2877,Infantil
2877,Clásicos
2878,Thriller
2878,Misterio
2879,Infantil
2880,Ciencia ficción
2880,Juvenil
2881,Fantasía
2882,Romántica
2883,Ficción
2884,Ciencia ficción
2884,Juvenil
2885,Memorias
2885,No ficción
2886,Fantasía
2886,Juvenil
2887,Fantasía
2888,Misterio
2888,Thriller
2889,Fantasía
2890,Thriller
2890,Misterio
2891,Aventura
2891,Juvenil
2892,Infantil
2893,Misterio
2893,Thriller
2894,Cómic y novela gráfica
2894,Fantasía
2895,No ficción
2895,Ensayo
2896,Cómic y novela gráfica
2896,Juvenil
2897,No ficción
2897,Historia
2898,Fantasía
2898,Ciencia ficción
2899,Ficción histórica
2900,Ciencia ficción
2902,Ficción
2902,Religión y espiritualidad
2903,No ficción
2903,Religión y espiritualidad
2904,Ciencia ficción
2904,Thriller
2905,Ficción histórica
2906,Memorias
2906,No ficción
2907,Infantil
2908,Juvenil
2908,Romántica
2909,Aventura
2909,Juvenil
2910,Biografía
2910,No ficción
2911,Fantasía
2912,Autoayuda
2912,Religión y espiritualidad
2913,Romántica
2914,Ficción
2914,Misterio
2915,Terror
2916,Ciencia ficción
2916,Juvenil
2917,Historia
2917,No ficción
2918,Ficción histórica
2919,Misterio
2919,Juvenil
2920,Thriller
2921,Poesía
2922,Cómic y novela gráfica
2923,Fantasía
2923,Ficción
2924,Thriller
2924,Misterio
2925,Memorias
2925,Biografía
2926,Ficción
2926,Clásicos
2927,Ficción
2927,Romántica
2928,Autoayuda
2929,Misterio
2929,Juvenil
2930,Fantasía
2930,Ficción
2931,Ciencia ficción
2931,Clásicos
2932,Fantasía
2932,Juvenil
2932,Ficción histórica
2933,Ficción
2933,Juvenil
2934,Psicología
2934,Ensayo
2935,Fantasía
2935,Aventura
2935,Juvenil
2936,Fantasía
2936,Ficción
2937,Cómic y novela gráfica
2937,Fantasía
2938,Ficción
2939,Ficción
2940,Ficción histórica
2940,Romántica
2941,Fantasía
2941,Juvenil
2941,Romántica
2942,Ficción histórica
2942,Aventura
2943,Ficción
2944,Fantasía
2944,Ficción
2945,Ficción
2946,Psicología
2946,Autoayuda
2947,Fantasía
2947,Aventura
2948,Memorias
2948,Biografía
2949,Romántica
2949,Ficción histórica
2950,No ficción
2950,Historia
2951,Fantasía
2951,Juvenil
2952,Clásicos
2952,Ficción
2953,Ciencia ficción
2953,Ficción
2954,Fantasía
2954,Juvenil
2955,Romántica
2955,Fantasía
2956,Fantasía
2956,Juvenil
2957,Memorias
2957,Religión y espiritualidad
2958,Ensayo
2958,Ciencia
2959,Fantasía
2959,Juvenil
2959,Aventura
2960,Poesía
2961,Ficción
2961,Juvenil
2962,Romántica
2962,Juvenil
2963,Religión y espiritualidad
2963,Ensayo
2964,Thriller
2965,Ficción histórica
2965,Aventura
2966,Infantil
2966,Ficción
2967,No ficción
2967,Memorias
2968,Fantasía
2968,Aventura
2968,Juvenil
2969,Ciencia ficción
2969,Misterio
2970,Thriller
2970,Misterio
2971,Fantasía
2971,Romántica
2972,Romántica
2972,Juvenil
2973,Thriller
2974,Ciencia ficción
2974,Juvenil
2974,Aventura
2975,Ensayo
2975,No ficción
2976,Infantil
2977,Ciencia ficción
2978,Fantasía
2979,Terror
2980,Ficción
2980,Juvenil
2981,Thriller
2982,Clásicos
2982,Poesía
2983,Ciencia ficción
2983,Juvenil
2983,Romántica
2984,Fantasía
2984,Juvenil
2985,Infantil
2986,Fantasía
2986,Juvenil
2987,Fantasía
2987,Juvenil
2988,Misterio
2988,Infantil
2989,Thriller
2990,Infantil
2990,Fantasía
2991,Ficción
2992,Infantil
2993,Clásicos
2993,Terror
2994,Ficción
2995,Thriller
2996,Fantasía
2996,Juvenil
2997,Fantasía
2997,Juvenil
2998,Fantasía
2999,Ficción histórica
2999,Romántica
3000,Fantasía
3001,Romántica
3001,Fantasía
3002,Clásicos
3002,Ficción
3003,Ficción
3004,Romántica
3004,Juvenil
3005,Thriller
3006,Ciencia ficción
3007,Ficción histórica
3008,Juvenil
3008,Romántica
3009,Negocios
3010,Misterio
3010,Thriller
3011,Ficción
3012,Ficción
3013,Ciencia ficción
3014,Infantil
3015,Romántica
3015,Juvenil
3016,Ficción
3017,Romántica
3018,Thriller
3018,Misterio
3019,Fantasía
3019,Juvenil
3020,Clásicos
3020,Ficción
3021,Ficción
3022,Clásicos
3022,Poesía
3023,Clásicos
3023,Ficción
3024,No ficción
3024,Viajes
3025,Misterio
3025,Romántica
3026,Autoayuda
3026,Negocios
3027,Ficción
3028,Ficción histórica
3029,Thriller
3030,Fantasía
3030,Juvenil
3031,Fantasía
3031,Juvenil
3032,Fantasía
3032,Juvenil
3033,No ficción
3033,Historia
3034,Ficción
3035,Thriller
3035,Misterio
3036,Ficción
3037,Clásicos
3037,Terror
3038,Ficción
3039,Juvenil
3039,Thriller
3040,Romántica
3040,Juvenil
3041,Arte
3041,No ficción
3042,Ficción
3043,Thriller
3043,Ciencia ficción
3044,Fantasía
3044,Juvenil
3045,Juvenil
3045,Ficción
3046,Cocina
3047,Infantil
3048,Ficción
3048,Ficción histórica
3049,Religión y espiritualidad
3050,Thriller
3051,Infantil
3052,Fantasía
3052,Juvenil
3053,Misterio
3054,Música
3055,Cómic y novela gráfica
3055,Fantasía
3056,Ficción histórica
3058,Thriller
3058,Misterio
3059,Psicología
3059,Autoayuda
3060,Aventura
3060,Juvenil
3061,Religión y espiritualidad
3061,Ensayo
3062,Negocios
3062,Psicología
3063,Fantasía
3063,Juvenil
3064,Ficción
3065,Thriller
3065,Terror
3066,Thriller
3066,Misterio
3067,Ficción
3068,Ficción
3068,Ciencia ficción
3069,Negocios
3069,Ensayo
3070,Ficción histórica
3070,Misterio
3071,Historia
3071,Biografía
3072,Ciencia ficción
3073,Fantasía
3073,Juvenil
3074,No ficción
3074,Religión y espiritualidad
3075,Cómic y novela gráfica
3075,Romántica
3075,Juvenil
3076,Ficción
3076,Ficción histórica
3077,Clásicos
3077,Poesía
3078,Infantil
3079,Clásicos
3079,Ficción
3080,Clásicos
3080,Aventura
3081,Romántica
3082,Cómic y novela gráfica
3082,Fantasía
3083,Fantasía
3083,Romántica
3083,Juvenil
3084,Ciencia ficción
3084,Juvenil
3085,Clásicos
3085,Ficción
3086,Cómic y novela gráfica
3086,Fantasía
3087,Ciencia ficción
3087,Fantasía
3088,Clásicos
3088,Ficción
3089,Aventura
3089,Thriller
3089,Juvenil
3090,Ficción
3091,Ficción histórica
3092,Ficción
3093,Ficción histórica
3094,Infantil
3095,Fantasía
3095,Romántica
3095,Juvenil
3096,Fantasía
3097,Romántica
3097,Thriller
3098,Thriller
3099,Ciencia ficción
3100,Infantil
3101,Clásicos
3101,Poesía
3102,Thriller
3102,Misterio
3103,Ficción
3103,Terror
3104,Biografía
3104,Historia
3105,Fantasía
3105,Romántica
3106,Clásicos
3106,Ficción
3107,Romántica
3108,Thriller
3108,Misterio
3109,Ficción histórica
3109,Aventura
3110,Cómic y novela gráfica
3110,Aventura
3111,Ciencia ficción
3112,Thriller
3112,Misterio
3113,Misterio
3113,Romántica
3114,Infantil
3115,Romántica
3115,Fantasía
3116,Ciencia ficción
3116,Juvenil
3117,Fantasía
3118,Ficción histórica
3119,Memorias
3119,Viajes
3120,Fantasía
3120,Juvenil
3121,Fantasía
3121,Romántica
3121,Juvenil
3122,Ensayo
3122,Autoayuda
3123,No ficción
3123,Negocios
3124,Ficción
3124,Clásicos
3125,Thriller
3126,Ficción
3126,Clásicos
3127,Ficción
3128,Terror
3128,Fantasía
3129,Autoayuda
3129,Negocios
3130,Ficción
3131,Ficción
3131,Thriller
3132,Fantasía
3132,Juvenil
3133,Ciencia ficción
3134,Ficción histórica
3135,Historia
3135,No ficción
3136,Ficción
3137,Fantasía
3138,Ficción
3138,Clásicos
3139,Clásicos
3139,Ficción
3140,Ficción
3140,Religión y espiritualidad
3141,Ficción
3142,Biografía
3142,Historia
3143,Ficción histórica
3143,Romántica
3144,Thriller
3145,Romántica
3146,Ficción
3147,Fantasía
3147,Juvenil
3148,Ficción
3149,Autoayuda
3150,Romántica
3150,Misterio
3151,Infantil
3152,Biografía
3152,Negocios
3153,Romántica
3153,Ficción histórica
3154,Fantasía
3154,Juvenil
3155,Thriller
3156,Ficción
3157,Fantasía
3157,Juvenil
3158,Thriller
3158,Misterio
3159,Cocina
3160,Fantasía
3160,Juvenil
3161,Thriller
3162,Thriller
3163,Thriller
3164,Juvenil
3164,Ficción
3165,Fantasía
3165,Juvenil
3166,Fantasía
3167,Thriller
3168,Romántica
3169,Ficción
3169,Clásicos
3170,Ciencia ficción
3170,Juvenil
3171,Thriller
3171,Misterio
3172,Poesía
3172,Clásicos
3173,Ficción
3174,Fantasía
3175,Terror
3175,Thriller
3176,Fantasía
3176,Juvenil
3177,Fantasía
3177,Juvenil
3178,Ciencia ficción
3178,Thriller
3179,Fantasía
3179,Infantil
3180,Romántica
3180,Ficción
3181,Arte
3181,No ficción
3182,Fantasía
3183,Romántica
3183,Fantasía
3184,Romántica
3184,Ficción
3185,Fantasía
3185,Juvenil
3186,Ficción
3187,Ficción
3188,Fantasía
3189,Romántica
3189,Fantasía
3190,Thriller
3191,Cómic y novela gráfica
3191,Ciencia ficción
3192,Romántica
3193,Misterio
3193,Ficción
3194,Ficción
3195,Ficción
3196,Autoayuda
3197,Misterio
3197,Ficción
3198,Misterio
3198,Thriller
3199,Romántica
3200,Fantasía
3201,Romántica
3201,Fantasía
3202,Ficción
3203,Arte
3203,Fantasía
3204,Ficción
3205,Terror
3206,Ficción histórica
3206,Juvenil
3207,Ciencia
3207,No ficción
3208,Historia
3208,No ficción
3209,Ficción
3210,Clásicos
3210,Ficción
3211,Romántica
3211,Ficción
3212,Clásicos
3212,Ficción
3213,Romántica
3213,Thriller
3214,Thriller
3215,Romántica
3215,Fantasía
3216,Ficción
3217,Ficción histórica
3218,Fantasía
3218,Juvenil
3219,Ficción
3219,Misterio
3220,Fantasía
3220,Juvenil
3221,Fantasía
3221,Infantil
3222,Deportes
3222,No ficción
3223,Thriller
3223,Misterio
3224,Religión y espiritualidad
3225,Biografía
3225,Memorias
3226,Fantasía
3226,Juvenil
3227,No ficción
3227,Ciencia
3228,Ficción histórica
3228,Juvenil
3229,Misterio
3230,Arte
3231,Romántica
3232,Infantil
3233,Juvenil
3234,Infantil
3234,Ficción histórica
3235,Negocios
3236,Ficción
3237,Ficción
3238,Juvenil
3238,Aventura
3239,Ciencia ficción
3239,Thriller
3240,Thriller
3241,Fantasía
3241,Juvenil
3242,Memorias
3242,No ficción
3243,Ciencia ficción
3244,Fantasía
3244,Juvenil
3245,Fantasía
3245,Juvenil
3246,Ciencia ficción
3247,Ciencia ficción
3248,Cómic y novela gráfica
3249,Ciencia ficción
3249,Juvenil
3250,Ficción
3251,Religión y espiritualidad
3251,Ensayo
3252,Clásicos
3252,Aventura
3253,Ficción
3254,Terror
3254,Ficción
3255,Clásicos
3255,Ficción
3256,Religión y espiritualidad
3256,Memorias
3257,Ficción
3258,Romántica
3258,Thriller
3259,Ficción histórica
3260,Fantasía
3260,Juvenil
3261,Memorias
3262,Thriller
3264,Ficción
3264,Aventura
3265,Romántica
3265,Fantasía
3266,Cómic y novela gráfica
3266,Juvenil
3267,Thriller
3267,Ciencia ficción
3268,No ficción
3268,Historia
3269,Terror
3269,Fantasía
3270,Memorias
3270,Ciencia
3271,Fantasía
3271,Juvenil
3272,Ficción
3273,Ficción
3273,Deportes
3274,Infantil
3275,Fantasía
3275,Juvenil
3276,Aventura
3276,Juvenil
3277,Thriller
3278,Fantasía
3279,Infantil
3279,Ciencia
3280,Misterio
3280,Thriller
3281,Fantasía
3281,Juvenil
3282,Cómic y novela gráfica
3282,Fantasía
3283,Juvenil
3283,Ficción
3284,Ficción
3285,Ciencia ficción
3285,Juvenil
3286,Ciencia ficción
3286,Religión y espiritualidad
3287,Cocina
3287,No ficción
3288,Ficción
3289,Fantasía
3289,Juvenil
3289,Romántica
3290,Ficción
3290,Romántica
3291,Fantasía
3292,Misterio
3293,Ficción
3294,Ficción
3295,Fantasía
3296,Ficción
3297,Romántica
3297,Juvenil
3298,Fantasía
3299,Ficción
3300,Ficción
3300,Deportes
3301,Cómic y novela gráfica
3301,Romántica
3302,Fantasía
3302,Ficción histórica
3303,Infantil
3304,Infantil
3305,Negocios
3305,Autoayuda
3306,Clásicos
3306,Infantil
3307,Biografía
3307,Historia
3307,Viajes
3308,Memorias
3308,Ciencia
3309,Fantasía
3310,Ensayo
3310,Arte
3311,Ficción
3312,Thriller
3313,Ficción
3314,Ficción histórica
3314,Ciencia ficción
3315,Memorias
3315,Biografía
3316,Fantasía
3316,Infantil
3317,Fantasía
3318,Ciencia ficción
3318,Juvenil
3319,Fantasía
3319,Juvenil
3320,Ensayo
3320,Arte
3321,Clásicos
3321,Ficción
3322,Ficción histórica
3323,Clásicos
3323,Ficción
3324,Ficción
3325,Fantasía
3326,Fantasía
3326,Juvenil
3327,Ficción
3328,Terror
3328,Juvenil
3329,Ciencia ficción
3330,Fantasía
3331,Religión y espiritualidad
3332,Fantasía
3332,Juvenil
3333,Misterio
3334,Ficción histórica
3335,Psicología
3335,No ficción
3336,Fantasía
3336,Juvenil
3337,Ciencia ficción
3337,Juvenil
3338,Ensayo
3339,Fantasía
3339,Juvenil
3340,Fantasía
3340,Terror
3341,Fantasía
3342,Ensayo
3342,Clásicos
3343,Ficción
3344,Poesía
3344,Clásicos
3345,Juvenil
3345,Romántica
3346,Clásicos
3346,Ficción
3347,Fantasía
3347,Juvenil
3348,Infantil
3349,Memorias
3349,Historia
3350,Fantasía
3350,Juvenil
3351,Clásicos
3351,Aventura
3352,Ficción histórica
3353,Infantil
3354,Ficción histórica
3355,Thriller
3356,Memorias
3357,Thriller
3358,Ciencia ficción
3359,Fantasía
3360,Fantasía
3361,Negocios
3362,Fantasía
3363,Infantil
3364,Clásicos
3365,Misterio
3365,Juvenil
3366,Thriller
3367,Thriller
3368,Cómic y novela gráfica
3368,Terror
3369,Aventura
3369,Juvenil
3370,Fantasía
3370,Infantil
3371,Ciencia ficción
3371,Thriller
3372,Juvenil
3373,Ficción
3374,Terror
3374,Ciencia ficción
3375,Ficción
3375,Terror
3376,Infantil
3377,Clásicos
3377,Ficción
3378,Fantasía
3379,Clásicos
3379,Ficción
3380,Thriller
3380,Misterio
3381,Poesía
3382,Fantasía
3382,Romántica
3383,Ficción
3384,Romántica
3385,No ficción
3385,Negocios
3386,Ficción
3387,Clásicos
3387,Ficción
3388,Clásicos
3388,Ficción
3389,Juvenil
3389,Ficción
3390,Infantil
3390,Ficción histórica
3391,Misterio
3392,Religión y espiritualidad
3393,Fantasía
3394,Thriller
3395,Cómic y novela gráfica
3395,Fantasía
3419,Memorias
3419,Historia
3396,Cómic y novela gráfica
3396,Fantasía
3398,Infantil
3398,Clásicos
3399,Autoayuda
3399,Religión y espiritualidad
3400,Clásicos
3400,Ficción
3401,Romántica
3401,Ficción
3402,Infantil
3402,Clásicos
3403,Ciencia ficción
3404,Clásicos
3404,Historia
3405,Romántica
3406,Ficción histórica
3406,Misterio
3407,Ficción histórica
3408,Fantasía
3409,Ficción
3410,Ficción histórica
3411,Juvenil
3411,Misterio
3412,Ficción
3413,Autoayuda
3413,Negocios
3414,Fantasía
3414,Juvenil
3415,Juvenil
3415,Ficción
3416,Aventura
3416,Ficción histórica
3417,Ficción
3417,Misterio
3418,Juvenil
3418,Ciencia ficción
3420,Fantasía
3420,Juvenil
3421,Biografía
3421,Historia
3422,Romántica
3423,Autoayuda
3423,Negocios
3424,Fantasía
3424,Juvenil
3425,Ficción
3426,Romántica
3427,Ficción histórica
3428,Ficción
3429,Terror
3429,Misterio
3430,Misterio
3430,Juvenil
3431,Thriller
3431,Misterio
3432,Ensayo
3432,Memorias
3433,Ficción
3434,Romántica
3435,Infantil
3435,Fantasía
3436,Cómic y novela gráfica
3437,Romántica
3437,Fantasía
3438,Desconocido
3439,Ficción histórica
3439,Juvenil
3440,Terror
3440,Ciencia ficción
3441,Fantasía
3441,Juvenil
3442,No ficción
3442,Autoayuda
3443,No ficción
3443,Historia
3444,Fantasía
3444,Juvenil
3445,Fantasía
3445,Romántica
3446,Ficción
3447,Poesía
3448,Religión y espiritualidad
3450,Ficción
3450,Misterio
3451,Clásicos
3451,Ensayo
3452,Juvenil
3452,Romántica
3453,Fantasía
3453,Juvenil
3453,Romántica
3454,Romántica
3454,Fantasía
3455,Thriller
3455,Ciencia ficción
3456,Ficción
3457,Clásicos
3457,Poesía
3458,Thriller
3459,Clásicos
3459,Ficción
3460,Clásicos
3460,Infantil
3461,Thriller
3461,Misterio
3463,Fantasía
3464,Ensayo
3464,Psicología
3465,Ficción
3466,Thriller
3466,Misterio
3467,Misterio
3467,Thriller
3468,Ficción
3469,Ciencia ficción
3470,Thriller
3471,Cómic y novela gráfica
3471,Infantil
3472,Clásicos
3472,Ficción
3473,Fantasía
3473,Juvenil
3474,Fantasía
3475,Thriller
3475,Misterio
3476,Memorias
3476,Deportes
3477,Terror
3477,Fantasía
3478,Fantasía
3479,Ficción
3480,Religión y espiritualidad
3481,Ficción
3482,Clásicos
3482,Ficción
3483,Fantasía
3484,Clásicos
3484,Ensayo
3485,Ensayo
3485,Religión y espiritualidad
3486,Fantasía
3486,Juvenil
3486,Romántica
3487,Romántica
3487,Juvenil
3488,Biografía
3488,Historia
3489,Ciencia ficción
3490,Thriller
3536,Fantasía
3536,Juvenil
3491,Memorias
3491,No ficción
3492,Fantasía
3493,Psicología
3493,Religión y espiritualidad
3494,Misterio
3494,Thriller
3495,Negocios
3495,Autoayuda
3496,Fantasía
3496,Romántica
3497,Fantasía
3497,Juvenil
3498,Ficción
3498,Juvenil
3499,Arte
3500,Fantasía
3501,Ficción
3502,Infantil
3502,Aventura
3503,Romántica
3503,Fantasía
3504,Ficción histórica
3505,Clásicos
3505,Ficción
3506,Cómic y novela gráfica
3506,Romántica
3507,Thriller
3507,Misterio
3508,Clásicos
3508,Ficción
3509,Infantil
3510,Fantasía
3510,Romántica
3511,Ficción
3512,Ciencia ficción
3512,Thriller
3513,Terror
3513,Thriller
3514,Fantasía
3514,Romántica
3515,Misterio
3516,Ficción
3517,Misterio
3517,Thriller
3518,Ficción
3518,Juvenil
3519,Clásicos
3519,Ficción
3520,Cómic y novela gráfica
3521,Cómic y novela gráfica
3521,Fantasía
3522,Fantasía
3522,Romántica
3523,Clásicos
3523,Ficción
3524,Fantasía
3524,Ciencia ficción
3525,Memorias
3525,Psicología
3526,Fantasía
3526,Juvenil
3527,Romántica
3527,Fantasía
3528,No ficción
3528,Ensayo
3530,Fantasía
3531,Romántica
3531,Ficción histórica
3532,Fantasía
3533,Ficción
3534,Fantasía
3535,Poesía
3535,Clásicos
3537,Thriller
3538,Ficción
3539,Infantil
3540,Ficción
3541,Ciencia ficción
3542,Autoayuda
3542,Negocios
3543,Historia
3544,Cómic y novela gráfica
3544,Terror
3545,No ficción
3545,Ciencia
3546,Memorias
3546,Cocina
3547,Fantasía
3547,Juvenil
3548,Biografía
3549,Romántica
3550,Ficción
3551,Ciencia ficción
3552,Ensayo
3552,Clásicos
3553,Thriller
3554,Romántica
3555,Memorias
3556,Biografía
3556,Historia
3557,Ficción histórica
3557,Juvenil
3558,Ficción
3558,Juvenil
3559,Misterio
3560,Ficción histórica
3561,Memorias
3562,Fantasía
3562,Infantil
3563,Fantasía
3563,Juvenil
3564,Biografía
3564,Música
3565,Infantil
3566,Ficción
3567,Romántica
3568,Memorias
3569,Ficción
3570,Historia
3571,Romántica
3571,Fantasía
3572,Biografía
3572,Historia
3573,Ciencia ficción
3574,Ficción
3575,Infantil
3576,Romántica
3576,Juvenil
3577,Terror
3577,Juvenil
3578,Fantasía
3579,Ensayo
3579,Memorias
3580,Clásicos
3580,Ficción
3581,Ficción
3582,Religión y espiritualidad
3583,Juvenil
3583,Romántica
3584,Ficción histórica
3584,Aventura
3585,Clásicos
3585,Ficción
3586,Ensayo
3586,No ficción
3587,Ficción
3588,Memorias
3588,Biografía
3589,Juvenil
3589,Romántica
3590,Clásicos
3590,Ficción
3591,Religión y espiritualidad
3592,Juvenil
3592,Fantasía
3593,Juvenil
3593,Fantasía
3594,Clásicos
3594,Misterio
3595,No ficción
3595,Historia
3596,Infantil
3597,Ensayo
3597,No ficción
3598,Memorias
3599,Memorias
3599,Biografía
3600,Ficción
3601,Fantasía
3602,Cómic y novela gráfica
3602,Fantasía
3715,Clásicos
3715,Ficción
3603,Negocios
3603,No ficción
3604,Memorias
3604,Biografía
3604,Historia
3605,Romántica
3606,Cocina
3607,Juvenil
3607,Ciencia ficción
3608,Fantasía
3608,Romántica
3609,Ciencia
3609,No ficción
3610,Ficción
3610,Romántica
3611,Fantasía
3611,Misterio
3612,Misterio
3613,Ficción
3614,Ficción
3614,Religión y espiritualidad
3615,Ficción histórica
3616,Fantasía
3616,Romántica
3617,Juvenil
3617,Fantasía
3618,Memorias
3619,Thriller
3619,Misterio
3621,Misterio
3622,Thriller
3622,Misterio
3623,Thriller
3624,Juvenil
3624,Aventura
3625,Ensayo
3625,Religión y espiritualidad
3626,Juvenil
3626,Ciencia ficción
3627,Juvenil
3627,Fantasía
3628,Cómic y novela gráfica
3629,Cómic y novela gráfica
3630,Ficción histórica
3631,Historia
3631,No ficción
3632,Ciencia ficción
3633,Romántica
3634,Ficción
3634,Romántica
3635,Cómic y novela gráfica
3635,Aventura
3636,Fantasía
3636,Juvenil
3637,Terror
3637,Juvenil
3638,Ficción
3639,Infantil
3639,Aventura
3640,Thriller
3641,Clásicos
3641,Ficción
3642,Clásicos
3642,Ficción
3643,Ficción histórica
3644,Ciencia ficción
3645,Ciencia
3645,Ensayo
3646,Memorias
3646,Cocina
3647,Misterio
3647,Thriller
3648,Fantasía
3648,Juvenil
3649,Romántica
3650,Ensayo
3651,Cómic y novela gráfica
3652,Fantasía
3652,Juvenil
3653,Misterio
3653,Thriller
3654,Fantasía
3654,Ficción
3655,Juvenil
3655,Ficción
3656,Ficción
3657,Juvenil
3657,Ficción
3658,Infantil
3659,Ficción histórica
3659,Aventura
3660,Cómic y novela gráfica
3660,Fantasía
3661,Negocios
3662,Infantil
3663,Fantasía
3663,Juvenil
3664,Aventura
3664,Juvenil
3665,Misterio
3665,Juvenil
3667,Religión y espiritualidad
3667,Historia
3668,Thriller
3668,Aventura
3669,Religión y espiritualidad
3669,Autoayuda
3670,Ciencia ficción
3671,Thriller
3672,Cómic y novela gráfica
3672,Ciencia ficción
3673,Fantasía
3674,Autoayuda
3675,Historia
3675,Biografía
3676,Clásicos
3676,Ficción
3677,Fantasía
3677,Juvenil
3678,Ficción
3679,Cómic y novela gráfica
3680,Thriller
3680,Misterio
3681,Misterio
3682,Historia
3682,No ficción
3683,Ciencia
3683,No ficción
3684,Terror
3685,Biografía
3685,No ficción
3686,Ficción histórica
3687,Fantasía
3687,Juvenil
3688,Thriller
3688,Misterio
3689,Religión y espiritualidad
3690,Thriller
3691,Ficción
3826,Fantasía
3826,Juvenil
3692,Ficción
3693,Thriller
3693,Misterio
3694,Autoayuda
3694,Religión y espiritualidad
3695,Negocios
3695,No ficción
3696,Ciencia
3696,No ficción
3697,Fantasía
3698,Infantil
3698,Poesía
3699,Clásicos
3699,Ficción
3700,Clásicos
3700,Ficción
3701,Romántica
3701,Juvenil
3703,Ficción
3704,Fantasía
3704,Juvenil
3705,Thriller
3705,Misterio
3706,Romántica
3707,Autoayuda
3707,Psicología
3708,Ficción
3709,Thriller
3710,Romántica
3710,Ficción histórica
3711,Ciencia ficción
3711,Juvenil
3712,Fantasía
3712,Infantil
3713,Thriller
3714,Misterio
3714,Juvenil
3716,Cómic y novela gráfica
3716,Terror
3717,Clásicos
3717,Ensayo
3718,Ficción histórica
3718,Juvenil
3719,Clásicos
3719,Ficción
3720,Historia
3720,Ensayo
3721,Juvenil
3721,Ficción
3722,Ficción
3723,Juvenil
3723,Ficción
3724,Ficción histórica
3725,Fantasía
3726,Memorias
3726,No ficción
3727,Fantasía
3727,Thriller
3728,Fantasía
3728,Juvenil
3729,Ficción histórica
3730,Ficción
3731,Fantasía
3731,Juvenil
3732,Romántica
3733,Negocios
3733,Memorias
3734,Arte
3734,Biografía
3735,Terror
3735,Cómic y novela gráfica
3736,No ficción
3737,Ficción histórica
3738,Romántica
3738,Fantasía
3739,Ciencia ficción
3739,Juvenil
3740,Infantil
3741,Thriller
3741,Misterio
3742,Ficción histórica
3742,Juvenil
3743,Infantil
3744,Misterio
3744,Thriller
3745,Thriller
3745,Misterio
3746,Romántica
3746,Ficción histórica
3747,Ficción histórica
3748,Romántica
3749,Fantasía
3749,Juvenil
3750,Thriller
3750,Terror
3751,Memorias
3751,Cocina
3752,Misterio
3753,Fantasía
3753,Juvenil
3754,Ciencia ficción
3755,Clásicos
3755,Ficción
3756,Terror
3757,Thriller
3757,Misterio
3758,Fantasía
3759,Fantasía
3759,Misterio
3939,Arte
3939,Historia
3760,Thriller
3761,Memorias
3761,Música
3762,Infantil
3763,Clásicos
3763,Ficción
3764,Clásicos
3764,Ficción
3765,Ciencia ficción
3765,Cómic y novela gráfica
3766,Ficción
3767,Fantasía
3767,Ficción
3768,Fantasía
3769,Fantasía
3769,Juvenil
3770,Ciencia ficción
3770,Juvenil
3771,Fantasía
3772,Ficción histórica
3773,Terror
3774,Infantil
3775,Fantasía
3776,Ficción histórica
3777,Ciencia ficción
3777,Juvenil
3778,Misterio
3778,Juvenil
3779,Thriller
3780,Ficción histórica
3780,Misterio
3781,Fantasía
3781,Juvenil
3782,Historia
3782,Ciencia
3783,Ciencia ficción
3783,Juvenil
3784,Thriller
3785,Ensayo
3785,Arte
3786,Thriller
3787,Ficción
3788,No ficción
3788,Historia
3789,Ciencia
3791,Ficción histórica
3792,Ficción
3793,Fantasía
3793,Juvenil
3794,Ficción
3795,Ciencia ficción
3795,Clásicos
3796,Juvenil
3796,Ficción
3797,Ficción histórica
3797,Aventura
3798,Fantasía
3799,Clásicos
3799,Terror
3800,Romántica
3801,Thriller
3801,Misterio
3802,Ficción histórica
3803,Thriller
3804,Thriller
3804,Terror
3805,Misterio
3806,Thriller
3806,Terror
3807,Misterio
3807,Thriller
3808,Clásicos
3808,Ficción
3809,Cómic y novela gráfica
3809,Terror
3810,Negocios
3811,Memorias
3812,Ficción
3813,Clásicos
3813,Infantil
3814,Fantasía
3815,Autoayuda
3816,Ciencia ficción
3816,Juvenil
3817,Terror
3817,Clásicos
3818,Fantasía
3818,Ficción histórica
3819,Fantasía
3820,Terror
3820,Clásicos
3821,Religión y espiritualidad
3822,Memorias
3823,Thriller
3824,Thriller
3824,Romántica
3825,Cómic y novela gráfica
3827,Cómic y novela gráfica
3828,Ficción
3829,Thriller
3830,Infantil
3830,Poesía
3831,Memorias
3832,Fantasía
3832,Romántica
3833,Aventura
3833,Clásicos
3834,Ciencia ficción
3834,Fantasía
3835,Memorias
3835,No ficción
3836,Infantil
3836,Fantasía
3837,Ficción
3838,Romántica
3838,Fantasía
3839,Romántica
3839,Fantasía
3840,Arte
3840,No ficción
3841,Thriller
3842,Terror
3842,Fantasía
3842,Juvenil
3843,Thriller
3843,Misterio
3844,Historia
3844,No ficción
3845,Thriller
3846,Fantasía
3846,Juvenil
3847,Ficción
3847,Misterio
7413,Thriller
7413,Romántica
3848,Infantil
3849,Cómic y novela gráfica
3850,Misterio
3851,Thriller
3852,Fantasía
3852,Juvenil
3852,Romántica
3853,Clásicos
3853,Ensayo
3854,Cómic y novela gráfica
3854,Romántica
3855,Romántica
3855,Juvenil
3856,Ficción
3857,Thriller
3857,Ciencia ficción
3858,Fantasía
3859,Romántica
3859,Fantasía
3860,Fantasía
3860,Juvenil
3861,Ficción histórica
3862,Fantasía
3862,Juvenil
3863,Romántica
3864,Cómic y novela gráfica
3864,Ciencia ficción
3864,Juvenil
3865,Romántica
3866,Thriller
3866,Misterio
3867,Ensayo
3867,No ficción
3868,Clásicos
3869,Ficción
3870,Misterio
3870,Thriller
3871,Infantil
3872,Poesía
3873,Romántica
3873,Thriller
3874,Fantasía
3874,Romántica
3875,Fantasía
3875,Romántica
3876,Misterio
3876,Thriller
3877,Ficción
3878,Ficción
3878,Clásicos
3879,Romántica
3879,Juvenil
3880,Romántica
3881,Arte
3882,Negocios
3882,Autoayuda
3883,Ficción
3883,Aventura
3884,Ciencia ficción
3885,Memorias
3885,Biografía
3886,Aventura
3886,Juvenil
3887,Romántica
3887,Ficción histórica
3888,Juvenil
3888,Ficción
3889,Ficción
3890,Religión y espiritualidad
3890,Autoayuda
3891,Ficción
3891,Romántica
3892,Misterio
3892,Thriller
4033,Juvenil
4033,Romántica
3893,Biografía
3894,Ficción
3894,Romántica
3895,Juvenil
3895,Ficción
3896,Memorias
3896,Biografía
3897,Cómic y novela gráfica
3898,Memorias
3898,Historia
3898,Arte
3900,Infantil
3901,Ciencia ficción
3901,Juvenil
3902,Romántica
3902,Fantasía
3903,Clásicos
3903,Ficción
3904,Clásicos
3904,Ficción
3904,Juvenil
3905,Memorias
3906,Thriller
3906,Misterio
3907,Clásicos
3907,Poesía
3908,Romántica
3908,Ficción
3909,Romántica
3909,Ficción histórica
3910,Aventura
3910,Fantasía
3910,Juvenil
3911,Ficción
3912,Ficción
3912,Romántica
3913,Ficción
3914,Ficción histórica
3914,Misterio
3915,Ciencia ficción
3916,Clásicos
3916,Ficción
3917,Cómic y novela gráfica
3917,Terror
3918,Ciencia ficción
3918,Religión y espiritualidad
3919,Juvenil
3919,Ficción
3920,Ficción histórica
3921,Terror
3921,Ciencia ficción
3922,Infantil
3923,Clásicos
3923,No ficción
3924,Thriller
3924,Terror
3925,Thriller
3926,Romántica
3926,Fantasía
3927,Romántica
3927,Fantasía
3928,Ficción histórica
3928,Psicología
3929,Ficción
3930,Clásicos
3930,Ensayo
3931,Religión y espiritualidad
3932,Cómic y novela gráfica
3933,No ficción
3933,Ciencia
3934,Poesía
3934,Clásicos
3935,Romántica
3936,Infantil
3937,Thriller
3937,Terror
3938,Fantasía
3940,Thriller
3940,Misterio
3941,Ficción histórica
3942,Cómic y novela gráfica
3943,Romántica
3943,Juvenil
3944,Cómic y novela gráfica
3944,Juvenil
3946,Ficción histórica
3947,Aventura
3947,Juvenil
3948,Clásicos
3948,Ficción
3949,Ensayo
3949,Clásicos
3950,Memorias
3950,Negocios
3951,Religión y espiritualidad
3952,Ficción histórica
3953,Ensayo
3953,No ficción
3954,Clásicos
3954,Ficción
3955,Ficción
3956,Ciencia ficción
3956,Juvenil
3957,Misterio
3958,Misterio
3958,Thriller
3959,Cómic y novela gráfica
3960,Fantasía
3961,Ficción
3962,Ficción histórica
3963,Ficción
3964,Ficción
3964,Clásicos
3965,Misterio
3965,Thriller
3966,Memorias
3967,Fantasía
3967,Juvenil
3968,Fantasía
3968,Juvenil
3969,Ciencia ficción
3970,Fantasía
3970,Juvenil
3972,Religión y espiritualidad
3973,Thriller
3973,Aventura
3974,Fantasía
3974,Juvenil
3975,Fantasía
3975,Juvenil
3976,Thriller
3977,Cómic y novela gráfica
3977,Juvenil
3978,Ciencia ficción
3979,Thriller
3979,Misterio
3980,Romántica
3980,Juvenil
3981,Cómic y novela gráfica
3981,Juvenil
3982,Misterio
3982,Thriller
3983,Fantasía
3983,Juvenil
3984,Fantasía
3984,Romántica
3985,Memorias
3985,Música
3986,Música
3986,Historia
3987,Ficción
3988,Infantil
3989,Fantasía
3990,Fantasía
3990,Romántica
3991,Juvenil
3991,Ficción
3992,Juvenil
3992,Ciencia ficción
3994,Memorias
3994,Deportes
3995,Cómic y novela gráfica
3995,Thriller
3996,Fantasía
3997,Ficción
3998,Ficción
3999,Fantasía
3999,Juvenil
4000,Fantasía
4000,Juvenil
4000,Aventura
4001,Terror
4001,Ciencia ficción
4002,Ciencia ficción
4002,Juvenil
4003,Clásicos
4003,Ficción histórica
4004,Memorias
4004,Historia
4005,Ficción
4006,Fantasía
4007,Fantasía
4007,Juvenil
4007,Romántica
4008,Romántica
4009,Ficción
4010,Infantil
4011,Thriller
4011,Misterio
4012,Cómic y novela gráfica
4012,Fantasía
4013,Memorias
4013,Cocina
4014,Clásicos
4014,Juvenil
4015,Clásicos
4015,Ficción
4016,Clásicos
4016,Ficción
4017,Ficción histórica
4017,Aventura
4018,Ciencia
4018,No ficción
4019,Cómic y novela gráfica
4020,Ficción
4021,Juvenil
4021,Ficción
4022,Thriller
4022,Misterio
4023,Romántica
4024,Ciencia ficción
4024,Juvenil
4025,Thriller
4025,Misterio
4026,Ciencia ficción
4027,Misterio
4027,Ficción
4028,Juvenil
4028,Romántica
4029,Ficción histórica
4030,Fantasía
4030,Romántica
4031,Ficción
4031,Aventura
4032,Ficción
4034,Ciencia ficción
4035,Cocina
4036,Misterio
4036,Juvenil
4037,Memorias
4037,Biografía
4038,Fantasía
4038,Juvenil
4039,Memorias
4040,Thriller
4041,Ciencia ficción
4041,Terror
4042,Infantil
4043,Biografía
4043,Historia
4044,Fantasía
4045,Romántica
4045,Ficción
4046,Cómic y novela gráfica
4047,Ciencia ficción
4048,Thriller
4048,Misterio
4049,Ciencia ficción
4050,Autoayuda
4050,Religión y espiritualidad
4051,Ficción histórica
4052,Ficción
4052,Terror
4053,Infantil
4077,Romántica
4054,Arte
4055,Ficción
4056,Thriller
4057,Ficción
4058,Ficción
4059,Negocios
4060,Ciencia ficción
4060,Juvenil
4061,Cómic y novela gráfica
4062,Ficción histórica
4063,Fantasía
4063,Ciencia ficción
4064,Cómic y novela gráfica
4064,Terror
4065,Romántica
4066,Thriller
4067,Thriller
4067,Aventura
4068,Clásicos
4068,Ficción
4069,Fantasía
4069,Juvenil
4070,Ciencia ficción
4070,Fantasía
4071,Psicología
4071,Ensayo
4072,Memorias
4073,Romántica
4074,Fantasía
4075,Cómic y novela gráfica
4075,Ciencia ficción
4076,Fantasía
4076,Juvenil
4078,Terror
4078,Fantasía
4079,No ficción
4079,Ensayo
4080,Viajes
4080,No ficción
4081,Ficción
4082,Romántica
4083,Romántica
4084,Romántica
4084,Fantasía
4085,Terror
4085,Thriller
4086,Romántica
4087,Fantasía
4087,Juvenil
4088,Juvenil
4088,Fantasía
4089,Ficción
4090,Religión y espiritualidad
4091,Clásicos
4091,Ficción
4092,Juvenil
4092,Ficción
4093,Juvenil
4093,Ficción
4094,Infantil
4094,Ficción histórica
4095,Thriller
4096,No ficción
4096,Biografía
4097,Cómic y novela gráfica
4097,Juvenil
4099,Memorias
4099,Música
4100,Ficción
4101,Fantasía
4102,Romántica
4103,Ficción
4103,Ciencia
4104,Clásicos
4104,Ficción
4105,Fantasía
4105,Romántica
4106,Clásicos
4106,Ficción
4107,Infantil
4107,Fantasía
4108,Ficción histórica
4109,Romántica
4110,Ficción
4111,Misterio
4111,Thriller
4112,Infantil
4112,Misterio
4113,Ficción histórica
4113,Misterio
4114,Juvenil
4114,Ficción
4115,Ciencia
4115,No ficción
4116,Ficción
4117,Negocios
4117,Psicología
4118,Fantasía
4118,Ficción histórica
4119,Ciencia
4119,No ficción
4120,Ciencia
4120,No ficción
4121,Romántica
4121,Fantasía
4122,Ficción histórica
4122,Thriller
4123,Ficción
4124,Thriller
4125,Fantasía
4125,Juvenil
4126,Juvenil
4126,Ficción
4127,Thriller
4127,Misterio
4128,Ficción histórica
4129,Ficción histórica
4129,Biografía
4130,Ficción
4131,Misterio
4131,Thriller
4132,Terror
4132,Juvenil
4133,Ficción
4134,Thriller
4135,Juvenil
4135,Thriller
4136,Cocina
4137,Memorias
4138,Fantasía
4139,Ficción
4140,Historia
4140,No ficción
4141,Ficción
4142,Juvenil
4142,Misterio
4143,Juvenil
4143,Romántica
4144,Thriller
4145,Juvenil
4145,Ficción
4147,Psicología
4147,No ficción
4148,Ficción histórica
4148,Romántica
4149,Clásicos
4149,Poesía
4150,Misterio
4151,Religión y espiritualidad
4152,Ficción histórica
4153,Biografía
4153,Historia
4154,Religión y espiritualidad
4155,No ficción
4155,Ensayo
4156,Juvenil
4156,Fantasía
4157,Religión y espiritualidad
4158,Juvenil
4158,Fantasía
4159,Misterio
4159,Ficción
4160,Religión y espiritualidad
4160,Autoayuda
4161,Juvenil
4161,Fantasía
4162,Biografía
4162,Deportes
4163,Biografía
4163,Religión y espiritualidad
4164,Ficción
4165,Juvenil
4165,Romántica
4166,Juvenil
4166,Ficción
4167,Juvenil
4167,Fantasía
4168,Thriller
4168,Misterio
4169,Cocina
4170,Juvenil
4170,Fantasía
4171,Memorias
4171,Biografía
4172,Romántica
4172,Thriller
4173,Cómic y novela gráfica
4173,Ciencia ficción
4174,Biografía
4174,Religión y espiritualidad
4175,Ciencia ficción
4176,Thriller
4176,Misterio
4177,Infantil
4178,Ficción
4179,Cómic y novela gráfica
4179,Fantasía
4180,Infantil
4181,Ciencia ficción
4182,Fantasía
4183,Clásicos
4183,Ficción
4184,Cómic y novela gráfica
4184,Fantasía
4185,Juvenil
4185,Romántica
4186,Arte
4187,Terror
4188,Ficción histórica
4188,Juvenil
4189,Biografía
4189,Memorias
4190,Fantasía
4191,Autoayuda
4191,Psicología
4192,Fantasía
4192,Terror
4193,Fantasía
4193,Juvenil
4194,Fantasía
4194,Juvenil
4195,Romántica
4195,Juvenil
4196,Ficción histórica
4196,Juvenil
4197,Memorias
4197,Viajes
4198,Romántica
4199,Ciencia ficción
4199,Thriller
4200,Fantasía
4201,Infantil
4202,Ficción
4203,Terror
4203,Juvenil
4204,Fantasía
4204,Juvenil
4205,Ficción
4205,Clásicos
4206,Infantil
4207,Aventura
4207,Juvenil
4208,Infantil
4209,Thriller
4210,Romántica
4210,Fantasía
4211,Biografía
4211,Historia
4212,Thriller
4213,Cómic y novela gráfica
4214,Ficción histórica
4214,Juvenil
4215,Fantasía
4216,Ficción
4216,Misterio
4217,Ciencia ficción
4218,Romántica
4219,Clásicos
4219,Ficción
4220,Ficción
4221,Ficción
4221,Memorias
4222,Clásicos
4222,Ficción
4223,Fantasía
4223,Juvenil
4224,Romántica
4225,Memorias
4225,Autoayuda
4226,Ciencia ficción
4226,Juvenil
4227,Ficción
4228,Cómic y novela gráfica
4229,No ficción
4229,Arte
4230,Ciencia ficción
4230,Juvenil
4231,Misterio
4232,Misterio
4232,Thriller
4233,Fantasía
4233,Juvenil
4234,Fantasía
4234,Juvenil
4235,Ficción histórica
4236,Infantil
4237,Ficción
4238,Ficción
4239,Ficción
4239,Ficción histórica
4240,Misterio
4241,Romántica
4242,Infantil
4242,Aventura
4243,Ficción histórica
4244,Clásicos
4244,Ficción
4245,Infantil
4246,Fantasía
4247,Thriller
4247,Misterio
4248,Fantasía
4248,Juvenil
4249,Ficción
4250,Clásicos
4250,Ficción
4251,Fantasía
4251,Terror
4252,Autoayuda
4252,Religión y espiritualidad
4253,Misterio
4253,Ficción
4254,Ficción histórica
4254,Romántica
4255,Fantasía
4255,Juvenil
4256,Juvenil
4256,Ficción
4257,Fantasía
4258,Infantil
4259,Romántica
4260,Autoayuda
4260,Negocios
4261,Infantil
4262,Autoayuda
4262,Negocios
4263,Thriller
4263,Aventura
4264,Ficción
4265,Ficción
4266,Ciencia ficción
4267,Romántica
4267,Fantasía
4267,Juvenil
4268,Ficción histórica
4269,Thriller
4270,Ensayo
4270,No ficción
4271,Clásicos
4271,Poesía
4272,Cocina
4273,Clásicos
4273,Fantasía
4274,Memorias
4275,Fantasía
4275,Juvenil
4276,Thriller
4276,Terror
4277,Clásicos
4277,Infantil
4278,Romántica
4278,Ficción histórica
4279,Ciencia ficción
4279,Juvenil
4280,Fantasía
4280,Ficción
4281,Romántica
4281,Fantasía
4282,Ficción
4283,Ficción
4284,Clásicos
4284,Ficción
4285,Historia
4285,Biografía
4286,Thriller
4287,Ficción
4287,Religión y espiritualidad
4288,Ficción histórica
4288,Juvenil
4289,Ficción
4289,Religión y espiritualidad
4290,Misterio
4290,Clásicos
4291,Infantil
4292,Historia
4292,Arte
4292,Biografía
4293,Fantasía
4294,Thriller
4295,Misterio
4296,Infantil
4297,Música
4298,Ficción
4298,Clásicos
4299,Fantasía
4299,Juvenil
4300,Romántica
4324,Romántica
4301,Poesía
4302,Memorias
4303,Fantasía
4303,Juvenil
4304,Ficción
4304,Terror
4305,Fantasía
4306,Fantasía
4306,Juvenil
4307,Ficción
4308,Romántica
4309,Psicología
4309,No ficción
4310,Ficción histórica
4311,Fantasía
4311,Juvenil
4312,Romántica
4313,Ficción histórica
4314,Juvenil
4314,Romántica
4315,Infantil
4316,Ficción
4317,Fantasía
4317,Ficción
4318,Ciencia ficción
4318,Juvenil
4319,Ficción
4320,Ficción histórica
4320,Romántica
4321,Ciencia ficción
4321,Thriller
4322,Ficción
4323,Cómic y novela gráfica
4323,Memorias
4323,Juvenil
4325,Cómic y novela gráfica
4325,Terror
4326,Ciencia ficción
4327,Ficción histórica
4327,Religión y espiritualidad
4328,Romántica
4328,Fantasía
4329,Terror
4329,Juvenil
4330,Clásicos
4331,Biografía
4331,Música
4332,Clásicos
4332,Historia
4333,Clásicos
4333,Ficción
4334,Fantasía
4335,Thriller
4336,Clásicos
4336,Ficción
4337,Ficción histórica
4338,Ficción
4338,Romántica
4339,Fantasía
4339,Juvenil
4340,Fantasía
4340,Romántica
4341,Negocios
4341,Ensayo
4342,Thriller
4342,Terror
4343,Ficción histórica
4343,Juvenil
4344,Infantil
4345,Juvenil
4345,Romántica
4346,Memorias
4346,Religión y espiritualidad
4347,Ficción histórica
4348,Clásicos
4348,Ficción
4349,Thriller
4349,Misterio
4350,Ciencia ficción
4350,Juvenil
4351,Juvenil
4351,Ficción
4352,Ciencia ficción
4353,Thriller
4353,Ficción
4354,Ficción
4355,Fantasía
4355,Juvenil
4356,Psicología
4356,Ensayo
4357,Fantasía
4357,Juvenil
4358,Thriller
4358,Misterio
4359,Clásicos
4359,Ficción
4360,Ficción
4360,Romántica
4361,Ciencia ficción
4362,Ficción
4363,Ficción
4364,Autoayuda
4364,Negocios
4365,Romántica
4366,Negocios
4367,Historia
4367,Ensayo
4368,Ficción histórica
4368,Biografía
4369,Ensayo
4369,No ficción
4370,Ciencia
4370,Psicología
4371,Ciencia ficción
4372,Thriller
4372,Juvenil
4373,Romántica
4374,Ficción
4375,Infantil
4376,Ficción
4377,Thriller
4377,Misterio
4378,Fantasía
4379,Thriller
4379,Aventura
4380,Thriller
4380,Misterio
4381,Juvenil
4381,Romántica
4382,Thriller
4382,Misterio
4383,Ciencia ficción
4383,Clásicos
4384,Ficción
4385,Ficción histórica
4386,Fantasía
4387,Thriller
4387,Terror
4388,Ficción
4389,Cocina
4390,Ficción
4390,Romántica
4434,Infantil
4391,Memorias
4392,Ficción
4393,Fantasía
4393,Juvenil
4394,Memorias
4394,Cocina
4395,Psicología
4395,No ficción
4396,Fantasía
4396,Juvenil
4397,Autoayuda
4397,Negocios
4398,Negocios
4399,Historia
4399,Biografía
4400,Ficción
4400,Romántica
4401,Misterio
4402,Romántica
4403,Romántica
4403,Thriller
4404,Autoayuda
4404,Juvenil
4405,Infantil
4405,Misterio
4406,Romántica
4407,Juvenil
4407,Ficción histórica
4408,Fantasía
4408,Juvenil
4409,Romántica
4409,Juvenil
4410,Arte
4411,Negocios
4412,Biografía
4412,No ficción
4413,Misterio
4413,Ficción histórica
4414,Memorias
4415,Cómic y novela gráfica
4415,Fantasía
4416,Romántica
4417,Psicología
4417,No ficción
4418,Ensayo
4419,Infantil
4419,Fantasía
4420,Thriller
4421,Ficción
4421,Misterio
4422,Thriller
4422,Terror
4423,Ciencia ficción
4423,Misterio
4424,Fantasía
4424,Juvenil
4425,Fantasía
4425,Romántica
4426,Ficción
4426,Misterio
4427,Ficción
4428,Terror
4428,Ciencia ficción
4429,Ficción
4430,Romántica
4430,Thriller
4431,Ficción
4432,Cómic y novela gráfica
4432,Terror
4433,Romántica
4433,Fantasía
4435,Clásicos
4435,Ficción
4436,Misterio
4436,Juvenil
4437,Misterio
4437,Thriller
4438,Ficción
4439,Infantil
4440,Fantasía
4441,Ficción
4441,Clásicos
4442,Romántica
4443,Misterio
4443,Clásicos
4444,Misterio
4444,Clásicos
4445,Fantasía
4445,Juvenil
4446,Fantasía
4446,Juvenil
4447,Misterio
4448,Romántica
4448,Juvenil
4449,Fantasía
4449,Juvenil
4451,Memorias
4451,Biografía
4452,Thriller
4452,Misterio
4453,Religión y espiritualidad
4454,Ciencia ficción
4455,Ficción
4456,Fantasía
4456,Romántica
4456,Juvenil
4457,Cómic y novela gráfica
4457,Juvenil
4458,Ciencia ficción
4458,Juvenil
4459,Fantasía
4460,Fantasía
4460,Juvenil
4461,Ciencia ficción
4462,Autoayuda
4462,Religión y espiritualidad
4463,Thriller
4464,Ficción
4464,Aventura
4465,Autoayuda
4466,Romántica
4467,Ficción
4468,Fantasía
4468,Juvenil
4469,Ficción histórica
4470,Fantasía
4470,Juvenil
4471,Romántica
4471,Ficción histórica
4472,Fantasía
4473,Ficción
4474,Fantasía
4474,Juvenil
4475,Clásicos
4475,Ficción
4476,Ficción
4476,Juvenil
4477,Ciencia
4477,No ficción
4478,Biografía
4478,Música
4479,Fantasía
4479,Romántica
4480,Fantasía
4480,Juvenil
4481,Thriller
4481,Misterio
4482,Ficción
4482,Religión y espiritualidad
4483,Cómic y novela gráfica
4484,Cómic y novela gráfica
4484,Fantasía
4485,Ensayo
4486,Fantasía
4487,Ciencia
4487,No ficción
4488,Fantasía
4489,Memorias
4490,Thriller
4491,Ficción histórica
4492,Ciencia ficción
4492,Juvenil
4493,Psicología
4493,No ficción
4494,Cómic y novela gráfica
4494,Ciencia ficción
4495,Infantil
4496,Thriller
4497,Ficción histórica
4498,Fantasía
4498,Misterio
4499,Ficción histórica
4500,Fantasía
4500,Juvenil
4501,Autoayuda
4501,Religión y espiritualidad
4502,Ficción histórica
4503,Clásicos
4503,Ficción
4504,Clásicos
4504,Ficción
4505,Romántica
4506,Misterio
4507,Cómic y novela gráfica
4507,Ciencia ficción
4508,Ficción
4509,Ficción
4510,Ficción
4511,Cómic y novela gráfica
4512,Thriller
4513,Ficción
4514,Fantasía
4514,Juvenil
4514,Terror
4515,Ciencia ficción
4516,Ficción
4517,Ficción
4518,Autoayuda
4519,Fantasía
4519,Ficción histórica
4520,Ficción
4521,Cómic y novela gráfica
4522,Cómic y novela gráfica
4522,Ciencia ficción
4523,Thriller
4524,Terror
4524,Ciencia ficción
4525,Infantil
4525,Aventura
4526,Clásicos
4526,Ficción
4527,Memorias
4528,Thriller
4529,Infantil
4530,Fantasía
4531,Ficción
4532,Ficción histórica
4533,Thriller
4533,Aventura
4534,Fantasía
4534,Juvenil
4535,Clásicos
4535,Infantil
4536,Biografía
4536,Negocios
4537,Clásicos
4537,Poesía
4538,Ficción
4538,Misterio
4539,Fantasía
4539,Romántica
4541,Juvenil
4541,Ficción
4542,Ficción
4542,Religión y espiritualidad
4542,Thriller
4543,Fantasía
4544,Ficción
4545,Memorias
4545,Deportes
4546,Thriller
4546,Misterio
4547,Romántica
4547,Ficción
4548,Ficción
4548,Religión y espiritualidad
4548,Thriller
4549,Ficción
4550,Fantasía
4550,Juvenil
4550,Aventura
4551,Misterio
4551,Thriller
4551,Ficción histórica
4552,Misterio
4553,Fantasía
4554,Cómic y novela gráfica
4554,Ciencia ficción
4555,Ficción
4556,Fantasía
4556,Romántica
4557,Romántica
4557,Ficción
4558,Religión y espiritualidad
4559,Fantasía
4559,Juvenil
4559,Romántica
4560,Thriller
4560,Aventura
4561,Ficción
4562,Fantasía
4562,Juvenil
4562,Romántica
4563,Ficción
4564,Romántica
4564,Ficción
4565,Fantasía
4565,Juvenil
4566,Memorias
4566,Historia
4567,Infantil
4568,Ficción
4568,Romántica
4569,Romántica
4569,Ficción
4570,Ficción histórica
4571,Fantasía
4572,Ciencia ficción
4572,Juvenil
4573,Fantasía
4573,Juvenil
4573,Romántica
4574,Cómic y novela gráfica
4574,Ciencia ficción
4575,Infantil
4576,Memorias
4577,Juvenil
4577,Ficción
4578,Fantasía
4578,Juvenil
4578,Aventura
4579,Fantasía
4579,Terror
4580,Fantasía
4580,Juvenil
4581,Fantasía
4581,Juvenil
4582,Clásicos
4582,Ficción
4583,Ciencia ficción
4583,Thriller
4584,Clásicos
4584,Ficción
4585,Ciencia ficción
4586,Misterio
4587,Fantasía
4587,Juvenil
4588,Fantasía
4589,Misterio
4590,Thriller
4590,Misterio
4591,Romántica
4592,Clásicos
4592,Ficción
4593,Fantasía
4593,Juvenil
4594,Memorias
4594,Autoayuda
4595,Misterio
4596,Ciencia ficción
4596,Juvenil
4597,Ensayo
4597,Historia
4598,Ficción
4599,Fantasía
4599,Juvenil
4600,Ficción
4601,Memorias
4601,Autoayuda
4602,Ficción
4603,Fantasía
4603,Juvenil
4604,Romántica
4605,Clásicos
4605,Ficción
4607,Ficción
4608,Fantasía
4609,Ficción
4610,Ficción
4611,Romántica
4612,Juvenil
4612,Ficción
4613,Terror
4614,Ficción
4615,Thriller
4615,Romántica
4616,Thriller
4617,Thriller
4617,Misterio
4685,Ficción
4618,Thriller
4619,Romántica
4619,Fantasía
4620,Negocios
4620,No ficción
4621,Ciencia ficción
4622,Clásicos
4622,Ficción
4623,Ciencia ficción
4623,Juvenil
4624,Fantasía
4624,Juvenil
4625,Misterio
4625,Romántica
4626,Thriller
4627,Thriller
4628,Ficción
4629,Thriller
4630,Thriller
4630,Misterio
4631,Ficción
4632,Ciencia ficción
4632,Religión y espiritualidad
4633,Thriller
4634,Clásicos
4634,Ficción
4635,Ficción
4635,Ficción histórica
4636,Thriller
4637,Romántica
4638,Memorias
4638,No ficción
4639,Ficción
4640,Ficción
4641,Fantasía
4641,Juvenil
4642,Ficción
4642,Terror
4643,Memorias
4643,Autoayuda
4644,Fantasía
4644,Juvenil
4645,Clásicos
4645,Infantil
4646,Infantil
4646,Poesía
4647,Misterio
4647,Thriller
4648,Fantasía
4648,Romántica
4648,Juvenil
4649,Infantil
4650,Fantasía
4650,Juvenil
4651,Fantasía
4653,Clásicos
4653,Ficción
4654,Ciencia ficción
4655,Romántica
4655,Juvenil
4656,Fantasía
4656,Romántica
4657,Thriller
4657,Ficción
4658,Infantil
4659,Ciencia ficción
4659,Aventura
4659,Juvenil
4660,Memorias
4661,Ciencia
4661,No ficción
4662,Romántica
4686,Misterio
4686,Fantasía
4663,Religión y espiritualidad
4663,Memorias
4664,Ciencia
4664,Psicología
4664,No ficción
4665,Ciencia ficción
4665,Aventura
4665,Juvenil
4666,Ficción
4667,Aventura
4667,Thriller
4667,Juvenil
4668,Infantil
4669,Romántica
4669,Juvenil
4670,Poesía
4670,Terror
4671,Ficción
4672,Clásicos
4672,Ficción
4673,Thriller
4673,Misterio
4675,Aventura
4675,Thriller
4675,Juvenil
4676,Desconocido
4677,Autoayuda
4677,Psicología
4678,Terror
4678,Thriller
4679,Romántica
4679,Fantasía
4680,Romántica
4680,Fantasía
4681,Thriller
4681,Aventura
4682,Ficción histórica
4682,Thriller
4683,Fantasía
4683,Misterio
4684,Clásicos
4684,Negocios
4684,No ficción
4687,Fantasía
4687,Infantil
4688,Historia
4688,No ficción
4689,Cómic y novela gráfica
4689,Romántica
4689,Juvenil
4690,Infantil
4691,Memorias
4691,Biografía
4692,Ficción histórica
4693,Romántica
4694,Memorias
4695,Ensayo
4696,Thriller
4698,Clásicos
4698,Ficción
4699,Ensayo
4699,Negocios
4700,Thriller
4700,Misterio
4701,Terror
4702,Autoayuda
4703,Thriller
4703,Misterio
4704,Memorias
4705,Ciencia ficción
4705,Juvenil
4706,Cómic y novela gráfica
4706,Memorias
4707,Biografía
4707,Música
4708,Desconocido
4709,Infantil
4710,Fantasía
4710,Juvenil
4711,Ficción
4712,Fantasía
4712,Juvenil
4713,Thriller
4714,Ficción
4715,Religión y espiritualidad
4716,Clásicos
4716,Aventura
4717,Ficción
4717,Romántica
4718,Fantasía
4719,Misterio
4719,Ficción histórica
4720,Fantasía
4720,Juvenil
4721,Religión y espiritualidad
4722,Viajes
4722,Memorias
4723,No ficción
4723,Arte
4724,Ficción histórica
4724,Misterio
4725,Biografía
4725,Memorias
4726,Ciencia ficción
4727,Ensayo
4728,Misterio
4729,Infantil
4729,Fantasía
4730,Fantasía
4730,Romántica
4731,Ficción histórica
4732,Romántica
4733,Ensayo
4734,Memorias
4735,Cocina
4736,Thriller
4736,Misterio
4737,Romántica
4738,Romántica
4739,Cómic y novela gráfica
4740,Ensayo
4740,Ciencia
4741,Romántica
4742,Romántica
4743,Ensayo
4743,Psicología
4744,Psicología
4745,Ciencia ficción
4745,Juvenil
4746,Clásicos
4746,Romántica
4747,Romántica
4748,Negocios
4748,Autoayuda
4749,Historia
4749,No ficción
4750,Juvenil
4750,Biografía
4751,Ciencia ficción
4751,Juvenil
4752,Romántica
4753,Ciencia ficción
4754,Romántica
4754,Misterio
4755,Fantasía
4755,Ficción
4756,Thriller
4757,Thriller
4757,Ciencia ficción
4758,Ensayo
4758,Historia
4759,Memorias
4759,Biografía
4760,Religión y espiritualidad
4760,Memorias
4761,Fantasía
4761,Juvenil
4761,Romántica
4762,Autoayuda
4762,No ficción
4763,Ficción
4764,Romántica
4765,Cómic y novela gráfica
4765,Terror
4766,Infantil
4766,Cómic y novela gráfica
4767,Psicología
4767,No ficción
4768,Ciencia ficción
4769,Ficción
4770,Juvenil
4770,Ficción
4771,Thriller
4771,Aventura
4772,Terror
4773,Fantasía
4773,Infantil
4774,Ficción histórica
4775,Fantasía
4775,Juvenil
4776,Fantasía
4777,Clásicos
4777,Ficción
4778,Religión y espiritualidad
4779,Misterio
4779,Ficción histórica
4780,Arte
4780,Biografía
4781,Fantasía
4781,Romántica
4782,Fantasía
4782,Juvenil
4783,Ciencia ficción
4783,Terror
4784,Ficción
4785,Arte
4785,No ficción
4786,Ciencia ficción
4786,Thriller
4787,Ficción
4788,Ficción
4789,Thriller
4789,Terror
4790,Ciencia ficción
4790,Terror
4791,Fantasía
4791,Infantil
4792,Ficción histórica
4793,Ficción
4794,Thriller
4794,Misterio
4795,Terror
4795,Thriller
4796,Religión y espiritualidad
4796,Autoayuda
4797,Thriller
4797,Misterio
4798,Ficción histórica
4798,Biografía
4799,Fantasía
4800,Fantasía
4800,Terror
4801,Romántica
4801,Fantasía
4802,Thriller
4802,Misterio
4803,Biografía
4803,Negocios
4804,Romántica
4805,Romántica
4805,Fantasía
4806,Fantasía
4807,Romántica
4808,Fantasía
4809,Ficción histórica
4809,Thriller
4810,Ficción
4810,Clásicos
4811,Historia
4812,Infantil
4813,Thriller
4814,Infantil
4815,Infantil
4816,Fantasía
4816,Romántica
4817,Fantasía
4817,Juvenil
4818,Romántica
4819,Juvenil
4820,Romántica
4821,Romántica
4821,Juvenil
4822,Poesía
4822,Clásicos
4823,Negocios
4824,Memorias
4824,No ficción
4825,Thriller
4826,Terror
4826,Clásicos
4827,Terror
4828,Ficción
4830,Fantasía
4830,Juvenil
4831,Infantil
4831,Fantasía
4832,Infantil
4832,Aventura
4832,Clásicos
4833,Romántica
4834,Memorias
4834,Juvenil
4835,Ficción
4835,Juvenil
4836,Memorias
4836,No ficción
4837,Thriller
4838,Ficción
4838,Misterio
4839,Romántica
4840,Thriller
4840,Terror
4841,Romántica
4842,Ficción histórica
4843,No ficción
4844,Infantil
4844,Fantasía
4845,Terror
4845,Ficción histórica
4846,Thriller
4846,Misterio
4847,Infantil
4848,Memorias
4848,No ficción
4849,Romántica
4849,Fantasía
4850,Religión y espiritualidad
4850,Autoayuda
4851,Cómic y novela gráfica
4851,Romántica
4852,Memorias
4852,Biografía
4853,Thriller
4853,Ficción histórica
4854,Misterio
4854,Thriller
4855,Cómic y novela gráfica
4856,Ficción
4856,Ficción histórica
4857,Romántica
4857,Fantasía
4858,Misterio
4859,Terror
4860,Thriller
4860,Aventura
4861,Religión y espiritualidad
4861,Ensayo
4862,Infantil
4863,Thriller
4863,Ficción histórica
4864,Ciencia ficción
4864,Thriller
4865,Clásicos
4865,Ficción
4866,Clásicos
4866,Ficción
4867,Fantasía
4867,Terror
4890,Biografía
4890,Memorias
4868,Religión y espiritualidad
4869,Infantil
4870,Clásicos
4870,Ficción
4871,Romántica
4872,Ficción
4873,Ficción
4874,Cómic y novela gráfica
4874,Fantasía
4875,Thriller
4876,Thriller
4876,Misterio
4877,Infantil
4878,Romántica
4878,Fantasía
4879,Memorias
4879,Biografía
4880,Clásicos
4880,Ensayo
4881,Cómic y novela gráfica
4882,Terror
4882,Fantasía
4883,Infantil
4884,Thriller
4885,Terror
4885,Ficción histórica
4886,Infantil
4887,No ficción
4887,Historia
4888,Terror
4888,Ficción
4889,Fantasía
4891,Fantasía
4892,Thriller
4892,Misterio
4893,Historia
4893,Arte
4894,Autoayuda
4895,Aventura
4895,Misterio
4896,Misterio
4896,Romántica
4897,Fantasía
4897,Misterio
4898,Ficción histórica
4899,Ficción
4900,Thriller
4900,Misterio
4901,Fantasía
4902,Infantil
4903,Ciencia ficción
4903,Thriller
4904,Historia
4904,Memorias
4905,Thriller
4906,Historia
4907,Deportes
4907,Juvenil
4908,No ficción
4908,Memorias
4909,Misterio
4910,Romántica
4911,Fantasía
4911,Juvenil
4912,Thriller
4912,Misterio
4913,Ficción
4914,Fantasía
4915,Thriller
4916,Terror
4916,Juvenil
4917,Thriller
4919,Romántica
4920,Ficción
4921,Fantasía
4922,Fantasía
4922,Misterio
4923,Thriller
4923,Misterio
4924,Thriller
4925,Fantasía
4925,Juvenil
4926,Romántica
4927,Ciencia ficción
4927,Fantasía
4928,Misterio
4929,Fantasía
4929,Juvenil
4930,Cómic y novela gráfica
4931,Terror
4931,Clásicos
4932,Memorias
4933,Ciencia ficción
4934,Juvenil
4934,Ficción
4935,Desconocido
4936,Religión y espiritualidad
4936,Autoayuda
4937,Infantil
4937,Misterio
4938,Ficción
4939,Clásicos
4939,Ficción
4940,Cocina
4941,Fantasía
4942,Clásicos
4942,Ficción
4943,Clásicos
4943,Ficción
4944,Fantasía
4945,Clásicos
4945,Religión y espiritualidad
4946,Fantasía
4946,Romántica
4947,Infantil
4948,Thriller
4949,Memorias
4949,Biografía
4950,Ficción histórica
4950,Juvenil
4951,Cómic y novela gráfica
4952,Fantasía
4952,Juvenil
4953,Negocios
4954,Fantasía
4954,Juvenil
4955,Fantasía
4956,Memorias
4957,Romántica
4957,Fantasía
4958,Arte
4958,No ficción
4959,Thriller
4959,Ciencia ficción
4960,Poesía
4961,Ciencia ficción
4961,Fantasía
4962,Terror
4964,Ciencia ficción
4965,Ficción
4965,Juvenil
4966,Misterio
4966,Juvenil
4967,Ficción
4968,Memorias
4968,Biografía
4969,Memorias
4970,Misterio
4971,Historia
4971,Biografía
4972,Ficción
4973,Ficción
4973,Clásicos
4974,Clásicos
4974,Ficción
4975,Juvenil
4975,Fantasía
4976,Fantasía
4977,Ficción
4977,Juvenil
4978,Ciencia ficción
4979,Ficción
4979,Fantasía
4980,Ficción
4980,Romántica
4981,Religión y espiritualidad
4981,Ensayo
4982,Infantil
4983,Ficción
4983,Clásicos
4984,Infantil
4985,Fantasía
4985,Juvenil
4986,Thriller
4987,Fantasía
4987,Infantil
4988,Ficción histórica
4989,Romántica
4989,Fantasía
4990,Romántica
4990,Thriller
4991,Romántica
4992,Fantasía
4993,Fantasía
4994,Memorias
4995,Terror
4995,Thriller
4996,Ficción
4996,Clásicos
4997,Fantasía
4997,Romántica
4998,Fantasía
4998,Juvenil
4999,Clásicos
4999,Ficción
5000,Romántica
5000,Fantasía
5001,Cómic y novela gráfica
5001,Romántica
5001,Juvenil
5002,Ficción
5003,Infantil
5004,Aventura
5004,Thriller
5005,Autoayuda
5005,Psicología
5006,Romántica
5006,Thriller
5007,Thriller
5007,Misterio
5008,Autoayuda
5008,Psicología
5010,Aventura
5010,Thriller
5011,Ficción
5012,No ficción
5012,Psicología
5013,Thriller
5014,Thriller
5014,Misterio
5015,Fantasía
5016,Fantasía
5016,Juvenil
5017,Romántica
5017,Fantasía
5018,Misterio
5018,Juvenil
5019,Cómic y novela gráfica
5020,Ficción histórica
5020,Juvenil
5021,Romántica
5022,Misterio
5022,Juvenil
5023,Romántica
5023,Fantasía
5024,Ficción
5025,Fantasía
5025,Romántica
5025,Juvenil
5026,Terror
5026,Ciencia ficción
5027,Ciencia
5027,No ficción
5028,Infantil
5029,Juvenil
5029,Ficción
5030,Ciencia ficción
5030,Religión y espiritualidad
5032,Juvenil
5032,Ficción
5033,Clásicos
5033,Thriller
5034,Terror
5034,Juvenil
5035,No ficción
5035,Historia
5036,Ficción histórica
5036,Juvenil
5037,Ficción histórica
5038,Juvenil
5038,Ficción
5039,Thriller
5040,Ciencia ficción
5040,Juvenil
5041,Misterio
5041,Clásicos
5042,Thriller
5042,Romántica
5043,Thriller
5043,Misterio
5044,Misterio
5044,Fantasía
5045,Aventura
5045,Juvenil
5046,Clásicos
5046,Ficción
5047,Fantasía
5047,Ciencia ficción
5048,Fantasía
5048,Juvenil
5049,Fantasía
5049,Juvenil
5050,Ficción
5188,Terror
5188,Thriller
5051,Biografía
5051,Historia
5052,Ficción histórica
5053,Memorias
5053,Arte
5054,Ficción histórica
5055,Ciencia ficción
5056,Infantil
5056,Aventura
5057,Ficción
5057,Aventura
5058,Ficción
5059,Religión y espiritualidad
5060,Fantasía
5060,Juvenil
5061,Thriller
5062,Romántica
5062,Thriller
5063,Romántica
5064,Romántica
5065,Thriller
5065,Misterio
5066,Infantil
5067,Fantasía
5068,Ensayo
5068,No ficción
5069,Infantil
5069,Aventura
5070,No ficción
5070,Ciencia
5071,Infantil
5072,Ciencia ficción
5072,Ficción
5073,Ciencia ficción
5074,Cómic y novela gráfica
5074,Fantasía
5075,Infantil
5075,Fantasía
5076,Ficción
5077,Thriller
5077,Misterio
5078,Ficción
5078,Juvenil
5079,Fantasía
5079,Juvenil
5080,Thriller
5081,Biografía
5081,Historia
5082,Thriller
5083,Thriller
5084,Ficción
5084,Clásicos
5085,Fantasía
5085,Juvenil
5086,Ficción histórica
5086,Biografía
5087,No ficción
5087,Historia
5088,Clásicos
5088,Misterio
5089,Memorias
5090,No ficción
5090,Misterio
5091,Ficción
5091,Misterio
5092,Fantasía
5092,Romántica
5093,Ficción histórica
5094,Cocina
5095,Ficción
5095,Misterio
5096,Romántica
5097,Ficción
5098,Romántica
5098,Thriller
5099,Fantasía
5099,Aventura
5100,Ciencia ficción
5101,Historia
5101,No ficción
5102,Religión y espiritualidad
5103,Thriller
5104,Ficción histórica
5105,Romántica
5105,Juvenil
5106,Fantasía
5106,Juvenil
5107,Fantasía
5107,Juvenil
5108,Memorias
5108,Biografía
5109,Thriller
5109,Misterio
5110,Cómic y novela gráfica
5110,Fantasía
5111,Romántica
5112,Fantasía
5112,No ficción
5113,Cómic y novela gráfica
5113,Terror
5114,Infantil
5115,Misterio
5116,Clásicos
5116,Ficción
5117,Thriller
5117,Misterio
5118,Ciencia ficción
5118,Juvenil
5119,Biografía
5119,Música
5120,Ensayo
5120,Negocios
5121,Thriller
5122,No ficción
5122,Ensayo
5123,Misterio
5124,Fantasía
5124,Romántica
5125,Ciencia ficción
5126,Ficción
5126,Romántica
5127,Ficción
5128,Ficción
5128,Terror
5129,Thriller
5129,Misterio
5130,Ficción
5130,Romántica
5131,Romántica
5131,Juvenil
5132,Ficción
5132,Religión y espiritualidad
5133,Thriller
5134,Fantasía
5134,Terror
5135,Thriller
5135,Misterio
5136,Fantasía
5136,Juvenil
5137,Romántica
5138,Historia
5138,Biografía
5139,Misterio
5139,Romántica
5140,Infantil
5140,Aventura
5142,Ficción histórica
5143,Infantil
5144,Thriller
5145,Fantasía
5146,Ensayo
5147,Fantasía
5148,Fantasía
5148,Juvenil
5149,Terror
5150,Ficción
5151,Fantasía
5151,Infantil
5152,Clásicos
5152,Ficción
5153,Romántica
5153,Juvenil
5154,Biografía
5154,Música
5155,Memorias
5155,Viajes
5156,Fantasía
5156,Romántica
5157,Ficción
5158,Romántica
5159,Fantasía
5159,Terror
5159,Juvenil
5160,Fantasía
5161,Ficción
5162,Thriller
5163,Psicología
5163,No ficción
5164,Thriller
5164,Misterio
5165,Romántica
5165,Ficción histórica
5166,Thriller
5166,Misterio
5167,Thriller
5167,Misterio
5168,Fantasía
5169,Ficción
5169,Juvenil
5170,Romántica
5171,Thriller
5171,Misterio
5172,Romántica
5172,Juvenil
5173,Cómic y novela gráfica
5173,Ciencia ficción
5174,Thriller
5174,Romántica
5175,Fantasía
5176,Misterio
5177,Ficción
5178,Romántica
5179,Fantasía
5179,Ficción histórica
5180,Biografía
5180,Historia
5181,Cómic y novela gráfica
5181,Ciencia ficción
5182,Ficción histórica
5183,Romántica
5183,Juvenil
5184,Juvenil
5184,Romántica
5185,Ciencia ficción
5186,Ciencia ficción
5186,Fantasía
5189,Clásicos
5189,Ficción
5190,Fantasía
5190,Romántica
5190,Juvenil
5191,Ficción
5192,Ciencia ficción
5193,Fantasía
5193,Juvenil
5194,Fantasía
5194,Juvenil
5195,Terror
5196,Thriller
5196,Misterio
5197,Romántica
5198,Ficción
5199,Ficción histórica
5199,Juvenil
5200,Terror
5200,Juvenil
5201,Aventura
5201,Thriller
5202,Cómic y novela gráfica
5203,Fantasía
5204,Cómic y novela gráfica
5204,Terror
5205,Cómic y novela gráfica
5205,Infantil
5206,Ficción
5206,Misterio
5207,Cómic y novela gráfica
5208,Arte
5208,No ficción
5209,Terror
5209,Thriller
5210,Ensayo
5210,Historia
5211,Ficción
5212,Arte
5212,Autoayuda
5213,Cómic y novela gráfica
5213,Juvenil
5214,Ficción histórica
5214,Aventura
5215,Religión y espiritualidad
5215,Memorias
5216,Ficción histórica
5217,Fantasía
5218,Fantasía
5218,Romántica
5219,Romántica
5219,Ficción
5220,Ficción
5221,Fantasía
5221,Juvenil
5222,Ficción
5223,Fantasía
5223,Romántica
5223,Juvenil
5224,Fantasía
5224,Juvenil
5225,No ficción
5225,Misterio
5226,No ficción
5226,Memorias
5227,Cómic y novela gráfica
5227,Fantasía
5228,Negocios
5228,Autoayuda
5229,Ciencia ficción
5229,Clásicos
5231,Ficción
5232,Fantasía
5233,Ficción
5234,Religión y espiritualidad
5234,Autoayuda
5235,Thriller
5236,Ficción
5237,Ficción
5238,Ficción
5239,Misterio
5240,Misterio
5240,Thriller
5241,Ficción
5242,Ficción
5243,Ciencia ficción
5243,Religión y espiritualidad
5244,Clásicos
5244,Ficción
5245,Cómic y novela gráfica
5245,Juvenil
5246,Romántica
5247,Fantasía
5248,Fantasía
5248,Romántica
5249,Fantasía
5250,Romántica
5250,Juvenil
5251,Ficción histórica
5252,Romántica
5253,Infantil
5253,Aventura
5254,Ciencia ficción
5255,Ciencia
5255,Psicología
5256,Ciencia
5256,Ensayo
5257,Ficción
5258,Ciencia
5258,No ficción
5259,Fantasía
5259,Juvenil
5260,Juvenil
5260,Ficción
5261,Thriller
5262,Fantasía
5262,Juvenil
5263,Misterio
5263,Ficción
5264,Romántica
5264,Fantasía
5265,Infantil
5266,Romántica
5267,Aventura
5267,Juvenil
5268,Arte
5269,Ciencia
5269,Historia
5270,Ficción
5271,Fantasía
5271,Juvenil
5272,Romántica
5273,Ficción
5273,Fantasía
5274,Viajes
5274,Cocina
5275,Arte
5275,Historia
5276,Memorias
5276,Biografía
5277,Romántica
5300,Romántica
5278,Romántica
5278,Juvenil
5279,Juvenil
5279,Ficción
5280,Memorias
5280,Música
5281,Fantasía
5281,Juvenil
5282,Thriller
5282,Misterio
5283,Ensayo
5283,Religión y espiritualidad
5284,Thriller
5284,Misterio
5285,Religión y espiritualidad
5285,Biografía
5286,Cocina
5286,Ensayo
5287,Fantasía
5288,Fantasía
5289,Thriller
5289,Misterio
5290,Terror
5290,Fantasía
5291,Cómic y novela gráfica
5291,Fantasía
5292,Misterio
5292,Ficción
5293,Cómic y novela gráfica
5293,Terror
5294,Ficción
5295,Fantasía
5296,Thriller
5297,Ficción histórica
5298,Ciencia ficción
5298,Aventura
5299,Thriller
5299,Misterio
5301,Clásicos
5301,Fantasía
5301,Infantil
5302,Misterio
5302,Thriller
5303,Infantil
5304,Terror
5304,Thriller
5305,Ficción
5305,Romántica
5306,Ficción histórica
5306,Aventura
5307,Fantasía
5308,Ciencia ficción
5308,Juvenil
5309,Misterio
5310,Ciencia ficción
5311,Infantil
5312,Cómic y novela gráfica
5312,Terror
5313,Thriller
5314,Thriller
5315,Ficción
5316,Fantasía
5317,Ciencia ficción
5318,Memorias
5318,Religión y espiritualidad
5319,Misterio
5320,Juvenil
5320,Ficción
5321,Fantasía
5321,Juvenil
5322,Fantasía
5322,Juvenil
5322,Romántica
5323,Romántica
5323,Fantasía
5324,Romántica
5324,Fantasía
5325,Religión y espiritualidad
5325,Historia
5326,Ciencia ficción
5327,Ensayo
5327,No ficción
5328,Fantasía
5328,Juvenil
5329,Fantasía
5330,Ficción
5331,Cómic y novela gráfica
5331,Ciencia ficción
5332,Ciencia ficción
5333,Cómic y novela gráfica
5333,Aventura
5333,Juvenil
5334,Autoayuda
5334,Psicología
5335,Ficción histórica
5335,Fantasía
5336,Biografía
5337,Thriller
5338,Ciencia ficción
5338,Juvenil
5339,Cómic y novela gráfica
5339,Aventura
5340,Misterio
5340,Ciencia ficción
5341,Ciencia ficción
5342,Fantasía
5342,Juvenil
5343,Ciencia ficción
5343,Thriller
5344,Cómic y novela gráfica
5344,Fantasía
5345,Fantasía
5345,Juvenil
5346,Ficción
5347,Ciencia ficción
5347,Fantasía
5348,Ficción histórica
5349,Memorias
5350,Misterio
5350,Juvenil
5351,Infantil
5352,Fantasía
5352,Juvenil
5353,Infantil
5353,Cómic y novela gráfica
5354,Misterio
5354,Clásicos
5355,Ficción
5355,Romántica
5356,Ciencia ficción
5357,Fantasía
5358,Ficción
5358,Clásicos
5359,Thriller
5359,Misterio
5360,Fantasía
5360,Juvenil
5361,Ficción
5361,Romántica
5362,Juvenil
5362,Romántica
5363,Biografía
5363,No ficción
5364,Memorias
5364,Biografía
5365,Thriller
5365,Misterio
5366,Cómic y novela gráfica
5366,Ciencia ficción
5367,Ciencia ficción
5368,Ficción histórica
5369,Memorias
5369,Psicología
5370,Fantasía
5370,Romántica
5371,Ficción histórica
5371,Aventura
5372,Fantasía
5372,Juvenil
5373,Ensayo
5374,Ficción
5375,Romántica
5375,Ficción histórica
5376,No ficción
5376,Historia
5377,Arte
5378,Ficción
5378,Clásicos
5379,Thriller
5379,Misterio
5380,Infantil
5380,Aventura
5381,Ciencia ficción
5381,Juvenil
5382,Aventura
5382,Clásicos
5383,Fantasía
5383,Juvenil
5384,Cómic y novela gráfica
5385,Ficción
5386,Ficción
5386,Clásicos
5387,Religión y espiritualidad
5388,Fantasía
5389,Terror
5389,Clásicos
5390,Fantasía
5390,Juvenil
5391,Juvenil
5391,Ficción
5392,Ficción histórica
5393,Ciencia ficción
5393,Juvenil
5394,Memorias
5394,Biografía
5395,Ficción
5395,Fantasía
5396,Misterio
5396,Ficción
5397,Ficción
5398,Cómic y novela gráfica
5398,Fantasía
5399,Ensayo
5399,No ficción
5400,Infantil
5401,Cómic y novela gráfica
5401,Ciencia ficción
5402,Juvenil
5402,Romántica
5403,Juvenil
5403,Fantasía
5404,Clásicos
5404,Ficción
5405,Juvenil
5405,Fantasía
5406,Juvenil
5406,Ficción
5407,Ficción
5408,Thriller
5408,Misterio
5409,Ficción
5409,Misterio
5410,Fantasía
5410,Romántica
5411,Romántica
5411,Ficción
5412,Ficción
5412,Terror
5413,Arte
5413,Autoayuda
5414,Fantasía
5415,Ciencia ficción
5415,Fantasía
5416,Ficción
5417,Misterio
5417,Thriller
5418,Psicología
5418,No ficción
5419,Ficción
5420,Ciencia
5420,Ensayo
5421,Ficción histórica
5422,Misterio
5422,Thriller
5423,Thriller
5424,Negocios
5424,No ficción
5425,Clásicos
5425,Ficción
5426,Romántica
5426,Deportes
5427,Romántica
5427,Ficción
5428,Ciencia ficción
5429,Fantasía
5430,Ficción
5431,Romántica
5431,Ficción
5432,Juvenil
5432,Fantasía
5433,Ficción histórica
5434,Juvenil
5434,Ficción
5435,Arte
5435,Biografía
5436,Juvenil
5436,Ficción
5437,Clásicos
5437,Aventura
5438,Infantil
5439,No ficción
5439,Ciencia ficción
5440,Juvenil
5440,Ciencia ficción
5441,Terror
5441,Thriller
5442,Ciencia ficción
5442,Fantasía
5443,Aventura
5443,Thriller
5444,Juvenil
5444,Ciencia ficción
5445,Romántica
5445,Ficción
5446,Infantil
5447,Ficción
5448,Ficción
5449,Autoayuda
5449,No ficción
5450,Romántica
5451,Ficción
5452,Juvenil
5452,Ficción
5453,Autoayuda
5453,Cocina
5454,Memorias
5454,No ficción
5455,Aventura
5455,Juvenil
5456,Ficción
5457,Romántica
5458,Clásicos
5458,Ficción
5459,Thriller
5459,Misterio
5460,Ficción
5461,Thriller
5461,Misterio
5462,Ficción histórica
5463,Fantasía
5463,Juvenil
5464,Cómic y novela gráfica
5464,Terror
5465,Romántica
5465,Juvenil
5466,Romántica
5467,Thriller
5468,Misterio
5468,Ficción
5469,Fantasía
5470,Ciencia ficción
5471,Negocios
5471,Autoayuda
5473,Fantasía
5473,Juvenil
5474,Ficción
5474,Juvenil
5475,Fantasía
5475,Juvenil
5475,Ficción histórica
5476,Juvenil
5476,Poesía
5477,Ficción
5478,Ficción
5479,Romántica
5479,Ficción histórica
5480,Terror
5481,Thriller
5482,Ensayo
5483,Negocios
5484,Cómic y novela gráfica
5484,Fantasía
5485,Thriller
5485,Terror
5486,Thriller
5486,Misterio
5487,Autoayuda
5487,Religión y espiritualidad
5488,Ciencia ficción
5488,Juvenil
5489,Fantasía
5489,Juvenil
5490,Fantasía
5490,Infantil
5491,Infantil
5491,Ficción
5492,Infantil
5493,Memorias
5493,Biografía
5494,Fantasía
5495,Negocios
5495,No ficción
5496,Autoayuda
5496,No ficción
5497,Fantasía
5497,Juvenil
5497,Terror
5498,Ciencia ficción
5635,Romántica
5499,Misterio
5499,Thriller
5500,Juvenil
5500,Ficción
5501,Thriller
5502,Cómic y novela gráfica
5502,Fantasía
5502,Juvenil
5503,Romántica
5504,Aventura
5504,Juvenil
5505,Misterio
5505,Clásicos
5506,Ciencia ficción
5507,Thriller
5507,Terror
5508,Misterio
5508,Clásicos
5509,Misterio
5509,Clásicos
5510,Cómic y novela gráfica
5511,Fantasía
5511,Juvenil
5512,Thriller
5512,Romántica
5513,Romántica
5513,Thriller
5514,Memorias
5514,Aventura
5515,Fantasía
5516,Misterio
5516,Juvenil
5517,Romántica
5518,No ficción
5518,Biografía
5519,Ficción
5519,Thriller
5520,Cómic y novela gráfica
5521,Aventura
5521,Thriller
5522,Romántica
5523,Cómic y novela gráfica
5523,Juvenil
5524,Biografía
5524,Música
5525,Thriller
5526,Aventura
5526,Juvenil
5527,Memorias
5527,Viajes
5528,Thriller
5529,Ensayo
5529,Negocios
5530,Romántica
5531,Ensayo
5531,Psicología
5532,Ficción
5532,Juvenil
5533,Fantasía
5533,Romántica
5534,Romántica
5535,Misterio
5535,Juvenil
5536,Fantasía
5536,Infantil
5537,Ensayo
5537,Psicología
5538,Ciencia ficción
5539,Juvenil
5539,Ciencia ficción
5540,Clásicos
5540,Ficción
5541,Ciencia ficción
5541,Juvenil
5542,Terror
5542,Juvenil
5543,Ficción
5544,Ciencia ficción
5544,Juvenil
5545,No ficción
5545,Historia
5546,Romántica
5547,Romántica
5547,Fantasía
5548,Thriller
5548,Misterio
5549,Memorias
5549,Ensayo
5550,Ficción
5550,Clásicos
5551,Ficción histórica
5552,Juvenil
5552,Ficción
5553,Ficción
5554,Fantasía
5555,Romántica
5556,Ficción
5557,Thriller
5558,Thriller
5558,Terror
5559,Fantasía
5560,Fantasía
5561,Ficción histórica
5562,Ciencia ficción
5562,Misterio
5564,Thriller
5564,Aventura
5565,Fantasía
5565,Juvenil
5566,Fantasía
5566,Romántica
5567,Clásicos
5567,Ficción
5568,Misterio
5569,Clásicos
5569,Terror
5570,Terror
5571,Religión y espiritualidad
5572,Romántica
5572,Ficción histórica
5573,Ficción
5574,Ficción histórica
5574,Juvenil
5575,Ciencia ficción
5576,Fantasía
5577,Terror
5578,Ficción
5579,Fantasía
5579,Juvenil
5579,Romántica
5580,Cómic y novela gráfica
5581,Clásicos
5581,Terror
5582,Fantasía
5582,Juvenil
5583,Juvenil
5583,Ficción
5584,Romántica
5585,Misterio
5585,Juvenil
5586,Cómic y novela gráfica
5586,Ciencia ficción
5587,Ficción histórica
5588,Misterio
5589,Ficción histórica
5589,Juvenil
5590,Infantil
5591,Ciencia ficción
5592,Memorias
5592,Biografía
5593,Memorias
5593,Biografía
5594,Romántica
5594,Ficción histórica
5595,Ficción
5596,Clásicos
5596,Ficción histórica
5597,Fantasía
5597,Juvenil
5598,Fantasía
5598,Juvenil
5599,Fantasía
5600,Romántica
5600,Fantasía
5601,Infantil
5602,Romántica
5602,Juvenil
5603,Memorias
5604,Historia
5604,No ficción
5605,Terror
5605,Ciencia ficción
5606,Arte
5607,Aventura
5607,Thriller
5608,Romántica
5609,Fantasía
5609,Romántica
5610,Autoayuda
5610,Negocios
5611,Romántica
5611,Fantasía
5612,Thriller
5612,Terror
5636,Ficción
5636,Juvenil
5613,Thriller
5613,Terror
5614,Ficción
5614,Romántica
5615,Ficción
5616,Ficción
5617,Ficción
5618,Misterio
5618,Romántica
5619,Thriller
5619,Romántica
5620,Ficción
5621,Infantil
5622,Aventura
5622,Juvenil
5623,No ficción
5623,Historia
5624,Misterio
5624,Thriller
5625,Historia
5625,Ensayo
5626,Clásicos
5626,Ficción
5627,Ficción
5627,Memorias
5628,Ficción histórica
5629,Ficción
5630,Ciencia ficción
5631,Romántica
5632,Fantasía
5632,Juvenil
5633,Aventura
5633,Juvenil
5634,No ficción
5634,Historia
5637,Religión y espiritualidad
5637,Clásicos
5638,Romántica
5639,Misterio
5639,Thriller
5640,Autoayuda
5640,Psicología
5641,Misterio
5641,Juvenil
5642,Thriller
5643,Biografía
5643,Religión y espiritualidad
5644,Thriller
5644,Romántica
5645,Fantasía
5645,Juvenil
5646,Romántica
5647,Ficción
5648,Ficción histórica
5649,Romántica
5650,Thriller
5650,Misterio
5651,Romántica
5652,Ciencia ficción
5652,Juvenil
5653,Cómic y novela gráfica
5653,Juvenil
5654,Thriller
5654,Misterio
5655,Thriller
5656,Misterio
5657,Cocina
5658,Memorias
5659,Fantasía
5659,Romántica
5660,Ciencia ficción
5660,Juvenil
5661,Fantasía
5662,Ciencia ficción
5662,Juvenil
5663,Memorias
5663,Música
5664,Biografía
5664,Historia
5665,Misterio
5666,Ciencia ficción
5667,Ficción
5668,Misterio
5669,Thriller
5670,Psicología
5670,No ficción
5671,Fantasía
5672,Fantasía
5673,Ficción
5673,Religión y espiritualidad
5674,Cómic y novela gráfica
5674,Terror
5675,Negocios
5675,Autoayuda
5676,Ciencia ficción
5677,Romántica
5678,Ficción
5679,Cómic y novela gráfica
5680,Thriller
5681,Terror
5681,Juvenil
5682,Memorias
5682,Religión y espiritualidad
8119,Ficción
8119,Juvenil
5683,Infantil
5684,Fantasía
5684,Romántica
5685,Ciencia ficción
5686,Fantasía
5686,Ficción histórica
5687,Ficción
5688,Ficción histórica
5688,Thriller
5689,Fantasía
5689,Juvenil
5690,Ciencia
5690,No ficción
5691,Ficción
5691,Religión y espiritualidad
5692,Thriller
5692,Misterio
5693,Ensayo
5694,Fantasía
5694,Romántica
5695,Fantasía
5696,Ficción
5697,Fantasía
5697,Juvenil
5698,Memorias
5699,Clásicos
5699,Ficción
5700,Ficción
5701,Historia
5701,Biografía
5702,Historia
5702,Ciencia
5703,Memorias
5703,No ficción
5704,Clásicos
5704,Ficción
5705,Thriller
5705,Ficción histórica
5706,Ficción
5706,Romántica
5707,Ciencia ficción
5707,Ficción histórica
5708,Juvenil
5708,Ficción
5709,Ficción
5710,Romántica
5710,Fantasía
5711,Memorias
5711,Religión y espiritualidad
5712,Fantasía
5712,Romántica
5712,Juvenil
5713,Negocios
5713,Autoayuda
5714,Ciencia ficción
5715,Thriller
5715,Aventura
5716,Poesía
5716,Clásicos
5717,Ficción histórica
5717,Religión y espiritualidad
5718,Infantil
5719,Ficción histórica
5719,Ficción
5720,Romántica
5721,Fantasía
5721,Misterio
5722,Fantasía
5722,Terror
5722,Juvenil
5723,Psicología
5723,Autoayuda
5724,Romántica
5724,Juvenil
5725,Infantil
5726,Thriller
5726,Misterio
5727,Autoayuda
5727,Religión y espiritualidad
5728,Fantasía
5728,Romántica
5729,Fantasía
5729,Romántica
5729,Juvenil
5730,Clásicos
5730,Ficción
5731,Infantil
5732,Fantasía
5732,Juvenil
5733,Terror
5733,Juvenil
5734,Ficción histórica
5734,Ficción
5735,Fantasía
5736,Romántica
5736,Juvenil
5737,Ficción
5738,Ficción histórica
5739,Thriller
5739,Ficción histórica
5740,Ficción
5740,Romántica
5741,Ficción
5741,Romántica
5742,Fantasía
5742,Ficción histórica
5743,Thriller
5743,Ficción histórica
5744,Fantasía
5744,Romántica
5745,Cocina
5746,Romántica
5747,Terror
5747,Ciencia ficción
5747,Clásicos
5748,Romántica
5748,Fantasía
5749,Romántica
5749,Fantasía
5750,Thriller
5750,Ciencia ficción
5751,Ficción
5752,Cómic y novela gráfica
5752,Terror
5753,Ciencia ficción
5754,Ficción
5754,Clásicos
5755,Fantasía
5755,Juvenil
5756,Thriller
5757,Fantasía
5757,Juvenil
5758,Thriller
5758,Misterio
5759,Fantasía
5759,Juvenil
5760,Fantasía
5760,Romántica
5761,Psicología
5761,No ficción
5762,Thriller
5762,Misterio
5763,Thriller
5764,Aventura
5764,Thriller
5765,Ciencia
5765,No ficción
5766,Ficción histórica
5767,Infantil
5768,Romántica
5768,Juvenil
5769,Ciencia ficción
5769,Terror
5770,Thriller
5770,Misterio
5771,Thriller
5771,Misterio
5772,Memorias
5772,Ciencia
5773,Cómic y novela gráfica
5773,Terror
5774,Ficción histórica
5775,Thriller
5775,Terror
5776,Ficción histórica
5776,Misterio
5777,Ficción histórica
5777,Misterio
5778,Ficción
5779,Negocios
5779,No ficción
5780,Cómic y novela gráfica
5780,Juvenil
5781,Thriller
5781,Misterio
5782,Ciencia ficción
5783,Ciencia ficción
5783,Clásicos
5784,Ciencia
5784,No ficción
5785,Clásicos
5785,Ficción
5786,Negocios
5786,Autoayuda
5787,Cómic y novela gráfica
5787,Memorias
5788,Memorias
5789,Fantasía
5790,Ficción
5790,Romántica
5791,Fantasía
5791,Misterio
5792,Ficción
8279,Aventura
8279,Juvenil
5793,Fantasía
5793,Juvenil
5794,Memorias
5794,Historia
5795,Terror
5796,Negocios
5796,Autoayuda
5797,Thriller
5797,Misterio
5798,Memorias
5798,No ficción
5799,Thriller
5799,Misterio
5800,Fantasía
5801,Thriller
5801,Misterio
5802,Ficción
5803,Fantasía
5803,Juvenil
5803,Romántica
5804,Ficción
5805,Fantasía
5805,Juvenil
5806,Ensayo
5806,Ciencia
5807,Ficción
5808,Ficción
5809,Biografía
5809,Historia
5810,Ciencia ficción
5810,Juvenil
5811,Fantasía
5811,Juvenil
5811,Romántica
5812,Ensayo
5813,Fantasía
5813,Infantil
5813,Aventura
5814,Fantasía
9324,Ficción
5815,Fantasía
5815,Juvenil
5815,Romántica
5816,Infantil
5817,Ficción
5817,Romántica
5818,Romántica
5818,Thriller
5819,Thriller
5820,Ensayo
5821,Romántica
5822,Misterio
5822,Juvenil
5823,Ficción
5824,Romántica
5825,Misterio
5825,Thriller
5826,Misterio
5826,Ficción
5827,Ficción histórica
5827,Infantil
5828,Thriller
5829,Misterio
5829,Thriller
5830,Clásicos
5830,Infantil
5831,Psicología
5831,No ficción
5832,Romántica
5833,Memorias
5833,No ficción
5834,Thriller
5835,Ficción histórica
5836,Misterio
5836,Thriller
5837,Fantasía
5838,Ciencia ficción
5839,Thriller
5840,Clásicos
5841,Cocina
5842,Fantasía
5842,Juvenil
5842,Romántica
5843,Ciencia ficción
5843,Thriller
5844,Misterio
5845,Autoayuda
5846,Ciencia ficción
5846,Fantasía
5847,Cómic y novela gráfica
5847,Fantasía
5848,Fantasía
5849,Cómic y novela gráfica
5849,Ficción
5850,Romántica
5851,Ficción
5852,Ficción
5853,Clásicos
5853,Poesía
5854,Romántica
5855,Fantasía
5855,Juvenil
5856,Romántica
5856,Fantasía
5857,Fantasía
5857,Juvenil
5858,Misterio
5859,Infantil
5860,Infantil
5861,Misterio
5862,Romántica
5863,Memorias
5864,Infantil
5865,Ficción
5866,Romántica
5867,Fantasía
5868,Ficción
5869,Autoayuda
5869,Memorias
5870,Misterio
5870,Clásicos
5871,Romántica
5871,Fantasía
5872,Clásicos
5872,Ficción
5873,Negocios
5874,Fantasía
5874,Terror
5875,Fantasía
5875,Juvenil
5876,Thriller
5877,Ciencia ficción
5877,Fantasía
5878,Infantil
5879,Cómic y novela gráfica
5880,Fantasía
5880,Juvenil
5881,Ficción
5882,Ensayo
5882,Memorias
5883,Fantasía
5883,Juvenil
5884,Fantasía
5885,Historia
5886,Romántica
5886,Ficción histórica
5887,Juvenil
5887,Romántica
5888,Romántica
5889,Romántica
5889,Fantasía
5890,Ciencia ficción
5890,Juvenil
5891,Thriller
5892,Romántica
5892,Fantasía
5893,Juvenil
5893,Terror
5894,Thriller
5895,Misterio
5896,Romántica
5897,Ciencia ficción
5897,Terror
5898,Infantil
5899,Romántica
5899,Ficción histórica
5900,Juvenil
5901,Ciencia ficción
5902,Fantasía
5902,Romántica
5903,No ficción
5903,Ensayo
5904,Romántica
5905,Misterio
5905,Ficción
5906,Ensayo
5907,Clásicos
5907,Ficción
5908,Clásicos
5908,Ficción
5909,Ficción
5909,Religión y espiritualidad
5910,Ficción
5911,Ficción
5912,Romántica
5912,Ficción histórica
5913,Juvenil
5913,Ficción
5914,Ficción
5915,Clásicos
5915,Ficción
5916,Ficción
5917,Romántica
5918,Ficción
5919,Religión y espiritualidad
5920,Thriller
5920,Misterio
5921,Ciencia ficción
5922,Romántica
5922,Ficción histórica
5923,Cómic y novela gráfica
5923,Fantasía
5924,Ficción
5925,Ficción
5926,Ficción histórica
5927,Ficción
5928,Fantasía
5928,Terror
5929,Ficción
5930,Ficción
5931,Clásicos
5931,Ficción
5932,Ficción
5933,Ficción
5934,Misterio
5935,Ficción
5936,Thriller
5937,No ficción
5937,Historia
5938,No ficción
5938,Cocina
5939,Juvenil
5939,Ficción
5940,Clásicos
5940,Poesía
5941,Thriller
5942,Ficción
5943,Juvenil
5943,Ficción
5944,No ficción
5944,Historia
5945,Terror
5945,Ciencia ficción
5946,Fantasía
5946,Juvenil
5947,Ficción
5948,Ficción
5949,Terror
5949,Ficción
5950,Ficción
5974,Fantasía
5974,Juvenil
5951,Fantasía
5952,Thriller
5952,Misterio
5953,Ciencia ficción
5953,Juvenil
5954,Terror
5955,Autoayuda
5956,Fantasía
5956,Misterio
5957,Fantasía
5957,Aventura
5958,Ficción
5959,Infantil
5959,Ficción histórica
5960,Fantasía
5961,Clásicos
5961,Ficción
5962,Misterio
5962,Juvenil
5963,Fantasía
5963,Infantil
5964,Ficción
5964,Romántica
5965,Fantasía
5965,Juvenil
5966,Thriller
5967,Misterio
5967,Infantil
5968,Religión y espiritualidad
5970,Romántica
5971,Cómic y novela gráfica
5971,Infantil
5972,Poesía
5972,Infantil
5972,Clásicos
5973,Ficción
5975,Thriller
5975,Aventura
5976,Cómic y novela gráfica
5976,Terror
5977,Ficción histórica
5978,Ensayo
5979,Ciencia ficción
5979,Ficción
5980,Cómic y novela gráfica
5981,Fantasía
5981,Juvenil
5982,Ciencia ficción
5983,Ficción
5983,Religión y espiritualidad
5984,Misterio
5984,Juvenil
5985,Fantasía
5985,Juvenil
5986,Cómic y novela gráfica
5986,Fantasía
5987,Thriller
5988,Clásicos
5988,Infantil
5989,Fantasía
5989,Juvenil
5990,Ficción histórica
5991,Infantil
5992,Deportes
5992,Memorias
5993,Cómic y novela gráfica
5993,Fantasía
5994,Ficción
5995,Psicología
5995,Autoayuda
5996,Negocios
5997,Romántica
5997,Juvenil
5998,Romántica
5999,Thriller
6000,Ficción histórica
6000,Romántica
6001,Romántica
6002,Fantasía
6002,Ciencia ficción
6003,Infantil
6004,Romántica
6005,Fantasía
6006,Infantil
6007,Ficción
6008,Fantasía
6008,Romántica
6009,Fantasía
6009,Juvenil
6010,Aventura
6010,Juvenil
6011,Memorias
6011,Ciencia
6012,Ficción
6013,Ciencia ficción
6014,Ficción
6014,Misterio
6015,Ciencia ficción
6015,Thriller
6016,Fantasía
6016,Juvenil
6016,Romántica
6017,Misterio
6017,Clásicos
6018,Ficción
6019,Ficción
6020,Romántica
6020,Ficción histórica
6021,Memorias
6021,Cocina
6022,Poesía
6022,Clásicos
6023,Romántica
6023,Ficción histórica
6024,Ficción histórica
6025,Misterio
6025,Clásicos
6026,Romántica
6027,Cómic y novela gráfica
6027,Juvenil
6028,Ficción
6029,Romántica
6029,Ficción histórica
6030,Ficción histórica
6031,Ficción
6031,Juvenil
6032,Autoayuda
6032,Religión y espiritualidad
6033,Ficción histórica
6034,Juvenil
6034,Ficción
6035,Romántica
6035,Ficción histórica
6036,Ficción
6037,Ensayo
6037,No ficción
6038,Historia
6038,No ficción
6039,Infantil
6040,Fantasía
6040,Juvenil
6040,Misterio
6041,Ficción
6041,Thriller
6042,Ficción histórica
6043,Ficción
6043,Misterio
6044,Romántica
6045,Ficción
6045,Clásicos
6046,Biografía
6046,Ciencia
6047,Ficción histórica
6048,Fantasía
6048,Romántica
6049,Ficción
6050,Ficción
6051,Aventura
6051,Juvenil
6052,Fantasía
6052,Juvenil
6053,Fantasía
6053,Juvenil
6054,Ficción
6055,Ficción
6055,Clásicos
6056,Fantasía
6056,Juvenil
6057,Memorias
6057,Biografía
6058,Fantasía
6059,Thriller
6060,Psicología
6060,No ficción
6061,Infantil
6061,Aventura
6062,Religión y espiritualidad
6062,Ensayo
6063,Clásicos
6063,Aventura
6064,Historia
6064,No ficción
6065,Ciencia
6065,No ficción
6066,Ficción
6067,Romántica
6068,Thriller
6069,Ficción
6070,Ficción
6070,Juvenil
6071,Autoayuda
6072,Romántica
6073,Terror
6073,Thriller
6074,Ciencia ficción
6075,Fantasía
6075,Romántica
6076,Ficción histórica
6077,Cómic y novela gráfica
6077,Fantasía
6078,Misterio
6079,Fantasía
6079,Ficción histórica
6080,Fantasía
6081,Romántica
6082,Ciencia ficción
6083,Fantasía
6084,Infantil
6085,Ciencia ficción
6086,Fantasía
6086,Juvenil
6087,Misterio
6088,Ficción histórica
6089,Religión y espiritualidad
6089,Biografía
6090,Ficción histórica
6091,Fantasía
6091,Romántica
6092,Infantil
6093,Infantil
6094,Memorias
6094,Biografía
6095,Autoayuda
6095,Negocios
6096,Ficción histórica
6097,Infantil
6098,Romántica
6099,Romántica
6100,Romántica
6101,Ensayo
6101,Clásicos
6102,Fantasía
6102,Infantil
6103,Romántica
6104,Clásicos
6104,Ficción
6105,Ficción
6106,Infantil
6107,Ficción histórica
6108,Cómic y novela gráfica
6108,Fantasía
6108,Juvenil
6109,Misterio
6109,Ficción
6110,Cocina
6112,Memorias
6112,No ficción
6113,Thriller
6113,Misterio
6114,Ficción
6115,Fantasía
6115,Juvenil
6116,Ficción
6117,Thriller
6117,Misterio
6118,Fantasía
6119,Clásicos
6120,Ficción
6121,Romántica
6121,Ficción
6122,Juvenil
6122,Ficción
6123,Ciencia ficción
6124,Juvenil
6124,Ficción
6125,Ficción
6126,Ciencia ficción
6127,Romántica
6128,Clásicos
6128,Ficción
6129,Thriller
6129,Romántica
6130,Ciencia ficción
6130,Terror
6131,Historia
6131,No ficción
6132,Misterio
6132,Aventura
6133,Aventura
6133,Juvenil
6134,Thriller
6135,Fantasía
6136,Fantasía
6136,Juvenil
6137,Ficción
6138,Misterio
6138,Juvenil
6139,Ficción histórica
6140,Thriller
6141,Fantasía
6141,Juvenil
6142,Ficción
6143,Fantasía
6144,Fantasía
6145,Romántica
6145,Deportes
6146,Misterio
6146,Thriller
6147,No ficción
6147,Misterio
6148,Thriller
6148,Misterio
6149,Autoayuda
6149,Psicología
6150,Ciencia ficción
6151,Thriller
6151,Misterio
6153,Misterio
6154,Ficción
6155,Clásicos
6155,Ficción
6156,Ensayo
6156,Religión y espiritualidad
6157,Ensayo
6157,Viajes
6158,Romántica
6158,Ficción histórica
6159,Thriller
6160,Ficción
6161,Misterio
6161,Thriller
6162,Romántica
6162,Ficción histórica
6163,Misterio
6164,Juvenil
6164,Ciencia ficción
6165,Thriller
6165,Ciencia ficción
6166,Religión y espiritualidad
6167,Clásicos
6167,Thriller
6168,Memorias
6169,Ciencia ficción
6170,Memorias
6170,Autoayuda
6171,Cómic y novela gráfica
6171,Terror
6172,Thriller
6173,Ensayo
6173,Historia
6174,Thriller
6174,Deportes
6175,Juvenil
6175,Fantasía
6176,Romántica
6176,Juvenil
6177,Ficción
6178,Romántica
6178,Juvenil
6179,Ficción histórica
6180,Ficción
6181,Ficción
6183,Infantil
6183,Fantasía
6184,Ficción
6185,Thriller
6186,Cómic y novela gráfica
6186,Terror
6187,Clásicos
6187,Misterio
6188,Ciencia ficción
6189,Infantil
6189,Fantasía
6190,Clásicos
6190,Ficción
6191,Ficción
6192,Thriller
6192,Ficción histórica
6193,Romántica
6193,Fantasía
6195,Clásicos
6195,Ficción
6196,Cómic y novela gráfica
6196,Terror
6197,Infantil
6197,Fantasía
6198,Ficción
6199,Ciencia ficción
6200,Thriller
6201,Juvenil
6201,Ficción
6202,Ensayo
6202,Religión y espiritualidad
6203,Romántica
6203,Fantasía
6250,Ficción
6204,Ciencia
6204,Religión y espiritualidad
6205,Romántica
6206,Thriller
6207,Ciencia ficción
6208,Romántica
6209,Juvenil
6209,Romántica
6210,Romántica
6210,Ficción histórica
6211,Misterio
6211,Clásicos
6212,Misterio
6212,Clásicos
6213,Thriller
6214,Ciencia ficción
6214,Juvenil
6215,Ficción histórica
6216,Ficción
6217,Cómic y novela gráfica
6217,Juvenil
6218,Fantasía
6219,Ciencia
6219,No ficción
6220,Psicología
6220,Ciencia
6222,Romántica
6222,Juvenil
6223,Thriller
6223,Aventura
6224,No ficción
6224,Juvenil
6225,Ensayo
6225,No ficción
6226,Juvenil
6226,Ficción
6227,Ficción
6227,Música
6228,Fantasía
6229,Ciencia ficción
6229,Terror
6230,Juvenil
6230,Ficción
6231,Biografía
6231,Historia
6232,Misterio
6233,Infantil
6233,Fantasía
6234,Ficción
6235,Infantil
6235,Fantasía
6236,Ciencia ficción
6237,Thriller
6238,Thriller
6238,Ficción histórica
6239,Fantasía
6239,Juvenil
6239,Romántica
6240,Religión y espiritualidad
6241,Memorias
6242,Ficción
6243,Thriller
6244,Fantasía
6244,Juvenil
6245,Memorias
6246,Fantasía
6247,Infantil
6248,Fantasía
6248,Juvenil
6249,Cómic y novela gráfica
6251,No ficción
6251,Deportes
6252,Ciencia ficción
6253,Fantasía
6253,Ficción histórica
6254,Fantasía
6255,No ficción
6255,Autoayuda
6256,Fantasía
6256,Terror
6257,No ficción
6257,Ensayo
6258,Psicología
6258,Autoayuda
6259,Ficción
6259,Thriller
6260,Fantasía
6261,Ficción
6262,Infantil
6263,Juvenil
6263,Thriller
6264,Ficción histórica
6265,Clásicos
6265,Ficción
6266,Juvenil
6266,Ciencia ficción
6267,Romántica
6267,Thriller
6268,Romántica
6269,Romántica
6269,Fantasía
6270,Juvenil
6270,Ciencia ficción
6271,Romántica
6271,Ficción histórica
6272,Ensayo
6273,Clásicos
6273,Ficción
6274,No ficción
6274,Ensayo
6275,Juvenil
6275,Terror
6276,Ficción
6277,Thriller
6277,Misterio
6278,Clásicos
6278,Misterio
6279,Juvenil
6279,Aventura
6280,Terror
6281,Thriller
6282,Infantil
6282,Fantasía
6284,Fantasía
6285,Memorias
6285,Biografía
6286,Romántica
6287,Memorias
6287,No ficción
6288,Ficción
6289,Romántica
6289,Thriller
6290,Cómic y novela gráfica
6290,Juvenil
6291,Biografía
6291,Ficción histórica
6292,Fantasía
6293,Ficción
6293,Romántica
6294,Thriller
6295,Misterio
6295,Thriller
6296,Fantasía
6296,Juvenil
6297,Infantil
6298,Poesía
6299,Ficción histórica
6300,Ficción
6301,Juvenil
6301,Terror
6302,Clásicos
6302,Ficción
6303,Romántica
6304,Thriller
6304,Misterio
6305,Cocina
6306,Thriller
6307,Ficción
6308,Fantasía
6308,Juvenil
6309,Fantasía
6310,Ficción
6311,Infantil
6312,Cómic y novela gráfica
6313,Romántica
6314,Misterio
6314,Clásicos
6315,Ficción
6315,Ciencia ficción
6316,Ensayo
6316,Religión y espiritualidad
6317,Historia
6317,No ficción
6318,Ciencia ficción
6319,Thriller
6320,Ficción
6321,Thriller
6321,Misterio
6322,Ficción
6323,Terror
6324,Thriller
6325,Thriller
6325,Romántica
6326,Clásicos
6326,Ficción
6327,No ficción
6327,Historia
6328,Ficción
6328,Romántica
6329,Ficción
6330,Fantasía
6331,Cómic y novela gráfica
6332,Fantasía
6332,Juvenil
6333,Ficción histórica
6334,Infantil
6335,Ficción histórica
6336,Misterio
6337,Biografía
6337,Memorias
6338,Thriller
6339,Romántica
6340,Ciencia ficción
6341,Cómic y novela gráfica
6342,Ficción
6343,Romántica
6343,Juvenil
6344,Thriller
6345,Infantil
6346,Fantasía
6346,Juvenil
6347,Infantil
6348,Autoayuda
6348,Ensayo
6349,Thriller
6349,Aventura
6350,Fantasía
6350,Juvenil
6351,Viajes
6351,Memorias
6352,Thriller
6352,Misterio
6353,Fantasía
6354,Clásicos
6354,Ficción
6355,Ficción
6356,Fantasía
6357,Thriller
6358,Ficción histórica
6359,Infantil
6359,Aventura
6360,Ficción
6361,Cómic y novela gráfica
6362,Cómic y novela gráfica
6362,Romántica
6363,No ficción
6363,Negocios
6364,Ficción
6364,Misterio
6365,Romántica
6366,Cómic y novela gráfica
6366,Memorias
6367,Ficción histórica
6368,Fantasía
6368,Juvenil
6369,Ciencia ficción
6370,Romántica
6370,Thriller
6371,Fantasía
6371,Ficción histórica
6372,Romántica
6372,Thriller
6373,Infantil
6374,Fantasía
6374,Juvenil
6375,Ficción histórica
6376,Thriller
6376,Misterio
6377,Thriller
6378,Cómic y novela gráfica
6378,Romántica
6379,Terror
6379,Thriller
6380,Fantasía
6381,Ficción
6382,Ficción
6382,Clásicos
6383,Ficción
6384,Psicología
6384,Ensayo
6385,Terror
6385,Clásicos
6386,Ciencia ficción
6387,Fantasía
6387,Juvenil
6388,Juvenil
6388,Romántica
6389,Ficción
6390,Autoayuda
6390,Religión y espiritualidad
6391,Juvenil
6391,Romántica
6392,Ficción
6392,Clásicos
6393,Autoayuda
6393,Juvenil
6395,Infantil
6396,Fantasía
6396,Juvenil
6397,Fantasía
6397,Misterio
6398,Negocios
6398,No ficción
6399,Ficción
6400,Música
6400,Biografía
6401,No ficción
6401,Ciencia
6402,Juvenil
6402,Romántica
6403,Juvenil
6403,No ficción
6404,Infantil
6405,Ficción
6406,Ficción
6407,Fantasía
6408,Cómic y novela gráfica
6408,Romántica
6409,Infantil
6410,Autoayuda
6410,Religión y espiritualidad
6411,Cómic y novela gráfica
6411,Fantasía
6412,Romántica
6413,Ficción
6414,Autoayuda
6414,Religión y espiritualidad
6415,Romántica
6416,Romántica
6417,Clásicos
6417,Ficción
6418,Ciencia ficción
6419,Cómic y novela gráfica
6420,Ciencia ficción
6420,Religión y espiritualidad
6421,Fantasía
6421,Juvenil
6422,Thriller
6422,Misterio
6423,Fantasía
6423,Juvenil
6424,Romántica
6425,Ficción histórica
6426,Autoayuda
6426,Psicología
6427,Infantil
6427,Aventura
6428,Fantasía
6428,Juvenil
6429,Misterio
6429,Juvenil
6430,Clásicos
6430,Ficción
6431,Ciencia ficción
6432,Ficción histórica
6432,Misterio
6433,Fantasía
6433,Juvenil
6434,Juvenil
6434,Aventura
6435,Historia
6435,Ciencia
6437,Ficción histórica
6437,Religión y espiritualidad
6438,Ficción
6439,Thriller
6440,Ciencia ficción
6441,Negocios
6441,Autoayuda
6442,Poesía
6442,Clásicos
6443,Ficción
6444,Cómic y novela gráfica
6444,Thriller
6445,Cómic y novela gráfica
6445,Ciencia ficción
6446,Ficción histórica
6447,Ficción
6448,Fantasía
6448,Juvenil
6449,Cómic y novela gráfica
6449,Romántica
6450,Viajes
6450,Memorias
6451,Ficción histórica
6451,Romántica
6452,Cómic y novela gráfica
6452,Juvenil
6453,Viajes
6453,Memorias
6454,Ficción
6455,Poesía
6455,Clásicos
6456,Clásicos
6456,Terror
6457,Religión y espiritualidad
6459,Romántica
6459,Fantasía
6460,Ficción
6461,Cómic y novela gráfica
6461,Ciencia ficción
6462,Fantasía
6462,Juvenil
6463,Negocios
6463,No ficción
6464,Romántica
6464,Juvenil
6465,Terror
6465,Ciencia ficción
6466,Ficción
6466,Juvenil
6467,Ficción
6468,Cómic y novela gráfica
6468,Aventura
6469,Religión y espiritualidad
6469,Autoayuda
6470,Ficción
6470,Juvenil
6471,Historia
6471,Biografía
6472,Fantasía
6473,Ficción histórica
6474,Ficción
6475,Ficción
6476,Romántica
6477,Fantasía
6477,Juvenil
6478,Ciencia ficción
6478,Juvenil
6479,Thriller
6479,Misterio
6480,Ficción histórica
6481,Ficción
6482,Thriller
6483,Ficción
6484,Ciencia ficción
6484,Fantasía
6485,Ciencia
6485,No ficción
6486,Thriller
6486,Misterio
6487,No ficción
6487,Negocios
6488,Misterio
6489,Ciencia ficción
6489,Juvenil
6490,Ciencia ficción
6490,Juvenil
6491,Memorias
6491,Ensayo
6492,Fantasía
6493,Romántica
6494,Romántica
6494,Thriller
6495,Aventura
6495,Infantil
6496,Ficción histórica
6496,Thriller
6497,Fantasía
6498,Infantil
6499,Clásicos
6499,Misterio
6500,Ficción
6501,Clásicos
6501,Misterio
6502,Clásicos
6502,Fantasía
6503,Ficción
6503,Juvenil
6504,Fantasía
6504,Terror
6505,Clásicos
6505,Romántica
6506,Ficción
6507,Terror
6507,Thriller
6508,Cómic y novela gráfica
6508,Terror
6509,Ciencia ficción
6510,Thriller
6510,Misterio
6511,Fantasía
6511,Juvenil
6512,Misterio
6513,Romántica
6513,Fantasía
6514,Infantil
6515,Ciencia ficción
6515,Juvenil
6516,Misterio
6516,Thriller
6517,Ciencia ficción
6517,Thriller
6518,No ficción
6519,Thriller
6520,Misterio
6521,Ficción
6521,Clásicos
6522,Thriller
6522,Juvenil
6523,Misterio
6524,Religión y espiritualidad
6524,Clásicos
6525,Romántica
6526,Infantil
6527,Cómic y novela gráfica
6527,Ciencia ficción
6528,Ficción
6529,Misterio
6529,Thriller
6530,Clásicos
6530,Ficción
6531,Fantasía
6531,Juvenil
6532,Terror
6532,Juvenil
6533,Thriller
6534,Misterio
6534,Fantasía
6535,Ficción
6536,Fantasía
6537,Fantasía
6537,Infantil
6538,Fantasía
6539,Thriller
6540,Romántica
6540,Ficción histórica
6541,Fantasía
6541,Juvenil
6542,Romántica
6543,Deportes
6543,No ficción
6544,Ficción histórica
6545,Religión y espiritualidad
6545,Autoayuda
6546,Ficción histórica
6547,Memorias
6547,Historia
6548,Psicología
6548,Autoayuda
6549,Thriller
6549,Misterio
6550,Ciencia ficción
6550,Juvenil
6551,Fantasía
6552,Ficción
6553,Clásicos
6553,Ficción
6554,Fantasía
6555,Terror
6555,Ciencia ficción
6556,Infantil
6557,Cómic y novela gráfica
6557,Fantasía
6558,Ciencia ficción
6559,Memorias
6559,Biografía
6560,Romántica
6561,Thriller
6562,Aventura
6562,Juvenil
6563,Fantasía
6563,Juvenil
6563,Romántica
6564,No ficción
6564,Historia
6565,Ficción
6565,Juvenil
6566,Ficción
6567,Ciencia
6568,Cómic y novela gráfica
6568,Aventura
6569,Misterio
6569,Ficción histórica
6570,Autoayuda
6571,Aventura
6571,Juvenil
6572,Ensayo
6572,Arte
6573,Autoayuda
6574,Cómic y novela gráfica
6574,Misterio
6575,Ensayo
6575,Religión y espiritualidad
6576,Cómic y novela gráfica
6576,Fantasía
6577,Ficción histórica
6578,Fantasía
6579,Ficción
6580,Misterio
6581,Fantasía
6583,Memorias
6583,Negocios
6584,Thriller
6584,Misterio
6585,Thriller
6585,Ciencia ficción
6586,Arte
6587,Ficción histórica
6588,Memorias
6589,Aventura
6589,Thriller
6590,Cómic y novela gráfica
6591,Ficción
6592,Terror
6593,No ficción
6593,Religión y espiritualidad
6594,Thriller
6595,Infantil
6595,Fantasía
6597,Fantasía
6597,Juvenil
6598,Fantasía
6599,No ficción
6599,Ciencia
6600,Ensayo
6600,No ficción
6601,Fantasía
6602,Fantasía
6603,Ensayo
6603,No ficción
6604,Aventura
6604,Ficción histórica
6605,Psicología
6605,Autoayuda
6606,Cómic y novela gráfica
6607,Clásicos
6607,Ficción
6608,Fantasía
6608,Infantil
6609,No ficción
6609,Ciencia
6610,Misterio
6611,Cómic y novela gráfica
6612,Historia
6612,Ciencia
6613,Biografía
6613,Religión y espiritualidad
6615,Ficción
6615,Clásicos
6616,Ciencia ficción
6616,Juvenil
6617,Autoayuda
6617,Religión y espiritualidad
6618,Infantil
6619,Thriller
6619,Misterio
6620,Ciencia
6620,No ficción
6621,Thriller
6621,Misterio
6622,Cómic y novela gráfica
6623,Ficción
6623,Thriller
6624,Fantasía
6624,Juvenil
6625,Ficción
6626,Cocina
6627,Misterio
6627,Ficción histórica
6628,Fantasía
6628,Juvenil
6629,Ficción
6629,Clásicos
6630,Cómic y novela gráfica
6631,Memorias
6631,Romántica
6632,Infantil
6633,Ficción
6633,Clásicos
6634,Ficción
6635,Fantasía
6635,Juvenil
6635,Romántica
6636,Ficción
6637,Memorias
6638,Thriller
6638,Misterio
6639,Psicología
6639,Ensayo
6640,Fantasía
6640,Juvenil
6641,Romántica
6642,Cómic y novela gráfica
6642,Terror
6643,Juvenil
6643,Ficción
6644,Memorias
6645,Infantil
6646,Thriller
6646,Misterio
6647,Infantil
6648,Poesía
6649,Terror
6649,Juvenil
6650,Ciencia ficción
6651,Cómic y novela gráfica
6651,Fantasía
6652,Fantasía
6652,Juvenil
6652,Terror
6653,Fantasía
6654,Historia
6654,Biografía
6655,Juvenil
6655,Ficción
6656,Infantil
6657,Romántica
6658,Fantasía
6658,Juvenil
6658,Terror
6659,Música
6659,No ficción
6660,Misterio
6660,Juvenil
6661,Fantasía
6662,Ficción
6662,Clásicos
6663,Cocina
6664,Clásicos
6664,Ficción
6665,Ficción histórica
6666,Fantasía
6666,Juvenil
6666,Romántica
6667,Fantasía
6667,Romántica
6668,Thriller
6669,Terror
6669,Fantasía
6670,Memorias
6670,Psicología
6671,Ciencia ficción
6671,Juvenil
6672,Thriller
6673,Fantasía
6674,Ficción
6674,Juvenil
6675,Ficción
6676,Romántica
6677,Memorias
6677,No ficción
6678,Fantasía
6680,Romántica
6680,Juvenil
6681,Ficción histórica
6681,Fantasía
6682,Ficción histórica
6683,Fantasía
6683,Juvenil
6684,Misterio
6685,Thriller
6686,Thriller
6686,Terror
6687,Memorias
6688,Ficción histórica
6689,Fantasía
6689,Romántica
6690,Thriller
6690,Ficción histórica
6691,Fantasía
6692,Clásicos
6692,Ficción
6693,No ficción
6693,Misterio
6694,Misterio
6694,Thriller
6695,Thriller
6696,Ficción
6697,Infantil
6698,Thriller
6698,Misterio
6699,Thriller
6700,Romántica
6701,Fantasía
6702,Infantil
6703,Fantasía
6703,Romántica
6704,Ficción
6705,Misterio
6705,Juvenil
6706,Ficción histórica
6706,Misterio
6707,Ficción
6708,Infantil
6709,Ciencia ficción
6710,Ficción
6710,Juvenil
6711,Romántica
6711,Thriller
6712,Memorias
6712,Deportes
6713,Ficción histórica
6713,Thriller
6714,Historia
6714,No ficción
6715,Thriller
6716,Infantil
6716,Ficción
6717,Fantasía
6717,Juvenil
6718,Romántica
6718,Ficción
6719,Fantasía
6720,Cómic y novela gráfica
6720,Terror
6721,Ficción histórica
6721,Juvenil
6722,Ciencia ficción
6722,Juvenil
6723,Ficción
6724,Infantil
6725,Fantasía
6726,Ficción
6727,Clásicos
6727,Ficción
6728,Ficción histórica
6728,Thriller
6729,Ficción
6730,Cómic y novela gráfica
6730,Juvenil
6731,Fantasía
6731,Romántica
6732,Clásicos
6732,Aventura
6733,Ciencia ficción
6733,Juvenil
6734,Fantasía
6734,Juvenil
6735,Fantasía
6735,Juvenil
6736,Poesía
6737,Ficción
6738,Cómic y novela gráfica
6738,Fantasía
6739,Romántica
6740,Misterio
6740,Thriller
6741,Romántica
6741,Ficción histórica
6742,Thriller
6743,Fantasía
6744,Fantasía
6745,Ficción
6746,Viajes
6746,No ficción
6747,Terror
6747,Juvenil
6748,No ficción
6748,Viajes
6749,Infantil
6749,Aventura
6750,Ensayo
6751,Historia
6751,No ficción
6752,Ficción histórica
6753,Ciencia ficción
6753,Fantasía
6754,Ficción histórica
6754,Juvenil
6755,Aventura
6755,Juvenil
6756,Fantasía
6756,Juvenil
6757,Romántica
6758,Terror
6759,Fantasía
6759,Juvenil
6760,Thriller
6760,Ficción histórica
6761,Romántica
6762,Thriller
6762,Ciencia ficción
6763,Thriller
6763,Ciencia ficción
6764,Memorias
6765,Fantasía
6765,Juvenil
6766,Romántica
6766,Ficción histórica
6767,Misterio
6768,Clásicos
6768,Ficción
6769,Misterio
6769,Ficción
6770,Ficción
6772,Poesía
6772,Clásicos
6773,Ciencia ficción
6773,Juvenil
6774,Fantasía
6774,Misterio
6775,Cómic y novela gráfica
6775,Juvenil
6776,Fantasía
6777,Ficción
6778,Infantil
6779,Terror
6779,Thriller
6780,Fantasía
6780,Juvenil
6781,Ciencia
6781,No ficción
6782,Religión y espiritualidad
6782,Autoayuda
6783,Fantasía
6783,Romántica
6783,Juvenil
6784,No ficción
6785,Biografía
6786,Thriller
6786,Misterio
6787,Clásicos
6787,Ficción
6788,Clásicos
6788,Ficción
6789,Romántica
6789,Ficción
6790,Thriller
6791,Ficción
6792,Fantasía
6792,Juvenil
6793,Ficción histórica
6795,Ficción
6796,Thriller
6796,Misterio
6797,Fantasía
6798,Ciencia ficción
6799,Ficción histórica
6800,Terror
6800,Juvenil
6801,Juvenil
6801,Ciencia ficción
6802,Misterio
6802,Thriller
6803,Romántica
6803,Juvenil
6804,Ensayo
6804,No ficción
6805,Ciencia ficción
6805,Juvenil
6806,Ficción
6807,Terror
6807,Thriller
6808,Ficción histórica
6809,Thriller
6810,Ficción histórica
6811,Fantasía
6812,Fantasía
6812,Romántica
6813,Ficción
6813,Juvenil
6814,Ciencia ficción
6815,Ciencia ficción
6815,Juvenil
6816,Misterio
6816,Fantasía
6817,Cómic y novela gráfica
6817,Fantasía
6818,Ficción histórica
6819,Ficción
6819,Romántica
6820,Ensayo
6820,Historia
6821,Thriller
6822,Clásicos
6822,Ciencia ficción
6823,Ficción
6823,Religión y espiritualidad
6824,Biografía
6824,Arte
6825,Autoayuda
6825,Religión y espiritualidad
6826,Misterio
6826,Thriller
6827,Ficción
6828,Fantasía
6828,Ficción
6829,Memorias
6829,No ficción
6830,Fantasía
6831,Thriller
6832,Arte
6832,Historia
6833,Terror
6834,Fantasía
6834,Juvenil
6834,Romántica
6835,Misterio
6836,Romántica
6838,Fantasía
6838,Ficción histórica
6839,Ficción
6839,Juvenil
6840,Ficción
6841,Infantil
6864,Fantasía
6864,Romántica
6842,Clásicos
6842,Aventura
6842,Ficción histórica
6843,Thriller
6844,Ficción
6845,Fantasía
6846,Cómic y novela gráfica
6846,Fantasía
6847,Fantasía
6847,Juvenil
6848,Aventura
6848,Juvenil
6849,Romántica
6849,Ficción
6850,Infantil
6851,Thriller
6852,Ciencia ficción
6852,Ficción
6853,Misterio
6853,Aventura
6854,Thriller
6854,Misterio
6855,Fantasía
6856,Biografía
6856,Memorias
6857,Ciencia
6857,Ensayo
6858,Misterio
6859,Aventura
6859,Juvenil
6860,Infantil
6861,Ciencia ficción
6861,Juvenil
6862,Cómic y novela gráfica
6862,Biografía
6862,Historia
6863,Ficción
6863,Clásicos
6865,Thriller
6865,Ficción
6866,Memorias
6866,No ficción
6867,Ficción
6867,Clásicos
6868,Autoayuda
6869,Thriller
6870,Ficción
6871,Ficción histórica
6871,Misterio
6872,Misterio
6872,Thriller
6873,Fantasía
6873,Juvenil
6874,Romántica
6874,Fantasía
6875,Cocina
6876,Ficción
6876,Clásicos
6877,Ficción
6877,Clásicos
6878,Thriller
6878,Misterio
6879,Memorias
6879,Biografía
6880,Ensayo
6880,No ficción
6881,Romántica
6881,Juvenil
6882,Ensayo
6882,No ficción
6883,Ficción histórica
6883,Romántica
6884,Biografía
6885,Memorias
6885,Biografía
6886,Religión y espiritualidad
6887,Fantasía
6888,Aventura
6888,Thriller
6889,Ficción
6890,Cómic y novela gráfica
6891,Fantasía
6892,Ficción
6893,Memorias
6893,Biografía
6894,Religión y espiritualidad
6894,Autoayuda
6895,Ficción
6896,Clásicos
6896,Ensayo
6897,Romántica
6898,Clásicos
6898,Infantil
6899,Fantasía
6900,Romántica
6900,Juvenil
6901,Ciencia ficción
6901,Juvenil
6902,Religión y espiritualidad
6902,Autoayuda
6903,Thriller
6904,Romántica
6905,Biografía
6906,Fantasía
6906,Juvenil
6907,Thriller
6907,Misterio
6908,Thriller
6909,Clásicos
6909,Ficción
6910,Misterio
6911,Misterio
6911,Juvenil
6912,Thriller
6913,Ficción
6913,Juvenil
6914,Thriller
6914,Terror
6915,Aventura
6915,Juvenil
6916,Ficción
6916,Misterio
6917,Ficción
6918,Fantasía
6918,Juvenil
6919,Ensayo
6920,Cómic y novela gráfica
6921,Memorias
6922,Negocios
6923,Misterio
6923,Thriller
6924,Ciencia ficción
6925,Ficción
6925,Juvenil
6926,Fantasía
6926,Misterio
6927,Romántica
6927,Ficción histórica
6928,Ensayo
6929,Ciencia ficción
6930,Romántica
6931,Ficción histórica
6931,Misterio
6932,No ficción
6932,Biografía
6933,Thriller
6933,Misterio
6934,Ficción
6935,Infantil
6935,Aventura
6936,Thriller
6936,Misterio
6937,No ficción
6938,Juvenil
6938,Misterio
6939,Memorias
6939,No ficción
6940,Thriller
6940,Misterio
6941,Romántica
6941,Ficción histórica
6942,Romántica
6943,Romántica
6943,Ficción
6944,Ficción
6945,Religión y espiritualidad
6945,Autoayuda
6946,Thriller
6946,Misterio
6947,Fantasía
6947,Juvenil
6948,Romántica
6948,Ficción
6949,Religión y espiritualidad
6949,Memorias
6950,Fantasía
6950,Romántica
6951,Ficción histórica
6951,Biografía
6952,Ciencia ficción
6952,Juvenil
6953,Cómic y novela gráfica
6953,Fantasía
6954,Ficción
6955,Thriller
6956,Fantasía
6956,Juvenil
6957,Romántica
6957,Ficción
6958,Ficción
6959,Infantil
6959,Aventura
6960,Romántica
6961,Thriller
6961,Ciencia ficción
6962,Thriller
6963,Religión y espiritualidad
6964,Fantasía
6964,Juvenil
6965,Thriller
6965,Misterio
6966,Ciencia
6966,Historia
6967,Fantasía
6968,Terror
6968,Thriller
6969,Fantasía
6969,Juvenil
6970,Romántica
6970,Ficción histórica
6971,Cocina
6972,Ficción histórica
6972,Juvenil
6973,Fantasía
6973,Ciencia ficción
6974,Romántica
6975,Thriller
6976,Cómic y novela gráfica
6977,Fantasía
6977,Juvenil
6978,Religión y espiritualidad
6978,Historia
6979,Romántica
6979,Deportes
6980,Ficción
6981,Fantasía
6981,Misterio
6982,Fantasía
6983,Romántica
6984,Deportes
6984,No ficción
6985,Ciencia ficción
6985,Juvenil
6986,Romántica
6986,Juvenil
6987,Thriller
6987,Misterio
6988,Cocina
6989,Romántica
6990,Ensayo
6990,Memorias
6991,Infantil
6992,Thriller
6992,Misterio
6993,Poesía
6994,Romántica
6994,Misterio
6995,Religión y espiritualidad
6996,Historia
6996,No ficción
6997,Ciencia
6998,Ensayo
6998,No ficción
6999,Clásicos
6999,Ficción
7000,Desconocido
7001,Memorias
7001,No ficción
7002,Ficción histórica
7003,Thriller
7003,Ciencia ficción
7004,Ciencia ficción
7004,Thriller
7005,Romántica
7006,Misterio
7006,Clásicos
7007,Thriller
7007,Misterio
7008,Ficción
7009,Autoayuda
7009,Psicología
7010,Cómic y novela gráfica
7010,Terror
7011,Infantil
7012,Ciencia ficción
7013,Ciencia ficción
7013,Juvenil
7014,Cómic y novela gráfica
7015,Fantasía
7015,Terror
7016,Infantil
7017,Thriller
7017,Misterio
7018,No ficción
7019,Infantil
7020,Fantasía
7020,Juvenil
7021,Terror
7022,Ficción
7023,Juvenil
7023,Misterio
7024,Autoayuda
7025,Ficción
7026,Ciencia ficción
7027,Cómic y novela gráfica
7028,Autoayuda
7028,Negocios
7029,Infantil
7030,Fantasía
7031,Ensayo
7031,No ficción
7032,Clásicos
7032,Ficción
7033,Ficción
7034,Thriller
7035,Ciencia ficción
7036,Fantasía
7036,Romántica
7037,Clásicos
7037,Terror
7039,Infantil
7039,Fantasía
7040,Thriller
7041,Thriller
7041,Romántica
7042,Misterio
7043,Ficción
7044,Ficción histórica
7044,Romántica
7045,Infantil
7046,No ficción
7046,Historia
7047,Terror
7047,Thriller
7048,Thriller
7049,Memorias
7049,Ciencia
7050,Fantasía
7050,Juvenil
7051,Romántica
7052,Ficción
7053,Misterio
7053,Thriller
7054,Terror
7054,Juvenil
7055,Ficción
7056,Fantasía
7057,Ciencia ficción
7057,Juvenil
7058,Romántica
7058,Ficción histórica
7059,Memorias
7059,Religión y espiritualidad
7060,Cocina
7061,Romántica
7062,Ciencia ficción
7062,Juvenil
7063,Ficción histórica
7064,Romántica
7064,Fantasía
7065,Misterio
7065,Thriller
7066,Ficción
7067,Thriller
7068,Clásicos
7068,Ficción
7069,Fantasía
7070,Ficción histórica
7070,Aventura
7071,Thriller
7072,Cómic y novela gráfica
7073,Romántica
7074,Clásicos
7074,Ficción histórica
7075,Infantil
7076,Cómic y novela gráfica
7077,Ficción histórica
7078,Ficción
7079,Ficción
7080,Thriller
7081,Fantasía
7081,Juvenil
7082,Fantasía
7082,Terror
7083,Infantil
7084,Romántica
7085,Romántica
7086,Ensayo
7086,Clásicos
7087,Ficción
7088,Misterio
7088,Ficción
7089,Thriller
7089,Aventura
7090,Clásicos
7090,Ficción
7091,Ciencia ficción
7091,Juvenil
7093,Ficción
7094,Thriller
7095,Fantasía
7096,Misterio
7096,Ficción histórica
7097,Fantasía
7097,Juvenil
7098,Ciencia ficción
7098,Terror
7099,Thriller
7100,Romántica
7101,Fantasía
7102,Ficción histórica
7102,Romántica
7103,Memorias
7103,Biografía
7104,Infantil
7105,Fantasía
7106,Poesía
7106,Clásicos
7107,Ficción histórica
7108,Ficción
7109,Misterio
7109,Thriller
7110,Cómic y novela gráfica
7133,Ficción histórica
7133,Biografía
7111,Negocios
7111,Autoayuda
7112,Fantasía
7112,Romántica
7113,Ciencia ficción
7114,Ficción
7115,Música
7115,No ficción
7116,Fantasía
7116,Juvenil
7117,Religión y espiritualidad
7118,Fantasía
7119,Ciencia ficción
7120,Ciencia ficción
7121,Ciencia ficción
7121,Terror
7122,Thriller
7123,Thriller
7123,Terror
7124,Fantasía
7125,Romántica
7127,Fantasía
7128,Ciencia ficción
7129,Biografía
7129,No ficción
7130,Infantil
7130,Ficción
7131,Memorias
7131,Biografía
7132,Thriller
7132,Romántica
7134,Fantasía
7134,Romántica
7134,Juvenil
7135,Clásicos
7135,Ficción
7136,Romántica
7136,Thriller
7137,Ficción
7138,Ficción histórica
7139,Thriller
7140,Ficción
7141,Ficción
7142,Ciencia
7142,No ficción
7143,Terror
7144,Juvenil
7144,Ficción
7145,Ciencia ficción
7146,Negocios
7146,No ficción
7147,Ficción histórica
7148,Fantasía
7148,Juvenil
7149,Ciencia ficción
7150,Thriller
7150,Romántica
7151,Psicología
7151,No ficción
7152,Ficción histórica
7152,Religión y espiritualidad
7153,Cómic y novela gráfica
7153,Infantil
7154,Ficción
7155,Ficción
7155,Misterio
7156,Romántica
7156,Ficción histórica
7157,Fantasía
7157,Romántica
7157,Juvenil
7158,Thriller
7158,Misterio
7159,Romántica
7160,Fantasía
7160,Juvenil
7161,Thriller
7161,Ficción
7162,Thriller
7162,Aventura
7163,Romántica
7164,Fantasía
7164,Romántica
7165,Romántica
7165,Ficción histórica
7166,Romántica
7167,Romántica
7167,Ficción histórica
7168,Romántica
7168,Ficción histórica
7169,Clásicos
7169,Ficción
7170,Fantasía
7171,Fantasía
7171,Juvenil
7172,Clásicos
7172,Ficción
7173,Ficción histórica
7173,Biografía
7174,Juvenil
7174,Ficción
7175,Ficción
7175,Misterio
7176,Clásicos
7176,Terror
7177,Thriller
7177,Misterio
7178,Ficción histórica
7179,Misterio
7179,Thriller
7180,Thriller
7180,Misterio
7181,Juvenil
7181,Ficción
7182,Religión y espiritualidad
7183,Terror
7183,Juvenil
7184,Thriller
7185,Romántica
7185,Juvenil
7186,Ensayo
7186,No ficción
7187,Viajes
7187,No ficción
7188,Juvenil
7188,Misterio
7189,Cómic y novela gráfica
7189,Memorias
7190,Romántica
7190,Juvenil
7191,Desconocido
7192,Misterio
7192,Juvenil
7193,Ficción histórica
7193,Romántica
7194,Romántica
7195,Fantasía
7195,Juvenil
7196,Romántica
7197,Fantasía
7198,Ensayo
7198,No ficción
7199,Memorias
7199,No ficción
7200,Negocios
7200,Autoayuda
7201,Romántica
7201,Juvenil
7202,Romántica
7203,Romántica
7204,Clásicos
7204,Infantil
7205,Viajes
7205,Memorias
7206,Romántica
7206,Fantasía
7207,Memorias
7207,No ficción
7208,Misterio
7208,Clásicos
7209,Ficción histórica
7210,Clásicos
7210,Ficción
7211,Thriller
7211,Misterio
7212,Clásicos
7212,Aventura
7213,Thriller
7213,Misterio
7214,Terror
7214,Ficción
7215,Ficción
7216,Infantil
7217,Cómic y novela gráfica
7217,Juvenil
7218,Fantasía
7218,Juvenil
7219,Thriller
7220,Romántica
7220,Juvenil
7221,Thriller
7221,Misterio
7222,Fantasía
7222,Juvenil
7223,Terror
7223,Thriller
7224,Romántica
7225,Fantasía
7226,Fantasía
7227,Memorias
7227,Psicología
7228,Ficción histórica
7229,Juvenil
7229,Ficción
7230,Fantasía
7231,Ensayo
7231,Clásicos
7232,Ficción
7233,Autoayuda
7234,Música
7235,Romántica
7236,Infantil
7236,Ficción histórica
7237,Ciencia ficción
7237,Thriller
7238,Fantasía
7239,Memorias
7239,Biografía
7240,Misterio
7240,Thriller
7241,Romántica
7242,Ficción
7242,Clásicos
7243,Thriller
7243,Misterio
7244,Fantasía
7245,Historia
7245,No ficción
7246,Juvenil
7246,Ficción
7247,Thriller
7247,Misterio
7248,Fantasía
7249,Viajes
7249,No ficción
7250,Fantasía
7251,Ficción
7251,Clásicos
7252,Romántica
7253,Fantasía
7254,Cómic y novela gráfica
7255,Romántica
7256,Ciencia ficción
7256,Thriller
7257,Memorias
7257,Música
7258,Fantasía
7259,Memorias
7259,Biografía
7260,Ficción histórica
7261,Ficción
7262,Ficción
7263,Ciencia ficción
7264,Biografía
7264,Historia
7265,Terror
7265,Thriller
7266,Infantil
7267,Misterio
7268,Thriller
7268,Misterio
7269,Ficción histórica
7269,Clásicos
7270,Cómic y novela gráfica
7271,Ficción
7271,Thriller
7272,Fantasía
7272,Juvenil
7274,Fantasía
7275,No ficción
7275,Psicología
7276,Infantil
7277,Ficción
7277,Clásicos
7278,Ficción histórica
7279,No ficción
7279,Ciencia
7280,Fantasía
7280,Romántica
7281,Clásicos
7281,Misterio
7282,Fantasía
7283,Infantil
7284,Juvenil
7284,Ficción
7285,Ficción
7286,Misterio
7286,Fantasía
7287,Misterio
7288,Fantasía
7288,Juvenil
7289,Thriller
7289,Misterio
7290,Ficción
7290,Clásicos
7291,Autoayuda
7291,Religión y espiritualidad
7292,Ensayo
7292,No ficción
7293,Ficción
7293,Thriller
7294,Ficción
7295,Juvenil
7295,Romántica
7296,Thriller
7296,Misterio
7297,Memorias
7297,Biografía
7298,Infantil
7298,Clásicos
7299,Cómic y novela gráfica
7300,Fantasía
7300,No ficción
7301,Romántica
7301,Ficción histórica
7302,Memorias
7302,No ficción
7303,Romántica
7303,Juvenil
7304,Ciencia ficción
7304,Juvenil
7305,Ficción histórica
7305,Juvenil
7306,Terror
7306,Juvenil
7307,Ficción histórica
7307,Aventura
7308,Juvenil
7308,Fantasía
7309,Clásicos
7309,Ficción
7310,Misterio
7310,Juvenil
7311,Ficción
7312,Fantasía
7312,Romántica
7313,Ficción
7314,Cómic y novela gráfica
7314,Fantasía
7315,Fantasía
7315,Juvenil
7316,Thriller
7317,Ficción histórica
7317,Juvenil
7318,Misterio
7318,Ficción histórica
7319,Fantasía
7319,Romántica
7320,Fantasía
7321,Romántica
7322,Romántica
7323,Infantil
7324,Fantasía
7324,Juvenil
7325,Fantasía
7326,Ficción
7327,Ficción histórica
7328,Thriller
7328,Misterio
7329,Ficción
7330,Infantil
7331,Memorias
7332,Religión y espiritualidad
7334,Juvenil
7334,Romántica
7335,Infantil
7336,Fantasía
7337,Autoayuda
7337,Negocios
7338,Ficción
7339,Memorias
7339,Cocina
7340,Infantil
7341,Psicología
7341,Autoayuda
7342,Misterio
7342,Juvenil
7343,Infantil
7343,Aventura
7344,Infantil
7345,Juvenil
7345,Ficción
7346,Romántica
7346,Fantasía
7347,Fantasía
7348,Thriller
7348,Misterio
7349,Fantasía
7350,Juvenil
7350,Ficción
7351,Aventura
7351,Thriller
7352,Ficción histórica
7353,Clásicos
7355,Ciencia ficción
7355,Juvenil
7356,Memorias
7357,Ficción histórica
7357,Romántica
7358,Fantasía
7358,Juvenil
7359,Ficción
7360,Historia
7360,No ficción
7361,Cómic y novela gráfica
7361,Juvenil
7362,Juvenil
7362,Romántica
7363,Juvenil
7363,Ficción
7364,Infantil
7365,Ciencia ficción
7366,Ficción
7367,Romántica
7368,Fantasía
7368,Romántica
7369,Romántica
7370,Ficción
7371,Thriller
7371,Misterio
7372,Ensayo
7372,No ficción
7373,Fantasía
7373,Juvenil
7374,Fantasía
7374,Juvenil
7375,Viajes
7375,Memorias
7376,Thriller
7377,Cómic y novela gráfica
7377,Ciencia ficción
7378,Ciencia ficción
7378,Terror
7379,Ficción
7380,Ficción histórica
7380,Misterio
7381,Romántica
7383,Fantasía
7383,Infantil
7384,Ficción
7385,Cocina
7386,Ficción
7387,Fantasía
7387,Juvenil
7388,Romántica
7388,Ficción
7389,Romántica
7389,Juvenil
7390,Ficción histórica
7391,Fantasía
7391,Juvenil
7392,Religión y espiritualidad
7392,Ensayo
7393,Fantasía
7393,Juvenil
7394,Ciencia ficción
7395,Infantil
7396,Viajes
7396,Memorias
7397,Ficción
7398,Ciencia
7398,No ficción
7399,Romántica
7399,Ficción
7401,Ficción
7402,Autoayuda
7402,Psicología
7403,Ficción
7404,Religión y espiritualidad
7404,No ficción
7405,Cómic y novela gráfica
7406,Cómic y novela gráfica
7406,Romántica
7407,Misterio
7407,Ficción
7408,Infantil
7409,Clásicos
7409,Ficción
7410,Ficción
7411,Ciencia ficción
7414,Misterio
7414,Thriller
7415,Romántica
7416,Clásicos
7416,Ficción
7417,Infantil
7418,Ficción histórica
7418,Biografía
7419,Autoayuda
7420,Cómic y novela gráfica
7420,Juvenil
7421,Juvenil
7421,Ficción
7422,Cómic y novela gráfica
7422,Fantasía
7423,Fantasía
7423,Juvenil
7424,Thriller
7425,Memorias
7425,No ficción
7426,Misterio
7426,Thriller
7427,Thriller
7428,Ensayo
7428,No ficción
7429,Ensayo
7429,No ficción
7430,Clásicos
7430,Ficción
7431,Ficción
7431,Juvenil
7432,Ficción
7433,Ficción
7433,Juvenil
7434,Romántica
7435,Fantasía
7435,Misterio
7436,Aventura
7436,Ficción histórica
7437,Ficción
7437,Juvenil
7438,Terror
7439,Misterio
7439,Ficción histórica
7440,Poesía
7441,Ficción
7442,Romántica
7442,Ficción histórica
7443,Fantasía
7443,Juvenil
7444,Ensayo
7444,No ficción
7445,Romántica
7446,Ciencia ficción
7447,Romántica
7447,Fantasía
7448,Fantasía
7448,Juvenil
7449,Ficción
7450,Ficción
7451,Ficción
7451,Juvenil
7452,Ciencia ficción
7452,Juvenil
7453,Memorias
7453,No ficción
7454,Ficción
7454,Romántica
7455,Ficción histórica
7456,Thriller
7457,Religión y espiritualidad
7457,No ficción
7458,Ficción histórica
7459,Clásicos
7459,Aventura
7460,Fantasía
7460,Romántica
7460,Juvenil
7461,Romántica
7462,Ficción
7463,Thriller
7464,Fantasía
7465,Terror
7465,Infantil
7466,Thriller
7467,Thriller
7467,Misterio
7468,Infantil
7469,Terror
7470,Fantasía
7470,Cómic y novela gráfica
7471,Misterio
7471,Ficción
7472,Ficción
7473,Romántica
7473,Ficción
7474,Thriller
7474,Misterio
7475,Fantasía
7475,Juvenil
7476,Ciencia ficción
7477,Thriller
7477,Misterio
7478,Religión y espiritualidad
7479,Fantasía
7479,Infantil
7480,Ensayo
7480,Ciencia
7481,Infantil
7481,Poesía
7482,Ficción
7483,Thriller
7483,Romántica
7484,Ficción
7485,Ficción histórica
7486,Ficción
7487,Thriller
7488,Romántica
7489,Ficción
7489,Religión y espiritualidad
7490,Fantasía
7491,Ficción
7492,Thriller
7493,Fantasía
7493,Infantil
7494,Thriller
7495,Ficción
7496,Ficción
7497,Ficción histórica
7497,Romántica
7498,Ficción histórica
7499,Ficción
7500,Religión y espiritualidad
7500,Autoayuda
7501,Ficción histórica
7501,Aventura
7502,Fantasía
7502,Juvenil
7503,Clásicos
7503,Infantil
7504,Infantil
7505,Fantasía
7505,Juvenil
7506,Fantasía
7507,Psicología
7507,No ficción
7508,Misterio
7509,Aventura
7509,Thriller
7510,Romántica
7511,Ciencia ficción
7512,Thriller
7512,Ciencia ficción
7513,Fantasía
7513,Ficción histórica
7514,Ciencia ficción
7514,Juvenil
7515,Memorias
7515,No ficción
7516,Cómic y novela gráfica
7516,Romántica
7517,Ciencia
7518,Cocina
7519,Fantasía
7520,Ficción
7520,Misterio
7521,Cómic y novela gráfica
7522,Ensayo
7523,Fantasía
7524,Fantasía
7524,Infantil
7525,Thriller
7525,Misterio
7526,Infantil
7527,Thriller
7528,Romántica
7529,Ficción histórica
7530,Thriller
7530,Juvenil
7531,Cómic y novela gráfica
7531,Juvenil
7533,Romántica
7533,Fantasía
7534,Thriller
7534,Religión y espiritualidad
7535,Fantasía
7535,Juvenil
7536,Romántica
7536,Fantasía
7537,Poesía
7537,Ensayo
7538,Clásicos
7538,Ficción
7539,Fantasía
7539,Juvenil
7540,Música
7540,No ficción
7541,Ficción histórica
7541,Biografía
7542,Ficción
7543,Cómic y novela gráfica
7543,Viajes
7544,Thriller
7544,Ficción histórica
7545,Ficción
7546,Juvenil
7546,Ficción
7547,Negocios
7548,Religión y espiritualidad
7571,Thriller
7549,Misterio
7550,Cómic y novela gráfica
7551,Fantasía
7552,Memorias
7552,No ficción
7553,Terror
7553,Juvenil
7554,Ciencia ficción
7554,Juvenil
7555,Fantasía
7555,Juvenil
7556,Ficción
7557,Memorias
7557,Cocina
7558,Juvenil
7558,Ficción
7559,Ficción
7560,Fantasía
7560,Juvenil
7561,Ficción
7562,Clásicos
7562,Ficción
7563,Ficción
7564,Memorias
7565,Juvenil
7565,Ficción
7566,Romántica
7567,Ficción
7568,Fantasía
7568,Ficción histórica
7569,Historia
7569,No ficción
7570,Thriller
7572,Ficción
7573,Fantasía
7574,Thriller
7574,Romántica
7575,Misterio
7575,Clásicos
7576,Romántica
7576,Fantasía
7577,Negocios
7578,Fantasía
7579,Ficción
7580,Fantasía
7580,Juvenil
7581,Negocios
7582,Ficción
7583,Fantasía
7583,Romántica
7584,Fantasía
7584,Terror
7585,Fantasía
7585,Juvenil
7586,Ficción histórica
7587,Autoayuda
7587,Religión y espiritualidad
7588,Infantil
7588,Ficción histórica
7589,Ciencia ficción
7590,Memorias
7590,Religión y espiritualidad
7591,Thriller
7591,Terror
7592,Memorias
7593,Ensayo
7594,Ciencia
7595,Fantasía
7595,Juvenil
7596,Fantasía
7597,Autoayuda
7598,Fantasía
7598,Juvenil
7599,Ficción histórica
7601,Thriller
7602,Ficción
7603,Ciencia ficción
7604,Ciencia ficción
7605,Thriller
7606,Ensayo
7607,Misterio
7608,Cómic y novela gráfica
7609,Misterio
7610,Ficción
7610,Romántica
7611,Infantil
7612,Biografía
7612,Historia
7613,Fantasía
7613,Juvenil
7614,Ciencia ficción
7615,Memorias
7616,Clásicos
7616,Aventura
7616,Ciencia ficción
7617,Fantasía
7617,Juvenil
7618,Fantasía
7619,Misterio
7620,Clásicos
7620,Ficción
7621,Fantasía
7621,Juvenil
7622,Ensayo
7623,Memorias
7623,Aventura
7624,Romántica
7624,Ficción histórica
7625,Thriller
7626,Juvenil
7626,Ficción
7627,Ficción histórica
7628,Negocios
7628,Biografía
7629,Historia
7630,Memorias
7630,Historia
7631,Romántica
7631,Misterio
7632,Ciencia ficción
7632,Juvenil
7633,Thriller
7633,Misterio
7634,Ficción
7634,Juvenil
7635,Misterio
7636,Romántica
7636,Ficción
7637,Romántica
7638,Ciencia ficción
7639,Ficción
7640,Ficción
7641,Ficción histórica
7642,Fantasía
7642,Juvenil
7643,Thriller
7644,Ficción histórica
7645,Thriller
7646,No ficción
7647,Misterio
7648,Clásicos
7648,Infantil
7649,Thriller
7650,Clásicos
7650,Misterio
7651,Ficción
7652,Ficción histórica
7652,Romántica
7653,Fantasía
7653,Juvenil
7654,Ficción
7654,Romántica
7655,Misterio
7655,Juvenil
7656,Biografía
7656,Historia
7657,Aventura
7657,Juvenil
7658,Romántica
7658,Juvenil
7659,Ficción
7660,Cómic y novela gráfica
7660,Fantasía
7661,Clásicos
7661,Ficción
7662,Ciencia ficción
7663,Aventura
7663,Juvenil
7664,Misterio
7665,Ficción
7666,Cómic y novela gráfica
7667,Terror
7668,Clásicos
7668,Ficción
7669,Religión y espiritualidad
7670,Ciencia ficción
7671,Romántica
7671,Ficción histórica
7672,Ciencia ficción
7672,Juvenil
7673,Ficción
7674,Romántica
7674,Fantasía
7675,Thriller
7675,Aventura
7676,Thriller
7677,Cocina
7678,Ficción
7679,Romántica
7680,Cómic y novela gráfica
7680,Romántica
7681,Misterio
7682,Romántica
7683,No ficción
7684,Romántica
7685,Ficción histórica
7685,Juvenil
7686,Autoayuda
7687,Ciencia ficción
7687,Juvenil
7688,Cómic y novela gráfica
7689,Infantil
7690,Infantil
7692,Ficción
7693,Negocios
7694,Thriller
7694,Romántica
7695,Ficción
7696,Infantil
7696,Poesía
7697,Fantasía
7697,Juvenil
7698,Ficción
7699,Ficción
7700,Romántica
7700,Fantasía
7701,Clásicos
7701,Ficción
7702,Romántica
7703,Thriller
7704,Romántica
7705,Romántica
7705,Juvenil
7706,Ficción histórica
7706,Romántica
7707,Misterio
7707,Thriller
7708,Ficción
7709,Memorias
7710,Ficción
7711,Cómic y novela gráfica
7711,Ciencia ficción
7712,Cómic y novela gráfica
7712,Romántica
7713,Ciencia ficción
7714,Ficción histórica
7714,Juvenil
7715,Ensayo
7716,No ficción
7717,Infantil
7718,Romántica
7718,Fantasía
7719,Thriller
7720,Infantil
7721,Misterio
7722,Thriller
7722,Aventura
7723,Clásicos
7723,Ensayo
7724,Thriller
7725,Fantasía
7725,Juvenil
7727,Religión y espiritualidad
7728,Fantasía
7728,Clásicos
7729,Romántica
7730,Infantil
7731,Ficción
7732,Thriller
7733,Thriller
7734,Clásicos
7734,Ficción
7735,No ficción
7735,Historia
7736,Romántica
7736,Ficción histórica
7737,Infantil
7737,Fantasía
7737,Clásicos
7738,Historia
7738,No ficción
7739,Ficción
7740,Juvenil
7740,Ficción
7741,Thriller
7741,Aventura
7742,Ficción
7743,Romántica
7744,Romántica
7744,Ficción histórica
7745,Juvenil
7745,Misterio
7746,Deportes
7746,Biografía
7747,Fantasía
7748,Misterio
7749,Ficción
7750,Misterio
7751,Ficción
7752,Misterio
7752,Thriller
7753,Infantil
7754,Ensayo
7754,Autoayuda
7755,Ficción
7755,Ficción histórica
7756,Clásicos
7756,Ficción
7757,Juvenil
7757,Romántica
7758,Thriller
7758,Misterio
7759,Juvenil
7759,Ficción
7760,Romántica
7761,Thriller
7762,Ficción
7762,Ficción histórica
7763,Romántica
7763,Ficción
7764,Romántica
7765,Ciencia ficción
7765,Terror
7766,Ciencia ficción
7767,Infantil
7767,Fantasía
7768,Biografía
7768,Religión y espiritualidad
7769,Clásicos
7769,Ficción
7770,Memorias
7770,Viajes
7771,Ficción
7772,Romántica
7773,Fantasía
7773,Juvenil
7774,Memorias
7774,Cocina
7775,Ficción histórica
7776,Fantasía
7776,Juvenil
7777,Ficción
7778,Clásicos
7778,Religión y espiritualidad
7803,No ficción
7779,Memorias
7779,Música
7780,Fantasía
7781,Cómic y novela gráfica
7781,Terror
7783,Clásicos
7783,Ficción histórica
7784,Cómic y novela gráfica
7785,Ficción
7785,Romántica
7786,Fantasía
7786,Romántica
7787,Thriller
7787,Misterio
7788,Fantasía
7789,Ficción histórica
7789,Biografía
7790,Ficción
7791,Thriller
7791,Misterio
7792,Infantil
7792,Fantasía
7793,Fantasía
7794,Ficción
7795,Ficción
7796,Ficción
7797,Fantasía
7797,Juvenil
7797,Romántica
7798,Ficción
7799,Cómic y novela gráfica
7799,Fantasía
7800,Ficción
7801,Romántica
7802,Romántica
7802,Juvenil
7804,Fantasía
7804,Juvenil
7806,Infantil
7806,Ficción histórica
7807,Cómic y novela gráfica
7807,Thriller
7808,Misterio
7808,Ficción histórica
7809,Thriller
7810,Ficción
7811,Fantasía
7812,Ficción
7813,Cómic y novela gráfica
7813,Terror
7814,Ciencia ficción
7815,Romántica
7815,Deportes
7816,Fantasía
7817,Fantasía
7818,Fantasía
7819,Fantasía
7819,Romántica
7820,Fantasía
7821,Thriller
7822,Thriller
7822,Aventura
7823,Ficción
7824,Fantasía
7825,Thriller
7826,Clásicos
7826,Ficción
7849,Biografía
7849,Memorias
7827,Memorias
7827,Biografía
7828,Ficción
7829,Clásicos
7829,Fantasía
7830,Aventura
7830,Thriller
7831,Poesía
7832,Poesía
7832,Clásicos
7833,Clásicos
7833,Ficción
7834,Fantasía
7835,Romántica
7836,Clásicos
7836,Ficción
7837,Ensayo
7837,No ficción
7838,Clásicos
7838,Ficción
7839,Autoayuda
7839,Religión y espiritualidad
7840,Ficción
7840,Juvenil
7841,Ficción histórica
7842,Ficción
7843,Ciencia ficción
7844,Historia
7844,No ficción
7845,Autoayuda
7846,Fantasía
7846,Juvenil
7847,Romántica
7848,Ficción histórica
7850,Infantil
7851,Thriller
7852,Religión y espiritualidad
7853,Infantil
7854,Ciencia ficción
7854,Romántica
7855,Misterio
7855,Clásicos
7856,Memorias
7857,Fantasía
7858,Infantil
7859,Clásicos
7859,Ficción
7860,Cocina
7861,Arte
7861,No ficción
7862,Arte
7862,No ficción
7863,Cómic y novela gráfica
7863,Juvenil
7864,Ciencia ficción
7865,Cómic y novela gráfica
7865,Terror
7866,Negocios
7867,Ficción
7868,Thriller
7869,Ensayo
7870,Romántica
7871,Thriller
7917,Historia
7917,No ficción
7872,Ficción
7873,Negocios
7874,Ficción
7875,Ficción histórica
7876,Autoayuda
7876,Negocios
7877,Romántica
7878,Infantil
7879,Infantil
7879,Juvenil
7880,Juvenil
7880,Ficción
7881,Ficción
7882,Ficción
7883,Cómic y novela gráfica
7883,Fantasía
7884,Cómic y novela gráfica
7884,Terror
7885,Thriller
7885,Misterio
7886,Fantasía
7887,Terror
7887,Ficción
7888,Fantasía
7889,Ficción histórica
7889,Biografía
7890,Romántica
7891,Infantil
7892,Ciencia ficción
7893,Fantasía
7894,Cocina
7895,Fantasía
7895,Juvenil
7896,Ficción
7898,Biografía
7898,Memorias
7899,Infantil
7900,Fantasía
7901,Misterio
7901,Juvenil
7902,Historia
7902,No ficción
7903,Romántica
7904,Ciencia ficción
7905,Aventura
7905,Juvenil
7906,Cómic y novela gráfica
7906,Fantasía
7907,Ficción
7907,Clásicos
7908,Thriller
7909,Ficción
7910,Ciencia
7910,Psicología
7911,Thriller
7911,Ciencia ficción
7912,Memorias
7912,Biografía
7913,Ficción
7913,Clásicos
7914,Ficción
7915,Juvenil
7915,Ficción
7916,No ficción
7916,Historia
7918,Ficción histórica
7919,Aventura
7919,Juvenil
7920,Negocios
7921,Ciencia ficción
7922,Cómic y novela gráfica
7922,Fantasía
7922,Juvenil
7923,Ciencia
7923,Ensayo
7924,Thriller
7924,Misterio
7925,Infantil
7926,Fantasía
7926,Juvenil
7927,Fantasía
7927,Juvenil
7928,Infantil
7929,Ensayo
7929,Autoayuda
7930,Thriller
7930,Misterio
7931,Cómic y novela gráfica
7931,Terror
7932,Thriller
7932,Aventura
7933,Ciencia ficción
7933,Thriller
7934,Fantasía
7934,Juvenil
7935,Ficción histórica
7935,Romántica
7936,Romántica
7936,Deportes
7937,Ficción
7938,Thriller
7939,Fantasía
7940,Fantasía
7940,Romántica
7941,Misterio
7941,Thriller
7942,Cocina
7943,Juvenil
7943,Ficción
7944,Ficción
7945,Cómic y novela gráfica
7945,Ciencia ficción
7946,Ensayo
7946,No ficción
7947,Religión y espiritualidad
7948,Ciencia ficción
7948,Thriller
7949,Memorias
7949,Historia
7950,Ensayo
7950,Ciencia
7951,Infantil
7952,Clásicos
7952,Ficción
7953,Memorias
7953,Autoayuda
7954,Biografía
7954,Memorias
7955,Memorias
7956,Romántica
7957,Fantasía
7958,Thriller
7958,Misterio
7959,Misterio
7959,Ficción
7960,Fantasía
7960,Ficción histórica
7961,Fantasía
7961,Ficción histórica
7962,Romántica
7963,Ficción
7964,Negocios
7964,No ficción
7965,Ficción
7965,Romántica
7966,Cómic y novela gráfica
7966,Romántica
7967,Psicología
7967,No ficción
7968,Romántica
7969,Ficción histórica
7969,Romántica
7969,Misterio
7970,Ficción
7971,Música
7972,Romántica
7972,Ficción
7973,Romántica
7973,Juvenil
7974,Ficción histórica
7974,Religión y espiritualidad
7975,Juvenil
7975,Thriller
7976,Thriller
7976,Romántica
7977,Religión y espiritualidad
7978,Misterio
7978,Ficción histórica
7979,Biografía
7979,Memorias
7979,Música
7980,Memorias
7980,No ficción
7981,Fantasía
7981,Juvenil
7982,Romántica
7982,Misterio
7983,Romántica
7983,Fantasía
8006,Thriller
7984,Historia
7984,Biografía
7984,Ciencia
7985,Autoayuda
7985,Psicología
7986,Fantasía
7987,Ciencia ficción
7988,Ficción histórica
7989,Infantil
7990,Ensayo
7991,Misterio
7992,Misterio
7992,Juvenil
7993,Fantasía
7994,Autoayuda
7994,No ficción
7995,Misterio
7995,Ficción
7996,Thriller
7996,Misterio
7997,Clásicos
7997,Ficción
7998,Psicología
7998,No ficción
7999,Romántica
8000,Ciencia
8000,No ficción
8001,Romántica
8001,Thriller
8002,Thriller
8002,Misterio
8003,Aventura
8003,Juvenil
8004,Cómic y novela gráfica
8004,Romántica
8005,Fantasía
8007,Ficción
8008,Thriller
8008,Misterio
8009,Ficción
8010,Juvenil
8010,Fantasía
8011,Ensayo
8012,Thriller
8012,Misterio
8013,Infantil
8014,Autoayuda
8014,Psicología
8015,Ficción
8016,Ficción
8017,Ficción
8018,Ficción
8019,Ficción
8020,Cómic y novela gráfica
8020,Ciencia ficción
8021,Juvenil
8021,Ficción
8022,Romántica
8023,Ficción
8023,Viajes
8024,Ficción
8025,Ensayo
8025,Historia
8026,Aventura
8026,Thriller
8027,Religión y espiritualidad
8028,Memorias
8028,Historia
8029,Fantasía
8030,Thriller
8030,Misterio
8031,Fantasía
8031,Infantil
8032,Ficción
8033,Psicología
8033,No ficción
8034,Negocios
8035,Fantasía
8036,Ficción histórica
8037,Clásicos
8037,Ficción
8038,Fantasía
8039,Ficción
8040,Romántica
8040,Fantasía
8041,Ciencia ficción
8041,Juvenil
8042,Romántica
8042,Ficción histórica
8043,Romántica
8043,Juvenil
8044,Ficción
8044,Juvenil
8045,Ensayo
8045,Memorias
8046,Negocios
8047,Ciencia
8047,Memorias
8048,Cocina
8049,Ciencia ficción
8072,Terror
8072,Juvenil
8050,Romántica
8050,Fantasía
8051,Memorias
8051,Biografía
8052,Arte
8053,Memorias
8053,No ficción
8054,Ficción
8054,Juvenil
8055,Infantil
8056,Ficción
8057,Ficción
8058,Romántica
8059,Ficción
8059,Juvenil
8060,Romántica
8061,Historia
8061,Biografía
8062,Ciencia ficción
8063,Thriller
8063,Misterio
8064,Negocios
8064,No ficción
8065,Ficción
8066,Ficción histórica
8067,Thriller
8068,Terror
8068,Thriller
8069,Memorias
8069,Música
8070,Thriller
8071,Ficción
8073,Romántica
8074,Cómic y novela gráfica
8074,Fantasía
8075,Ficción
8076,Romántica
8076,Fantasía
8077,Cómic y novela gráfica
8077,Terror
8078,Cómic y novela gráfica
8078,Terror
8079,Ciencia ficción
8079,Ficción
8080,Ficción
8081,Ciencia ficción
8082,Fantasía
8082,Juvenil
8083,Religión y espiritualidad
8084,Negocios
8084,No ficción
8085,Fantasía
8085,Juvenil
8086,Romántica
8087,Fantasía
8087,Ficción histórica
8088,Ficción
8088,Juvenil
8089,Romántica
8090,Ficción
8091,Ficción histórica
8092,Thriller
8093,Thriller
8094,Ficción
8095,Ficción
8095,Juvenil
8096,Ficción
8096,Romántica
8097,Cómic y novela gráfica
8097,Misterio
8098,Fantasía
8099,Ficción
8099,Juvenil
8100,Ficción
8100,Juvenil
8101,Aventura
8101,Thriller
8102,Misterio
8102,Thriller
8103,Fantasía
8104,Fantasía
8104,Infantil
8105,Memorias
8106,Aventura
8106,Juvenil
8107,Clásicos
8107,Ficción
8108,Ciencia ficción
8108,Thriller
8109,Cómic y novela gráfica
8109,Fantasía
8111,Ficción
8111,Juvenil
8112,Cómic y novela gráfica
8112,Terror
8113,Fantasía
8114,Ficción
8115,Ficción
8116,Fantasía
8116,Juvenil
8117,Cómic y novela gráfica
8117,Ciencia ficción
8118,Thriller
8120,Memorias
8120,Religión y espiritualidad
8121,Historia
8121,No ficción
8122,Ficción histórica
8123,Aventura
8123,Juvenil
8124,Terror
8124,Ciencia ficción
8125,Romántica
8125,Ficción histórica
8126,Thriller
8127,Ficción
8128,Ciencia ficción
8129,Thriller
8129,Misterio
8130,Cocina
8131,Aventura
8131,Thriller
8132,Fantasía
8132,Ficción histórica
8133,Thriller
8133,Misterio
8134,Fantasía
8134,Romántica
8135,Ciencia ficción
8136,Ficción histórica
8137,Romántica
8138,Ficción histórica
8139,Memorias
8139,Biografía
8140,Ensayo
8140,No ficción
8141,Ficción
8142,Fantasía
8143,Misterio
8143,Thriller
8144,Thriller
8144,Misterio
8145,Romántica
8145,Juvenil
8146,Thriller
8147,Biografía
8148,Juvenil
8148,Ficción
8149,Clásicos
8149,Ficción
8150,Ficción
8150,Thriller
8151,Ciencia ficción
8151,Juvenil
8152,Ficción
8153,Infantil
8154,Fantasía
8155,Fantasía
8156,Misterio
8157,Cómic y novela gráfica
8158,Cómic y novela gráfica
8159,Cómic y novela gráfica
8160,Ensayo
8160,No ficción
8161,Infantil
8161,Aventura
8162,Clásicos
8162,Terror
8163,Ficción
8164,Fantasía
8164,Juvenil
8165,Ciencia ficción
8166,Ficción
8167,Ensayo
8167,Memorias
8168,Poesía
8169,Ciencia ficción
8170,Juvenil
8170,Ficción
8171,Thriller
8172,Cómic y novela gráfica
8172,Juvenil
8173,Infantil
8173,Fantasía
8174,Historia
8175,Ficción
8176,Memorias
8176,Biografía
8177,Ciencia ficción
8178,Romántica
8178,Juvenil
8179,Negocios
8180,Romántica
8180,Juvenil
8181,Cómic y novela gráfica
8182,Biografía
8182,Historia
8183,Ficción histórica
8183,Juvenil
8184,Ficción
8185,Fantasía
8186,Ficción
8187,Ciencia ficción
8188,Ficción
8189,Ficción
8190,Infantil
8191,Negocios
8191,Biografía
8192,Infantil
8193,Ficción
8194,Ficción histórica
8195,Autoayuda
8195,Cocina
8196,Fantasía
8196,Juvenil
8197,Ciencia ficción
8197,Juvenil
8198,Thriller
8199,Thriller
8200,Poesía
8201,Cocina
8202,Cómic y novela gráfica
8202,Juvenil
8203,Juvenil
8203,Ficción
8204,Romántica
8205,Romántica
8206,Ficción histórica
8206,Juvenil
8207,Clásicos
8207,Ficción
8208,Fantasía
8209,Ficción
8210,Infantil
8211,Misterio
8212,Ficción
8213,Infantil
8213,Religión y espiritualidad
8214,Cómic y novela gráfica
8215,Misterio
8215,Clásicos
8216,Thriller
8217,Religión y espiritualidad
8218,Infantil
8219,Romántica
8219,Juvenil
8220,Biografía
8220,Historia
8221,Poesía
8222,Ciencia ficción
8223,Ficción
8224,Ficción
8225,Juvenil
8225,Ficción
8226,Clásicos
8226,Ficción
8227,Ficción
8228,Ficción
8229,No ficción
8229,Historia
8230,Ficción
8230,Deportes
8231,Fantasía
8231,Juvenil
8232,Deportes
8232,Ensayo
8233,Ficción
8233,Clásicos
8234,Cómic y novela gráfica
8235,Memorias
8236,Fantasía
8236,Romántica
8237,Thriller
8237,Misterio
8238,Biografía
8239,Memorias
8239,Viajes
8240,Romántica
8240,Fantasía
8241,Infantil
8241,Fantasía
8242,Arte
8243,Cómic y novela gráfica
8243,Fantasía
8244,Fantasía
8244,Romántica
8245,Thriller
8245,Misterio
8246,Cocina
8247,Ficción
8248,Fantasía
8248,Juvenil
8249,Ficción
8249,Clásicos
8250,Misterio
8250,Ficción
8251,Fantasía
8251,Juvenil
8252,Romántica
8252,Fantasía
8253,Cómic y novela gráfica
8253,Aventura
8254,Thriller
8254,Misterio
8255,Ficción
8256,Thriller
8256,Ciencia ficción
8257,Infantil
8258,Thriller
8258,Misterio
8259,Arte
8260,Infantil
8261,Ficción histórica
8262,Infantil
8262,Fantasía
8262,Clásicos
8263,Ficción
8264,Aventura
8264,Thriller
8265,Fantasía
8265,Juvenil
8266,Fantasía
8266,Juvenil
8267,Romántica
8267,Fantasía
8268,Juvenil
8268,Romántica
8269,Romántica
8269,Ficción
8270,Juvenil
8270,Fantasía
8271,Ciencia ficción
8271,Fantasía
8272,Fantasía
8272,No ficción
8274,Fantasía
8274,Romántica
8275,Fantasía
8276,Clásicos
8276,Ficción
8277,Ficción
8278,Misterio
8278,Thriller
8280,Misterio
8280,Thriller
8281,Thriller
8282,Ficción
8283,Ficción histórica
8283,Misterio
8284,Thriller
8284,Romántica
8285,Cómic y novela gráfica
8286,Cocina
8286,Ciencia
8287,Infantil
8287,Fantasía
8288,Romántica
8288,Ficción histórica
8289,Ficción histórica
8289,Biografía
8290,Memorias
8290,Autoayuda
8291,Ciencia ficción
8292,Romántica
8292,Ficción
8293,Romántica
8293,Ficción
8294,Ciencia ficción
8295,Ficción
8296,Religión y espiritualidad
8296,Autoayuda
8297,Misterio
8297,Ficción
8298,Juvenil
8298,Ficción
8299,Thriller
8300,Ficción histórica
8301,Thriller
8301,Ciencia ficción
8302,Ciencia ficción
8303,Música
8303,No ficción
8304,Romántica
8304,Ficción
8305,Ficción
8306,Ciencia ficción
8306,Ficción histórica
8307,Romántica
8307,Ficción
8308,Memorias
8308,Religión y espiritualidad
8309,Ficción
8310,Memorias
8310,Religión y espiritualidad
8311,Ficción histórica
8312,Religión y espiritualidad
8312,Ensayo
8313,Autoayuda
8313,Psicología
8314,Thriller
8314,Misterio
8315,Fantasía
8315,Juvenil
8316,Clásicos
8316,Ficción
8317,Fantasía
8318,Thriller
8318,Ficción histórica
8319,Misterio
8319,Ficción
8320,Fantasía
8320,Juvenil
8321,Cómic y novela gráfica
8322,Thriller
8322,Misterio
8323,No ficción
8323,Biografía
8324,Ficción histórica
8325,Memorias
8326,Ficción
8327,Fantasía
8328,Juvenil
8328,Romántica
8329,Memorias
8329,Viajes
8330,Juvenil
8330,Ficción
8331,Infantil
8331,Aventura
8332,Fantasía
8332,Juvenil
8333,Deportes
8333,Memorias
8334,Thriller
8334,Aventura
8335,Misterio
8335,Ficción
8336,Infantil
8337,Ficción
8338,Cocina
8339,Fantasía
8339,Terror
8340,Ficción
8341,Infantil
8341,Aventura
8342,Romántica
8343,No ficción
8344,Romántica
8345,Romántica
8345,Fantasía
8346,Memorias
8347,Historia
8347,No ficción
8348,Ficción
8349,Ficción
8349,Misterio
8350,Ficción
8351,Romántica
8351,Thriller
8352,Ficción
8352,Thriller
8353,Memorias
8353,Biografía
8354,Fantasía
8354,Juvenil
8355,Memorias
8355,Viajes
8356,Ficción
8357,Clásicos
8357,Ficción
8358,Aventura
8358,Juvenil
8359,Terror
8359,Ciencia ficción
8360,Ficción
8360,Clásicos
8361,Ficción
8361,Clásicos
8362,No ficción
8362,Ensayo
8363,Fantasía
8363,Juvenil
8364,Romántica
8364,Juvenil
8365,Fantasía
8365,Aventura
8366,Ficción
8367,Cómic y novela gráfica
8367,Memorias
8368,Juvenil
8368,Terror
8369,No ficción
8369,Biografía
8370,Ficción
8370,Juvenil
8371,Terror
8371,Ficción
8372,Ficción
8373,Fantasía
8373,Juvenil
8374,Cómic y novela gráfica
8375,Ciencia
8375,Ensayo
8376,Fantasía
8377,Thriller
8377,Misterio
8378,Fantasía
8378,Juvenil
8379,Ficción
8380,Ficción
8381,Fantasía
8381,Juvenil
8382,Historia
8382,No ficción
8383,Cómic y novela gráfica
8383,Ciencia ficción
8383,Juvenil
8384,Ficción
8385,Ficción
8386,Thriller
8386,Ficción histórica
8387,Misterio
8387,Thriller
8388,Fantasía
8388,Ciencia ficción
8389,Ficción
8390,Ensayo
8391,Fantasía
8391,Juvenil
8392,Romántica
8393,Ficción histórica
8393,Aventura
8394,Romántica
8395,Thriller
8396,No ficción
8397,Thriller
8397,Aventura
8398,Fantasía
8398,Terror
8399,Ficción
8400,Ciencia
8400,No ficción
8401,Fantasía
8402,Fantasía
8402,Romántica
8403,Ensayo
8404,Religión y espiritualidad
8404,Historia
8405,Ficción
8406,Ciencia ficción
8406,Aventura
8406,Clásicos
8407,Thriller
8408,Fantasía
8408,Romántica
8409,Ficción
8410,Ficción
8411,Psicología
8411,No ficción
8412,Misterio
8412,Ficción histórica
8413,Fantasía
8414,Ficción histórica
8414,Juvenil
8415,Cómic y novela gráfica
8416,Biografía
8416,Memorias
8417,No ficción
8417,Negocios
8418,Thriller
8418,Misterio
8419,Fantasía
8419,Romántica
8420,Cómic y novela gráfica
8421,Thriller
8422,Thriller
8423,Juvenil
8423,Romántica
8424,Fantasía
8425,Ciencia ficción
8426,Fantasía
8426,Romántica
8427,Ficción
8428,Infantil
8429,Juvenil
8430,Ficción
8431,Thriller
8431,Misterio
8432,Ciencia ficción
8433,Historia
8433,No ficción
8434,Ficción
8435,Ficción histórica
8436,Romántica
8437,Ficción
8437,Religión y espiritualidad
8438,Infantil
8438,Fantasía
8439,Ficción
8440,Clásicos
8440,Ficción
8441,Ficción
8442,Romántica
8442,Thriller
8443,Fantasía
8443,Juvenil
8444,Thriller
8445,Fantasía
8445,Ficción histórica
8446,Misterio
8446,Ficción
8447,Ficción
8448,Ciencia ficción
8449,Ficción histórica
8450,Fantasía
8451,Religión y espiritualidad
8452,Ficción histórica
8453,Ficción
8454,Biografía
8454,Negocios
8455,Infantil
8456,Ficción
8457,Ficción
8458,Romántica
8458,Fantasía
8459,Ciencia ficción
8459,Juvenil
8460,Fantasía
8461,Thriller
8462,Fantasía
8462,Juvenil
8463,Cocina
8463,No ficción
8464,Ficción
8465,Ficción
8465,Religión y espiritualidad
8466,No ficción
8467,Thriller
8468,Thriller
8469,Ficción
8470,Ficción histórica
8471,Clásicos
8471,Ficción
8472,Clásicos
8472,Ensayo
8473,Ficción
8473,Juvenil
8474,Misterio
8474,Ficción
8475,Ficción histórica
8476,Fantasía
8476,Juvenil
8477,Fantasía
8477,Infantil
8478,Infantil
8479,Ficción
8480,Ficción
8481,Juvenil
8481,Ficción
8482,Ciencia ficción
8482,Fantasía
8483,Romántica
8484,Fantasía
8484,Infantil
8485,Autoayuda
8485,No ficción
8486,Ficción histórica
8487,Fantasía
8487,Juvenil
8488,Ficción
8488,Juvenil
8489,Ficción
8490,Ciencia ficción
8491,Fantasía
8492,Poesía
8493,Ciencia ficción
8493,Juvenil
8494,Romántica
8495,Ciencia ficción
8496,Romántica
8496,Misterio
8497,Cómic y novela gráfica
8497,Biografía
8498,Ficción histórica
8499,Historia
8499,No ficción
8500,Fantasía
8500,Juvenil
8501,Ficción
8502,Fantasía
8502,Juvenil
8503,Clásicos
8503,Ficción
8504,Clásicos
8505,Romántica
8506,Fantasía
8506,Juvenil
8507,Fantasía
8508,Ficción
8509,Romántica
8510,Ciencia ficción
8510,Juvenil
8511,Ciencia ficción
8511,Juvenil
8512,Ciencia ficción
8513,Negocios
8514,Thriller
8515,Memorias
8516,Ficción
8517,Ciencia ficción
8518,Romántica
8519,Ficción
8520,Ficción histórica
8521,Infantil
8521,Ficción histórica
8522,Autoayuda
8522,Arte
8523,Historia
8523,Memorias
8524,Memorias
8524,Viajes
8526,Ciencia ficción
8526,Juvenil
8527,Romántica
8527,Fantasía
8528,Memorias
8529,Thriller
8529,Ficción histórica
8530,Fantasía
8530,Juvenil
8531,Ciencia ficción
8532,Ficción histórica
8533,Cocina
8534,Misterio
8534,Infantil
8535,Ciencia ficción
8536,Ficción
8537,Memorias
8537,Viajes
8538,Ficción
8539,Terror
8539,Fantasía
8540,Ficción
8540,Juvenil
8541,Thriller
8541,Misterio
8542,Ciencia ficción
8542,Thriller
8543,Ficción
8543,Juvenil
8544,Psicología
8544,Ciencia
8545,Thriller
8545,Misterio
8547,Ficción
8548,Infantil
8549,Negocios
8549,Autoayuda
8550,Thriller
8551,Fantasía
8552,Ficción
8552,Religión y espiritualidad
8575,Fantasía
8575,Juvenil
8553,Ciencia
8553,No ficción
8554,Misterio
8554,Juvenil
8555,Cómic y novela gráfica
8555,Aventura
8556,Misterio
8556,Thriller
8557,Fantasía
8557,Juvenil
8558,Clásicos
8558,Aventura
8558,Ficción histórica
8559,Cómic y novela gráfica
8559,Romántica
8560,Autoayuda
8560,Religión y espiritualidad
8561,Fantasía
8562,Romántica
8562,Ficción histórica
8563,Fantasía
8564,Clásicos
8564,Ficción
8565,Clásicos
8565,Ficción
8566,Ficción histórica
8566,Romántica
8567,Cómic y novela gráfica
8567,Thriller
8568,Fantasía
8569,Fantasía
8569,Romántica
8570,Clásicos
8570,Ficción
8571,Cocina
8572,Misterio
8572,Thriller
8573,Ficción
8573,Juvenil
8574,Thriller
8574,Juvenil
8576,Biografía
8576,Historia
8577,Ensayo
8577,No ficción
8578,Infantil
8579,Ciencia ficción
8579,Thriller
8580,Memorias
8580,Ensayo
8581,Biografía
8582,Ficción
8582,Misterio
8583,Thriller
8583,Misterio
8584,Fantasía
8584,Juvenil
8585,Infantil
8586,Ficción histórica
8586,Romántica
8587,Fantasía
8587,Juvenil
8588,Ficción
8588,Misterio
8589,Clásicos
8589,Ficción
8590,Misterio
8590,Thriller
8591,Ficción
8591,Juvenil
8592,Fantasía
8593,Ensayo
8593,No ficción
8594,Ciencia ficción
8595,Fantasía
8595,Romántica
8596,Thriller
8596,Misterio
8800,Juvenil
8800,Misterio
8597,Juvenil
8597,Ficción
8598,Memorias
8598,Biografía
8599,Cómic y novela gráfica
8599,Juvenil
8600,Ficción
8601,Autoayuda
8601,Psicología
8602,Infantil
8603,Romántica
8603,Ficción
8604,Arte
8604,Biografía
8605,Arte
8605,Ensayo
8606,Infantil
8607,Juvenil
8607,Thriller
8608,Thriller
8608,Misterio
8609,Poesía
8609,Clásicos
8610,Juvenil
8610,Ficción
8611,Ensayo
8612,Cómic y novela gráfica
8612,Terror
8613,Memorias
8613,Biografía
8614,Fantasía
8614,Aventura
8615,Thriller
8615,Misterio
8616,Desconocido
8617,Fantasía
8617,Aventura
8618,Historia
8618,Biografía
8619,Poesía
8619,Infantil
8620,Infantil
8621,Romántica
8621,Ficción
8622,Fantasía
8622,Romántica
8623,Ciencia
8623,Ensayo
8624,Thriller
8624,Misterio
8625,Ficción
8625,Clásicos
8626,Juvenil
8626,Ficción
8627,Ficción histórica
8627,Romántica
8628,Thriller
8629,Romántica
8629,Ficción
8630,Terror
8630,Ficción
8631,Thriller
8632,Ficción
8633,Historia
8633,Biografía
8633,Clásicos
8634,Desconocido
8635,Ficción histórica
8635,Aventura
8636,Ciencia ficción
8637,Fantasía
8637,Juvenil
8638,Misterio
8638,Ficción
8639,No ficción
8639,Historia
8640,Misterio
8641,Fantasía
8641,Romántica
8642,Romántica
8643,Ciencia ficción
8643,Juvenil
8644,Thriller
8645,Fantasía
8646,Misterio
8646,Romántica
8647,Misterio
8647,Clásicos
8648,Infantil
8649,Thriller
8650,Cómic y novela gráfica
8651,Ciencia ficción
8652,Fantasía
8652,Juvenil
8653,Ficción
8653,Misterio
8654,Aventura
8654,Ficción histórica
8655,No ficción
8655,Deportes
8656,Ficción
8657,Romántica
8658,Ficción
8659,Memorias
8659,Viajes
8660,Fantasía
8660,Juvenil
8661,Biografía
8661,Deportes
8662,Ciencia ficción
8663,Cómic y novela gráfica
8663,Terror
8664,Ficción histórica
8665,Infantil
8666,Viajes
8666,No ficción
8667,Ciencia ficción
8668,Fantasía
8668,Juvenil
8669,Infantil
8670,Ciencia ficción
8671,Memorias
8671,Biografía
8672,Ciencia ficción
8672,Thriller
8673,Misterio
8674,Fantasía
8674,Juvenil
8675,Memorias
8675,Biografía
8676,Ficción
8676,Misterio
8677,Ficción
8678,Fantasía
8678,Juvenil
8679,Ficción histórica
8680,Ficción
8680,Religión y espiritualidad
8681,Ficción
8682,Clásicos
8682,Ficción
8684,Romántica
8685,Thriller
8686,Terror
8686,Clásicos
8687,Aventura
8687,Ficción histórica
8688,Ensayo
8689,Romántica
8690,Ficción
8691,Ficción
8692,Ficción
8693,Ficción
8694,Thriller
8694,Misterio
8695,Fantasía
8695,Juvenil
8696,Ficción
8697,Ficción histórica
8698,Memorias
8699,Infantil
8700,Infantil
8701,Cómic y novela gráfica
8702,Romántica
8702,Fantasía
8703,No ficción
8704,Clásicos
8704,Ficción
8705,Fantasía
8706,Thriller
8706,Misterio
8707,Religión y espiritualidad
8708,Fantasía
8709,Ficción
8710,Thriller
8710,Misterio
8711,Thriller
8712,Infantil
8713,Ficción
8714,Juvenil
8714,Ficción
8715,Thriller
8715,Aventura
8716,Ficción
8717,Ficción
8718,Romántica
8718,Ficción histórica
8719,Misterio
8720,Fantasía
8720,Juvenil
8721,Historia
8722,Ficción
8723,Thriller
8724,Memorias
8725,Fantasía
8726,Clásicos
8726,Aventura
8727,Thriller
8728,Ficción
8729,Fantasía
8730,Thriller
8730,Misterio
8731,Ficción
8825,Ficción histórica
8825,Misterio
8732,Religión y espiritualidad
8733,Clásicos
8733,Aventura
8734,Juvenil
8734,Ficción
8735,Ficción
8736,Negocios
8737,Cómic y novela gráfica
8737,No ficción
8738,Biografía
8738,Arte
8739,Ficción
8740,Clásicos
8740,Ficción
8741,Ficción histórica
8741,Fantasía
8742,Ciencia ficción
8743,Cómic y novela gráfica
8743,Fantasía
8743,Juvenil
8744,Romántica
8745,Juvenil
8745,Ficción
8746,Infantil
8747,Autoayuda
8747,Arte
8748,Memorias
8749,Fantasía
8749,Juvenil
8749,Romántica
8750,Fantasía
8750,Ficción histórica
8751,Thriller
8752,Biografía
8752,Música
8753,Infantil
8753,Fantasía
8753,Aventura
8754,Biografía
8754,Música
8755,Fantasía
8756,Thriller
8756,Misterio
8757,Terror
8757,Clásicos
8758,Romántica
8759,Thriller
8759,Misterio
8760,Clásicos
8760,Ficción
8761,Fantasía
8761,Juvenil
8761,Aventura
8762,Romántica
8763,Thriller
8763,Romántica
8764,Thriller
8765,Ficción
8766,Ciencia ficción
8767,Fantasía
8768,Clásicos
8768,Misterio
8769,Romántica
8770,Romántica
8770,Fantasía
8771,Infantil
8772,Thriller
8772,Misterio
8773,Religión y espiritualidad
8774,Infantil
8775,Romántica
8776,Ficción
8777,Ciencia ficción
8777,Juvenil
8777,Aventura
8778,Thriller
8778,Misterio
8779,Ficción
8780,Juvenil
8780,Romántica
8781,Ficción
8781,Misterio
8782,Ficción
8782,Clásicos
8783,Ciencia ficción
8784,Thriller
8784,Fantasía
8785,Thriller
8785,Misterio
8786,Thriller
8786,Misterio
8787,Fantasía
8787,Juvenil
8787,Aventura
8788,Clásicos
8788,Ficción
8789,Viajes
8789,Memorias
8790,Thriller
8790,Ciencia ficción
8791,Ficción
8791,Misterio
8792,Clásicos
8792,Memorias
8793,Ficción
8793,Romántica
8794,Ficción histórica
8794,Juvenil
8795,Ficción
8795,Juvenil
8796,Thriller
8796,Misterio
8797,Misterio
8797,Juvenil
8798,Terror
8799,Fantasía
8799,Ciencia ficción
8801,Ficción
8802,No ficción
8802,Viajes
8803,Thriller
8803,Misterio
8804,Romántica
8804,Ficción
8805,Ficción
8806,Ficción histórica
8806,Aventura
8807,Autoayuda
8807,Memorias
8808,Fantasía
8808,Juvenil
8809,Ficción
8809,Religión y espiritualidad
8810,Fantasía
8810,Juvenil
8811,Ficción
8812,Ficción
8812,Romántica
8813,Ficción
8814,Ficción histórica
8815,Ficción
8816,Ficción
8817,Infantil
8818,Ficción
8819,Poesía
8820,Fantasía
8820,Romántica
8821,No ficción
8821,Memorias
8822,Thriller
8822,Ciencia ficción
8823,Autoayuda
8823,No ficción
8824,Thriller
8824,Misterio
8826,Cómic y novela gráfica
8826,Ciencia ficción
8827,Fantasía
8827,Juvenil
8828,Memorias
8828,No ficción
8829,Terror
8829,Fantasía
8830,Thriller
8830,Misterio
8831,Biografía
8831,Memorias
8832,Fantasía
8832,Juvenil
8833,Infantil
8834,Romántica
8834,Ficción
8835,Ficción histórica
8835,Romántica
8836,Biografía
8836,Memorias
8837,Thriller
8837,Aventura
8838,Clásicos
8838,Aventura
8839,Thriller
8839,Misterio
8840,Clásicos
8840,Ficción
8841,Fantasía
8841,Ciencia ficción
8841,Juvenil
8842,Juvenil
8842,Ficción
8843,Memorias
8843,Biografía
8844,Fantasía
8844,Juvenil
8845,Memorias
8845,No ficción
8846,Ciencia
8846,Historia
8847,Memorias
8847,Biografía
8848,Ficción
8848,Romántica
8849,Thriller
8849,Misterio
8850,Misterio
8850,Clásicos
8851,Fantasía
8851,Romántica
8852,Fantasía
8852,Romántica
8853,Thriller
8853,Misterio
8854,Ficción histórica
8854,Religión y espiritualidad
8855,Negocios
8855,Biografía
8856,Infantil
8857,Infantil
8857,Poesía
8858,Thriller
8858,Misterio
8860,Romántica
8860,Thriller
8861,Misterio
8861,Thriller
8862,Romántica
8862,Ficción
8863,Aventura
8863,Thriller
8864,Thriller
8864,Aventura
8865,Autoayuda
8865,Psicología
8866,Fantasía
8866,Juvenil
8867,No ficción
8867,Memorias
8868,Misterio
8868,Clásicos
8869,Juvenil
8869,Romántica
8870,Infantil
8870,Aventura
8871,Fantasía
8871,Juvenil
8872,Romántica
8872,Thriller
8873,Ficción
8874,Ficción
8875,Juvenil
8875,Poesía
8876,Fantasía
8876,Thriller
8877,Cocina
8878,Clásicos
8878,Ficción
8879,No ficción
8879,Biografía
8880,Cómic y novela gráfica
8880,Ciencia ficción
8881,Ficción
8882,Ficción
8883,Romántica
8883,Misterio
8884,Thriller
8884,Misterio
8885,Ficción
8886,No ficción
8886,Deportes
8887,Fantasía
8888,Clásicos
8888,Ficción
8889,Romántica
8890,Cómic y novela gráfica
8890,Romántica
8891,Religión y espiritualidad
8891,Historia
8892,Romántica
8893,Fantasía
8894,Thriller
8895,Misterio
8896,Clásicos
8896,Ficción
8897,Romántica
8897,Ficción histórica
8898,Thriller
8899,Clásicos
8899,Poesía
8900,Misterio
8900,Ficción
8901,Memorias
8901,Historia
8902,Ficción
8903,Negocios
8904,Ciencia ficción
8905,Ficción
8906,Clásicos
8906,Ensayo
8907,Religión y espiritualidad
8907,Ensayo
8908,Clásicos
8908,Ficción
8909,Fantasía
8909,Romántica
8910,Fantasía
8910,Juvenil
8911,Fantasía
8912,Ficción
8913,Infantil
8914,Ficción
8915,Religión y espiritualidad
8915,Ensayo
8916,Clásicos
8916,Poesía
8938,Thriller
8917,Ficción
8917,Romántica
8918,Romántica
8919,Ficción
8920,Ficción
8921,Thriller
8921,Ciencia ficción
8922,Fantasía
8922,Juvenil
8923,Clásicos
8923,Ficción
8924,Infantil
8925,Negocios
8925,Ficción
8926,No ficción
8926,Biografía
8927,Infantil
8927,Ficción
8928,Memorias
8928,Juvenil
8929,Ensayo
8929,No ficción
8930,No ficción
8930,Ensayo
8931,Fantasía
8932,Cocina
8933,Memorias
8933,Negocios
8934,Negocios
8934,Autoayuda
8935,Ciencia ficción
8935,Juvenil
8936,No ficción
8936,Historia
8937,Fantasía
8937,Cómic y novela gráfica
8939,Ficción
8940,Música
8940,Historia
8941,Romántica
8941,Juvenil
8942,Ficción
8942,Juvenil
8943,No ficción
8943,Historia
8944,Ciencia ficción
8944,Ficción histórica
8945,Thriller
8945,Misterio
8946,Poesía
8946,Clásicos
8947,Ficción
8947,Deportes
8948,Cómic y novela gráfica
8948,Infantil
8948,Ciencia ficción
8949,Clásicos
8949,Poesía
8950,Ficción
8950,Thriller
8951,Ciencia ficción
8951,Juvenil
8952,Romántica
8953,Terror
8953,Juvenil
8954,Thriller
8954,Misterio
8955,Romántica
8956,Terror
8956,Juvenil
8957,Memorias
8957,Viajes
8957,Cocina
8958,Fantasía
8958,Juvenil
8959,Fantasía
8959,Romántica
8960,Ficción
8961,Ciencia ficción
8962,Fantasía
8962,Juvenil
8963,Thriller
8963,Aventura
8964,Biografía
8964,Historia
8965,Clásicos
8965,Ficción
8966,Romántica
8967,Romántica
8968,Juvenil
8968,Ficción
8969,Infantil
8970,Ciencia ficción
8971,Juvenil
8971,Ficción
8972,Thriller
8972,Misterio
8973,Ficción
8974,No ficción
8974,Biografía
8974,Historia
8975,Ficción
8976,Ficción
8976,Clásicos
8977,Memorias
8977,Autoayuda
8978,Cómic y novela gráfica
8979,Misterio
8979,Clásicos
8980,Fantasía
8980,Juvenil
8981,Thriller
8981,Misterio
8982,Cómic y novela gráfica
8982,Fantasía
8983,Ficción
8983,Misterio
8984,Thriller
8985,Thriller
8985,Misterio
8986,Thriller
8986,Terror
8987,Thriller
8987,Terror
8988,Fantasía
8988,Ficción histórica
8989,Ficción
8989,Juvenil
8990,Thriller
8990,Terror
8991,Romántica
8991,Juvenil
8992,Memorias
8993,Romántica
8993,Juvenil
8994,Thriller
8994,Misterio
8995,Fantasía
8996,Memorias
8996,Historia
8997,Misterio
8997,Thriller
8998,Memorias
8998,No ficción
8999,Ensayo
8999,Arte
9000,Thriller
9000,Misterio
9001,Biografía
9001,Memorias
9002,Cocina
9003,Terror
9003,Juvenil
9004,Biografía
9004,Historia
9005,Thriller
9005,Misterio
9006,Memorias
9006,Biografía
9007,Fantasía
9007,Juvenil
9008,Ficción
9009,Romántica
9009,Juvenil
9010,Aventura
9010,Juvenil
9011,No ficción
9012,Ficción
9012,Misterio
9013,Ciencia ficción
9013,Juvenil
9014,Negocios
9015,Romántica
9015,Fantasía
9016,Romántica
9016,Ciencia ficción
9017,Cómic y novela gráfica
9017,Memorias
9018,Ficción
9019,Ciencia ficción
9020,Ficción histórica
9020,Misterio
9021,Ficción
9022,Ciencia ficción
9022,Misterio
9023,Ficción histórica
9024,Ficción
9025,Ficción
9026,Terror
9026,Thriller
9027,Romántica
9028,Fantasía
9028,Infantil
9029,Fantasía
9029,Ciencia ficción
9030,Romántica
9031,Romántica
9031,Ficción histórica
9032,No ficción
9033,Ficción
9034,Ciencia ficción
9035,Romántica
9036,Ficción
9038,Memorias
9039,Viajes
9040,Thriller
9041,Romántica
9042,Ficción
9042,Thriller
9043,Ciencia ficción
9044,Terror
9044,Fantasía
9045,Infantil
9046,Romántica
9047,Thriller
9048,Fantasía
9048,Juvenil
9049,Memorias
9049,Biografía
9050,Fantasía
9050,Juvenil
9050,Cómic y novela gráfica
9051,Ficción
9052,Fantasía
9052,Misterio
9053,Fantasía
9053,Juvenil
9053,Aventura
9054,Ficción
9055,Arte
9056,Fantasía
9056,Juvenil
9057,Thriller
9058,Terror
9059,Misterio
9059,Thriller
9060,Ficción
9061,Infantil
9061,Aventura
9062,Fantasía
9062,Juvenil
9063,Infantil
9064,Biografía
9065,Ficción
9066,Romántica
9066,Fantasía
9067,Romántica
9067,Fantasía
9068,Misterio
9068,Thriller
9069,Juvenil
9069,Ficción
9070,Ficción
9071,Infantil
9071,Fantasía
9072,Ficción
9073,Romántica
9073,Ficción histórica
9074,Fantasía
9075,Fantasía
9075,Juvenil
9076,Religión y espiritualidad
9077,Fantasía
9077,Juvenil
9078,Ensayo
9079,Ficción histórica
9079,Religión y espiritualidad
9080,Ficción
9081,Infantil
9081,Aventura
9082,Ciencia ficción
9082,Thriller
9083,Ensayo
9083,Música
9084,Historia
9084,No ficción
9085,Ciencia ficción
9086,Fantasía
9087,Infantil
9088,Infantil
9088,Aventura
9089,Romántica
9090,Romántica
9091,Misterio
9091,Thriller
9092,Cómic y novela gráfica
9092,Fantasía
9093,Fantasía
9093,Juvenil
9093,Cómic y novela gráfica
9094,Memorias
9094,Biografía
9095,Ficción
9095,Deportes
9096,Ficción
9096,Romántica
9097,Ensayo
9097,No ficción
9098,Fantasía
9098,Terror
9099,Romántica
9100,Memorias
9100,Viajes
9101,Romántica
9102,Memorias
9102,Biografía
9103,Fantasía
9104,Ficción
9104,Terror
9105,Romántica
9106,Fantasía
9106,Juvenil
9107,Memorias
9107,Biografía
9108,Romántica
9108,Deportes
9109,Romántica
9110,Historia
9110,Juvenil
9111,No ficción
9111,Viajes
9112,Infantil
9113,Biografía
9113,Ficción histórica
9114,Clásicos
9114,Poesía
9115,Thriller
9116,Misterio
9117,Ficción
9117,Romántica
9118,Historia
9118,Biografía
9119,Ficción histórica
9120,Infantil
9121,Ciencia ficción
9122,Romántica
9123,Clásicos
9123,Ficción
9124,Infantil
9125,Infantil
9126,Cómic y novela gráfica
9127,Clásicos
9129,Ficción
9130,Fantasía
9130,Juvenil
9131,Romántica
9132,Romántica
9132,Ficción histórica
9133,Fantasía
9134,Religión y espiritualidad
9135,Fantasía
9136,Fantasía
9136,Juvenil
9137,Aventura
9137,Juvenil
9138,Misterio
9138,Juvenil
9139,Terror
9140,Fantasía
9141,Fantasía
9142,Ficción
9142,Romántica
9166,Fantasía
9166,Romántica
9143,Memorias
9143,Biografía
9144,Thriller
9145,Ficción histórica
9146,Fantasía
9146,Juvenil
9147,Terror
9147,Fantasía
9148,Fantasía
9148,Romántica
9149,Fantasía
9149,Romántica
9150,Ficción
9151,Infantil
9152,Fantasía
9152,Juvenil
9153,Fantasía
9153,Juvenil
9154,Thriller
9155,Thriller
9156,Infantil
9157,Fantasía
9158,Ficción histórica
9159,Romántica
9160,Romántica
9160,Thriller
9161,Cómic y novela gráfica
9161,Juvenil
9162,Infantil
9163,Memorias
9164,Ciencia ficción
9165,Fantasía
9165,Juvenil
9167,Romántica
9168,Romántica
9169,Ficción
9170,Ficción
9171,Romántica
9172,No ficción
9172,Historia
9173,Ficción histórica
9174,Fantasía
9174,Romántica
9175,Ciencia ficción
9175,Fantasía
9176,Religión y espiritualidad
9177,Romántica
9178,Ficción
9179,Ciencia ficción
9179,Juvenil
9180,Thriller
9180,Terror
9181,Ficción histórica
9182,Ensayo
9182,No ficción
9183,No ficción
9183,Historia
9184,Fantasía
9184,Romántica
9185,Ficción
9186,Romántica
9187,Memorias
9188,Ficción
9189,Infantil
9189,Biografía
9190,Fantasía
9190,Juvenil
9191,Ficción
9192,Fantasía
9192,Romántica
9193,Ficción
9194,Infantil
9194,Clásicos
9195,Fantasía
9196,Ficción histórica
9196,Romántica
9197,Misterio
9197,Ficción
9198,Ciencia ficción
9198,Juvenil
9199,Thriller
9200,Fantasía
9200,Juvenil
9201,Romántica
9201,Fantasía
9202,Memorias
9202,Biografía
9203,Cómic y novela gráfica
9204,No ficción
9204,Ensayo
9205,Ficción histórica
9206,Ficción
9207,Juvenil
9207,Ficción
9208,Cómic y novela gráfica
9209,Cómic y novela gráfica
9209,Infantil
9210,Infantil
9211,Terror
9211,Ciencia ficción
9212,Ficción histórica
9213,Cómic y novela gráfica
9213,Fantasía
9214,Ficción
9214,Romántica
9215,Ficción histórica
9216,Fantasía
9216,Ciencia ficción
9217,Thriller
9218,Fantasía
9218,Juvenil
9219,Religión y espiritualidad
9220,Autoayuda
9221,Ficción
9222,Historia
9222,No ficción
9223,Clásicos
9223,Ficción
9224,Thriller
9225,Ciencia ficción
9225,Terror
9226,Ficción histórica
9227,Thriller
9227,Romántica
9228,Cómic y novela gráfica
9229,Infantil
9229,Ciencia ficción
9230,Infantil
9231,Memorias
9231,Religión y espiritualidad
9232,Ficción
9254,Ficción histórica
9254,Aventura
9233,Thriller
9233,Misterio
9234,Fantasía
9235,Ciencia ficción
9236,Religión y espiritualidad
9236,Ficción
9237,Misterio
9237,Ficción histórica
9238,Cómic y novela gráfica
9239,Infantil
9240,Ficción histórica
9241,Ficción histórica
9241,Religión y espiritualidad
9242,Thriller
9242,Romántica
9243,Historia
9243,Infantil
9244,Fantasía
9244,Romántica
9245,Cómic y novela gráfica
9245,Juvenil
9246,Autoayuda
9246,Religión y espiritualidad
9247,Ficción histórica
9248,Thriller
9249,Negocios
9249,Autoayuda
9250,Memorias
9250,Biografía
9251,Ficción
9252,Música
9253,Autoayuda
9255,Clásicos
9255,Infantil
9256,Romántica
9257,Fantasía
9258,Romántica
9259,Fantasía
9259,Juvenil
9260,Autoayuda
9261,Romántica
9261,Deportes
9262,Religión y espiritualidad
9263,Ficción
9264,Ficción
9266,Fantasía
9267,Ficción
9267,Romántica
9268,Fantasía
9268,Terror
9269,Romántica
9269,Deportes
9270,Fantasía
9270,Juvenil
9271,Romántica
9272,Infantil
9273,Memorias
9274,Ficción histórica
9275,Autoayuda
9275,Negocios
9276,Ficción histórica
9276,Aventura
9277,Ciencia ficción
9278,Thriller
9278,Misterio
9279,Thriller
9280,Biografía
9280,Historia
9281,Clásicos
9281,Poesía
9282,Fantasía
9283,Ensayo
9284,Romántica
9285,Fantasía
9285,Juvenil
9286,Memorias
9286,Ciencia
9287,Ciencia ficción
9288,Ficción
9289,Romántica
9289,Fantasía
9290,Cómic y novela gráfica
9291,Memorias
9291,Biografía
9292,Autoayuda
9292,Psicología
9293,Romántica
9293,Juvenil
9294,Ficción histórica
9294,Thriller
9295,No ficción
9295,Historia
9296,Psicología
9297,Ficción
9297,Clásicos
9298,Terror
9299,Ciencia ficción
9300,Ficción
9301,Romántica
9302,Ficción
9303,Ensayo
9305,Ficción
9305,Romántica
9306,Ficción
9307,Deportes
9307,Juvenil
9308,Fantasía
9308,Juvenil
9309,Ficción
9310,Thriller
9310,Religión y espiritualidad
9311,No ficción
9312,Thriller
9313,Ciencia ficción
9314,Thriller
9315,Ficción histórica
9316,Romántica
9316,Misterio
9317,Ficción
9317,Clásicos
9318,Romántica
9318,Misterio
9319,Cómic y novela gráfica
9319,Juvenil
9320,Ficción
9321,Cómic y novela gráfica
9321,Romántica
9321,Juvenil
9322,Autoayuda
9323,Ficción
9323,Clásicos
9325,Fantasía
9325,Juvenil
9326,Romántica
9327,Fantasía
9327,Juvenil
9328,Romántica
9328,Juvenil
9329,Misterio
9330,Fantasía
9331,Fantasía
9332,Fantasía
9332,Juvenil
9333,Thriller
9334,Ficción histórica
9335,Thriller
9336,Misterio
9336,Thriller
9337,Historia
9338,Terror
9338,Juvenil
9339,Romántica
9339,Misterio
9340,Juvenil
9340,Romántica
9341,Juvenil
9342,Romántica
9342,Fantasía
9343,Fantasía
9344,Psicología
9345,Juvenil
9346,Romántica
9347,Autoayuda
9348,Thriller
9348,Misterio
9349,Fantasía
9349,Romántica
9350,Autoayuda
9351,Romántica
9352,Misterio
9352,Juvenil
9353,Memorias
9353,Biografía
9354,Infantil
9354,Aventura
9355,Fantasía
9355,Juvenil
9356,Romántica
9356,Ficción
9357,Ficción histórica
9357,Juvenil
9358,Romántica
9358,Thriller
9359,Historia
9360,Terror
9360,Fantasía
9361,Ficción
9361,Juvenil
9362,Fantasía
9362,Romántica
9363,Ficción
9364,Romántica
9365,Ficción
9366,Romántica
9366,Ficción histórica
9367,Cómic y novela gráfica
9367,Biografía
9368,Romántica
9368,Ficción histórica
9369,Romántica
9369,Ficción
9370,Romántica
9370,Juvenil
9371,Fantasía
9371,Infantil
9372,Infantil
9372,Aventura
9373,Ficción
9374,Deportes
9374,No ficción
9375,Negocios
9375,Autoayuda
9376,Fantasía
9376,Ciencia ficción
9377,Romántica
9377,Thriller
9378,Cómic y novela gráfica
9378,Fantasía
9378,Infantil
9379,Autoayuda
9379,Cocina
9380,Romántica
9380,Ficción histórica
9381,Infantil
9381,Ficción
9382,Fantasía
9383,Infantil
9383,Ficción histórica
9384,Ficción histórica
9385,Cómic y novela gráfica
9386,Ficción histórica
9387,Romántica
9387,Juvenil
9388,Thriller
9388,Misterio
9389,Misterio
9389,Clásicos
9390,Misterio
9390,Romántica
9391,Memorias
9391,Cocina
9392,Ficción histórica
9393,Ciencia ficción
9393,Thriller
9394,Romántica
9394,Juvenil
9395,Ficción
9395,Juvenil
9396,Thriller
9396,Misterio
9397,Fantasía
9398,Ciencia ficción
9399,Memorias
9400,Misterio
9401,Cómic y novela gráfica
9401,Fantasía
9401,Juvenil
9402,Infantil
9402,Aventura
9403,Misterio
9403,Thriller
9404,Infantil
9404,Aventura
9405,Romántica
9406,Ficción
9407,Ficción histórica
9408,Fantasía
9409,Ficción histórica
9409,Juvenil
9410,Ficción
9411,Ficción histórica
9412,Romántica
9413,Romántica
9414,Fantasía
9414,Romántica
9415,Fantasía
9416,Romántica
9417,Infantil
9418,No ficción
9418,Arte
9419,Religión y espiritualidad
9419,Memorias
9420,Romántica
9421,Misterio
9421,Ficción histórica
9422,Thriller
9422,Terror
9423,Romántica
9423,Juvenil
9424,Fantasía
9425,Ficción
9426,Romántica
9427,Thriller
9428,Ciencia ficción
9429,Ciencia ficción
9430,Romántica
9431,Thriller
9431,Aventura
9432,Ensayo
9433,Ciencia ficción
9434,Fantasía
9435,Infantil
9436,Biografía
9436,Música
9437,Ficción
9438,Aventura
9438,Juvenil
9439,Biografía
9439,Música
9440,Thriller
9441,Cómic y novela gráfica
9441,Ciencia ficción
9442,Biografía
9442,Historia
9443,Ficción histórica
9444,Misterio
9444,Thriller
9445,Ficción
9446,Romántica
9447,Ciencia ficción
9448,Romántica
9449,Thriller
9449,Terror
9450,Fantasía
9450,Juvenil
9451,Misterio
9452,Thriller
9452,Ficción histórica
9453,Ficción
9454,Thriller
9455,Clásicos
9455,Ficción
9456,Psicología
9456,No ficción
9457,Cómic y novela gráfica
9458,Cómic y novela gráfica
9459,Religión y espiritualidad
9459,No ficción
9460,Ficción
9461,Infantil
9461,Aventura
9462,Romántica
9463,Ciencia ficción
9464,Romántica
9465,Cómic y novela gráfica
9466,Romántica
9466,Juvenil
9467,Romántica
9468,Thriller
9469,Misterio
9469,Clásicos
9470,Ciencia ficción
9470,Juvenil
9471,Juvenil
9471,Ficción
9472,Clásicos
9472,Romántica
9473,Religión y espiritualidad
9474,Romántica
9475,Thriller
9475,Terror
9476,Misterio
9476,Clásicos
9477,Thriller
9477,Misterio
9478,Religión y espiritualidad
9478,No ficción
9479,Cómic y novela gráfica
9479,Clásicos
9480,Fantasía
9481,Ciencia ficción
9481,Fantasía
9482,Autoayuda
9483,Ficción
9484,Misterio
9484,Juvenil
9485,Ficción histórica
9485,Misterio
9486,Romántica
9487,Ficción
9488,Thriller
9488,Romántica
9489,Juvenil
9489,Ficción
9490,Infantil
9491,Romántica
9491,Fantasía
9492,Thriller
9493,Romántica
9493,Aventura
9494,Misterio
9494,Clásicos
9495,Cómic y novela gráfica
9496,Infantil
9497,Romántica
9498,Ficción histórica
9498,Aventura
9499,Ciencia ficción
9500,Fantasía
9500,Juvenil
9500,Romántica
9501,Ficción
9501,Juvenil
9502,Arte
9503,Ficción histórica
9503,Religión y espiritualidad
9504,Fantasía
9504,Ciencia ficción
9505,Memorias
9505,Autoayuda
9506,Ficción histórica
9507,Thriller
9507,Romántica
9508,Romántica
9508,Misterio
9509,Infantil
9509,Ficción
9510,Misterio
9510,Ficción histórica
9511,Ficción
9512,Desconocido
9513,Ficción
9513,Aventura
9514,Historia
9514,No ficción
9515,Fantasía
9515,Misterio
9516,Ficción
9517,Ficción
9517,Terror
9518,Religión y espiritualidad
9518,Ensayo
9519,Ficción
9520,Thriller
9521,Historia
9521,No ficción
9522,Memorias
9522,Historia
9523,Ficción
9524,Romántica
9524,Ficción
9525,Fantasía
9526,Ciencia ficción
9526,Aventura
9527,Ciencia ficción
9527,Juvenil
9528,Thriller
9528,Misterio
9529,Negocios
9530,Misterio
9531,Poesía
9532,Clásicos
9532,Fantasía
9532,Infantil
9533,Ficción
9534,Autoayuda
9534,Religión y espiritualidad
9535,Romántica
9536,Cómic y novela gráfica
9536,Romántica
9537,Cocina
9538,Ciencia ficción
9539,Fantasía
9540,Clásicos
9540,Ficción
9541,Ciencia ficción
9541,Thriller
9542,Ficción
9543,Romántica
9544,Ficción
9544,Juvenil
9545,Ficción histórica
9546,Fantasía
9547,Misterio
9547,Thriller
9548,Romántica
9549,Clásicos
9549,Ficción
9550,No ficción
9550,Ensayo
9551,Infantil
9551,Aventura
9552,Fantasía
9552,Terror
9553,Cómic y novela gráfica
9553,Juvenil
9554,No ficción
9554,Historia
9555,Ficción
9556,Fantasía
9558,Romántica
9558,Thriller
9559,Terror
9560,Ciencia ficción
9561,Clásicos
9561,Ficción
9562,Fantasía
9563,Ensayo
9563,No ficción
9564,Aventura
9564,Juvenil
9565,Ficción
9565,Romántica
9566,Cómic y novela gráfica
9567,Ciencia ficción
9567,Juvenil
9568,Memorias
9568,Historia
9569,Ficción
9569,Juvenil
9570,Ensayo
9571,Ciencia ficción
9572,Romántica
9573,Romántica
9573,Juvenil
9574,Misterio
9575,Ciencia ficción
9576,Ensayo
9576,No ficción
9577,Ciencia ficción
9579,Ficción
9580,Romántica
9581,Ciencia ficción
9582,Ficción
9583,Fantasía
9583,Juvenil
9584,Romántica
9584,Ficción histórica
9585,Misterio
9585,Ficción histórica
9586,Fantasía
9587,Memorias
9587,Religión y espiritualidad
9588,Ficción
9589,Infantil
9590,Ficción
9591,Fantasía
9591,Juvenil
9592,Thriller
9593,Romántica
9593,Fantasía
9594,Thriller
9594,Misterio
9595,Ciencia ficción
9596,Ficción
9596,Juvenil
9597,Fantasía
9642,Clásicos
9642,Ficción
9598,Cómic y novela gráfica
9598,Juvenil
9599,Ciencia ficción
9599,Juvenil
9600,Thriller
9600,Misterio
9601,Cómic y novela gráfica
9601,Ciencia ficción
9602,Misterio
9602,Thriller
9603,Romántica
9603,Fantasía
9604,Historia
9604,Biografía
9605,Ensayo
9605,Poesía
9606,Ficción
9607,Ciencia ficción
9608,Ficción
9609,Fantasía
9610,Ficción
9611,Misterio
9611,Juvenil
9612,Clásicos
9612,Ficción
9613,Ficción
9613,Thriller
9614,Thriller
9615,Infantil
9615,Biografía
9616,Juvenil
9616,Ficción
9617,Ficción
9617,Romántica
9618,Romántica
9618,Fantasía
9619,Romántica
9620,Poesía
9621,Ficción histórica
9622,Fantasía
9623,Clásicos
9623,Ficción
9624,Ensayo
9624,Ciencia
9625,Autoayuda
9626,Cómic y novela gráfica
9626,Ciencia ficción
9627,Ficción
9628,Ficción
9629,Biografía
9629,Memorias
9630,Ficción
9631,No ficción
9631,Historia
9632,Ficción
9633,Ciencia ficción
9633,Juvenil
9634,Ciencia ficción
9634,Juvenil
9635,Misterio
9635,Thriller
9636,Fantasía
9636,Juvenil
9637,Misterio
9637,Thriller
9638,Ciencia ficción
9638,Juvenil
9639,Ficción
9640,Thriller
9641,Misterio
9641,Thriller
9643,Fantasía
9644,Fantasía
9644,Juvenil
9645,Ficción
9646,Thriller
9646,Misterio
9647,Juvenil
9647,Misterio
9648,Memorias
9648,No ficción
9649,Ensayo
9650,No ficción
9650,Historia
9651,Memorias
9651,Autoayuda
9652,Romántica
9653,Fantasía
9654,Misterio
9654,Juvenil
9655,Aventura
9655,Thriller
9656,Romántica
9656,Fantasía
9657,Thriller
9657,Misterio
9658,Ciencia ficción
9659,Thriller
9659,Misterio
9660,Cómic y novela gráfica
9661,Infantil
9662,Fantasía
9662,Thriller
9663,Ficción
9664,Cómic y novela gráfica
9664,Aventura
9665,Infantil
9666,No ficción
9666,Ciencia
9667,Ensayo
9667,Clásicos
9668,Fantasía
9669,Terror
9669,Thriller
9670,Biografía
9670,Negocios
9671,Infantil
9672,Aventura
9672,Juvenil
9673,Cómic y novela gráfica
9674,Thriller
9674,Misterio
9675,Ciencia ficción
9676,Thriller
9676,Ciencia ficción
9677,Fantasía
9677,Misterio
9678,Romántica
9679,Religión y espiritualidad
9679,Clásicos
9680,Autoayuda
9680,Negocios
9681,Romántica
9681,Thriller
9682,Aventura
9682,Juvenil
9683,Desconocido
9684,Fantasía
9684,Thriller
9685,Thriller
9686,Infantil
9686,Aventura
9687,Fantasía
9687,Juvenil
9688,Autoayuda
9688,Religión y espiritualidad
9689,Ficción
9689,Clásicos
9690,Biografía
9690,Arte
9691,Ficción
9692,Romántica
9692,Juvenil
9694,Misterio
9694,Romántica
9695,Cómic y novela gráfica
9695,Romántica
9696,Fantasía
9697,Romántica
9697,Fantasía
9698,Infantil
9699,Ciencia ficción
9700,Negocios
9701,Ciencia ficción
9701,Juvenil
9702,Ficción histórica
9702,Juvenil
9703,Romántica
9703,Thriller
9704,Juvenil
9704,Ficción
9705,Romántica
9705,Juvenil
9706,Romántica
9707,Ficción
9708,Juvenil
9708,Ficción
9709,Ficción
9709,Juvenil
9710,Terror
9711,Fantasía
9712,Fantasía
9713,Romántica
9714,Ficción
9715,Ficción
9716,Biografía
9716,Música
9717,Ficción histórica
9718,Autoayuda
9718,Memorias
9719,Romántica
9720,Ciencia ficción
9720,Clásicos
9721,Historia
9722,Ficción
9723,Ciencia ficción
9723,Juvenil
9724,Infantil
9724,Aventura
9725,Ciencia ficción
9725,Juvenil
9726,Ensayo
9727,Ficción histórica
9727,Aventura
9728,Romántica
9728,Fantasía
9729,Romántica
9729,Ficción histórica
9730,Cómic y novela gráfica
9730,Romántica
9731,Misterio
9731,Ficción
9732,Negocios
9733,Romántica
9733,Fantasía
9734,Juvenil
9734,Thriller
9735,Ciencia ficción
9736,Ficción
9737,Ciencia ficción
9738,Romántica
9739,Ciencia ficción
9740,Fantasía
9740,Juvenil
9741,Cómic y novela gráfica
9741,Terror
9742,Juvenil
9742,Romántica
9743,Ficción
9743,Historia
9744,Infantil
9744,Ficción histórica
9745,Romántica
9746,Infantil
9747,Thriller
9747,Misterio
9748,Misterio
9748,Ficción
9749,Ciencia ficción
9750,No ficción
9750,Historia
9751,Ensayo
9751,Historia
9751,Religión y espiritualidad
9752,Ficción
9752,Juvenil
9753,Infantil
9753,Biografía
9754,Ficción
9754,Clásicos
9755,Romántica
9756,Ficción histórica
9757,Infantil
9758,Ciencia ficción
9759,Memorias
9760,Ficción histórica
9760,Romántica
9761,Ficción
9761,Clásicos
9762,Negocios
9763,Ficción
9763,Juvenil
9764,Thriller
9765,Autoayuda
9765,Negocios
9766,Historia
9766,Clásicos
9767,Infantil
9768,Ciencia ficción
9769,Romántica
9769,Juvenil
9770,Misterio
9771,Thriller
9772,Ficción
9773,Infantil
9773,Aventura
9773,Clásicos
9774,Fantasía
9774,Juvenil
9775,Cómic y novela gráfica
9775,Ciencia ficción
9776,Fantasía
9776,Romántica
9777,Ciencia ficción
9778,Aventura
9778,Clásicos
9779,Cómic y novela gráfica
9779,Ciencia ficción
9780,Terror
9780,Clásicos
9781,Cómic y novela gráfica
9781,Romántica
9782,Ciencia ficción
9782,Terror
9783,Cómic y novela gráfica
9784,Poesía
9785,Ficción
9785,Fantasía
9786,Ficción
9787,Ficción
9788,Memorias
9788,Biografía
9789,Aventura
9789,Thriller
9790,Ficción
9790,Ensayo
9791,Ficción
9792,Ficción
9793,Thriller
9793,Clásicos
9794,Ficción
9795,Misterio
9795,Ficción histórica
9796,Infantil
9797,Thriller
9798,Cómic y novela gráfica
9798,Fantasía
9799,Ficción histórica
9799,Romántica
9800,Infantil
9801,Romántica
9801,Ficción histórica
9802,Infantil
9802,Fantasía
9803,Infantil
9804,Misterio
9804,Ficción histórica
9805,Romántica
9805,Thriller
9806,Cómic y novela gráfica
9806,Aventura
9807,Romántica
9808,Memorias
9808,Psicología
9809,Autoayuda
9810,Thriller
9811,Romántica
9811,Fantasía
9812,Romántica
9812,Ficción histórica
9813,Juvenil
9813,Ficción
9814,Ciencia ficción
9815,Cocina
9816,Romántica
9817,Romántica
9817,Fantasía
9818,Infantil
9819,Clásicos
9819,Memorias
9820,Thriller
9820,Misterio
9821,Arte
9822,Infantil
9823,Ficción
9824,Romántica
9824,Thriller
9825,Romántica
9826,Religión y espiritualidad
9827,Romántica
9827,Ficción
9828,Ficción
9829,Desconocido
9830,Ficción
9831,Ficción
9832,Thriller
9832,Misterio
9833,Viajes
9833,No ficción
9834,Historia
9834,Ciencia
9835,Ficción histórica
9835,Romántica
9836,Romántica
9837,Juvenil
9837,Ciencia ficción
9838,No ficción
9839,Clásicos
9840,Thriller
9840,Misterio
9841,Ficción
9842,No ficción
9843,Juvenil
9843,Aventura
9844,Juvenil
9844,Ciencia ficción
9845,Romántica
9845,Ficción histórica
9846,Infantil
9847,Memorias
9847,No ficción
9848,Ciencia ficción
9848,Romántica
9849,Infantil
9849,Aventura
9850,Ciencia ficción
9851,Cómic y novela gráfica
9851,Fantasía
9851,Juvenil
9852,Thriller
9853,Infantil
9854,Ficción histórica
9855,Fantasía
9855,Juvenil
9855,Romántica
9856,Infantil
9856,Aventura
9857,Ficción
9858,Poesía
9859,Ciencia ficción
9860,Ficción
9861,Romántica
9861,Ficción histórica
9862,Ficción
9862,Música
9863,Ciencia ficción
9864,Ficción
9865,Autoayuda
9866,Ficción
9867,Ficción histórica
9867,Juvenil
9868,Ciencia ficción
9869,Romántica
9869,Ficción histórica
9870,Fantasía
9870,Infantil
9871,Misterio
9871,Thriller
9872,Ficción
9872,Romántica
9873,Cómic y novela gráfica
9873,Fantasía
9873,Infantil
9874,Ciencia
9874,No ficción
9875,Ficción
9875,Romántica
9876,Fantasía
9876,Juvenil
9877,Fantasía
9877,Ciencia ficción
9878,Psicología
9878,No ficción
9879,Thriller
9880,Romántica
9880,Juvenil
9881,Juvenil
9881,Ficción
9882,Fantasía
9882,Juvenil
9883,Misterio
9883,Ficción histórica
9884,Clásicos
9884,Ficción
9885,Thriller
9885,Misterio
9886,Fantasía
9886,Infantil
9887,Memorias
9887,No ficción
9888,Ficción histórica
9890,Terror
9890,Thriller
9891,Ficción
9892,Misterio
9892,Ciencia ficción
9892,Romántica
9893,Romántica
9893,Juvenil
9894,Ciencia ficción
9895,Romántica
9896,Misterio
9896,Ficción
9897,Thriller
9897,Juvenil
9898,Fantasía
9898,Juvenil
9898,Romántica
9899,Autoayuda
9899,Psicología
9900,Ficción
9900,Terror
9901,Thriller
9901,Misterio
9902,Misterio
9902,Ficción
9903,Ciencia ficción
9904,Romántica
9905,Ficción
9906,Cómic y novela gráfica
9906,Juvenil
9907,Ficción
9908,Ficción
9908,Clásicos
9909,Juvenil
9909,Ficción
9910,Historia
9910,No ficción
9911,Fantasía
9912,Infantil
9912,Biografía
9913,Romántica
9913,Juvenil
9914,Thriller
9914,Misterio
9915,Thriller
9916,Ficción
9916,Romántica
9917,Romántica
9917,Juvenil
9918,Misterio
9918,Ficción
9919,Infantil
9919,Ficción
9920,Fantasía
9920,Juvenil
9921,Poesía
9922,Ciencia ficción
9923,Terror
9923,Ficción
9924,Fantasía
9924,Juvenil
9925,Fantasía
9925,Juvenil
9926,Fantasía
9926,Juvenil
9927,Ficción
9928,Ficción histórica
9929,Desconocido
9930,Ficción
9931,Thriller
9931,Misterio
9932,Memorias
9932,Cocina
9933,Infantil
9934,Cocina
9934,No ficción
9935,Thriller
9935,Misterio
9936,Memorias
9936,Autoayuda
9937,Ciencia ficción
9937,Juvenil
9938,Ficción
9938,Aventura
9939,Ensayo
9939,No ficción
9940,Terror
9940,Juvenil
9941,Ficción
9942,Thriller
9942,Juvenil
9943,Clásicos
9943,Misterio
9944,Negocios
9944,Psicología
9945,Romántica
9946,Memorias
9946,Historia
9947,Fantasía
9947,Juvenil
9948,Cómic y novela gráfica
9948,Juvenil
9949,No ficción
9949,Ensayo
9950,Romántica
9951,Ficción
9952,Biografía
9953,Fantasía
9954,Terror
9955,Romántica
9955,Juvenil
9956,Cómic y novela gráfica
9957,No ficción
9957,Ciencia
9958,Historia
9958,No ficción
9959,Ciencia ficción
9960,Memorias
9960,Biografía
9961,Ficción
9962,Ensayo
9963,Fantasía
9964,Ciencia ficción
9964,Fantasía
9965,Terror
9966,Ficción
9967,Ficción
9968,Memorias
9968,Biografía
9969,No ficción
9969,Ciencia
9970,Ficción histórica
9971,Romántica
9972,Ficción
9973,Autoayuda
9973,Psicología
9974,Infantil
9975,Fantasía
9976,Fantasía
9977,Ficción
9978,Ficción
9979,Aventura
9979,Ficción histórica
9981,Thriller
9981,Misterio
9982,Fantasía
9983,Cómic y novela gráfica
9984,Viajes
9984,Memorias
9985,Thriller
9985,Ciencia ficción
9986,Ficción
9986,Religión y espiritualidad
9987,Thriller
9988,Ensayo
9988,No ficción
9989,Fantasía
9989,Romántica
9990,Ficción
9991,Ficción
9992,Fantasía
9993,Historia
9993,No ficción
9994,Infantil
9994,Fantasía
9995,Clásicos
9995,Ficción
9996,Fantasía
9997,Biografía
9997,Historia
9998,Ficción histórica
9998,Aventura
9999,No ficción
9999,Ensayo
10000,Historia
10000,No ficción
6582,Aventura
6582,Ficción histórica
6582,Juvenil
9265,Memorias
9265,Biografía
