copy_id,book_id
1,1
2,1
3,1
4,1
5,2
6,3
7,4
8,4
9,4
10,4
11,4
12,5
13,5
14,5
15,6
16,6
17,6
18,6
19,6
20,6
21,6
22,6
23,6
24,6
25,7
26,7
27,7
28,7
29,8
30,8
31,8
32,8
33,8
34,8
35,8
36,8
37,9
38,9
39,9
40,9
41,9
42,9
43,10
44,11
45,12
46,12
47,12
48,12
49,12
50,12
51,13
52,13
53,13
54,13
55,13
56,13
57,13
58,14
59,14
60,14
61,14
62,14
63,14
64,15
65,15
66,15
67,15
68,15
69,15
70,15
71,16
72,17
73,17
74,17
75,17
76,17
77,17
78,17
79,18
80,18
81,18
82,18
83,18
84,18
85,18
86,18
87,18
88,18
89,19
90,19
91,19
92,19
93,19
94,19
95,19
96,19
97,19
98,19
99,20
100,20
101,20
102,20
103,20
104,21
105,21
106,21
107,21
108,21
109,21
110,22
111,22
112,22
113,22
114,22
115,22
116,22
117,22
118,22
119,22
120,23
121,23
122,23
123,23
124,24
125,24
126,24
127,25
128,25
129,25
130,25
131,25
132,26
133,26
134,26
135,26
136,27
137,27
138,27
139,27
140,27
141,27
142,27
143,28
144,28
145,28
146,29
147,29
148,29
149,29
150,29
151,29
152,29
153,29
154,30
155,31
156,31
157,31
158,31
159,32
160,32
161,32
162,32
163,32
164,32
165,32
166,32
167,32
168,33
169,33
170,33
171,34
172,34
173,34
174,34
175,34
176,34
177,34
178,34
179,34
180,35
181,35
182,35
183,36
184,37
185,37
186,37
187,37
188,37
189,37
190,38
191,38
192,38
193,38
194,38
195,38
196,39
197,39
198,39
199,39
200,40
201,40
202,40
203,40
204,40
205,40
206,40
207,40
208,40
209,40
210,41
211,41
212,41
213,41
214,41
215,41
216,42
217,42
218,42
219,42
220,42
221,43
222,43
223,44
224,44
225,44
226,44
227,44
228,44
229,44
230,44
231,44
232,45
233,45
234,45
235,46
236,46
237,46
238,46
239,46
240,46
241,46
242,46
243,46
244,47
245,47
246,47
247,47
248,47
249,47
250,47
251,47
252,48
253,48
254,48
255,48
256,48
257,48
258,48
259,48
260,48
261,48
262,49
263,49
264,49
265,49
266,49
267,49
268,49
269,49
270,49
271,49
272,50
273,50
274,50
275,50
276,50
277,50
278,50
279,50
280,51
281,51
282,51
283,51
284,51
285,51
286,51
287,51
288,51
289,52
290,52
291,52
292,52
293,52
294,53
295,54
296,54
297,54
298,54
299,54
300,55
301,55
302,55
303,55
304,55
305,55
306,55
307,55
308,55
309,56
310,57
311,57
312,57
313,58
314,58
315,59
316,59
317,59
318,59
319,59
320,59
321,59
322,60
323,60
324,60
325,60
326,61
327,61
328,61
329,61
330,61
331,62
332,62
333,62
334,62
335,62
336,63
337,63
338,63
339,63
340,63
341,63
342,63
343,63
344,64
345,64
346,64
347,64
348,65
349,65
350,65
351,65
352,65
353,66
354,66
355,66
356,66
357,66
358,66
359,66
360,66
361,66
362,67
363,67
364,67
365,67
366,67
367,68
368,68
369,68
370,68
371,68
372,68
373,68
374,68
375,68
376,68
377,69
378,69
379,70
380,70
381,70
382,70
383,71
384,71
385,71
386,71
387,71
388,71
389,72
390,72
391,72
392,72
393,72
394,72
395,72
396,72
397,72
398,72
399,73
400,73
401,73
402,73
403,74
404,74
405,75
406,75
407,75
408,76
409,76
410,76
411,76
412,77
413,77
414,77
415,77
416,78
417,78
418,78
419,78
420,79
421,79
422,79
423,79
424,79
425,79
426,79
427,79
428,79
429,80
430,80
431,80
432,80
433,80
434,81
435,81
436,82
437,82
438,83
439,83
440,83
441,83
442,84
443,84
444,84
445,84
446,84
447,84
448,85
449,85
450,85
451,86
452,86
453,86
454,86
455,86
456,86
457,86
458,86
459,86
460,86
461,87
462,87
463,87
464,87
465,87
466,88
467,88
468,88
469,88
470,88
471,88
472,88
473,88
474,88
475,89
476,89
477,89
478,89
479,89
480,89
481,90
482,90
483,90
484,90
485,90
486,90
487,90
488,91
489,91
490,91
491,92
492,92
493,92
494,93
495,93
496,93
497,93
498,93
499,93
500,93
501,93
502,94
503,94
504,95
505,95
506,95
507,95
508,95
509,95
510,95
511,95
512,96
513,96
514,96
515,96
516,96
517,96
518,96
519,96
520,96
521,96
522,97
523,97
524,97
525,97
526,97
527,97
528,98
529,98
530,98
531,98
532,98
533,98
534,98
535,98
536,98
537,98
538,99
539,99
540,99
541,99
542,99
543,99
544,99
545,100
546,100
547,100
548,100
549,100
550,100
551,100
552,100
553,100
554,101
555,101
556,101
557,101
558,101
559,101
560,101
561,102
562,102
563,103
564,103
565,103
566,103
567,103
568,103
569,103
570,104
571,104
572,104
573,104
574,104
575,104
576,104
577,104
578,104
579,104
580,105
581,105
582,105
583,105
584,105
585,105
586,105
587,105
588,106
589,106
590,106
591,106
592,106
593,106
594,106
595,106
596,106
597,106
598,107
599,107
600,107
601,107
602,107
603,108
604,108
605,108
606,108
607,108
608,109
609,109
610,109
611,109
612,109
613,109
614,109
615,110
616,110
617,110
618,110
619,110
620,110
621,111
622,111
623,111
624,111
625,111
626,112
627,112
628,112
629,112
630,112
631,113
632,113
633,113
634,113
635,113
636,113
637,113
638,113
639,113
640,113
641,114
642,114
643,114
644,114
645,114
646,115
647,115
648,116
649,116
650,117
651,117
652,117
653,117
654,117
655,118
656,118
657,118
658,118
659,118
660,118
661,118
662,118
663,119
664,119
665,120
666,120
667,120
668,120
669,120
670,120
671,120
672,120
673,120
674,121
675,121
676,121
677,122
678,122
679,122
680,122
681,123
682,124
683,124
684,124
685,124
686,124
687,124
688,124
689,124
690,125
691,125
692,125
693,125
694,125
695,125
696,126
697,126
698,126
699,126
700,127
701,127
702,127
703,127
704,127
705,127
706,127
707,128
708,128
709,128
710,129
711,129
712,129
713,130
714,130
715,130
716,130
717,130
718,130
719,130
720,131
721,131
722,131
723,131
724,131
725,132
726,132
727,132
728,133
729,133
730,133
731,133
732,133
733,133
734,133
735,134
736,134
737,134
738,134
739,134
740,134
741,135
742,135
743,135
744,135
745,135
746,135
747,135
748,135
749,136
750,136
751,136
752,136
753,136
754,136
755,136
756,137
757,137
758,138
759,139
760,139
761,139
762,139
763,139
764,140
765,140
766,140
767,141
768,142
769,142
770,142
771,142
772,142
773,142
774,142
775,142
776,142
777,143
778,143
779,143
780,143
781,143
782,143
783,144
784,145
785,145
786,145
787,145
788,146
789,146
790,146
791,146
792,146
793,146
794,146
795,147
796,148
797,148
798,148
799,148
800,148
801,149
802,149
803,149
804,150
805,151
806,151
807,152
808,152
809,153
810,153
811,153
812,153
813,153
814,153
815,153
816,153
817,153
818,153
819,154
820,154
821,154
822,154
823,154
824,154
825,154
826,154
827,155
828,155
829,155
830,155
831,156
832,156
833,156
834,156
835,156
836,157
837,157
838,157
839,157
840,157
841,157
842,157
843,157
844,157
845,157
846,158
847,159
848,159
849,159
850,159
851,159
852,159
853,159
854,160
855,160
856,160
857,160
858,160
859,160
860,160
861,160
862,160
863,160
864,161
865,161
866,161
867,162
868,163
869,163
870,164
871,165
872,165
873,165
874,165
875,165
876,165
877,165
878,165
879,165
880,165
881,166
882,166
883,166
884,166
885,166
886,166
887,166
888,166
889,167
890,167
891,167
892,168
893,168
894,168
895,168
896,168
897,168
898,168
899,168
900,169
901,170
902,170
903,170
904,170
905,170
906,170
907,171
908,171
909,171
910,171
911,172
912,172
913,172
914,172
915,172
916,172
917,173
918,173
919,173
920,173
921,173
922,174
923,174
924,174
925,174
926,174
927,175
928,175
929,175
930,175
931,175
932,175
933,176
934,176
935,176
936,176
937,176
938,176
939,176
940,176
941,177
942,177
943,178
944,178
945,178
946,178
947,178
948,178
949,179
950,179
951,179
952,179
953,179
954,180
955,180
956,180
957,180
958,180
959,180
960,180
961,180
962,180
963,181
964,181
965,181
966,181
967,181
968,182
969,183
970,183
971,183
972,183
973,183
974,183
975,183
976,183
977,184
978,184
979,184
980,184
981,184
982,184
983,184
984,185
985,185
986,185
987,185
988,185
989,186
990,187
991,187
992,187
993,188
994,188
995,188
996,188
997,188
998,188
999,188
1000,188
1001,189
1002,189
1003,189
1004,189
1005,189
1006,189
1007,189
1008,190
1009,190
1010,190
1011,190
1012,191
1013,191
1014,191
1015,191
1016,191
1017,191
1018,191
1019,191
1020,191
1021,191
1022,192
1023,192
1024,192
1025,192
1026,192
1027,192
1028,192
1029,193
1030,193
1031,193
1032,194
1033,194
1034,194
1035,194
1036,194
1037,194
1038,195
1039,195
1040,195
1041,195
1042,196
1043,196
1044,197
1045,197
1046,197
1047,198
1048,198
1049,198
1050,198
1051,198
1052,198
1053,199
1054,199
1055,199
1056,199
1057,199
1058,199
1059,199
1060,199
1061,199
1062,199
1063,200
1064,200
1065,200
1066,200
1067,200
1068,200
1069,200
1070,200
1071,200
1072,200
1073,201
1074,201
1075,201
1076,201
1077,201
1078,201
1079,202
1080,202
1081,202
1082,203
1083,203
1084,203
1085,203
1086,204
1087,204
1088,204
1089,204
1090,204
1091,204
1092,204
1093,205
1094,205
1095,205
1096,205
1097,205
1098,206
1099,206
1100,206
1101,207
1102,207
1103,207
1104,207
1105,208
1106,208
1107,208
1108,208
1109,208
1110,208
1111,208
1112,208
1113,208
1114,208
1115,209
1116,209
1117,209
1118,209
1119,209
1120,209
1121,209
1122,209
1123,209
1124,209
1125,210
1126,211
1127,211
1128,211
1129,211
1130,211
1131,211
1132,211
1133,211
1134,212
1135,212
1136,212
1137,212
1138,212
1139,212
1140,212
1141,212
1142,212
1143,212
1144,213
1145,213
1146,213
1147,213
1148,213
1149,213
1150,213
1151,214
1152,215
1153,216
1154,216
1155,217
1156,217
1157,217
1158,218
1159,218
1160,218
1161,218
1162,218
1163,218
1164,218
1165,219
1166,219
1167,219
1168,219
1169,219
1170,219
1171,219
1172,220
1173,220
1174,220
1175,220
1176,220
1177,220
1178,220
1179,220
1180,221
1181,222
1182,222
1183,222
1184,222
1185,222
1186,222
1187,222
1188,222
1189,223
1190,223
1191,223
1192,223
1193,223
1194,223
1195,223
1196,223
1197,224
1198,224
1199,224
1200,224
1201,224
1202,225
1203,225
1204,226
1205,226
1206,226
1207,226
1208,227
1209,227
1210,227
1211,227
1212,227
1213,227
1214,227
1215,227
1216,228
1217,228
1218,228
1219,228
1220,228
1221,228
1222,229
1223,229
1224,229
1225,230
1226,230
1227,230
1228,230
1229,230
1230,231
1231,231
1232,231
1233,232
1234,232
1235,232
1236,233
1237,233
1238,233
1239,233
1240,233
1241,233
1242,233
1243,233
1244,233
1245,233
1246,234
1247,234
1248,234
1249,234
1250,234
1251,235
1252,235
1253,235
1254,235
1255,235
1256,235
1257,236
1258,236
1259,236
1260,236
1261,236
1262,236
1263,237
1264,237
1265,238
1266,238
1267,238
1268,238
1269,238
1270,239
1271,239
1272,239
1273,239
1274,240
1275,240
1276,240
1277,240
1278,240
1279,241
1280,241
1281,241
1282,241
1283,241
1284,241
1285,241
1286,242
1287,242
1288,242
1289,242
1290,242
1291,242
1292,242
1293,242
1294,243
1295,243
1296,243
1297,243
1298,243
1299,243
1300,243
1301,244
1302,244
1303,244
1304,244
1305,244
1306,244
1307,244
1308,244
1309,244
1310,245
1311,245
1312,245
1313,245
1314,245
1315,245
1316,246
1317,246
1318,246
1319,247
1320,247
1321,247
1322,247
1323,247
1324,247
1325,247
1326,247
1327,247
1328,247
1329,248
1330,248
1331,248
1332,249
1333,249
1334,249
1335,250
1336,250
1337,250
1338,250
1339,250
1340,250
1341,250
1342,250
1343,250
1344,250
1345,251
1346,251
1347,251
1348,251
1349,251
1350,252
1351,252
1352,253
1353,253
1354,253
1355,253
1356,253
1357,253
1358,253
1359,254
1360,254
1361,254
1362,254
1363,254
1364,254
1365,254
1366,255
1367,255
1368,255
1369,255
1370,256
1371,256
1372,256
1373,256
1374,256
1375,256
1376,257
1377,257
1378,257
1379,257
1380,257
1381,257
1382,257
1383,257
1384,257
1385,258
1386,258
1387,258
1388,258
1389,258
1390,258
1391,258
1392,258
1393,258
1394,258
1395,259
1396,259
1397,260
1398,261
1399,261
1400,262
1401,262
1402,262
1403,262
1404,262
1405,262
1406,262
1407,262
1408,263
1409,263
1410,263
1411,263
1412,263
1413,263
1414,263
1415,263
1416,264
1417,264
1418,265
1419,265
1420,265
1421,265
1422,265
1423,265
1424,265
1425,265
1426,265
1427,265
1428,266
1429,266
1430,266
1431,266
1432,266
1433,267
1434,267
1435,267
1436,267
1437,267
1438,267
1439,267
1440,267
1441,268
1442,268
1443,268
1444,268
1445,268
1446,268
1447,268
1448,268
1449,268
1450,268
1451,269
1452,269
1453,269
1454,269
1455,270
1456,271
1457,272
1458,272
1459,272
1460,272
1461,272
1462,272
1463,272
1464,272
1465,272
1466,272
1467,273
1468,273
1469,273
1470,273
1471,273
1472,273
1473,273
1474,273
1475,273
1476,273
1477,274
1478,274
1479,274
1480,274
1481,274
1482,274
1483,275
1484,275
1485,275
1486,275
1487,275
1488,276
1489,276
1490,276
1491,276
1492,276
1493,276
1494,276
1495,276
1496,276
1497,277
1498,277
1499,277
1500,277
1501,278
1502,278
1503,278
1504,278
1505,278
1506,278
1507,278
1508,278
1509,279
1510,279
1511,279
1512,279
1513,279
1514,279
1515,279
1516,279
1517,279
1518,279
1519,280
1520,280
1521,280
1522,280
1523,280
1524,280
1525,280
1526,280
1527,280
1528,280
1529,281
1530,281
1531,281
1532,281
1533,281
1534,281
1535,281
1536,281
1537,282
1538,282
1539,282
1540,282
1541,282
1542,282
1543,282
1544,283
1545,283
1546,283
1547,283
1548,283
1549,283
1550,283
1551,283
1552,284
1553,284
1554,284
1555,284
1556,284
1557,285
1558,286
1559,286
1560,287
1561,287
1562,287
1563,287
1564,287
1565,287
1566,287
1567,287
1568,287
1569,287
1570,288
1571,288
1572,288
1573,288
1574,289
1575,290
1576,290
1577,290
1578,290
1579,290
1580,290
1581,291
1582,291
1583,291
1584,291
1585,291
1586,291
1587,291
1588,291
1589,291
1590,292
1591,292
1592,292
1593,292
1594,292
1595,292
1596,292
1597,293
1598,293
1599,294
1600,294
1601,294
1602,294
1603,294
1604,294
1605,294
1606,294
1607,295
1608,295
1609,295
1610,295
1611,295
1612,295
1613,296
1614,296
1615,296
1616,296
1617,297
1618,297
1619,297
1620,297
1621,297
1622,298
1623,298
1624,298
1625,298
1626,299
1627,300
1628,300
1629,300
1630,300
1631,300
1632,300
1633,300
1634,300
1635,300
1636,301
1637,301
1638,301
1639,301
1640,301
1641,301
1642,301
1643,301
1644,301
1645,302
1646,302
1647,303
1648,303
1649,303
1650,303
1651,303
1652,303
1653,303
1654,304
1655,304
1656,304
1657,304
1658,305
1659,305
1660,305
1661,305
1662,305
1663,305
1664,305
1665,305
1666,306
1667,306
1668,306
1669,306
1670,306
1671,307
1672,307
1673,307
1674,307
1675,308
1676,308
1677,308
1678,308
1679,308
1680,309
1681,309
1682,309
1683,309
1684,309
1685,309
1686,310
1687,310
1688,310
1689,310
1690,310
1691,310
1692,310
1693,310
1694,310
1695,310
1696,311
1697,311
1698,311
1699,311
1700,311
1701,312
1702,312
1703,312
1704,312
1705,312
1706,312
1707,312
1708,312
1709,313
1710,313
1711,313
1712,313
1713,313
1714,314
1715,314
1716,315
1717,315
1718,316
1719,316
1720,316
1721,316
1722,316
1723,316
1724,316
1725,316
1726,316
1727,317
1728,317
1729,317
1730,317
1731,317
1732,318
1733,318
1734,318
1735,318
1736,318
1737,318
1738,318
1739,318
1740,318
1741,318
1742,319
1743,319
1744,319
1745,319
1746,319
1747,319
1748,319
1749,319
1750,319
1751,320
1752,320
1753,320
1754,320
1755,320
1756,320
1757,320
1758,320
1759,320
1760,321
1761,321
1762,322
1763,322
1764,322
1765,322
1766,323
1767,323
1768,323
1769,323
1770,323
1771,324
1772,324
1773,325
1774,325
1775,325
1776,325
1777,325
1778,325
1779,325
1780,325
1781,325
1782,325
1783,326
1784,326
1785,326
1786,326
1787,326
1788,326
1789,327
1790,327
1791,327
1792,327
1793,328
1794,328
1795,328
1796,328
1797,329
1798,329
1799,329
1800,329
1801,329
1802,330
1803,330
1804,330
1805,330
1806,330
1807,330
1808,330
1809,330
1810,331
1811,331
1812,331
1813,331
1814,332
1815,332
1816,332
1817,332
1818,332
1819,332
1820,332
1821,332
1822,332
1823,332
1824,333
1825,333
1826,333
1827,333
1828,333
1829,333
1830,333
1831,333
1832,333
1833,333
1834,334
1835,334
1836,334
1837,335
1838,335
1839,335
1840,335
1841,335
1842,335
1843,335
1844,335
1845,335
1846,335
1847,336
1848,336
1849,336
1850,336
1851,336
1852,336
1853,337
1854,337
1855,337
1856,337
1857,338
1858,338
1859,338
1860,338
1861,338
1862,338
1863,339
1864,339
1865,339
1866,339
1867,339
1868,339
1869,340
1870,340
1871,340
1872,341
1873,341
1874,341
1875,341
1876,341
1877,341
1878,341
1879,341
1880,341
1881,342
1882,343
1883,343
1884,343
1885,344
1886,344
1887,344
1888,344
1889,345
1890,345
1891,345
1892,345
1893,345
1894,345
1895,346
1896,346
1897,346
1898,346
1899,346
1900,346
1901,346
1902,347
1903,348
1904,348
1905,348
1906,348
1907,348
1908,349
1909,349
1910,349
1911,349
1912,349
1913,349
1914,349
1915,349
1916,350
1917,350
1918,350
1919,350
1920,350
1921,351
1922,351
1923,351
1924,352
1925,352
1926,352
1927,352
1928,352
1929,352
1930,352
1931,353
1932,353
1933,353
1934,353
1935,353
1936,353
1937,354
1938,354
1939,354
1940,354
1941,355
1942,355
1943,356
1944,357
1945,358
1946,358
1947,358
1948,358
1949,358
1950,358
1951,358
1952,358
1953,359
1954,360
1955,360
1956,360
1957,360
1958,360
1959,360
1960,360
1961,360
1962,360
1963,360
1964,361
1965,362
1966,362
1967,362
1968,363
1969,363
1970,363
1971,363
1972,363
1973,363
1974,363
1975,364
1976,365
1977,365
1978,365
1979,366
1980,366
1981,366
1982,367
1983,367
1984,367
1985,367
1986,367
1987,367
1988,368
1989,368
1990,368
1991,368
1992,368
1993,368
1994,368
1995,368
1996,368
1997,369
1998,369
1999,369
2000,369
2001,370
2002,370
2003,370
2004,370
2005,370
2006,370
2007,370
2008,370
2009,370
2010,370
2011,371
2012,371
2013,371
2014,372
2015,372
2016,372
2017,372
2018,372
2019,372
2020,372
2021,373
2022,374
2023,374
2024,374
2025,374
2026,374
2027,374
2028,374
2029,374
2030,374
2031,374
2032,375
2033,375
2034,375
2035,375
2036,375
2037,376
2038,376
2039,376
2040,376
2041,376
2042,376
2043,376
2044,377
2045,377
2046,377
2047,377
2048,377
2049,377
2050,378
2051,378
2052,378
2053,379
2054,379
2055,380
2056,380
2057,380
2058,380
2059,380
2060,380
2061,380
2062,380
2063,380
2064,381
2065,381
2066,381
2067,382
2068,382
2069,382
2070,382
2071,382
2072,383
2073,383
2074,383
2075,383
2076,383
2077,383
2078,383
2079,383
2080,383
2081,383
2082,384
2083,384
2084,384
2085,384
2086,384
2087,384
2088,385
2089,385
2090,385
2091,386
2092,386
2093,386
2094,387
2095,387
2096,387
2097,387
2098,387
2099,387
2100,387
2101,387
2102,388
2103,388
2104,388
2105,388
2106,389
2107,389
2108,390
2109,390
2110,391
2111,391
2112,391
2113,391
2114,391
2115,391
2116,392
2117,392
2118,392
2119,392
2120,392
2121,393
2122,393
2123,393
2124,393
2125,393
2126,393
2127,393
2128,393
2129,393
2130,393
2131,394
2132,394
2133,394
2134,394
2135,395
2136,396
2137,396
2138,396
2139,396
2140,396
2141,397
2142,397
2143,397
2144,397
2145,397
2146,397
2147,398
2148,398
2149,399
2150,400
2151,400
2152,400
2153,400
2154,400
2155,401
2156,401
2157,401
2158,401
2159,401
2160,401
2161,401
2162,401
2163,402
2164,402
2165,402
2166,402
2167,402
2168,403
2169,403
2170,403
2171,403
2172,403
2173,403
2174,403
2175,403
2176,403
2177,404
2178,405
2179,405
2180,405
2181,405
2182,405
2183,405
2184,405
2185,405
2186,405
2187,405
2188,406
2189,406
2190,407
2191,407
2192,407
2193,407
2194,407
2195,407
2196,407
2197,407
2198,407
2199,408
2200,408
2201,408
2202,408
2203,408
2204,408
2205,408
2206,408
2207,408
2208,409
2209,409
2210,409
2211,409
2212,409
2213,409
2214,409
2215,409
2216,410
2217,410
2218,410
2219,410
2220,410
2221,410
2222,410
2223,411
2224,411
2225,411
2226,411
2227,411
2228,411
2229,411
2230,411
2231,411
2232,412
2233,412
2234,412
2235,412
2236,412
2237,412
2238,412
2239,413
2240,413
2241,413
2242,413
2243,413
2244,413
2245,413
2246,413
2247,413
2248,414
2249,414
2250,414
2251,414
2252,414
2253,415
2254,415
2255,415
2256,415
2257,415
2258,415
2259,416
2260,416
2261,416
2262,416
2263,416
2264,416
2265,417
2266,417
2267,417
2268,417
2269,418
2270,418
2271,419
2272,419
2273,419
2274,420
2275,420
2276,420
2277,420
2278,421
2279,421
2280,422
2281,422
2282,422
2283,422
2284,422
2285,422
2286,422
2287,422
2288,423
2289,423
2290,423
2291,423
2292,423
2293,423
2294,423
2295,423
2296,423
2297,423
2298,424
2299,424
2300,424
2301,424
2302,424
2303,424
2304,425
2305,425
2306,425
2307,425
2308,425
2309,425
2310,425
2311,425
2312,426
2313,426
2314,426
2315,426
2316,426
2317,426
2318,426
2319,427
2320,427
2321,427
2322,427
2323,427
2324,428
2325,428
2326,428
2327,428
2328,428
2329,429
2330,429
2331,429
2332,429
2333,430
2334,430
2335,430
2336,430
2337,430
2338,431
2339,431
2340,432
2341,433
2342,433
2343,434
2344,434
2345,434
2346,434
2347,434
2348,435
2349,435
2350,435
2351,435
2352,435
2353,435
2354,435
2355,435
2356,435
2357,435
2358,436
2359,436
2360,436
2361,436
2362,436
2363,436
2364,436
2365,436
2366,436
2367,437
2368,437
2369,437
2370,437
2371,438
2372,438
2373,438
2374,439
2375,440
2376,440
2377,440
2378,440
2379,440
2380,440
2381,440
2382,440
2383,440
2384,441
2385,441
2386,441
2387,441
2388,442
2389,442
2390,442
2391,443
2392,443
2393,443
2394,444
2395,444
2396,444
2397,444
2398,444
2399,445
2400,445
2401,445
2402,445
2403,445
2404,445
2405,445
2406,446
2407,446
2408,446
2409,446
2410,446
2411,446
2412,446
2413,446
2414,447
2415,447
2416,447
2417,448
2418,448
2419,448
2420,448
2421,448
2422,448
2423,448
2424,448
2425,449
2426,449
2427,449
2428,449
2429,449
2430,449
2431,450
2432,450
2433,450
2434,450
2435,450
2436,450
2437,450
2438,450
2439,451
2440,451
2441,451
2442,451
2443,451
2444,451
2445,451
2446,451
2447,451
2448,452
2449,452
2450,452
2451,452
2452,452
2453,452
2454,452
2455,452
2456,452
2457,453
2458,453
2459,453
2460,453
2461,453
2462,453
2463,453
2464,453
2465,453
2466,453
2467,454
2468,454
2469,454
2470,454
2471,454
2472,454
2473,454
2474,455
2475,455
2476,455
2477,455
2478,455
2479,456
2480,456
2481,456
2482,456
2483,456
2484,456
2485,456
2486,456
2487,457
2488,457
2489,457
2490,458
2491,458
2492,458
2493,458
2494,458
2495,458
2496,459
2497,459
2498,459
2499,459
2500,460
2501,461
2502,461
2503,461
2504,461
2505,461
2506,461
2507,461
2508,461
2509,462
2510,462
2511,462
2512,462
2513,462
2514,462
2515,462
2516,462
2517,462
2518,462
2519,463
2520,464
2521,464
2522,464
2523,464
2524,464
2525,464
2526,464
2527,464
2528,465
2529,465
2530,465
2531,465
2532,466
2533,466
2534,467
2535,467
2536,467
2537,467
2538,467
2539,468
2540,468
2541,468
2542,469
2543,469
2544,469
2545,469
2546,469
2547,469
2548,469
2549,469
2550,469
2551,470
2552,470
2553,470
2554,471
2555,471
2556,471
2557,471
2558,471
2559,471
2560,471
2561,471
2562,471
2563,471
2564,472
2565,472
2566,472
2567,472
2568,472
2569,472
2570,473
2571,473
2572,473
2573,473
2574,474
2575,474
2576,474
2577,474
2578,475
2579,475
2580,475
2581,475
2582,475
2583,475
2584,475
2585,476
2586,476
2587,476
2588,476
2589,476
2590,476
2591,476
2592,477
2593,477
2594,477
2595,477
2596,478
2597,478
2598,478
2599,478
2600,478
2601,478
2602,479
2603,479
2604,480
2605,480
2606,480
2607,480
2608,480
2609,480
2610,480
2611,480
2612,480
2613,480
2614,481
2615,481
2616,481
2617,481
2618,481
2619,481
2620,481
2621,481
2622,482
2623,483
2624,483
2625,483
2626,483
2627,483
2628,483
2629,483
2630,484
2631,484
2632,484
2633,484
2634,484
2635,484
2636,484
2637,484
2638,485
2639,485
2640,485
2641,485
2642,485
2643,486
2644,486
2645,486
2646,486
2647,486
2648,486
2649,486
2650,486
2651,486
2652,487
2653,487
2654,487
2655,487
2656,487
2657,487
2658,487
2659,487
2660,488
2661,488
2662,489
2663,489
2664,489
2665,489
2666,490
2667,490
2668,490
2669,490
2670,490
2671,490
2672,490
2673,490
2674,490
2675,491
2676,491
2677,491
2678,492
2679,492
2680,492
2681,492
2682,492
2683,493
2684,493
2685,493
2686,493
2687,493
2688,493
2689,493
2690,493
2691,493
2692,494
2693,495
2694,495
2695,495
2696,495
2697,495
2698,495
2699,495
2700,496
2701,496
2702,496
2703,496
2704,496
2705,496
2706,496
2707,496
2708,497
2709,497
2710,497
2711,497
2712,497
2713,497
2714,497
2715,497
2716,497
2717,497
2718,498
2719,498
2720,498
2721,498
2722,498
2723,498
2724,498
2725,498
2726,498
2727,499
2728,499
2729,499
2730,499
2731,499
2732,499
2733,499
2734,500
2735,500
2736,500
2737,500
2738,500
2739,500
2740,501
2741,501
2742,502
2743,503
2744,504
2745,504
2746,504
2747,504
2748,504
2749,504
2750,505
2751,505
2752,505
2753,506
2754,506
2755,506
2756,506
2757,506
2758,506
2759,507
2760,507
2761,507
2762,507
2763,507
2764,507
2765,507
2766,508
2767,508
2768,508
2769,508
2770,508
2771,509
2772,509
2773,509
2774,509
2775,509
2776,510
2777,511
2778,511
2779,512
2780,512
2781,513
2782,513
2783,513
2784,513
2785,513
2786,513
2787,513
2788,513
2789,514
2790,514
2791,514
2792,514
2793,514
2794,514
2795,514
2796,514
2797,515
2798,515
2799,515
2800,515
2801,515
2802,516
2803,516
2804,516
2805,516
2806,516
2807,516
2808,516
2809,516
2810,517
2811,517
2812,517
2813,517
2814,517
2815,517
2816,517
2817,517
2818,517
2819,518
2820,518
2821,519
2822,520
2823,520
2824,520
2825,520
2826,521
2827,521
2828,521
2829,521
2830,521
2831,521
2832,521
2833,521
2834,521
2835,522
2836,522
2837,522
2838,522
2839,522
2840,522
2841,522
2842,522
2843,522
2844,523
2845,523
2846,523
2847,524
2848,524
2849,524
2850,524
2851,525
2852,525
2853,525
2854,525
2855,525
2856,525
2857,525
2858,525
2859,525
2860,526
2861,526
2862,526
2863,527
2864,527
2865,527
2866,527
2867,527
2868,527
2869,527
2870,528
2871,528
2872,528
2873,528
2874,528
2875,528
2876,529
2877,530
2878,530
2879,530
2880,530
2881,530
2882,530
2883,531
2884,531
2885,531
2886,531
2887,531
2888,532
2889,532
2890,532
2891,532
2892,532
2893,532
2894,532
2895,532
2896,532
2897,532
2898,533
2899,533
2900,533
2901,533
2902,533
2903,533
2904,533
2905,533
2906,534
2907,534
2908,534
2909,535
2910,535
2911,535
2912,535
2913,535
2914,535
2915,535
2916,535
2917,535
2918,536
2919,536
2920,536
2921,536
2922,536
2923,537
2924,537
2925,537
2926,537
2927,538
2928,538
2929,538
2930,538
2931,539
2932,539
2933,539
2934,539
2935,539
2936,539
2937,539
2938,540
2939,541
2940,541
2941,541
2942,542
2943,542
2944,542
2945,542
2946,542
2947,542
2948,543
2949,543
2950,543
2951,543
2952,543
2953,543
2954,543
2955,543
2956,543
2957,544
2958,544
2959,544
2960,544
2961,544
2962,544
2963,544
2964,544
2965,545
2966,545
2967,546
2968,546
2969,547
2970,547
2971,547
2972,547
2973,547
2974,547
2975,547
2976,547
2977,547
2978,548
2979,548
2980,549
2981,549
2982,549
2983,549
2984,549
2985,549
2986,549
2987,549
2988,549
2989,549
2990,550
2991,550
2992,551
2993,551
2994,551
2995,551
2996,551
2997,551
2998,551
2999,551
3000,551
3001,551
3002,552
3003,552
3004,552
3005,552
3006,552
3007,552
3008,552
3009,553
3010,553
3011,553
3012,553
3013,553
3014,554
3015,554
3016,554
3017,555
3018,555
3019,555
3020,555
3021,556
3022,556
3023,556
3024,556
3025,556
3026,556
3027,556
3028,556
3029,557
3030,557
3031,557
3032,557
3033,557
3034,557
3035,558
3036,558
3037,558
3038,558
3039,558
3040,558
3041,558
3042,558
3043,559
3044,559
3045,559
3046,559
3047,559
3048,559
3049,559
3050,560
3051,560
3052,560
3053,560
3054,561
3055,561
3056,561
3057,561
3058,561
3059,561
3060,562
3061,562
3062,562
3063,562
3064,563
3065,563
3066,563
3067,563
3068,563
3069,563
3070,563
3071,563
3072,563
3073,563
3074,564
3075,564
3076,564
3077,564
3078,564
3079,564
3080,564
3081,565
3082,565
3083,565
3084,565
3085,565
3086,565
3087,565
3088,565
3089,565
3090,566
3091,566
3092,567
3093,567
3094,567
3095,568
3096,568
3097,568
3098,568
3099,569
3100,569
3101,569
3102,569
3103,569
3104,569
3105,569
3106,569
3107,569
3108,570
3109,570
3110,570
3111,570
3112,570
3113,570
3114,570
3115,570
3116,571
3117,571
3118,571
3119,571
3120,571
3121,571
3122,571
3123,571
3124,571
3125,572
3126,572
3127,572
3128,572
3129,573
3130,574
3131,574
3132,574
3133,575
3134,575
3135,575
3136,575
3137,575
3138,575
3139,575
3140,575
3141,575
3142,576
3143,576
3144,576
3145,577
3146,577
3147,577
3148,577
3149,577
3150,577
3151,578
3152,578
3153,578
3154,578
3155,578
3156,578
3157,578
3158,578
3159,578
3160,578
3161,579
3162,579
3163,579
3164,579
3165,579
3166,579
3167,579
3168,579
3169,579
3170,579
3171,580
3172,580
3173,580
3174,580
3175,580
3176,580
3177,580
3178,580
3179,581
3180,581
3181,581
3182,581
3183,581
3184,581
3185,581
3186,581
3187,581
3188,582
3189,582
3190,582
3191,582
3192,583
3193,583
3194,583
3195,583
3196,583
3197,583
3198,584
3199,584
3200,584
3201,584
3202,585
3203,585
3204,585
3205,586
3206,586
3207,586
3208,586
3209,586
3210,586
3211,586
3212,586
3213,586
3214,587
3215,587
3216,587
3217,587
3218,587
3219,587
3220,587
3221,588
3222,588
3223,588
3224,589
3225,589
3226,589
3227,589
3228,589
3229,590
3230,590
3231,590
3232,590
3233,591
3234,591
3235,591
3236,591
3237,591
3238,591
3239,591
3240,591
3241,591
3242,591
3243,592
3244,592
3245,592
3246,592
3247,592
3248,593
3249,593
3250,593
3251,593
3252,593
3253,593
3254,593
3255,594
3256,594
3257,594
3258,595
3259,595
3260,595
3261,595
3262,595
3263,595
3264,596
3265,596
3266,597
3267,597
3268,597
3269,597
3270,597
3271,597
3272,597
3273,597
3274,597
3275,597
3276,598
3277,598
3278,599
3279,599
3280,599
3281,599
3282,599
3283,599
3284,599
3285,599
3286,599
3287,600
3288,601
3289,602
3290,603
3291,603
3292,603
3293,604
3294,604
3295,604
3296,604
3297,605
3298,605
3299,605
3300,605
3301,605
3302,606
3303,606
3304,606
3305,606
3306,606
3307,607
3308,607
3309,607
3310,607
3311,607
3312,608
3313,608
3314,608
3315,608
3316,608
3317,608
3318,608
3319,608
3320,608
3321,608
3322,609
3323,609
3324,609
3325,609
3326,609
3327,609
3328,610
3329,610
3330,610
3331,611
3332,612
3333,612
3334,612
3335,612
3336,612
3337,612
3338,612
3339,613
3340,613
3341,613
3342,613
3343,613
3344,613
3345,613
3346,613
3347,614
3348,615
3349,615
3350,615
3351,615
3352,616
3353,616
3354,616
3355,616
3356,616
3357,616
3358,617
3359,617
3360,617
3361,617
3362,617
3363,617
3364,617
3365,617
3366,617
3367,618
3368,618
3369,618
3370,618
3371,618
3372,618
3373,618
3374,618
3375,618
3376,619
3377,619
3378,619
3379,619
3380,619
3381,619
3382,619
3383,619
3384,620
3385,620
3386,620
3387,620
3388,620
3389,620
3390,620
3391,621
3392,622
3393,622
3394,622
3395,622
3396,622
3397,622
3398,622
3399,622
3400,622
3401,623
3402,623
3403,623
3404,623
3405,623
3406,623
3407,623
3408,623
3409,623
3410,624
3411,624
3412,624
3413,624
3414,624
3415,624
3416,624
3417,624
3418,624
3419,624
3420,625
3421,625
3422,626
3423,626
3424,626
3425,626
3426,626
3427,626
3428,626
3429,626
3430,626
3431,627
3432,627
3433,627
3434,628
3435,628
3436,628
3437,628
3438,628
3439,628
3440,629
3441,630
3442,630
3443,631
3444,631
3445,632
3446,632
3447,632
3448,632
3449,632
3450,633
3451,633
3452,633
3453,633
3454,633
3455,633
3456,633
3457,633
3458,633
3459,633
3460,634
3461,634
3462,635
3463,635
3464,635
3465,635
3466,635
3467,635
3468,635
3469,636
3470,636
3471,636
3472,636
3473,636
3474,636
3475,637
3476,637
3477,637
3478,637
3479,638
3480,638
3481,638
3482,638
3483,638
3484,638
3485,638
3486,638
3487,638
3488,639
3489,639
3490,639
3491,639
3492,639
3493,639
3494,639
3495,639
3496,640
3497,640
3498,640
3499,640
3500,640
3501,640
3502,641
3503,641
3504,641
3505,641
3506,641
3507,641
3508,642
3509,642
3510,642
3511,642
3512,642
3513,643
3514,643
3515,643
3516,644
3517,644
3518,644
3519,644
3520,645
3521,646
3522,647
3523,647
3524,648
3525,648
3526,648
3527,648
3528,648
3529,648
3530,648
3531,648
3532,648
3533,649
3534,649
3535,649
3536,649
3537,649
3538,649
3539,649
3540,649
3541,650
3542,650
3543,650
3544,650
3545,650
3546,650
3547,650
3548,650
3549,650
3550,650
3551,651
3552,651
3553,651
3554,651
3555,651
3556,652
3557,652
3558,652
3559,652
3560,652
3561,653
3562,653
3563,653
3564,653
3565,653
3566,653
3567,653
3568,653
3569,653
3570,654
3571,654
3572,654
3573,655
3574,655
3575,656
3576,656
3577,656
3578,656
3579,656
3580,656
3581,657
3582,657
3583,657
3584,657
3585,657
3586,657
3587,657
3588,657
3589,657
3590,658
3591,658
3592,658
3593,658
3594,658
3595,658
3596,658
3597,658
3598,658
3599,659
3600,659
3601,659
3602,660
3603,660
3604,660
3605,660
3606,660
3607,660
3608,660
3609,660
3610,661
3611,661
3612,661
3613,661
3614,661
3615,661
3616,662
3617,662
3618,662
3619,662
3620,663
3621,663
3622,663
3623,663
3624,663
3625,663
3626,663
3627,664
3628,664
3629,664
3630,664
3631,665
3632,665
3633,666
3634,666
3635,666
3636,666
3637,667
3638,668
3639,668
3640,668
3641,668
3642,668
3643,668
3644,668
3645,668
3646,668
3647,669
3648,669
3649,669
3650,669
3651,669
3652,669
3653,669
3654,669
3655,669
3656,670
3657,670
3658,670
3659,670
3660,670
3661,670
3662,670
3663,670
3664,670
3665,671
3666,671
3667,671
3668,671
3669,671
3670,671
3671,671
3672,672
3673,672
3674,672
3675,672
3676,673
3677,673
3678,673
3679,673
3680,673
3681,673
3682,673
3683,673
3684,674
3685,674
3686,674
3687,674
3688,674
3689,674
3690,674
3691,674
3692,674
3693,674
3694,675
3695,675
3696,675
3697,675
3698,675
3699,675
3700,675
3701,675
3702,676
3703,676
3704,676
3705,676
3706,677
3707,677
3708,677
3709,677
3710,677
3711,677
3712,677
3713,677
3714,678
3715,678
3716,678
3717,678
3718,678
3719,678
3720,679
3721,679
3722,680
3723,680
3724,680
3725,680
3726,680
3727,680
3728,680
3729,680
3730,680
3731,681
3732,681
3733,681
3734,682
3735,682
3736,682
3737,682
3738,682
3739,682
3740,682
3741,682
3742,682
3743,682
3744,683
3745,683
3746,683
3747,683
3748,683
3749,683
3750,683
3751,683
3752,684
3753,684
3754,684
3755,684
3756,684
3757,684
3758,685
3759,685
3760,686
3761,686
3762,686
3763,686
3764,686
3765,686
3766,686
3767,687
3768,687
3769,687
3770,687
3771,687
3772,687
3773,688
3774,688
3775,688
3776,688
3777,688
3778,688
3779,689
3780,689
3781,689
3782,689
3783,689
3784,689
3785,689
3786,689
3787,689
3788,690
3789,690
3790,690
3791,690
3792,690
3793,691
3794,691
3795,691
3796,691
3797,691
3798,691
3799,691
3800,692
3801,692
3802,692
3803,692
3804,692
3805,692
3806,692
3807,692
3808,693
3809,693
3810,693
3811,693
3812,693
3813,693
3814,694
3815,694
3816,694
3817,694
3818,694
3819,694
3820,695
3821,695
3822,695
3823,695
3824,696
3825,696
3826,696
3827,696
3828,697
3829,698
3830,698
3831,698
3832,698
3833,699
3834,699
3835,699
3836,699
3837,699
3838,699
3839,700
3840,700
3841,700
3842,700
3843,700
3844,700
3845,700
3846,701
3847,701
3848,701
3849,701
3850,701
3851,701
3852,701
3853,701
3854,701
3855,701
3856,702
3857,703
3858,703
3859,703
3860,703
3861,704
3862,704
3863,704
3864,704
3865,704
3866,704
3867,704
3868,705
3869,705
3870,705
3871,705
3872,705
3873,705
3874,705
3875,705
3876,705
3877,706
3878,707
3879,707
3880,707
3881,707
3882,707
3883,707
3884,707
3885,707
3886,707
3887,708
3888,708
3889,708
3890,708
3891,708
3892,708
3893,709
3894,710
3895,710
3896,710
3897,710
3898,710
3899,710
3900,710
3901,711
3902,711
3903,711
3904,711
3905,711
3906,711
3907,711
3908,711
3909,711
3910,712
3911,712
3912,712
3913,712
3914,712
3915,712
3916,712
3917,712
3918,712
3919,712
3920,713
3921,713
3922,713
3923,713
3924,713
3925,713
3926,713
3927,713
3928,714
3929,714
3930,714
3931,714
3932,714
3933,714
3934,714
3935,714
3936,714
3937,714
3938,715
3939,715
3940,715
3941,715
3942,715
3943,715
3944,715
3945,715
3946,716
3947,716
3948,717
3949,717
3950,717
3951,718
3952,718
3953,718
3954,718
3955,718
3956,718
3957,718
3958,719
3959,719
3960,719
3961,719
3962,719
3963,719
3964,719
3965,719
3966,720
3967,721
3968,721
3969,721
3970,721
3971,721
3972,721
3973,722
3974,722
3975,722
3976,722
3977,722
3978,722
3979,722
3980,722
3981,722
3982,722
3983,723
3984,723
3985,723
3986,723
3987,723
3988,723
3989,724
3990,725
3991,725
3992,725
3993,725
3994,725
3995,725
3996,725
3997,726
3998,726
3999,726
4000,726
4001,726
4002,726
4003,726
4004,726
4005,726
4006,726
4007,727
4008,727
4009,728
4010,728
4011,729
4012,729
4013,729
4014,729
4015,729
4016,730
4017,731
4018,731
4019,731
4020,731
4021,732
4022,732
4023,732
4024,732
4025,733
4026,733
4027,733
4028,733
4029,733
4030,733
4031,734
4032,734
4033,735
4034,735
4035,735
4036,735
4037,736
4038,736
4039,736
4040,737
4041,737
4042,737
4043,738
4044,738
4045,738
4046,738
4047,739
4048,740
4049,740
4050,740
4051,740
4052,740
4053,740
4054,740
4055,740
4056,740
4057,741
4058,741
4059,741
4060,741
4061,741
4062,741
4063,741
4064,741
4065,742
4066,742
4067,742
4068,742
4069,742
4070,742
4071,742
4072,742
4073,743
4074,743
4075,743
4076,743
4077,743
4078,744
4079,744
4080,745
4081,746
4082,746
4083,746
4084,746
4085,747
4086,747
4087,747
4088,747
4089,747
4090,748
4091,748
4092,748
4093,748
4094,748
4095,749
4096,749
4097,749
4098,749
4099,749
4100,749
4101,749
4102,750
4103,751
4104,751
4105,752
4106,752
4107,752
4108,752
4109,752
4110,752
4111,752
4112,752
4113,752
4114,752
4115,753
4116,753
4117,754
4118,754
4119,755
4120,755
4121,755
4122,755
4123,755
4124,756
4125,757
4126,757
4127,758
4128,758
4129,758
4130,758
4131,758
4132,758
4133,758
4134,759
4135,759
4136,759
4137,759
4138,759
4139,759
4140,759
4141,760
4142,760
4143,760
4144,760
4145,760
4146,760
4147,761
4148,761
4149,761
4150,761
4151,761
4152,761
4153,761
4154,761
4155,761
4156,761
4157,762
4158,762
4159,762
4160,762
4161,763
4162,763
4163,763
4164,763
4165,763
4166,763
4167,763
4168,763
4169,764
4170,765
4171,765
4172,765
4173,766
4174,766
4175,766
4176,766
4177,766
4178,766
4179,767
4180,767
4181,768
4182,768
4183,768
4184,768
4185,768
4186,768
4187,768
4188,769
4189,769
4190,770
4191,770
4192,770
4193,771
4194,771
4195,772
4196,772
4197,772
4198,772
4199,772
4200,772
4201,773
4202,773
4203,773
4204,773
4205,774
4206,774
4207,774
4208,774
4209,774
4210,774
4211,774
4212,775
4213,775
4214,775
4215,775
4216,775
4217,775
4218,776
4219,776
4220,776
4221,776
4222,776
4223,776
4224,776
4225,777
4226,777
4227,778
4228,779
4229,779
4230,779
4231,779
4232,780
4233,780
4234,780
4235,780
4236,780
4237,780
4238,780
4239,781
4240,781
4241,781
4242,781
4243,781
4244,781
4245,781
4246,781
4247,782
4248,783
4249,783
4250,783
4251,783
4252,783
4253,783
4254,784
4255,784
4256,784
4257,784
4258,784
4259,784
4260,784
4261,784
4262,784
4263,785
4264,785
4265,786
4266,787
4267,788
4268,788
4269,788
4270,788
4271,788
4272,788
4273,788
4274,789
4275,789
4276,789
4277,789
4278,789
4279,790
4280,790
4281,790
4282,790
4283,791
4284,791
4285,791
4286,791
4287,791
4288,791
4289,791
4290,791
4291,791
4292,791
4293,792
4294,792
4295,792
4296,792
4297,793
4298,793
4299,793
4300,793
4301,794
4302,795
4303,795
4304,795
4305,795
4306,795
4307,796
4308,796
4309,796
4310,796
4311,797
4312,798
4313,799
4314,799
4315,799
4316,799
4317,799
4318,799
4319,799
4320,799
4321,799
4322,799
4323,800
4324,800
4325,800
4326,800
4327,800
4328,800
4329,800
4330,800
4331,801
4332,801
4333,801
4334,801
4335,801
4336,801
4337,801
4338,802
4339,802
4340,802
4341,802
4342,802
4343,802
4344,802
4345,803
4346,803
4347,803
4348,803
4349,803
4350,803
4351,804
4352,804
4353,804
4354,804
4355,804
4356,804
4357,804
4358,804
4359,804
4360,804
4361,805
4362,805
4363,805
4364,805
4365,805
4366,806
4367,806
4368,806
4369,806
4370,806
4371,806
4372,806
4373,806
4374,807
4375,807
4376,807
4377,807
4378,807
4379,807
4380,807
4381,807
4382,807
4383,808
4384,808
4385,809
4386,809
4387,809
4388,809
4389,809
4390,809
4391,809
4392,810
4393,810
4394,810
4395,810
4396,810
4397,810
4398,810
4399,811
4400,811
4401,811
4402,811
4403,811
4404,811
4405,811
4406,812
4407,813
4408,813
4409,813
4410,813
4411,813
4412,813
4413,813
4414,813
4415,813
4416,813
4417,814
4418,814
4419,814
4420,814
4421,814
4422,814
4423,814
4424,814
4425,815
4426,815
4427,815
4428,815
4429,816
4430,816
4431,816
4432,816
4433,816
4434,817
4435,817
4436,817
4437,817
4438,817
4439,817
4440,817
4441,817
4442,818
4443,818
4444,819
4445,819
4446,819
4447,819
4448,819
4449,819
4450,819
4451,819
4452,819
4453,819
4454,820
4455,820
4456,820
4457,820
4458,820
4459,821
4460,821
4461,821
4462,821
4463,821
4464,821
4465,821
4466,821
4467,821
4468,821
4469,822
4470,822
4471,822
4472,822
4473,822
4474,823
4475,823
4476,823
4477,823
4478,823
4479,823
4480,824
4481,824
4482,825
4483,825
4484,825
4485,825
4486,825
4487,825
4488,825
4489,825
4490,826
4491,827
4492,827
4493,827
4494,827
4495,827
4496,827
4497,827
4498,827
4499,827
4500,827
4501,828
4502,828
4503,828
4504,828
4505,828
4506,828
4507,828
4508,828
4509,828
4510,828
4511,829
4512,829
4513,829
4514,829
4515,829
4516,829
4517,829
4518,830
4519,830
4520,830
4521,830
4522,830
4523,830
4524,830
4525,830
4526,830
4527,830
4528,831
4529,831
4530,831
4531,831
4532,831
4533,831
4534,831
4535,831
4536,831
4537,832
4538,832
4539,832
4540,832
4541,833
4542,833
4543,833
4544,833
4545,833
4546,833
4547,833
4548,834
4549,835
4550,835
4551,836
4552,836
4553,836
4554,836
4555,836
4556,836
4557,837
4558,837
4559,838
4560,838
4561,838
4562,839
4563,839
4564,839
4565,839
4566,839
4567,839
4568,839
4569,840
4570,840
4571,840
4572,840
4573,840
4574,840
4575,840
4576,840
4577,840
4578,840
4579,841
4580,842
4581,842
4582,843
4583,843
4584,843
4585,843
4586,843
4587,843
4588,843
4589,843
4590,844
4591,844
4592,844
4593,844
4594,844
4595,844
4596,845
4597,845
4598,845
4599,845
4600,845
4601,845
4602,845
4603,846
4604,846
4605,846
4606,846
4607,847
4608,847
4609,848
4610,848
4611,848
4612,848
4613,848
4614,848
4615,849
4616,849
4617,849
4618,849
4619,849
4620,849
4621,849
4622,850
4623,850
4624,850
4625,851
4626,851
4627,851
4628,851
4629,851
4630,852
4631,852
4632,852
4633,852
4634,852
4635,853
4636,853
4637,853
4638,853
4639,853
4640,853
4641,854
4642,854
4643,854
4644,854
4645,854
4646,855
4647,855
4648,855
4649,855
4650,855
4651,856
4652,856
4653,856
4654,856
4655,856
4656,856
4657,857
4658,858
4659,858
4660,858
4661,858
4662,858
4663,859
4664,859
4665,859
4666,859
4667,859
4668,859
4669,859
4670,859
4671,860
4672,860
4673,860
4674,861
4675,861
4676,862
4677,862
4678,862
4679,863
4680,863
4681,864
4682,864
4683,864
4684,864
4685,864
4686,865
4687,865
4688,865
4689,866
4690,866
4691,866
4692,866
4693,867
4694,867
4695,867
4696,867
4697,867
4698,867
4699,867
4700,868
4701,868
4702,868
4703,868
4704,868
4705,869
4706,869
4707,869
4708,869
4709,869
4710,869
4711,869
4712,870
4713,870
4714,870
4715,870
4716,870
4717,870
4718,870
4719,871
4720,871
4721,871
4722,871
4723,872
4724,872
4725,872
4726,872
4727,872
4728,873
4729,873
4730,873
4731,873
4732,873
4733,874
4734,875
4735,875
4736,875
4737,875
4738,875
4739,875
4740,875
4741,875
4742,875
4743,875
4744,876
4745,876
4746,877
4747,878
4748,879
4749,879
4750,880
4751,880
4752,880
4753,880
4754,880
4755,880
4756,880
4757,880
4758,880
4759,881
4760,881
4761,881
4762,881
4763,881
4764,881
4765,881
4766,881
4767,881
4768,882
4769,882
4770,882
4771,882
4772,882
4773,882
4774,882
4775,882
4776,882
4777,882
4778,883
4779,883
4780,883
4781,883
4782,883
4783,884
4784,885
4785,885
4786,885
4787,885
4788,885
4789,885
4790,885
4791,885
4792,885
4793,885
4794,886
4795,886
4796,886
4797,886
4798,886
4799,886
4800,886
4801,887
4802,887
4803,887
4804,887
4805,887
4806,887
4807,887
4808,887
4809,888
4810,888
4811,888
4812,888
4813,888
4814,888
4815,888
4816,889
4817,889
4818,889
4819,889
4820,889
4821,889
4822,889
4823,890
4824,890
4825,890
4826,890
4827,890
4828,890
4829,890
4830,891
4831,891
4832,891
4833,891
4834,891
4835,891
4836,891
4837,892
4838,892
4839,892
4840,892
4841,892
4842,893
4843,893
4844,893
4845,893
4846,893
4847,893
4848,893
4849,893
4850,893
4851,893
4852,894
4853,894
4854,894
4855,894
4856,894
4857,894
4858,894
4859,894
4860,894
4861,895
4862,895
4863,895
4864,895
4865,895
4866,895
4867,895
4868,896
4869,896
4870,896
4871,896
4872,897
4873,897
4874,897
4875,897
4876,897
4877,897
4878,897
4879,897
4880,898
4881,898
4882,898
4883,898
4884,898
4885,898
4886,898
4887,898
4888,898
4889,899
4890,899
4891,899
4892,899
4893,899
4894,899
4895,899
4896,899
4897,899
4898,900
4899,900
4900,901
4901,901
4902,901
4903,901
4904,901
4905,901
4906,901
4907,901
4908,901
4909,902
4910,902
4911,902
4912,902
4913,902
4914,902
4915,902
4916,902
4917,902
4918,903
4919,903
4920,903
4921,903
4922,903
4923,903
4924,903
4925,904
4926,904
4927,904
4928,904
4929,904
4930,904
4931,904
4932,905
4933,905
4934,905
4935,905
4936,905
4937,905
4938,906
4939,906
4940,906
4941,906
4942,907
4943,907
4944,907
4945,907
4946,907
4947,907
4948,907
4949,907
4950,908
4951,908
4952,908
4953,908
4954,908
4955,908
4956,908
4957,908
4958,908
4959,908
4960,909
4961,909
4962,909
4963,909
4964,909
4965,909
4966,909
4967,910
4968,910
4969,910
4970,910
4971,910
4972,910
4973,910
4974,910
4975,911
4976,911
4977,911
4978,911
4979,911
4980,911
4981,911
4982,912
4983,912
4984,912
4985,912
4986,912
4987,912
4988,913
4989,913
4990,913
4991,913
4992,913
4993,913
4994,914
4995,914
4996,914
4997,914
4998,915
4999,915
5000,916
5001,916
5002,916
5003,917
5004,917
5005,917
5006,917
5007,917
5008,917
5009,917
5010,918
5011,918
5012,918
5013,918
5014,918
5015,918
5016,918
5017,918
5018,918
5019,918
5020,919
5021,920
5022,920
5023,920
5024,920
5025,920
5026,920
5027,920
5028,920
5029,920
5030,921
5031,921
5032,921
5033,921
5034,922
5035,922
5036,922
5037,923
5038,923
5039,923
5040,923
5041,923
5042,923
5043,923
5044,923
5045,923
5046,923
5047,924
5048,925
5049,925
5050,925
5051,925
5052,925
5053,925
5054,926
5055,926
5056,926
5057,926
5058,926
5059,926
5060,926
5061,926
5062,927
5063,927
5064,927
5065,928
5066,928
5067,928
5068,928
5069,928
5070,928
5071,929
5072,929
5073,929
5074,929
5075,929
5076,929
5077,929
5078,929
5079,929
5080,930
5081,930
5082,930
5083,930
5084,930
5085,930
5086,930
5087,930
5088,931
5089,931
5090,931
5091,931
5092,931
5093,931
5094,931
5095,931
5096,932
5097,932
5098,932
5099,932
5100,932
5101,932
5102,932
5103,932
5104,933
5105,933
5106,933
5107,933
5108,933
5109,933
5110,933
5111,933
5112,934
5113,934
5114,934
5115,935
5116,935
5117,935
5118,935
5119,935
5120,935
5121,935
5122,936
5123,936
5124,937
5125,937
5126,938
5127,938
5128,938
5129,939
5130,939
5131,939
5132,939
5133,939
5134,939
5135,939
5136,939
5137,939
5138,939
5139,940
5140,940
5141,940
5142,940
5143,940
5144,940
5145,940
5146,940
5147,940
5148,941
5149,941
5150,941
5151,941
5152,941
5153,941
5154,942
5155,942
5156,942
5157,942
5158,942
5159,943
5160,943
5161,943
5162,943
5163,944
5164,944
5165,944
5166,944
5167,944
5168,945
5169,945
5170,946
5171,946
5172,946
5173,946
5174,946
5175,946
5176,946
5177,946
5178,946
5179,947
5180,947
5181,947
5182,948
5183,948
5184,949
5185,949
5186,949
5187,950
5188,950
5189,950
5190,950
5191,950
5192,951
5193,951
5194,951
5195,951
5196,951
5197,951
5198,951
5199,951
5200,951
5201,952
5202,952
5203,953
5204,953
5205,953
5206,953
5207,953
5208,953
5209,954
5210,954
5211,954
5212,955
5213,955
5214,955
5215,955
5216,955
5217,955
5218,956
5219,956
5220,956
5221,956
5222,957
5223,957
5224,957
5225,957
5226,957
5227,957
5228,958
5229,958
5230,958
5231,959
5232,959
5233,959
5234,959
5235,960
5236,960
5237,960
5238,960
5239,960
5240,960
5241,960
5242,961
5243,961
5244,961
5245,961
5246,962
5247,962
5248,962
5249,962
5250,962
5251,962
5252,963
5253,963
5254,963
5255,963
5256,963
5257,963
5258,964
5259,965
5260,965
5261,965
5262,965
5263,965
5264,965
5265,965
5266,965
5267,966
5268,966
5269,966
5270,966
5271,966
5272,966
5273,966
5274,966
5275,966
5276,967
5277,967
5278,967
5279,967
5280,967
5281,967
5282,967
5283,967
5284,968
5285,968
5286,968
5287,968
5288,968
5289,968
5290,968
5291,968
5292,968
5293,968
5294,969
5295,969
5296,969
5297,969
5298,969
5299,969
5300,970
5301,970
5302,970
5303,971
5304,971
5305,971
5306,971
5307,972
5308,972
5309,972
5310,972
5311,972
5312,973
5313,973
5314,973
5315,973
5316,973
5317,974
5318,974
5319,974
5320,974
5321,974
5322,974
5323,974
5324,974
5325,974
5326,975
5327,975
5328,975
5329,976
5330,976
5331,976
5332,976
5333,976
5334,976
5335,977
5336,977
5337,977
5338,977
5339,978
5340,978
5341,978
5342,978
5343,978
5344,978
5345,979
5346,979
5347,979
5348,979
5349,979
5350,980
5351,980
5352,980
5353,980
5354,981
5355,981
5356,981
5357,981
5358,981
5359,981
5360,981
5361,981
5362,981
5363,982
5364,982
5365,983
5366,983
5367,983
5368,983
5369,983
5370,984
5371,985
5372,985
5373,985
5374,985
5375,985
5376,985
5377,985
5378,985
5379,986
5380,986
5381,986
5382,986
5383,986
5384,987
5385,988
5386,988
5387,988
5388,988
5389,988
5390,989
5391,990
5392,991
5393,991
5394,991
5395,992
5396,992
5397,992
5398,992
5399,992
5400,992
5401,993
5402,993
5403,993
5404,993
5405,993
5406,993
5407,993
5408,993
5409,993
5410,994
5411,994
5412,994
5413,994
5414,994
5415,994
5416,994
5417,995
5418,995
5419,995
5420,995
5421,995
5422,995
5423,995
5424,995
5425,995
5426,996
5427,996
5428,996
5429,996
5430,996
5431,996
5432,997
5433,997
5434,997
5435,997
5436,997
5437,997
5438,998
5439,998
5440,998
5441,998
5442,998
5443,998
5444,998
5445,998
5446,998
5447,998
5448,999
5449,1000
5450,1000
5451,1000
5452,1000
5453,1000
5454,1000
5455,1000
5456,1000
5457,1001
5458,1002
5459,1002
5460,1002
5461,1002
5462,1002
5463,1002
5464,1002
5465,1003
5466,1003
5467,1003
5468,1003
5469,1003
5470,1004
5471,1004
5472,1004
5473,1005
5474,1005
5475,1005
5476,1005
5477,1005
5478,1005
5479,1006
5480,1006
5481,1006
5482,1006
5483,1006
5484,1006
5485,1006
5486,1006
5487,1006
5488,1006
5489,1007
5490,1007
5491,1007
5492,1007
5493,1007
5494,1007
5495,1007
5496,1008
5497,1008
5498,1008
5499,1008
5500,1009
5501,1009
5502,1009
5503,1009
5504,1009
5505,1009
5506,1010
5507,1010
5508,1010
5509,1010
5510,1010
5511,1010
5512,1010
5513,1011
5514,1011
5515,1011
5516,1011
5517,1011
5518,1011
5519,1012
5520,1012
5521,1012
5522,1012
5523,1012
5524,1013
5525,1013
5526,1013
5527,1013
5528,1014
5529,1014
5530,1014
5531,1014
5532,1015
5533,1015
5534,1015
5535,1015
5536,1015
5537,1015
5538,1015
5539,1015
5540,1015
5541,1015
5542,1016
5543,1016
5544,1016
5545,1016
5546,1016
5547,1017
5548,1017
5549,1017
5550,1017
5551,1017
5552,1017
5553,1018
5554,1018
5555,1018
5556,1018
5557,1018
5558,1018
5559,1018
5560,1018
5561,1018
5562,1019
5563,1019
5564,1019
5565,1019
5566,1019
5567,1019
5568,1020
5569,1020
5570,1020
5571,1020
5572,1020
5573,1020
5574,1020
5575,1021
5576,1021
5577,1021
5578,1021
5579,1021
5580,1021
5581,1021
5582,1022
5583,1022
5584,1022
5585,1022
5586,1022
5587,1022
5588,1022
5589,1022
5590,1022
5591,1023
5592,1023
5593,1023
5594,1023
5595,1023
5596,1023
5597,1024
5598,1024
5599,1024
5600,1024
5601,1024
5602,1024
5603,1024
5604,1024
5605,1025
5606,1025
5607,1025
5608,1026
5609,1026
5610,1026
5611,1026
5612,1026
5613,1026
5614,1026
5615,1026
5616,1026
5617,1026
5618,1027
5619,1027
5620,1027
5621,1027
5622,1027
5623,1028
5624,1029
5625,1029
5626,1030
5627,1030
5628,1030
5629,1030
5630,1030
5631,1030
5632,1030
5633,1030
5634,1031
5635,1031
5636,1031
5637,1031
5638,1031
5639,1031
5640,1032
5641,1032
5642,1032
5643,1032
5644,1032
5645,1032
5646,1032
5647,1032
5648,1033
5649,1033
5650,1033
5651,1033
5652,1033
5653,1033
5654,1033
5655,1033
5656,1033
5657,1033
5658,1034
5659,1034
5660,1034
5661,1034
5662,1034
5663,1034
5664,1034
5665,1034
5666,1034
5667,1035
5668,1035
5669,1035
5670,1036
5671,1036
5672,1036
5673,1036
5674,1037
5675,1037
5676,1038
5677,1038
5678,1038
5679,1039
5680,1039
5681,1039
5682,1039
5683,1039
5684,1039
5685,1039
5686,1039
5687,1039
5688,1040
5689,1041
5690,1041
5691,1041
5692,1041
5693,1041
5694,1041
5695,1042
5696,1042
5697,1042
5698,1042
5699,1042
5700,1042
5701,1042
5702,1042
5703,1042
5704,1042
5705,1043
5706,1043
5707,1043
5708,1043
5709,1043
5710,1043
5711,1043
5712,1044
5713,1044
5714,1044
5715,1044
5716,1044
5717,1044
5718,1044
5719,1044
5720,1044
5721,1045
5722,1045
5723,1045
5724,1046
5725,1047
5726,1047
5727,1047
5728,1047
5729,1047
5730,1047
5731,1047
5732,1047
5733,1047
5734,1048
5735,1048
5736,1048
5737,1048
5738,1048
5739,1049
5740,1049
5741,1050
5742,1050
5743,1050
5744,1050
5745,1050
5746,1051
5747,1051
5748,1051
5749,1051
5750,1051
5751,1051
5752,1051
5753,1052
5754,1052
5755,1052
5756,1052
5757,1052
5758,1052
5759,1052
5760,1052
5761,1053
5762,1053
5763,1053
5764,1053
5765,1054
5766,1054
5767,1054
5768,1054
5769,1054
5770,1054
5771,1054
5772,1055
5773,1055
5774,1056
5775,1056
5776,1056
5777,1056
5778,1056
5779,1056
5780,1056
5781,1056
5782,1057
5783,1057
5784,1057
5785,1057
5786,1057
5787,1057
5788,1057
5789,1058
5790,1058
5791,1058
5792,1058
5793,1058
5794,1058
5795,1058
5796,1058
5797,1058
5798,1059
5799,1059
5800,1059
5801,1059
5802,1059
5803,1059
5804,1059
5805,1059
5806,1059
5807,1059
5808,1060
5809,1060
5810,1060
5811,1060
5812,1060
5813,1060
5814,1060
5815,1060
5816,1061
5817,1061
5818,1061
5819,1061
5820,1061
5821,1062
5822,1062
5823,1062
5824,1062
5825,1062
5826,1062
5827,1062
5828,1063
5829,1063
5830,1063
5831,1063
5832,1063
5833,1063
5834,1063
5835,1064
5836,1064
5837,1064
5838,1065
5839,1065
5840,1065
5841,1065
5842,1065
5843,1065
5844,1065
5845,1065
5846,1065
5847,1065
5848,1066
5849,1066
5850,1066
5851,1066
5852,1066
5853,1067
5854,1067
5855,1067
5856,1067
5857,1068
5858,1068
5859,1069
5860,1069
5861,1069
5862,1069
5863,1069
5864,1069
5865,1069
5866,1069
5867,1069
5868,1070
5869,1070
5870,1070
5871,1070
5872,1070
5873,1070
5874,1070
5875,1070
5876,1070
5877,1071
5878,1071
5879,1071
5880,1072
5881,1073
5882,1074
5883,1074
5884,1074
5885,1074
5886,1074
5887,1074
5888,1074
5889,1075
5890,1075
5891,1075
5892,1075
5893,1075
5894,1076
5895,1076
5896,1076
5897,1076
5898,1076
5899,1076
5900,1076
5901,1077
5902,1077
5903,1077
5904,1077
5905,1077
5906,1077
5907,1077
5908,1077
5909,1078
5910,1078
5911,1078
5912,1078
5913,1078
5914,1078
5915,1078
5916,1078
5917,1079
5918,1079
5919,1079
5920,1079
5921,1079
5922,1079
5923,1079
5924,1080
5925,1080
5926,1080
5927,1081
5928,1081
5929,1081
5930,1081
5931,1081
5932,1081
5933,1081
5934,1081
5935,1081
5936,1082
5937,1082
5938,1082
5939,1082
5940,1083
5941,1083
5942,1083
5943,1083
5944,1083
5945,1083
5946,1083
5947,1084
5948,1084
5949,1085
5950,1085
5951,1085
5952,1085
5953,1085
5954,1085
5955,1085
5956,1085
5957,1085
5958,1085
5959,1086
5960,1086
5961,1086
5962,1086
5963,1086
5964,1086
5965,1086
5966,1086
5967,1086
5968,1087
5969,1087
5970,1087
5971,1087
5972,1087
5973,1087
5974,1087
5975,1087
5976,1087
5977,1088
5978,1088
5979,1088
5980,1088
5981,1088
5982,1088
5983,1088
5984,1089
5985,1089
5986,1090
5987,1090
5988,1090
5989,1090
5990,1090
5991,1090
5992,1090
5993,1090
5994,1090
5995,1091
5996,1091
5997,1091
5998,1091
5999,1091
6000,1091
6001,1091
6002,1091
6003,1091
6004,1091
6005,1092
6006,1092
6007,1092
6008,1092
6009,1092
6010,1093
6011,1093
6012,1093
6013,1094
6014,1094
6015,1095
6016,1095
6017,1095
6018,1095
6019,1095
6020,1095
6021,1096
6022,1096
6023,1096
6024,1096
6025,1096
6026,1097
6027,1097
6028,1097
6029,1097
6030,1098
6031,1098
6032,1098
6033,1099
6034,1100
6035,1100
6036,1101
6037,1101
6038,1101
6039,1101
6040,1101
6041,1102
6042,1102
6043,1102
6044,1102
6045,1102
6046,1102
6047,1103
6048,1103
6049,1103
6050,1104
6051,1104
6052,1104
6053,1104
6054,1104
6055,1104
6056,1104
6057,1104
6058,1105
6059,1105
6060,1105
6061,1105
6062,1105
6063,1105
6064,1105
6065,1105
6066,1105
6067,1105
6068,1106
6069,1106
6070,1106
6071,1106
6072,1106
6073,1106
6074,1106
6075,1106
6076,1106
6077,1106
6078,1107
6079,1107
6080,1108
6081,1108
6082,1108
6083,1108
6084,1108
6085,1108
6086,1108
6087,1108
6088,1108
6089,1108
6090,1109
6091,1109
6092,1109
6093,1109
6094,1109
6095,1109
6096,1110
6097,1110
6098,1110
6099,1110
6100,1110
6101,1110
6102,1110
6103,1110
6104,1111
6105,1111
6106,1111
6107,1111
6108,1111
6109,1111
6110,1111
6111,1111
6112,1112
6113,1113
6114,1113
6115,1113
6116,1113
6117,1114
6118,1114
6119,1114
6120,1115
6121,1115
6122,1115
6123,1115
6124,1115
6125,1115
6126,1115
6127,1116
6128,1116
6129,1116
6130,1116
6131,1116
6132,1116
6133,1116
6134,1116
6135,1116
6136,1116
6137,1117
6138,1117
6139,1117
6140,1118
6141,1118
6142,1118
6143,1118
6144,1119
6145,1119
6146,1119
6147,1119
6148,1119
6149,1120
6150,1120
6151,1120
6152,1120
6153,1120
6154,1120
6155,1121
6156,1121
6157,1121
6158,1122
6159,1123
6160,1124
6161,1125
6162,1126
6163,1126
6164,1126
6165,1126
6166,1126
6167,1126
6168,1127
6169,1127
6170,1127
6171,1127
6172,1128
6173,1128
6174,1128
6175,1128
6176,1128
6177,1128
6178,1128
6179,1128
6180,1129
6181,1129
6182,1129
6183,1129
6184,1129
6185,1129
6186,1130
6187,1131
6188,1131
6189,1132
6190,1132
6191,1132
6192,1132
6193,1133
6194,1133
6195,1134
6196,1134
6197,1134
6198,1134
6199,1134
6200,1134
6201,1134
6202,1134
6203,1135
6204,1135
6205,1135
6206,1135
6207,1135
6208,1135
6209,1135
6210,1135
6211,1136
6212,1137
6213,1137
6214,1137
6215,1137
6216,1137
6217,1137
6218,1138
6219,1138
6220,1138
6221,1138
6222,1138
6223,1139
6224,1139
6225,1139
6226,1140
6227,1140
6228,1140
6229,1140
6230,1140
6231,1140
6232,1140
6233,1141
6234,1141
6235,1141
6236,1141
6237,1142
6238,1142
6239,1142
6240,1142
6241,1142
6242,1142
6243,1143
6244,1143
6245,1143
6246,1143
6247,1143
6248,1143
6249,1143
6250,1143
6251,1144
6252,1144
6253,1144
6254,1144
6255,1144
6256,1144
6257,1144
6258,1144
6259,1144
6260,1145
6261,1145
6262,1145
6263,1146
6264,1146
6265,1146
6266,1146
6267,1146
6268,1146
6269,1146
6270,1146
6271,1146
6272,1147
6273,1147
6274,1147
6275,1147
6276,1147
6277,1147
6278,1147
6279,1147
6280,1147
6281,1148
6282,1148
6283,1148
6284,1148
6285,1148
6286,1148
6287,1148
6288,1148
6289,1148
6290,1149
6291,1149
6292,1149
6293,1149
6294,1149
6295,1149
6296,1149
6297,1150
6298,1150
6299,1150
6300,1150
6301,1150
6302,1150
6303,1150
6304,1150
6305,1151
6306,1151
6307,1151
6308,1152
6309,1152
6310,1152
6311,1153
6312,1154
6313,1154
6314,1154
6315,1154
6316,1154
6317,1154
6318,1154
6319,1154
6320,1154
6321,1155
6322,1155
6323,1155
6324,1155
6325,1155
6326,1155
6327,1155
6328,1155
6329,1156
6330,1156
6331,1156
6332,1156
6333,1156
6334,1157
6335,1157
6336,1158
6337,1158
6338,1158
6339,1158
6340,1158
6341,1158
6342,1158
6343,1159
6344,1159
6345,1159
6346,1159
6347,1159
6348,1159
6349,1160
6350,1160
6351,1161
6352,1161
6353,1162
6354,1162
6355,1162
6356,1162
6357,1162
6358,1162
6359,1162
6360,1162
6361,1162
6362,1162
6363,1163
6364,1163
6365,1163
6366,1163
6367,1163
6368,1164
6369,1164
6370,1164
6371,1164
6372,1165
6373,1165
6374,1165
6375,1165
6376,1165
6377,1165
6378,1165
6379,1165
6380,1165
6381,1165
6382,1166
6383,1166
6384,1166
6385,1166
6386,1166
6387,1166
6388,1166
6389,1167
6390,1167
6391,1167
6392,1167
6393,1167
6394,1167
6395,1167
6396,1167
6397,1167
6398,1167
6399,1168
6400,1168
6401,1168
6402,1168
6403,1168
6404,1168
6405,1168
6406,1168
6407,1168
6408,1168
6409,1169
6410,1169
6411,1169
6412,1169
6413,1169
6414,1169
6415,1169
6416,1169
6417,1169
6418,1169
6419,1170
6420,1170
6421,1170
6422,1171
6423,1171
6424,1171
6425,1171
6426,1171
6427,1171
6428,1171
6429,1171
6430,1171
6431,1172
6432,1172
6433,1172
6434,1172
6435,1172
6436,1172
6437,1172
6438,1172
6439,1173
6440,1173
6441,1173
6442,1173
6443,1173
6444,1173
6445,1173
6446,1173
6447,1173
6448,1173
6449,1174
6450,1174
6451,1174
6452,1174
6453,1174
6454,1174
6455,1174
6456,1174
6457,1175
6458,1175
6459,1175
6460,1175
6461,1175
6462,1175
6463,1176
6464,1176
6465,1176
6466,1176
6467,1177
6468,1177
6469,1177
6470,1177
6471,1177
6472,1178
6473,1178
6474,1178
6475,1179
6476,1179
6477,1179
6478,1179
6479,1180
6480,1181
6481,1181
6482,1181
6483,1181
6484,1181
6485,1181
6486,1181
6487,1182
6488,1182
6489,1183
6490,1183
6491,1183
6492,1183
6493,1183
6494,1184
6495,1184
6496,1185
6497,1185
6498,1185
6499,1185
6500,1185
6501,1185
6502,1185
6503,1185
6504,1185
6505,1185
6506,1186
6507,1187
6508,1187
6509,1187
6510,1187
6511,1187
6512,1187
6513,1187
6514,1187
6515,1188
6516,1188
6517,1188
6518,1188
6519,1189
6520,1189
6521,1189
6522,1189
6523,1189
6524,1189
6525,1190
6526,1190
6527,1190
6528,1190
6529,1190
6530,1190
6531,1191
6532,1191
6533,1191
6534,1191
6535,1191
6536,1192
6537,1192
6538,1192
6539,1192
6540,1192
6541,1192
6542,1192
6543,1192
6544,1193
6545,1193
6546,1193
6547,1193
6548,1193
6549,1193
6550,1193
6551,1193
6552,1193
6553,1193
6554,1194
6555,1194
6556,1194
6557,1194
6558,1194
6559,1194
6560,1195
6561,1195
6562,1195
6563,1195
6564,1195
6565,1195
6566,1195
6567,1195
6568,1195
6569,1195
6570,1196
6571,1196
6572,1196
6573,1196
6574,1196
6575,1196
6576,1196
6577,1196
6578,1196
6579,1196
6580,1197
6581,1197
6582,1197
6583,1197
6584,1197
6585,1197
6586,1197
6587,1197
6588,1197
6589,1198
6590,1198
6591,1198
6592,1198
6593,1198
6594,1199
6595,1200
6596,1200
6597,1200
6598,1200
6599,1200
6600,1200
6601,1200
6602,1200
6603,1200
6604,1201
6605,1201
6606,1201
6607,1201
6608,1201
6609,1201
6610,1202
6611,1202
6612,1202
6613,1203
6614,1203
6615,1203
6616,1203
6617,1203
6618,1203
6619,1203
6620,1204
6621,1205
6622,1205
6623,1205
6624,1205
6625,1206
6626,1206
6627,1206
6628,1206
6629,1206
6630,1206
6631,1206
6632,1206
6633,1206
6634,1206
6635,1207
6636,1207
6637,1207
6638,1207
6639,1207
6640,1207
6641,1207
6642,1207
6643,1208
6644,1208
6645,1208
6646,1208
6647,1208
6648,1208
6649,1208
6650,1209
6651,1209
6652,1209
6653,1209
6654,1210
6655,1210
6656,1210
6657,1210
6658,1210
6659,1210
6660,1210
6661,1211
6662,1211
6663,1211
6664,1211
6665,1211
6666,1211
6667,1211
6668,1211
6669,1211
6670,1212
6671,1212
6672,1212
6673,1212
6674,1212
6675,1212
6676,1212
6677,1212
6678,1213
6679,1213
6680,1213
6681,1214
6682,1214
6683,1214
6684,1214
6685,1215
6686,1215
6687,1215
6688,1215
6689,1215
6690,1216
6691,1216
6692,1216
6693,1216
6694,1216
6695,1217
6696,1217
6697,1217
6698,1217
6699,1217
6700,1218
6701,1218
6702,1218
6703,1218
6704,1218
6705,1218
6706,1218
6707,1218
6708,1218
6709,1219
6710,1219
6711,1219
6712,1219
6713,1219
6714,1219
6715,1220
6716,1221
6717,1221
6718,1221
6719,1222
6720,1222
6721,1222
6722,1222
6723,1222
6724,1222
6725,1223
6726,1223
6727,1223
6728,1223
6729,1223
6730,1223
6731,1223
6732,1223
6733,1223
6734,1223
6735,1224
6736,1224
6737,1224
6738,1224
6739,1224
6740,1224
6741,1224
6742,1224
6743,1225
6744,1225
6745,1225
6746,1225
6747,1226
6748,1226
6749,1226
6750,1226
6751,1226
6752,1226
6753,1227
6754,1227
6755,1227
6756,1227
6757,1227
6758,1227
6759,1228
6760,1228
6761,1229
6762,1229
6763,1229
6764,1229
6765,1229
6766,1229
6767,1229
6768,1229
6769,1229
6770,1230
6771,1230
6772,1230
6773,1230
6774,1230
6775,1230
6776,1231
6777,1231
6778,1231
6779,1231
6780,1231
6781,1231
6782,1232
6783,1233
6784,1233
6785,1233
6786,1233
6787,1233
6788,1233
6789,1234
6790,1234
6791,1234
6792,1234
6793,1234
6794,1234
6795,1234
6796,1234
6797,1234
6798,1235
6799,1235
6800,1235
6801,1235
6802,1236
6803,1236
6804,1236
6805,1236
6806,1236
6807,1237
6808,1238
6809,1238
6810,1238
6811,1238
6812,1238
6813,1239
6814,1239
6815,1239
6816,1239
6817,1239
6818,1240
6819,1240
6820,1240
6821,1240
6822,1240
6823,1240
6824,1240
6825,1240
6826,1240
6827,1240
6828,1241
6829,1242
6830,1242
6831,1242
6832,1242
6833,1242
6834,1242
6835,1242
6836,1242
6837,1243
6838,1243
6839,1243
6840,1243
6841,1243
6842,1243
6843,1243
6844,1244
6845,1244
6846,1244
6847,1244
6848,1245
6849,1245
6850,1245
6851,1245
6852,1245
6853,1245
6854,1246
6855,1246
6856,1246
6857,1246
6858,1246
6859,1246
6860,1246
6861,1247
6862,1247
6863,1247
6864,1247
6865,1247
6866,1247
6867,1247
6868,1247
6869,1247
6870,1248
6871,1248
6872,1248
6873,1248
6874,1248
6875,1248
6876,1249
6877,1249
6878,1249
6879,1249
6880,1249
6881,1249
6882,1249
6883,1249
6884,1249
6885,1249
6886,1250
6887,1250
6888,1250
6889,1250
6890,1250
6891,1250
6892,1250
6893,1250
6894,1251
6895,1251
6896,1251
6897,1251
6898,1251
6899,1251
6900,1251
6901,1251
6902,1251
6903,1252
6904,1252
6905,1252
6906,1252
6907,1252
6908,1252
6909,1252
6910,1253
6911,1253
6912,1253
6913,1253
6914,1253
6915,1254
6916,1254
6917,1254
6918,1254
6919,1254
6920,1255
6921,1256
6922,1256
6923,1256
6924,1256
6925,1256
6926,1256
6927,1256
6928,1257
6929,1257
6930,1257
6931,1257
6932,1257
6933,1257
6934,1257
6935,1257
6936,1257
6937,1258
6938,1258
6939,1258
6940,1258
6941,1258
6942,1258
6943,1258
6944,1259
6945,1259
6946,1259
6947,1259
6948,1259
6949,1259
6950,1259
6951,1259
6952,1259
6953,1260
6954,1261
6955,1261
6956,1262
6957,1263
6958,1263
6959,1263
6960,1263
6961,1263
6962,1264
6963,1264
6964,1264
6965,1264
6966,1264
6967,1264
6968,1264
6969,1264
6970,1264
6971,1264
6972,1265
6973,1266
6974,1266
6975,1266
6976,1266
6977,1266
6978,1267
6979,1267
6980,1267
6981,1267
6982,1267
6983,1267
6984,1267
6985,1268
6986,1268
6987,1268
6988,1268
6989,1268
6990,1268
6991,1268
6992,1268
6993,1268
6994,1268
6995,1269
6996,1269
6997,1269
6998,1269
6999,1269
7000,1269
7001,1269
7002,1269
7003,1270
7004,1270
7005,1270
7006,1270
7007,1270
7008,1270
7009,1270
7010,1270
7011,1271
7012,1271
7013,1272
7014,1272
7015,1272
7016,1272
7017,1272
7018,1272
7019,1272
7020,1272
7021,1273
7022,1273
7023,1273
7024,1274
7025,1274
7026,1274
7027,1274
7028,1274
7029,1274
7030,1274
7031,1274
7032,1274
7033,1275
7034,1275
7035,1275
7036,1275
7037,1275
7038,1275
7039,1275
7040,1275
7041,1275
7042,1276
7043,1276
7044,1276
7045,1276
7046,1276
7047,1276
7048,1276
7049,1276
7050,1276
7051,1276
7052,1277
7053,1277
7054,1277
7055,1277
7056,1277
7057,1277
7058,1277
7059,1277
7060,1277
7061,1278
7062,1278
7063,1278
7064,1278
7065,1278
7066,1278
7067,1278
7068,1279
7069,1279
7070,1279
7071,1279
7072,1280
7073,1280
7074,1281
7075,1281
7076,1281
7077,1282
7078,1283
7079,1283
7080,1283
7081,1283
7082,1283
7083,1283
7084,1283
7085,1284
7086,1284
7087,1284
7088,1284
7089,1284
7090,1284
7091,1284
7092,1285
7093,1285
7094,1285
7095,1286
7096,1286
7097,1286
7098,1287
7099,1288
7100,1288
7101,1288
7102,1289
7103,1289
7104,1289
7105,1289
7106,1289
7107,1289
7108,1289
7109,1290
7110,1290
7111,1290
7112,1290
7113,1290
7114,1290
7115,1291
7116,1291
7117,1291
7118,1291
7119,1291
7120,1291
7121,1291
7122,1291
7123,1291
7124,1291
7125,1292
7126,1292
7127,1292
7128,1292
7129,1292
7130,1292
7131,1293
7132,1293
7133,1294
7134,1294
7135,1294
7136,1295
7137,1295
7138,1295
7139,1296
7140,1296
7141,1296
7142,1297
7143,1297
7144,1297
7145,1297
7146,1297
7147,1297
7148,1298
7149,1298
7150,1298
7151,1298
7152,1298
7153,1298
7154,1298
7155,1298
7156,1298
7157,1298
7158,1299
7159,1299
7160,1299
7161,1299
7162,1299
7163,1300
7164,1300
7165,1300
7166,1300
7167,1301
7168,1301
7169,1301
7170,1301
7171,1301
7172,1301
7173,1301
7174,1302
7175,1302
7176,1302
7177,1302
7178,1302
7179,1302
7180,1302
7181,1303
7182,1304
7183,1304
7184,1304
7185,1304
7186,1304
7187,1304
7188,1305
7189,1305
7190,1305
7191,1305
7192,1305
7193,1305
7194,1305
7195,1305
7196,1306
7197,1306
7198,1306
7199,1306
7200,1306
7201,1306
7202,1307
7203,1307
7204,1307
7205,1307
7206,1308
7207,1308
7208,1308
7209,1308
7210,1309
7211,1309
7212,1309
7213,1309
7214,1309
7215,1309
7216,1309
7217,1309
7218,1309
7219,1310
7220,1310
7221,1310
7222,1310
7223,1310
7224,1310
7225,1310
7226,1310
7227,1310
7228,1310
7229,1311
7230,1312
7231,1312
7232,1312
7233,1312
7234,1312
7235,1312
7236,1312
7237,1312
7238,1313
7239,1313
7240,1314
7241,1314
7242,1314
7243,1314
7244,1314
7245,1314
7246,1314
7247,1314
7248,1315
7249,1315
7250,1315
7251,1315
7252,1315
7253,1315
7254,1315
7255,1316
7256,1316
7257,1316
7258,1316
7259,1316
7260,1317
7261,1318
7262,1318
7263,1319
7264,1319
7265,1319
7266,1319
7267,1320
7268,1320
7269,1320
7270,1320
7271,1320
7272,1320
7273,1320
7274,1320
7275,1321
7276,1322
7277,1322
7278,1322
7279,1322
7280,1322
7281,1322
7282,1322
7283,1322
7284,1322
7285,1323
7286,1323
7287,1323
7288,1323
7289,1323
7290,1324
7291,1324
7292,1324
7293,1324
7294,1324
7295,1324
7296,1324
7297,1325
7298,1325
7299,1325
7300,1325
7301,1325
7302,1325
7303,1326
7304,1327
7305,1327
7306,1327
7307,1327
7308,1327
7309,1327
7310,1328
7311,1328
7312,1328
7313,1329
7314,1329
7315,1329
7316,1329
7317,1329
7318,1329
7319,1329
7320,1329
7321,1329
7322,1330
7323,1330
7324,1330
7325,1330
7326,1330
7327,1330
7328,1330
7329,1331
7330,1331
7331,1331
7332,1331
7333,1331
7334,1331
7335,1332
7336,1332
7337,1332
7338,1332
7339,1332
7340,1333
7341,1333
7342,1333
7343,1333
7344,1333
7345,1333
7346,1333
7347,1333
7348,1333
7349,1334
7350,1334
7351,1334
7352,1334
7353,1334
7354,1334
7355,1334
7356,1334
7357,1334
7358,1334
7359,1335
7360,1335
7361,1335
7362,1335
7363,1335
7364,1336
7365,1336
7366,1336
7367,1336
7368,1336
7369,1336
7370,1336
7371,1336
7372,1336
7373,1337
7374,1338
7375,1339
7376,1339
7377,1339
7378,1340
7379,1340
7380,1340
7381,1340
7382,1340
7383,1340
7384,1340
7385,1340
7386,1341
7387,1341
7388,1342
7389,1342
7390,1342
7391,1342
7392,1342
7393,1342
7394,1342
7395,1342
7396,1342
7397,1342
7398,1343
7399,1343
7400,1343
7401,1343
7402,1343
7403,1343
7404,1343
7405,1343
7406,1344
7407,1344
7408,1344
7409,1344
7410,1344
7411,1345
7412,1345
7413,1345
7414,1345
7415,1345
7416,1345
7417,1345
7418,1345
7419,1345
7420,1346
7421,1346
7422,1346
7423,1346
7424,1346
7425,1346
7426,1346
7427,1346
7428,1346
7429,1346
7430,1347
7431,1347
7432,1347
7433,1347
7434,1347
7435,1347
7436,1347
7437,1348
7438,1348
7439,1348
7440,1348
7441,1348
7442,1348
7443,1348
7444,1348
7445,1349
7446,1349
7447,1349
7448,1349
7449,1349
7450,1349
7451,1349
7452,1349
7453,1350
7454,1350
7455,1350
7456,1350
7457,1350
7458,1350
7459,1350
7460,1350
7461,1350
7462,1351
7463,1351
7464,1351
7465,1351
7466,1351
7467,1351
7468,1351
7469,1351
7470,1352
7471,1353
7472,1353
7473,1353
7474,1353
7475,1353
7476,1353
7477,1353
7478,1353
7479,1354
7480,1354
7481,1354
7482,1354
7483,1354
7484,1354
7485,1355
7486,1355
7487,1355
7488,1355
7489,1355
7490,1355
7491,1355
7492,1355
7493,1355
7494,1355
7495,1356
7496,1356
7497,1356
7498,1357
7499,1357
7500,1357
7501,1357
7502,1357
7503,1357
7504,1357
7505,1357
7506,1357
7507,1358
7508,1358
7509,1358
7510,1358
7511,1358
7512,1359
7513,1359
7514,1359
7515,1359
7516,1359
7517,1359
7518,1360
7519,1360
7520,1360
7521,1360
7522,1360
7523,1361
7524,1361
7525,1362
7526,1362
7527,1362
7528,1362
7529,1363
7530,1363
7531,1363
7532,1363
7533,1364
7534,1364
7535,1364
7536,1364
7537,1365
7538,1365
7539,1365
7540,1365
7541,1365
7542,1365
7543,1365
7544,1365
7545,1365
7546,1366
7547,1366
7548,1366
7549,1366
7550,1366
7551,1366
7552,1366
7553,1366
7554,1367
7555,1367
7556,1368
7557,1368
7558,1368
7559,1368
7560,1369
7561,1369
7562,1369
7563,1369
7564,1369
7565,1369
7566,1369
7567,1369
7568,1369
7569,1370
7570,1370
7571,1370
7572,1371
7573,1371
7574,1371
7575,1371
7576,1371
7577,1371
7578,1371
7579,1372
7580,1372
7581,1373
7582,1373
7583,1373
7584,1373
7585,1373
7586,1374
7587,1374
7588,1374
7589,1374
7590,1374
7591,1374
7592,1375
7593,1375
7594,1375
7595,1375
7596,1375
7597,1375
7598,1375
7599,1375
7600,1376
7601,1376
7602,1376
7603,1376
7604,1376
7605,1376
7606,1376
7607,1377
7608,1377
7609,1377
7610,1377
7611,1377
7612,1377
7613,1377
7614,1378
7615,1378
7616,1378
7617,1378
7618,1378
7619,1378
7620,1378
7621,1378
7622,1378
7623,1379
7624,1379
7625,1379
7626,1379
7627,1379
7628,1379
7629,1379
7630,1380
7631,1380
7632,1380
7633,1380
7634,1380
7635,1380
7636,1381
7637,1382
7638,1382
7639,1382
7640,1382
7641,1382
7642,1382
7643,1382
7644,1382
7645,1382
7646,1383
7647,1384
7648,1384
7649,1384
7650,1384
7651,1384
7652,1385
7653,1386
7654,1386
7655,1386
7656,1386
7657,1386
7658,1386
7659,1387
7660,1387
7661,1387
7662,1387
7663,1387
7664,1387
7665,1388
7666,1388
7667,1388
7668,1388
7669,1388
7670,1388
7671,1388
7672,1389
7673,1389
7674,1389
7675,1389
7676,1389
7677,1389
7678,1389
7679,1390
7680,1390
7681,1390
7682,1390
7683,1390
7684,1390
7685,1390
7686,1391
7687,1391
7688,1391
7689,1392
7690,1392
7691,1392
7692,1393
7693,1393
7694,1393
7695,1393
7696,1394
7697,1394
7698,1394
7699,1394
7700,1394
7701,1394
7702,1395
7703,1395
7704,1395
7705,1395
7706,1396
7707,1397
7708,1397
7709,1397
7710,1397
7711,1397
7712,1398
7713,1398
7714,1398
7715,1398
7716,1398
7717,1398
7718,1398
7719,1398
7720,1399
7721,1399
7722,1399
7723,1399
7724,1399
7725,1399
7726,1399
7727,1399
7728,1399
7729,1400
7730,1400
7731,1400
7732,1401
7733,1401
7734,1402
7735,1403
7736,1403
7737,1403
7738,1404
7739,1404
7740,1404
7741,1404
7742,1404
7743,1404
7744,1404
7745,1404
7746,1404
7747,1404
7748,1405
7749,1405
7750,1406
7751,1406
7752,1406
7753,1406
7754,1406
7755,1406
7756,1406
7757,1406
7758,1406
7759,1407
7760,1407
7761,1407
7762,1408
7763,1408
7764,1408
7765,1408
7766,1408
7767,1408
7768,1408
7769,1408
7770,1409
7771,1409
7772,1409
7773,1409
7774,1409
7775,1410
7776,1410
7777,1410
7778,1410
7779,1410
7780,1410
7781,1410
7782,1411
7783,1411
7784,1411
7785,1411
7786,1411
7787,1411
7788,1411
7789,1411
7790,1411
7791,1411
7792,1412
7793,1413
7794,1413
7795,1413
7796,1414
7797,1414
7798,1414
7799,1414
7800,1415
7801,1415
7802,1415
7803,1416
7804,1416
7805,1416
7806,1416
7807,1416
7808,1417
7809,1417
7810,1417
7811,1417
7812,1417
7813,1417
7814,1417
7815,1417
7816,1417
7817,1418
7818,1418
7819,1418
7820,1418
7821,1418
7822,1418
7823,1418
7824,1418
7825,1419
7826,1419
7827,1419
7828,1419
7829,1419
7830,1419
7831,1419
7832,1419
7833,1420
7834,1420
7835,1420
7836,1420
7837,1420
7838,1420
7839,1420
7840,1421
7841,1421
7842,1421
7843,1421
7844,1421
7845,1421
7846,1422
7847,1422
7848,1422
7849,1422
7850,1422
7851,1422
7852,1423
7853,1423
7854,1423
7855,1423
7856,1423
7857,1423
7858,1423
7859,1424
7860,1425
7861,1425
7862,1425
7863,1426
7864,1427
7865,1427
7866,1427
7867,1427
7868,1427
7869,1428
7870,1428
7871,1428
7872,1428
7873,1428
7874,1428
7875,1428
7876,1428
7877,1428
7878,1428
7879,1429
7880,1429
7881,1429
7882,1429
7883,1429
7884,1429
7885,1430
7886,1430
7887,1430
7888,1430
7889,1430
7890,1430
7891,1430
7892,1430
7893,1430
7894,1430
7895,1431
7896,1431
7897,1431
7898,1431
7899,1432
7900,1432
7901,1432
7902,1432
7903,1432
7904,1432
7905,1432
7906,1433
7907,1433
7908,1434
7909,1434
7910,1434
7911,1435
7912,1435
7913,1435
7914,1435
7915,1435
7916,1435
7917,1435
7918,1435
7919,1435
7920,1435
7921,1436
7922,1437
7923,1437
7924,1437
7925,1437
7926,1437
7927,1437
7928,1437
7929,1437
7930,1437
7931,1437
7932,1438
7933,1438
7934,1438
7935,1438
7936,1438
7937,1439
7938,1439
7939,1439
7940,1439
7941,1439
7942,1439
7943,1439
7944,1439
7945,1440
7946,1440
7947,1441
7948,1441
7949,1441
7950,1441
7951,1441
7952,1441
7953,1441
7954,1441
7955,1441
7956,1442
7957,1442
7958,1442
7959,1442
7960,1442
7961,1442
7962,1442
7963,1442
7964,1443
7965,1443
7966,1443
7967,1443
7968,1443
7969,1443
7970,1443
7971,1443
7972,1443
7973,1444
7974,1444
7975,1445
7976,1445
7977,1445
7978,1445
7979,1445
7980,1445
7981,1446
7982,1446
7983,1446
7984,1447
7985,1448
7986,1448
7987,1448
7988,1449
7989,1449
7990,1449
7991,1449
7992,1449
7993,1450
7994,1450
7995,1450
7996,1450
7997,1450
7998,1450
7999,1450
8000,1450
8001,1450
8002,1450
8003,1451
8004,1451
8005,1451
8006,1451
8007,1451
8008,1451
8009,1451
8010,1451
8011,1451
8012,1451
8013,1452
8014,1452
8015,1452
8016,1452
8017,1452
8018,1452
8019,1452
8020,1452
8021,1452
8022,1452
8023,1453
8024,1453
8025,1453
8026,1453
8027,1453
8028,1453
8029,1454
8030,1454
8031,1454
8032,1454
8033,1454
8034,1454
8035,1454
8036,1455
8037,1455
8038,1455
8039,1455
8040,1455
8041,1455
8042,1455
8043,1456
8044,1456
8045,1456
8046,1456
8047,1456
8048,1457
8049,1457
8050,1457
8051,1457
8052,1457
8053,1457
8054,1457
8055,1458
8056,1458
8057,1458
8058,1458
8059,1459
8060,1459
8061,1459
8062,1459
8063,1460
8064,1460
8065,1460
8066,1460
8067,1461
8068,1462
8069,1462
8070,1462
8071,1462
8072,1462
8073,1462
8074,1463
8075,1463
8076,1463
8077,1463
8078,1463
8079,1463
8080,1463
8081,1463
8082,1464
8083,1464
8084,1464
8085,1465
8086,1465
8087,1465
8088,1465
8089,1465
8090,1465
8091,1465
8092,1465
8093,1466
8094,1466
8095,1467
8096,1467
8097,1467
8098,1467
8099,1468
8100,1468
8101,1468
8102,1468
8103,1468
8104,1468
8105,1468
8106,1469
8107,1469
8108,1469
8109,1469
8110,1469
8111,1469
8112,1469
8113,1470
8114,1471
8115,1471
8116,1471
8117,1471
8118,1471
8119,1471
8120,1471
8121,1471
8122,1471
8123,1472
8124,1472
8125,1472
8126,1473
8127,1473
8128,1473
8129,1473
8130,1473
8131,1473
8132,1473
8133,1474
8134,1474
8135,1474
8136,1474
8137,1474
8138,1474
8139,1474
8140,1474
8141,1474
8142,1474
8143,1475
8144,1475
8145,1475
8146,1475
8147,1475
8148,1475
8149,1475
8150,1475
8151,1475
8152,1475
8153,1476
8154,1476
8155,1476
8156,1476
8157,1476
8158,1477
8159,1478
8160,1478
8161,1478
8162,1478
8163,1479
8164,1479
8165,1479
8166,1479
8167,1480
8168,1480
8169,1480
8170,1480
8171,1480
8172,1480
8173,1480
8174,1480
8175,1480
8176,1480
8177,1481
8178,1481
8179,1481
8180,1481
8181,1482
8182,1482
8183,1482
8184,1482
8185,1482
8186,1482
8187,1482
8188,1483
8189,1483
8190,1483
8191,1483
8192,1483
8193,1483
8194,1483
8195,1483
8196,1483
8197,1484
8198,1484
8199,1484
8200,1484
8201,1484
8202,1484
8203,1484
8204,1484
8205,1484
8206,1485
8207,1485
8208,1485
8209,1485
8210,1486
8211,1486
8212,1486
8213,1486
8214,1486
8215,1486
8216,1486
8217,1487
8218,1487
8219,1488
8220,1488
8221,1488
8222,1488
8223,1488
8224,1488
8225,1488
8226,1488
8227,1489
8228,1489
8229,1489
8230,1489
8231,1489
8232,1490
8233,1490
8234,1490
8235,1490
8236,1490
8237,1490
8238,1490
8239,1490
8240,1490
8241,1491
8242,1491
8243,1491
8244,1491
8245,1491
8246,1491
8247,1491
8248,1491
8249,1491
8250,1491
8251,1492
8252,1492
8253,1492
8254,1492
8255,1492
8256,1492
8257,1492
8258,1492
8259,1492
8260,1493
8261,1493
8262,1493
8263,1493
8264,1493
8265,1494
8266,1494
8267,1494
8268,1494
8269,1494
8270,1494
8271,1494
8272,1494
8273,1494
8274,1495
8275,1495
8276,1496
8277,1496
8278,1496
8279,1497
8280,1497
8281,1497
8282,1497
8283,1497
8284,1497
8285,1497
8286,1497
8287,1498
8288,1499
8289,1499
8290,1499
8291,1499
8292,1500
8293,1500
8294,1501
8295,1501
8296,1501
8297,1501
8298,1501
8299,1501
8300,1502
8301,1502
8302,1502
8303,1502
8304,1502
8305,1502
8306,1503
8307,1503
8308,1503
8309,1503
8310,1503
8311,1503
8312,1503
8313,1503
8314,1504
8315,1504
8316,1504
8317,1505
8318,1505
8319,1505
8320,1505
8321,1505
8322,1505
8323,1505
8324,1505
8325,1505
8326,1505
8327,1506
8328,1506
8329,1506
8330,1506
8331,1506
8332,1507
8333,1507
8334,1508
8335,1508
8336,1508
8337,1509
8338,1510
8339,1510
8340,1510
8341,1510
8342,1510
8343,1510
8344,1510
8345,1510
8346,1511
8347,1511
8348,1511
8349,1511
8350,1512
8351,1512
8352,1512
8353,1512
8354,1512
8355,1512
8356,1512
8357,1512
8358,1512
8359,1513
8360,1513
8361,1513
8362,1513
8363,1513
8364,1513
8365,1513
8366,1513
8367,1513
8368,1514
8369,1514
8370,1514
8371,1515
8372,1515
8373,1515
8374,1515
8375,1515
8376,1515
8377,1516
8378,1516
8379,1516
8380,1516
8381,1517
8382,1517
8383,1517
8384,1518
8385,1518
8386,1518
8387,1519
8388,1519
8389,1520
8390,1520
8391,1520
8392,1520
8393,1520
8394,1520
8395,1520
8396,1520
8397,1520
8398,1520
8399,1521
8400,1521
8401,1521
8402,1522
8403,1522
8404,1522
8405,1522
8406,1523
8407,1523
8408,1523
8409,1523
8410,1523
8411,1523
8412,1524
8413,1524
8414,1524
8415,1524
8416,1524
8417,1524
8418,1524
8419,1525
8420,1525
8421,1525
8422,1525
8423,1525
8424,1525
8425,1525
8426,1525
8427,1526
8428,1526
8429,1526
8430,1527
8431,1527
8432,1528
8433,1528
8434,1528
8435,1529
8436,1529
8437,1529
8438,1529
8439,1529
8440,1529
8441,1529
8442,1529
8443,1530
8444,1530
8445,1530
8446,1530
8447,1530
8448,1530
8449,1530
8450,1530
8451,1531
8452,1531
8453,1531
8454,1531
8455,1531
8456,1531
8457,1531
8458,1531
8459,1532
8460,1532
8461,1533
8462,1533
8463,1534
8464,1534
8465,1534
8466,1534
8467,1534
8468,1534
8469,1534
8470,1534
8471,1535
8472,1535
8473,1535
8474,1535
8475,1535
8476,1535
8477,1535
8478,1535
8479,1535
8480,1535
8481,1536
8482,1536
8483,1536
8484,1536
8485,1536
8486,1537
8487,1537
8488,1538
8489,1538
8490,1538
8491,1538
8492,1538
8493,1538
8494,1538
8495,1538
8496,1539
8497,1539
8498,1539
8499,1539
8500,1539
8501,1539
8502,1539
8503,1539
8504,1539
8505,1540
8506,1540
8507,1540
8508,1540
8509,1540
8510,1541
8511,1541
8512,1541
8513,1541
8514,1542
8515,1542
8516,1542
8517,1542
8518,1542
8519,1542
8520,1543
8521,1543
8522,1544
8523,1544
8524,1544
8525,1544
8526,1544
8527,1544
8528,1544
8529,1544
8530,1544
8531,1545
8532,1545
8533,1545
8534,1545
8535,1545
8536,1545
8537,1545
8538,1546
8539,1546
8540,1546
8541,1546
8542,1546
8543,1546
8544,1546
8545,1546
8546,1547
8547,1547
8548,1548
8549,1548
8550,1548
8551,1548
8552,1549
8553,1549
8554,1549
8555,1549
8556,1549
8557,1549
8558,1549
8559,1550
8560,1550
8561,1550
8562,1550
8563,1550
8564,1550
8565,1550
8566,1550
8567,1550
8568,1551
8569,1552
8570,1552
8571,1552
8572,1552
8573,1552
8574,1552
8575,1552
8576,1552
8577,1552
8578,1553
8579,1553
8580,1554
8581,1554
8582,1554
8583,1554
8584,1554
8585,1554
8586,1555
8587,1555
8588,1555
8589,1555
8590,1555
8591,1555
8592,1555
8593,1555
8594,1555
8595,1556
8596,1557
8597,1557
8598,1557
8599,1557
8600,1557
8601,1557
8602,1557
8603,1557
8604,1557
8605,1558
8606,1558
8607,1558
8608,1558
8609,1558
8610,1559
8611,1559
8612,1559
8613,1560
8614,1560
8615,1560
8616,1560
8617,1560
8618,1560
8619,1560
8620,1560
8621,1560
8622,1560
8623,1561
8624,1561
8625,1561
8626,1561
8627,1561
8628,1562
8629,1562
8630,1563
8631,1563
8632,1564
8633,1565
8634,1565
8635,1565
8636,1566
8637,1566
8638,1566
8639,1566
8640,1566
8641,1566
8642,1566
8643,1566
8644,1566
8645,1566
8646,1567
8647,1567
8648,1567
8649,1567
8650,1568
8651,1568
8652,1569
8653,1569
8654,1569
8655,1569
8656,1569
8657,1569
8658,1569
8659,1569
8660,1569
8661,1570
8662,1571
8663,1571
8664,1572
8665,1572
8666,1572
8667,1572
8668,1572
8669,1572
8670,1572
8671,1572
8672,1572
8673,1572
8674,1573
8675,1573
8676,1573
8677,1573
8678,1573
8679,1573
8680,1573
8681,1573
8682,1574
8683,1575
8684,1575
8685,1575
8686,1575
8687,1575
8688,1575
8689,1575
8690,1576
8691,1577
8692,1577
8693,1577
8694,1577
8695,1577
8696,1578
8697,1579
8698,1579
8699,1579
8700,1579
8701,1579
8702,1579
8703,1579
8704,1579
8705,1580
8706,1580
8707,1580
8708,1580
8709,1580
8710,1580
8711,1580
8712,1580
8713,1580
8714,1580
8715,1581
8716,1581
8717,1581
8718,1581
8719,1581
8720,1581
8721,1582
8722,1582
8723,1582
8724,1582
8725,1582
8726,1583
8727,1583
8728,1583
8729,1583
8730,1583
8731,1583
8732,1583
8733,1584
8734,1584
8735,1584
8736,1584
8737,1584
8738,1584
8739,1584
8740,1584
8741,1585
8742,1585
8743,1585
8744,1585
8745,1586
8746,1586
8747,1586
8748,1586
8749,1586
8750,1587
8751,1587
8752,1587
8753,1587
8754,1587
8755,1587
8756,1588
8757,1588
8758,1588
8759,1588
8760,1588
8761,1589
8762,1589
8763,1590
8764,1590
8765,1590
8766,1590
8767,1590
8768,1590
8769,1590
8770,1590
8771,1591
8772,1591
8773,1591
8774,1591
8775,1591
8776,1591
8777,1591
8778,1591
8779,1591
8780,1591
8781,1592
8782,1592
8783,1592
8784,1592
8785,1592
8786,1592
8787,1593
8788,1593
8789,1593
8790,1593
8791,1593
8792,1593
8793,1594
8794,1594
8795,1594
8796,1594
8797,1595
8798,1595
8799,1595
8800,1596
8801,1596
8802,1596
8803,1596
8804,1597
8805,1597
8806,1597
8807,1597
8808,1598
8809,1599
8810,1599
8811,1599
8812,1599
8813,1600
8814,1600
8815,1600
8816,1601
8817,1601
8818,1601
8819,1601
8820,1601
8821,1601
8822,1601
8823,1601
8824,1601
8825,1602
8826,1602
8827,1603
8828,1603
8829,1603
8830,1603
8831,1603
8832,1603
8833,1603
8834,1603
8835,1603
8836,1603
8837,1604
8838,1604
8839,1604
8840,1604
8841,1604
8842,1604
8843,1604
8844,1605
8845,1605
8846,1605
8847,1605
8848,1605
8849,1605
8850,1605
8851,1606
8852,1606
8853,1606
8854,1606
8855,1607
8856,1607
8857,1607
8858,1607
8859,1607
8860,1607
8861,1607
8862,1607
8863,1607
8864,1608
8865,1608
8866,1608
8867,1608
8868,1608
8869,1608
8870,1608
8871,1608
8872,1608
8873,1609
8874,1609
8875,1609
8876,1610
8877,1611
8878,1611
8879,1611
8880,1611
8881,1611
8882,1611
8883,1611
8884,1611
8885,1611
8886,1611
8887,1612
8888,1612
8889,1612
8890,1612
8891,1612
8892,1612
8893,1612
8894,1612
8895,1612
8896,1613
8897,1613
8898,1613
8899,1613
8900,1613
8901,1613
8902,1613
8903,1613
8904,1614
8905,1614
8906,1614
8907,1614
8908,1614
8909,1614
8910,1614
8911,1615
8912,1615
8913,1615
8914,1615
8915,1615
8916,1616
8917,1616
8918,1616
8919,1617
8920,1617
8921,1617
8922,1618
8923,1618
8924,1618
8925,1618
8926,1618
8927,1618
8928,1618
8929,1618
8930,1618
8931,1618
8932,1619
8933,1619
8934,1619
8935,1619
8936,1620
8937,1620
8938,1620
8939,1621
8940,1622
8941,1622
8942,1622
8943,1622
8944,1622
8945,1622
8946,1622
8947,1622
8948,1622
8949,1622
8950,1623
8951,1623
8952,1623
8953,1623
8954,1623
8955,1624
8956,1624
8957,1624
8958,1625
8959,1625
8960,1625
8961,1625
8962,1625
8963,1625
8964,1625
8965,1625
8966,1625
8967,1625
8968,1626
8969,1626
8970,1626
8971,1626
8972,1626
8973,1626
8974,1626
8975,1626
8976,1626
8977,1627
8978,1628
8979,1628
8980,1629
8981,1629
8982,1629
8983,1630
8984,1630
8985,1631
8986,1631
8987,1632
8988,1632
8989,1632
8990,1632
8991,1632
8992,1633
8993,1633
8994,1633
8995,1633
8996,1633
8997,1633
8998,1634
8999,1634
9000,1634
9001,1634
9002,1635
9003,1635
9004,1635
9005,1635
9006,1635
9007,1636
9008,1636
9009,1636
9010,1637
9011,1637
9012,1638
9013,1638
9014,1638
9015,1639
9016,1639
9017,1639
9018,1639
9019,1639
9020,1639
9021,1639
9022,1639
9023,1640
9024,1640
9025,1640
9026,1640
9027,1640
9028,1640
9029,1641
9030,1641
9031,1641
9032,1641
9033,1641
9034,1641
9035,1641
9036,1641
9037,1641
9038,1642
9039,1642
9040,1642
9041,1643
9042,1643
9043,1643
9044,1643
9045,1643
9046,1643
9047,1643
9048,1644
9049,1644
9050,1644
9051,1644
9052,1645
9053,1645
9054,1645
9055,1645
9056,1645
9057,1645
9058,1645
9059,1645
9060,1645
9061,1645
9062,1646
9063,1646
9064,1646
9065,1646
9066,1646
9067,1646
9068,1646
9069,1646
9070,1647
9071,1647
9072,1647
9073,1647
9074,1647
9075,1647
9076,1648
9077,1648
9078,1648
9079,1648
9080,1648
9081,1648
9082,1648
9083,1649
9084,1649
9085,1649
9086,1649
9087,1649
9088,1650
9089,1650
9090,1650
9091,1650
9092,1650
9093,1650
9094,1650
9095,1651
9096,1651
9097,1652
9098,1652
9099,1652
9100,1653
9101,1653
9102,1653
9103,1654
9104,1654
9105,1655
9106,1655
9107,1656
9108,1656
9109,1656
9110,1656
9111,1656
9112,1656
9113,1657
9114,1657
9115,1657
9116,1657
9117,1657
9118,1657
9119,1657
9120,1658
9121,1658
9122,1658
9123,1658
9124,1658
9125,1658
9126,1658
9127,1659
9128,1659
9129,1659
9130,1660
9131,1661
9132,1661
9133,1661
9134,1661
9135,1661
9136,1662
9137,1662
9138,1662
9139,1662
9140,1662
9141,1662
9142,1663
9143,1663
9144,1663
9145,1663
9146,1663
9147,1663
9148,1663
9149,1663
9150,1664
9151,1664
9152,1664
9153,1664
9154,1664
9155,1664
9156,1664
9157,1664
9158,1665
9159,1665
9160,1665
9161,1666
9162,1666
9163,1666
9164,1666
9165,1666
9166,1667
9167,1667
9168,1667
9169,1667
9170,1667
9171,1667
9172,1667
9173,1667
9174,1667
9175,1668
9176,1668
9177,1668
9178,1668
9179,1668
9180,1668
9181,1669
9182,1669
9183,1670
9184,1670
9185,1670
9186,1670
9187,1670
9188,1670
9189,1671
9190,1671
9191,1671
9192,1671
9193,1672
9194,1672
9195,1673
9196,1673
9197,1673
9198,1673
9199,1673
9200,1673
9201,1673
9202,1673
9203,1673
9204,1673
9205,1674
9206,1674
9207,1674
9208,1675
9209,1676
9210,1676
9211,1676
9212,1676
9213,1676
9214,1676
9215,1676
9216,1676
9217,1677
9218,1677
9219,1677
9220,1677
9221,1677
9222,1677
9223,1677
9224,1677
9225,1678
9226,1678
9227,1678
9228,1678
9229,1678
9230,1678
9231,1679
9232,1679
9233,1679
9234,1680
9235,1680
9236,1680
9237,1680
9238,1681
9239,1681
9240,1681
9241,1681
9242,1681
9243,1681
9244,1681
9245,1682
9246,1683
9247,1684
9248,1684
9249,1684
9250,1684
9251,1684
9252,1684
9253,1684
9254,1684
9255,1685
9256,1685
9257,1685
9258,1685
9259,1685
9260,1685
9261,1685
9262,1686
9263,1686
9264,1686
9265,1686
9266,1686
9267,1686
9268,1686
9269,1686
9270,1687
9271,1687
9272,1687
9273,1687
9274,1688
9275,1689
9276,1689
9277,1690
9278,1690
9279,1690
9280,1690
9281,1690
9282,1690
9283,1691
9284,1691
9285,1691
9286,1691
9287,1691
9288,1691
9289,1691
9290,1691
9291,1691
9292,1692
9293,1692
9294,1692
9295,1692
9296,1692
9297,1692
9298,1692
9299,1692
9300,1692
9301,1692
9302,1693
9303,1693
9304,1693
9305,1693
9306,1693
9307,1693
9308,1694
9309,1694
9310,1694
9311,1694
9312,1694
9313,1694
9314,1694
9315,1694
9316,1694
9317,1695
9318,1695
9319,1695
9320,1695
9321,1695
9322,1695
9323,1695
9324,1696
9325,1696
9326,1696
9327,1696
9328,1696
9329,1696
9330,1696
9331,1696
9332,1696
9333,1696
9334,1697
9335,1697
9336,1697
9337,1697
9338,1697
9339,1698
9340,1698
9341,1698
9342,1698
9343,1698
9344,1699
9345,1699
9346,1699
9347,1699
9348,1699
9349,1700
9350,1700
9351,1700
9352,1700
9353,1700
9354,1700
9355,1701
9356,1701
9357,1701
9358,1701
9359,1702
9360,1702
9361,1702
9362,1702
9363,1702
9364,1702
9365,1703
9366,1703
9367,1703
9368,1703
9369,1703
9370,1703
9371,1703
9372,1704
9373,1704
9374,1704
9375,1704
9376,1704
9377,1704
9378,1704
9379,1704
9380,1704
9381,1704
9382,1705
9383,1705
9384,1705
9385,1705
9386,1705
9387,1705
9388,1705
9389,1705
9390,1705
9391,1706
9392,1707
9393,1707
9394,1707
9395,1707
9396,1707
9397,1707
9398,1707
9399,1707
9400,1708
9401,1708
9402,1708
9403,1708
9404,1708
9405,1709
9406,1709
9407,1709
9408,1709
9409,1709
9410,1710
9411,1710
9412,1711
9413,1711
9414,1711
9415,1711
9416,1711
9417,1712
9418,1712
9419,1712
9420,1712
9421,1712
9422,1712
9423,1712
9424,1713
9425,1713
9426,1713
9427,1713
9428,1713
9429,1713
9430,1713
9431,1714
9432,1714
9433,1714
9434,1714
9435,1714
9436,1714
9437,1714
9438,1714
9439,1715
9440,1716
9441,1716
9442,1716
9443,1716
9444,1716
9445,1716
9446,1716
9447,1716
9448,1717
9449,1718
9450,1718
9451,1718
9452,1718
9453,1718
9454,1719
9455,1719
9456,1719
9457,1719
9458,1720
9459,1720
9460,1720
9461,1720
9462,1720
9463,1720
9464,1721
9465,1721
9466,1721
9467,1721
9468,1721
9469,1721
9470,1721
9471,1721
9472,1722
9473,1722
9474,1722
9475,1722
9476,1722
9477,1722
9478,1723
9479,1723
9480,1723
9481,1723
9482,1723
9483,1723
9484,1723
9485,1724
9486,1724
9487,1725
9488,1725
9489,1725
9490,1725
9491,1725
9492,1726
9493,1726
9494,1726
9495,1726
9496,1726
9497,1726
9498,1727
9499,1727
9500,1727
9501,1727
9502,1727
9503,1727
9504,1727
9505,1727
9506,1728
9507,1728
9508,1728
9509,1728
9510,1728
9511,1728
9512,1728
9513,1728
9514,1729
9515,1729
9516,1729
9517,1729
9518,1729
9519,1729
9520,1730
9521,1730
9522,1730
9523,1730
9524,1730
9525,1730
9526,1730
9527,1730
9528,1730
9529,1730
9530,1731
9531,1731
9532,1731
9533,1731
9534,1731
9535,1731
9536,1731
9537,1731
9538,1731
9539,1732
9540,1733
9541,1734
9542,1734
9543,1734
9544,1734
9545,1734
9546,1734
9547,1734
9548,1734
9549,1734
9550,1735
9551,1735
9552,1735
9553,1736
9554,1736
9555,1736
9556,1736
9557,1736
9558,1736
9559,1736
9560,1736
9561,1737
9562,1737
9563,1737
9564,1737
9565,1738
9566,1738
9567,1738
9568,1738
9569,1738
9570,1738
9571,1738
9572,1738
9573,1739
9574,1739
9575,1739
9576,1739
9577,1739
9578,1739
9579,1740
9580,1740
9581,1740
9582,1740
9583,1740
9584,1740
9585,1740
9586,1740
9587,1741
9588,1742
9589,1742
9590,1742
9591,1742
9592,1742
9593,1742
9594,1743
9595,1743
9596,1743
9597,1743
9598,1743
9599,1743
9600,1744
9601,1745
9602,1745
9603,1746
9604,1746
9605,1746
9606,1746
9607,1746
9608,1746
9609,1746
9610,1746
9611,1747
9612,1748
9613,1748
9614,1748
9615,1748
9616,1748
9617,1748
9618,1748
9619,1748
9620,1748
9621,1748
9622,1749
9623,1749
9624,1749
9625,1749
9626,1749
9627,1750
9628,1750
9629,1750
9630,1750
9631,1750
9632,1750
9633,1750
9634,1750
9635,1750
9636,1750
9637,1751
9638,1751
9639,1751
9640,1751
9641,1751
9642,1751
9643,1751
9644,1751
9645,1751
9646,1752
9647,1752
9648,1752
9649,1752
9650,1752
9651,1753
9652,1753
9653,1754
9654,1754
9655,1754
9656,1755
9657,1755
9658,1755
9659,1755
9660,1755
9661,1755
9662,1755
9663,1756
9664,1756
9665,1756
9666,1757
9667,1757
9668,1757
9669,1758
9670,1758
9671,1758
9672,1758
9673,1758
9674,1759
9675,1759
9676,1759
9677,1760
9678,1761
9679,1762
9680,1762
9681,1763
9682,1763
9683,1763
9684,1764
9685,1764
9686,1764
9687,1764
9688,1764
9689,1764
9690,1764
9691,1764
9692,1764
9693,1764
9694,1765
9695,1765
9696,1765
9697,1765
9698,1765
9699,1765
9700,1765
9701,1765
9702,1766
9703,1766
9704,1766
9705,1766
9706,1766
9707,1766
9708,1766
9709,1767
9710,1768
9711,1768
9712,1768
9713,1768
9714,1768
9715,1768
9716,1768
9717,1768
9718,1768
9719,1768
9720,1769
9721,1769
9722,1769
9723,1769
9724,1769
9725,1769
9726,1769
9727,1769
9728,1770
9729,1770
9730,1770
9731,1770
9732,1770
9733,1770
9734,1770
9735,1770
9736,1770
9737,1770
9738,1771
9739,1771
9740,1771
9741,1771
9742,1771
9743,1771
9744,1772
9745,1772
9746,1772
9747,1772
9748,1772
9749,1773
9750,1773
9751,1773
9752,1773
9753,1773
9754,1773
9755,1773
9756,1773
9757,1774
9758,1774
9759,1774
9760,1775
9761,1775
9762,1775
9763,1775
9764,1775
9765,1775
9766,1775
9767,1775
9768,1775
9769,1775
9770,1776
9771,1776
9772,1776
9773,1776
9774,1776
9775,1777
9776,1778
9777,1778
9778,1778
9779,1778
9780,1778
9781,1778
9782,1779
9783,1779
9784,1779
9785,1779
9786,1779
9787,1779
9788,1779
9789,1779
9790,1779
9791,1779
9792,1780
9793,1780
9794,1781
9795,1781
9796,1781
9797,1782
9798,1782
9799,1782
9800,1782
9801,1782
9802,1782
9803,1782
9804,1783
9805,1783
9806,1783
9807,1784
9808,1784
9809,1784
9810,1784
9811,1784
9812,1785
9813,1786
9814,1786
9815,1786
9816,1786
9817,1786
9818,1786
9819,1786
9820,1786
9821,1786
9822,1787
9823,1787
9824,1787
9825,1787
9826,1787
9827,1787
9828,1787
9829,1787
9830,1787
9831,1787
9832,1788
9833,1788
9834,1789
9835,1789
9836,1789
9837,1789
9838,1790
9839,1790
9840,1790
9841,1790
9842,1790
9843,1790
9844,1790
9845,1790
9846,1790
9847,1791
9848,1791
9849,1791
9850,1791
9851,1791
9852,1791
9853,1791
9854,1792
9855,1792
9856,1793
9857,1793
9858,1793
9859,1793
9860,1794
9861,1794
9862,1794
9863,1794
9864,1794
9865,1795
9866,1795
9867,1795
9868,1795
9869,1795
9870,1796
9871,1796
9872,1797
9873,1797
9874,1797
9875,1797
9876,1797
9877,1797
9878,1797
9879,1797
9880,1797
9881,1798
9882,1798
9883,1798
9884,1798
9885,1798
9886,1798
9887,1799
9888,1799
9889,1799
9890,1800
9891,1800
9892,1800
9893,1800
9894,1800
9895,1800
9896,1800
9897,1800
9898,1800
9899,1801
9900,1801
9901,1801
9902,1801
9903,1801
9904,1801
9905,1801
9906,1801
9907,1801
9908,1802
9909,1803
9910,1803
9911,1803
9912,1803
9913,1803
9914,1803
9915,1803
9916,1803
9917,1803
9918,1803
9919,1804
9920,1804
9921,1804
9922,1804
9923,1804
9924,1805
9925,1805
9926,1805
9927,1805
9928,1805
9929,1805
9930,1805
9931,1805
9932,1806
9933,1806
9934,1806
9935,1806
9936,1806
9937,1806
9938,1806
9939,1806
9940,1807
9941,1807
9942,1807
9943,1807
9944,1807
9945,1807
9946,1807
9947,1808
9948,1808
9949,1808
9950,1808
9951,1808
9952,1808
9953,1809
9954,1809
9955,1809
9956,1810
9957,1811
9958,1811
9959,1811
9960,1811
9961,1811
9962,1811
9963,1811
9964,1812
9965,1812
9966,1812
9967,1812
9968,1812
9969,1813
9970,1813
9971,1813
9972,1813
9973,1813
9974,1813
9975,1813
9976,1813
9977,1813
9978,1813
9979,1814
9980,1814
9981,1814
9982,1814
9983,1814
9984,1814
9985,1814
9986,1814
9987,1815
9988,1815
9989,1815
9990,1815
9991,1815
9992,1815
9993,1815
9994,1815
9995,1815
9996,1815
9997,1816
9998,1816
9999,1816
10000,1816
10001,1817
10002,1817
10003,1817
10004,1817
10005,1817
10006,1817
10007,1818
10008,1818
10009,1818
10010,1819
10011,1819
10012,1819
10013,1819
10014,1819
10015,1819
10016,1819
10017,1819
10018,1819
10019,1820
10020,1820
10021,1820
10022,1820
10023,1820
10024,1820
10025,1820
10026,1820
10027,1821
10028,1821
10029,1821
10030,1821
10031,1822
10032,1822
10033,1823
10034,1823
10035,1823
10036,1823
10037,1823
10038,1823
10039,1824
10040,1824
10041,1824
10042,1824
10043,1824
10044,1824
10045,1825
10046,1825
10047,1825
10048,1825
10049,1825
10050,1825
10051,1825
10052,1825
10053,1825
10054,1825
10055,1826
10056,1826
10057,1826
10058,1826
10059,1826
10060,1826
10061,1826
10062,1826
10063,1827
10064,1827
10065,1827
10066,1827
10067,1827
10068,1827
10069,1827
10070,1827
10071,1827
10072,1827
10073,1828
10074,1828
10075,1828
10076,1828
10077,1828
10078,1828
10079,1828
10080,1828
10081,1829
10082,1829
10083,1829
10084,1829
10085,1829
10086,1829
10087,1829
10088,1829
10089,1830
10090,1830
10091,1830
10092,1830
10093,1830
10094,1830
10095,1830
10096,1830
10097,1830
10098,1830
10099,1831
10100,1831
10101,1831
10102,1831
10103,1831
10104,1831
10105,1831
10106,1832
10107,1832
10108,1832
10109,1832
10110,1833
10111,1833
10112,1833
10113,1833
10114,1833
10115,1833
10116,1833
10117,1833
10118,1833
10119,1834
10120,1834
10121,1834
10122,1834
10123,1834
10124,1834
10125,1834
10126,1834
10127,1834
10128,1835
10129,1835
10130,1835
10131,1835
10132,1835
10133,1835
10134,1836
10135,1836
10136,1837
10137,1837
10138,1837
10139,1837
10140,1837
10141,1837
10142,1837
10143,1838
10144,1838
10145,1838
10146,1838
10147,1838
10148,1838
10149,1838
10150,1838
10151,1839
10152,1839
10153,1839
10154,1839
10155,1839
10156,1839
10157,1839
10158,1839
10159,1840
10160,1840
10161,1840
10162,1841
10163,1841
10164,1841
10165,1842
10166,1842
10167,1842
10168,1843
10169,1843
10170,1843
10171,1844
10172,1844
10173,1844
10174,1844
10175,1844
10176,1845
10177,1845
10178,1845
10179,1845
10180,1845
10181,1845
10182,1845
10183,1845
10184,1845
10185,1846
10186,1846
10187,1846
10188,1846
10189,1846
10190,1846
10191,1846
10192,1846
10193,1847
10194,1848
10195,1848
10196,1848
10197,1848
10198,1848
10199,1848
10200,1848
10201,1848
10202,1848
10203,1848
10204,1849
10205,1849
10206,1849
10207,1849
10208,1849
10209,1849
10210,1849
10211,1849
10212,1849
10213,1850
10214,1850
10215,1851
10216,1851
10217,1851
10218,1851
10219,1852
10220,1852
10221,1852
10222,1852
10223,1853
10224,1854
10225,1854
10226,1854
10227,1854
10228,1854
10229,1854
10230,1854
10231,1854
10232,1854
10233,1855
10234,1855
10235,1855
10236,1856
10237,1857
10238,1858
10239,1858
10240,1858
10241,1858
10242,1859
10243,1859
10244,1859
10245,1859
10246,1859
10247,1859
10248,1859
10249,1859
10250,1860
10251,1860
10252,1860
10253,1860
10254,1861
10255,1862
10256,1862
10257,1862
10258,1863
10259,1863
10260,1864
10261,1864
10262,1864
10263,1864
10264,1864
10265,1864
10266,1864
10267,1864
10268,1865
10269,1865
10270,1865
10271,1866
10272,1866
10273,1866
10274,1866
10275,1866
10276,1866
10277,1866
10278,1866
10279,1866
10280,1866
10281,1867
10282,1867
10283,1867
10284,1867
10285,1867
10286,1867
10287,1867
10288,1868
10289,1868
10290,1869
10291,1869
10292,1869
10293,1870
10294,1870
10295,1870
10296,1870
10297,1870
10298,1870
10299,1870
10300,1870
10301,1870
10302,1871
10303,1871
10304,1871
10305,1871
10306,1871
10307,1871
10308,1872
10309,1872
10310,1873
10311,1873
10312,1873
10313,1873
10314,1873
10315,1873
10316,1873
10317,1873
10318,1873
10319,1874
10320,1874
10321,1874
10322,1875
10323,1875
10324,1875
10325,1875
10326,1876
10327,1876
10328,1876
10329,1876
10330,1876
10331,1877
10332,1877
10333,1877
10334,1877
10335,1877
10336,1877
10337,1877
10338,1877
10339,1877
10340,1877
10341,1878
10342,1878
10343,1878
10344,1878
10345,1878
10346,1878
10347,1878
10348,1878
10349,1878
10350,1879
10351,1879
10352,1880
10353,1880
10354,1880
10355,1880
10356,1880
10357,1880
10358,1880
10359,1880
10360,1881
10361,1881
10362,1882
10363,1882
10364,1882
10365,1882
10366,1882
10367,1882
10368,1882
10369,1883
10370,1883
10371,1883
10372,1884
10373,1884
10374,1884
10375,1884
10376,1884
10377,1884
10378,1884
10379,1885
10380,1885
10381,1885
10382,1885
10383,1885
10384,1885
10385,1885
10386,1885
10387,1886
10388,1886
10389,1886
10390,1887
10391,1887
10392,1887
10393,1887
10394,1887
10395,1887
10396,1887
10397,1887
10398,1887
10399,1887
10400,1888
10401,1888
10402,1888
10403,1888
10404,1888
10405,1888
10406,1888
10407,1889
10408,1889
10409,1890
10410,1890
10411,1890
10412,1890
10413,1890
10414,1890
10415,1890
10416,1890
10417,1890
10418,1890
10419,1891
10420,1891
10421,1891
10422,1891
10423,1891
10424,1891
10425,1892
10426,1893
10427,1893
10428,1893
10429,1893
10430,1893
10431,1893
10432,1893
10433,1893
10434,1894
10435,1894
10436,1894
10437,1894
10438,1894
10439,1895
10440,1895
10441,1895
10442,1895
10443,1895
10444,1896
10445,1896
10446,1896
10447,1896
10448,1896
10449,1897
10450,1897
10451,1897
10452,1897
10453,1897
10454,1897
10455,1898
10456,1898
10457,1898
10458,1898
10459,1898
10460,1898
10461,1898
10462,1898
10463,1899
10464,1899
10465,1900
10466,1900
10467,1900
10468,1900
10469,1900
10470,1901
10471,1901
10472,1901
10473,1901
10474,1901
10475,1901
10476,1901
10477,1901
10478,1901
10479,1901
10480,1902
10481,1902
10482,1902
10483,1902
10484,1902
10485,1902
10486,1902
10487,1902
10488,1903
10489,1903
10490,1904
10491,1905
10492,1905
10493,1905
10494,1905
10495,1905
10496,1905
10497,1905
10498,1906
10499,1906
10500,1906
10501,1906
10502,1907
10503,1907
10504,1907
10505,1907
10506,1907
10507,1907
10508,1907
10509,1907
10510,1907
10511,1908
10512,1908
10513,1908
10514,1908
10515,1909
10516,1909
10517,1909
10518,1909
10519,1909
10520,1910
10521,1910
10522,1910
10523,1911
10524,1911
10525,1912
10526,1912
10527,1912
10528,1913
10529,1913
10530,1913
10531,1913
10532,1913
10533,1913
10534,1913
10535,1913
10536,1913
10537,1914
10538,1914
10539,1914
10540,1914
10541,1914
10542,1914
10543,1914
10544,1914
10545,1914
10546,1914
10547,1915
10548,1915
10549,1915
10550,1915
10551,1915
10552,1916
10553,1916
10554,1916
10555,1916
10556,1916
10557,1916
10558,1916
10559,1917
10560,1917
10561,1917
10562,1917
10563,1917
10564,1917
10565,1917
10566,1918
10567,1918
10568,1918
10569,1918
10570,1918
10571,1918
10572,1918
10573,1918
10574,1919
10575,1919
10576,1919
10577,1919
10578,1919
10579,1919
10580,1919
10581,1920
10582,1920
10583,1920
10584,1920
10585,1920
10586,1920
10587,1920
10588,1920
10589,1921
10590,1921
10591,1922
10592,1922
10593,1923
10594,1923
10595,1923
10596,1923
10597,1923
10598,1923
10599,1923
10600,1923
10601,1923
10602,1924
10603,1924
10604,1924
10605,1924
10606,1924
10607,1924
10608,1924
10609,1924
10610,1924
10611,1925
10612,1925
10613,1926
10614,1926
10615,1927
10616,1927
10617,1927
10618,1927
10619,1927
10620,1927
10621,1928
10622,1928
10623,1929
10624,1929
10625,1929
10626,1929
10627,1929
10628,1929
10629,1930
10630,1930
10631,1930
10632,1930
10633,1931
10634,1931
10635,1931
10636,1931
10637,1932
10638,1932
10639,1932
10640,1932
10641,1932
10642,1933
10643,1933
10644,1933
10645,1933
10646,1933
10647,1933
10648,1933
10649,1933
10650,1933
10651,1934
10652,1934
10653,1935
10654,1935
10655,1935
10656,1935
10657,1935
10658,1935
10659,1936
10660,1937
10661,1937
10662,1937
10663,1937
10664,1937
10665,1937
10666,1937
10667,1938
10668,1938
10669,1938
10670,1938
10671,1938
10672,1938
10673,1938
10674,1939
10675,1939
10676,1939
10677,1939
10678,1939
10679,1939
10680,1939
10681,1940
10682,1940
10683,1940
10684,1940
10685,1940
10686,1941
10687,1941
10688,1941
10689,1941
10690,1941
10691,1941
10692,1941
10693,1941
10694,1942
10695,1942
10696,1942
10697,1942
10698,1942
10699,1942
10700,1942
10701,1942
10702,1942
10703,1942
10704,1943
10705,1943
10706,1943
10707,1943
10708,1943
10709,1943
10710,1943
10711,1943
10712,1943
10713,1944
10714,1944
10715,1944
10716,1945
10717,1946
10718,1946
10719,1946
10720,1946
10721,1946
10722,1946
10723,1946
10724,1947
10725,1947
10726,1947
10727,1947
10728,1947
10729,1947
10730,1947
10731,1947
10732,1947
10733,1948
10734,1948
10735,1948
10736,1948
10737,1948
10738,1948
10739,1948
10740,1948
10741,1949
10742,1949
10743,1949
10744,1949
10745,1949
10746,1950
10747,1950
10748,1950
10749,1950
10750,1950
10751,1950
10752,1951
10753,1951
10754,1951
10755,1951
10756,1951
10757,1951
10758,1951
10759,1951
10760,1951
10761,1951
10762,1952
10763,1952
10764,1952
10765,1952
10766,1952
10767,1952
10768,1952
10769,1953
10770,1953
10771,1953
10772,1953
10773,1954
10774,1954
10775,1954
10776,1954
10777,1954
10778,1954
10779,1954
10780,1954
10781,1954
10782,1955
10783,1955
10784,1955
10785,1955
10786,1955
10787,1955
10788,1955
10789,1955
10790,1956
10791,1956
10792,1956
10793,1956
10794,1956
10795,1956
10796,1956
10797,1956
10798,1956
10799,1957
10800,1958
10801,1958
10802,1958
10803,1958
10804,1958
10805,1958
10806,1958
10807,1959
10808,1960
10809,1960
10810,1960
10811,1960
10812,1960
10813,1960
10814,1961
10815,1961
10816,1961
10817,1961
10818,1961
10819,1961
10820,1961
10821,1961
10822,1962
10823,1962
10824,1962
10825,1962
10826,1962
10827,1962
10828,1962
10829,1963
10830,1963
10831,1963
10832,1963
10833,1963
10834,1964
10835,1964
10836,1965
10837,1965
10838,1965
10839,1966
10840,1966
10841,1966
10842,1966
10843,1966
10844,1966
10845,1966
10846,1966
10847,1966
10848,1966
10849,1967
10850,1967
10851,1967
10852,1967
10853,1967
10854,1967
10855,1968
10856,1968
10857,1969
10858,1969
10859,1970
10860,1971
10861,1971
10862,1972
10863,1972
10864,1973
10865,1973
10866,1974
10867,1974
10868,1974
10869,1974
10870,1974
10871,1975
10872,1975
10873,1975
10874,1975
10875,1975
10876,1976
10877,1976
10878,1976
10879,1976
10880,1976
10881,1976
10882,1976
10883,1976
10884,1976
10885,1976
10886,1977
10887,1977
10888,1977
10889,1977
10890,1977
10891,1977
10892,1977
10893,1978
10894,1978
10895,1979
10896,1979
10897,1979
10898,1980
10899,1980
10900,1980
10901,1980
10902,1981
10903,1981
10904,1981
10905,1981
10906,1981
10907,1981
10908,1981
10909,1982
10910,1982
10911,1983
10912,1983
10913,1983
10914,1983
10915,1983
10916,1983
10917,1983
10918,1984
10919,1984
10920,1985
10921,1985
10922,1985
10923,1985
10924,1985
10925,1985
10926,1985
10927,1985
10928,1985
10929,1985
10930,1986
10931,1986
10932,1986
10933,1986
10934,1986
10935,1986
10936,1986
10937,1986
10938,1987
10939,1987
10940,1987
10941,1987
10942,1987
10943,1987
10944,1987
10945,1987
10946,1987
10947,1987
10948,1988
10949,1988
10950,1988
10951,1988
10952,1988
10953,1988
10954,1988
10955,1988
10956,1988
10957,1989
10958,1989
10959,1989
10960,1990
10961,1991
10962,1991
10963,1992
10964,1992
10965,1992
10966,1992
10967,1992
10968,1992
10969,1993
10970,1993
10971,1994
10972,1994
10973,1994
10974,1994
10975,1994
10976,1994
10977,1994
10978,1995
10979,1995
10980,1995
10981,1996
10982,1996
10983,1996
10984,1996
10985,1996
10986,1996
10987,1996
10988,1996
10989,1996
10990,1996
10991,1997
10992,1997
10993,1997
10994,1997
10995,1997
10996,1998
10997,1998
10998,1998
10999,1998
11000,1998
11001,1998
11002,1998
11003,1998
11004,1998
11005,1998
11006,1999
11007,1999
11008,1999
11009,1999
11010,1999
11011,1999
11012,1999
11013,1999
11014,1999
11015,1999
11016,2000
11017,2000
11018,2000
11019,2000
11020,2000
11021,2000
11022,2000
11023,2000
11024,2001
11025,2001
11026,2001
11027,2001
11028,2001
11029,2001
11030,2001
11031,2001
11032,2001
11033,2002
11034,2002
11035,2002
11036,2002
11037,2002
11038,2002
11039,2002
11040,2002
11041,2002
11042,2002
11043,2003
11044,2003
11045,2003
11046,2003
11047,2004
11048,2004
11049,2004
11050,2004
11051,2004
11052,2004
11053,2004
11054,2005
11055,2006
11056,2006
11057,2006
11058,2007
11059,2007
11060,2007
11061,2007
11062,2007
11063,2007
11064,2007
11065,2008
11066,2008
11067,2008
11068,2009
11069,2009
11070,2009
11071,2009
11072,2009
11073,2009
11074,2010
11075,2010
11076,2010
11077,2010
11078,2010
11079,2010
11080,2010
11081,2010
11082,2010
11083,2010
11084,2011
11085,2011
11086,2011
11087,2011
11088,2011
11089,2011
11090,2011
11091,2011
11092,2011
11093,2011
11094,2012
11095,2013
11096,2013
11097,2013
11098,2013
11099,2013
11100,2014
11101,2014
11102,2014
11103,2014
11104,2014
11105,2014
11106,2014
11107,2014
11108,2014
11109,2014
11110,2015
11111,2015
11112,2015
11113,2016
11114,2016
11115,2016
11116,2016
11117,2016
11118,2016
11119,2016
11120,2016
11121,2016
11122,2017
11123,2017
11124,2017
11125,2017
11126,2017
11127,2017
11128,2017
11129,2017
11130,2017
11131,2017
11132,2018
11133,2018
11134,2018
11135,2018
11136,2018
11137,2018
11138,2018
11139,2018
11140,2018
11141,2018
11142,2019
11143,2019
11144,2019
11145,2019
11146,2019
11147,2020
11148,2020
11149,2021
11150,2021
11151,2021
11152,2021
11153,2021
11154,2022
11155,2022
11156,2022
11157,2023
11158,2023
11159,2024
11160,2024
11161,2025
11162,2025
11163,2025
11164,2025
11165,2025
11166,2026
11167,2026
11168,2026
11169,2026
11170,2026
11171,2026
11172,2026
11173,2026
11174,2026
11175,2027
11176,2027
11177,2027
11178,2027
11179,2028
11180,2028
11181,2028
11182,2028
11183,2028
11184,2028
11185,2028
11186,2028
11187,2028
11188,2029
11189,2029
11190,2029
11191,2029
11192,2029
11193,2029
11194,2029
11195,2029
11196,2029
11197,2029
11198,2030
11199,2030
11200,2030
11201,2030
11202,2030
11203,2030
11204,2030
11205,2030
11206,2030
11207,2030
11208,2031
11209,2031
11210,2031
11211,2032
11212,2032
11213,2032
11214,2033
11215,2034
11216,2034
11217,2034
11218,2034
11219,2034
11220,2034
11221,2034
11222,2034
11223,2034
11224,2034
11225,2035
11226,2035
11227,2035
11228,2035
11229,2035
11230,2036
11231,2036
11232,2036
11233,2037
11234,2038
11235,2038
11236,2038
11237,2038
11238,2038
11239,2038
11240,2038
11241,2039
11242,2039
11243,2040
11244,2040
11245,2040
11246,2040
11247,2040
11248,2040
11249,2040
11250,2040
11251,2041
11252,2041
11253,2041
11254,2041
11255,2042
11256,2042
11257,2042
11258,2043
11259,2043
11260,2044
11261,2045
11262,2045
11263,2045
11264,2045
11265,2045
11266,2045
11267,2045
11268,2045
11269,2045
11270,2046
11271,2047
11272,2047
11273,2047
11274,2047
11275,2047
11276,2047
11277,2047
11278,2047
11279,2048
11280,2048
11281,2049
11282,2049
11283,2049
11284,2050
11285,2050
11286,2050
11287,2050
11288,2051
11289,2051
11290,2051
11291,2051
11292,2051
11293,2051
11294,2052
11295,2053
11296,2053
11297,2054
11298,2054
11299,2054
11300,2054
11301,2055
11302,2055
11303,2055
11304,2055
11305,2055
11306,2055
11307,2056
11308,2056
11309,2056
11310,2056
11311,2056
11312,2056
11313,2056
11314,2056
11315,2056
11316,2057
11317,2057
11318,2057
11319,2057
11320,2057
11321,2057
11322,2057
11323,2058
11324,2058
11325,2058
11326,2058
11327,2058
11328,2058
11329,2058
11330,2058
11331,2058
11332,2059
11333,2059
11334,2059
11335,2059
11336,2059
11337,2059
11338,2059
11339,2060
11340,2060
11341,2061
11342,2061
11343,2061
11344,2061
11345,2061
11346,2061
11347,2061
11348,2061
11349,2062
11350,2062
11351,2062
11352,2062
11353,2062
11354,2063
11355,2064
11356,2065
11357,2066
11358,2067
11359,2067
11360,2067
11361,2067
11362,2067
11363,2067
11364,2067
11365,2067
11366,2067
11367,2068
11368,2068
11369,2068
11370,2068
11371,2068
11372,2069
11373,2069
11374,2069
11375,2069
11376,2069
11377,2069
11378,2069
11379,2069
11380,2070
11381,2070
11382,2070
11383,2070
11384,2070
11385,2070
11386,2071
11387,2071
11388,2071
11389,2071
11390,2072
11391,2072
11392,2072
11393,2072
11394,2072
11395,2072
11396,2072
11397,2072
11398,2072
11399,2073
11400,2073
11401,2073
11402,2073
11403,2073
11404,2073
11405,2073
11406,2073
11407,2073
11408,2074
11409,2074
11410,2074
11411,2074
11412,2074
11413,2074
11414,2074
11415,2074
11416,2074
11417,2075
11418,2075
11419,2075
11420,2075
11421,2075
11422,2075
11423,2075
11424,2075
11425,2075
11426,2076
11427,2076
11428,2076
11429,2076
11430,2076
11431,2076
11432,2076
11433,2077
11434,2077
11435,2077
11436,2077
11437,2077
11438,2077
11439,2078
11440,2078
11441,2078
11442,2078
11443,2078
11444,2078
11445,2078
11446,2078
11447,2078
11448,2079
11449,2079
11450,2079
11451,2079
11452,2079
11453,2079
11454,2080
11455,2080
11456,2080
11457,2081
11458,2081
11459,2081
11460,2081
11461,2081
11462,2081
11463,2081
11464,2081
11465,2081
11466,2082
11467,2083
11468,2083
11469,2083
11470,2083
11471,2083
11472,2083
11473,2083
11474,2083
11475,2084
11476,2084
11477,2084
11478,2084
11479,2084
11480,2084
11481,2084
11482,2084
11483,2085
11484,2085
11485,2085
11486,2085
11487,2085
11488,2085
11489,2085
11490,2085
11491,2085
11492,2086
11493,2086
11494,2086
11495,2086
11496,2086
11497,2086
11498,2087
11499,2087
11500,2087
11501,2087
11502,2087
11503,2088
11504,2088
11505,2088
11506,2089
11507,2089
11508,2089
11509,2089
11510,2090
11511,2090
11512,2090
11513,2090
11514,2090
11515,2090
11516,2090
11517,2090
11518,2090
11519,2091
11520,2091
11521,2091
11522,2091
11523,2091
11524,2091
11525,2092
11526,2092
11527,2093
11528,2093
11529,2094
11530,2094
11531,2094
11532,2094
11533,2094
11534,2094
11535,2094
11536,2095
11537,2095
11538,2095
11539,2095
11540,2096
11541,2096
11542,2096
11543,2096
11544,2096
11545,2096
11546,2096
11547,2097
11548,2097
11549,2097
11550,2097
11551,2097
11552,2097
11553,2098
11554,2099
11555,2099
11556,2099
11557,2099
11558,2100
11559,2100
11560,2100
11561,2100
11562,2100
11563,2100
11564,2100
11565,2100
11566,2100
11567,2101
11568,2101
11569,2101
11570,2102
11571,2102
11572,2102
11573,2103
11574,2103
11575,2103
11576,2103
11577,2103
11578,2104
11579,2104
11580,2105
11581,2105
11582,2105
11583,2105
11584,2105
11585,2105
11586,2106
11587,2106
11588,2106
11589,2106
11590,2106
11591,2106
11592,2107
11593,2108
11594,2108
11595,2108
11596,2108
11597,2108
11598,2108
11599,2108
11600,2108
11601,2109
11602,2109
11603,2109
11604,2109
11605,2109
11606,2109
11607,2109
11608,2109
11609,2109
11610,2109
11611,2110
11612,2110
11613,2110
11614,2110
11615,2111
11616,2111
11617,2111
11618,2111
11619,2112
11620,2112
11621,2112
11622,2112
11623,2112
11624,2113
11625,2113
11626,2113
11627,2113
11628,2113
11629,2113
11630,2113
11631,2113
11632,2114
11633,2114
11634,2114
11635,2114
11636,2115
11637,2115
11638,2115
11639,2115
11640,2115
11641,2116
11642,2116
11643,2116
11644,2116
11645,2116
11646,2116
11647,2116
11648,2116
11649,2116
11650,2117
11651,2117
11652,2117
11653,2117
11654,2117
11655,2117
11656,2117
11657,2118
11658,2118
11659,2118
11660,2118
11661,2118
11662,2119
11663,2119
11664,2119
11665,2119
11666,2119
11667,2119
11668,2119
11669,2119
11670,2120
11671,2120
11672,2120
11673,2120
11674,2121
11675,2121
11676,2121
11677,2121
11678,2122
11679,2122
11680,2122
11681,2122
11682,2122
11683,2122
11684,2122
11685,2122
11686,2122
11687,2122
11688,2123
11689,2123
11690,2124
11691,2124
11692,2124
11693,2125
11694,2125
11695,2125
11696,2125
11697,2125
11698,2125
11699,2125
11700,2125
11701,2125
11702,2125
11703,2126
11704,2126
11705,2126
11706,2126
11707,2126
11708,2126
11709,2126
11710,2126
11711,2126
11712,2127
11713,2127
11714,2127
11715,2128
11716,2128
11717,2128
11718,2128
11719,2128
11720,2128
11721,2128
11722,2128
11723,2129
11724,2129
11725,2129
11726,2129
11727,2129
11728,2129
11729,2130
11730,2130
11731,2130
11732,2130
11733,2130
11734,2130
11735,2131
11736,2131
11737,2131
11738,2131
11739,2132
11740,2133
11741,2133
11742,2134
11743,2134
11744,2134
11745,2134
11746,2134
11747,2134
11748,2134
11749,2134
11750,2134
11751,2135
11752,2136
11753,2136
11754,2136
11755,2136
11756,2136
11757,2136
11758,2136
11759,2137
11760,2138
11761,2138
11762,2138
11763,2138
11764,2139
11765,2139
11766,2139
11767,2139
11768,2139
11769,2139
11770,2139
11771,2139
11772,2139
11773,2139
11774,2140
11775,2140
11776,2141
11777,2141
11778,2142
11779,2142
11780,2142
11781,2142
11782,2142
11783,2143
11784,2143
11785,2143
11786,2143
11787,2143
11788,2143
11789,2144
11790,2144
11791,2144
11792,2144
11793,2144
11794,2144
11795,2144
11796,2144
11797,2144
11798,2145
11799,2145
11800,2145
11801,2145
11802,2146
11803,2146
11804,2146
11805,2146
11806,2146
11807,2146
11808,2146
11809,2146
11810,2147
11811,2148
11812,2148
11813,2148
11814,2148
11815,2148
11816,2149
11817,2149
11818,2149
11819,2149
11820,2150
11821,2150
11822,2150
11823,2150
11824,2150
11825,2150
11826,2150
11827,2150
11828,2150
11829,2150
11830,2151
11831,2151
11832,2151
11833,2151
11834,2151
11835,2151
11836,2152
11837,2152
11838,2152
11839,2152
11840,2153
11841,2153
11842,2153
11843,2153
11844,2153
11845,2153
11846,2153
11847,2154
11848,2154
11849,2154
11850,2154
11851,2154
11852,2154
11853,2154
11854,2154
11855,2154
11856,2154
11857,2155
11858,2155
11859,2155
11860,2156
11861,2156
11862,2156
11863,2157
11864,2157
11865,2157
11866,2158
11867,2158
11868,2158
11869,2158
11870,2158
11871,2158
11872,2158
11873,2158
11874,2158
11875,2158
11876,2159
11877,2159
11878,2160
11879,2161
11880,2161
11881,2161
11882,2161
11883,2161
11884,2161
11885,2161
11886,2161
11887,2161
11888,2161
11889,2162
11890,2162
11891,2162
11892,2162
11893,2162
11894,2163
11895,2163
11896,2163
11897,2163
11898,2163
11899,2163
11900,2163
11901,2163
11902,2163
11903,2163
11904,2164
11905,2164
11906,2164
11907,2164
11908,2164
11909,2164
11910,2164
11911,2164
11912,2165
11913,2165
11914,2165
11915,2165
11916,2166
11917,2166
11918,2166
11919,2166
11920,2167
11921,2168
11922,2168
11923,2168
11924,2168
11925,2168
11926,2169
11927,2169
11928,2169
11929,2169
11930,2169
11931,2169
11932,2169
11933,2169
11934,2170
11935,2170
11936,2170
11937,2170
11938,2170
11939,2170
11940,2170
11941,2171
11942,2171
11943,2171
11944,2171
11945,2171
11946,2172
11947,2172
11948,2172
11949,2172
11950,2172
11951,2172
11952,2172
11953,2173
11954,2173
11955,2173
11956,2173
11957,2173
11958,2173
11959,2174
11960,2175
11961,2175
11962,2175
11963,2175
11964,2175
11965,2175
11966,2176
11967,2176
11968,2177
11969,2177
11970,2177
11971,2178
11972,2178
11973,2178
11974,2179
11975,2179
11976,2179
11977,2179
11978,2179
11979,2179
11980,2179
11981,2180
11982,2180
11983,2180
11984,2180
11985,2180
11986,2180
11987,2180
11988,2180
11989,2181
11990,2182
11991,2182
11992,2182
11993,2182
11994,2182
11995,2182
11996,2183
11997,2183
11998,2183
11999,2183
12000,2183
12001,2183
12002,2183
12003,2183
12004,2183
12005,2184
12006,2185
12007,2185
12008,2185
12009,2185
12010,2185
12011,2185
12012,2185
12013,2185
12014,2185
12015,2185
12016,2186
12017,2186
12018,2186
12019,2186
12020,2186
12021,2186
12022,2187
12023,2187
12024,2187
12025,2187
12026,2188
12027,2188
12028,2188
12029,2188
12030,2188
12031,2188
12032,2188
12033,2188
12034,2188
12035,2189
12036,2189
12037,2189
12038,2189
12039,2189
12040,2189
12041,2189
12042,2189
12043,2189
12044,2190
12045,2190
12046,2190
12047,2190
12048,2190
12049,2190
12050,2190
12051,2190
12052,2190
12053,2190
12054,2191
12055,2191
12056,2191
12057,2191
12058,2192
12059,2193
12060,2193
12061,2193
12062,2193
12063,2193
12064,2193
12065,2193
12066,2193
12067,2193
12068,2193
12069,2194
12070,2195
12071,2195
12072,2195
12073,2195
12074,2196
12075,2196
12076,2196
12077,2196
12078,2196
12079,2196
12080,2196
12081,2196
12082,2197
12083,2197
12084,2198
12085,2198
12086,2198
12087,2198
12088,2198
12089,2198
12090,2198
12091,2199
12092,2199
12093,2199
12094,2200
12095,2200
12096,2200
12097,2200
12098,2200
12099,2201
12100,2201
12101,2201
12102,2201
12103,2201
12104,2201
12105,2201
12106,2201
12107,2201
12108,2202
12109,2202
12110,2202
12111,2202
12112,2202
12113,2202
12114,2202
12115,2202
12116,2202
12117,2203
12118,2203
12119,2203
12120,2203
12121,2203
12122,2203
12123,2203
12124,2203
12125,2203
12126,2204
12127,2204
12128,2204
12129,2204
12130,2204
12131,2204
12132,2204
12133,2204
12134,2204
12135,2204
12136,2205
12137,2205
12138,2205
12139,2205
12140,2205
12141,2205
12142,2206
12143,2206
12144,2206
12145,2206
12146,2206
12147,2206
12148,2206
12149,2207
12150,2207
12151,2207
12152,2208
12153,2208
12154,2208
12155,2208
12156,2209
12157,2209
12158,2209
12159,2209
12160,2209
12161,2209
12162,2209
12163,2210
12164,2210
12165,2210
12166,2210
12167,2210
12168,2210
12169,2210
12170,2211
12171,2211
12172,2212
12173,2212
12174,2212
12175,2212
12176,2212
12177,2212
12178,2212
12179,2212
12180,2213
12181,2213
12182,2213
12183,2213
12184,2213
12185,2214
12186,2214
12187,2214
12188,2214
12189,2214
12190,2214
12191,2214
12192,2215
12193,2215
12194,2215
12195,2215
12196,2216
12197,2216
12198,2216
12199,2216
12200,2216
12201,2216
12202,2216
12203,2217
12204,2217
12205,2217
12206,2217
12207,2217
12208,2217
12209,2218
12210,2218
12211,2218
12212,2219
12213,2219
12214,2219
12215,2219
12216,2220
12217,2220
12218,2220
12219,2220
12220,2220
12221,2220
12222,2220
12223,2220
12224,2220
12225,2220
12226,2221
12227,2222
12228,2222
12229,2222
12230,2223
12231,2223
12232,2223
12233,2223
12234,2224
12235,2224
12236,2224
12237,2224
12238,2224
12239,2224
12240,2224
12241,2224
12242,2225
12243,2225
12244,2225
12245,2225
12246,2225
12247,2225
12248,2226
12249,2226
12250,2226
12251,2226
12252,2227
12253,2227
12254,2227
12255,2228
12256,2228
12257,2228
12258,2228
12259,2228
12260,2228
12261,2228
12262,2228
12263,2228
12264,2228
12265,2229
12266,2229
12267,2229
12268,2229
12269,2229
12270,2229
12271,2229
12272,2229
12273,2229
12274,2229
12275,2230
12276,2230
12277,2230
12278,2231
12279,2231
12280,2231
12281,2231
12282,2231
12283,2231
12284,2231
12285,2231
12286,2231
12287,2232
12288,2233
12289,2233
12290,2233
12291,2233
12292,2233
12293,2233
12294,2234
12295,2234
12296,2234
12297,2234
12298,2234
12299,2234
12300,2235
12301,2235
12302,2235
12303,2236
12304,2236
12305,2236
12306,2236
12307,2237
12308,2237
12309,2237
12310,2237
12311,2237
12312,2238
12313,2238
12314,2238
12315,2238
12316,2238
12317,2238
12318,2238
12319,2238
12320,2238
12321,2239
12322,2239
12323,2239
12324,2239
12325,2239
12326,2240
12327,2240
12328,2241
12329,2241
12330,2241
12331,2241
12332,2241
12333,2241
12334,2241
12335,2241
12336,2242
12337,2242
12338,2242
12339,2242
12340,2243
12341,2243
12342,2243
12343,2243
12344,2243
12345,2243
12346,2244
12347,2244
12348,2244
12349,2244
12350,2245
12351,2245
12352,2245
12353,2245
12354,2245
12355,2245
12356,2245
12357,2245
12358,2245
12359,2245
12360,2246
12361,2246
12362,2246
12363,2246
12364,2246
12365,2247
12366,2247
12367,2247
12368,2248
12369,2248
12370,2248
12371,2249
12372,2249
12373,2249
12374,2250
12375,2250
12376,2250
12377,2250
12378,2250
12379,2250
12380,2251
12381,2251
12382,2251
12383,2251
12384,2251
12385,2251
12386,2252
12387,2252
12388,2252
12389,2252
12390,2252
12391,2252
12392,2252
12393,2253
12394,2253
12395,2253
12396,2253
12397,2253
12398,2253
12399,2253
12400,2253
12401,2253
12402,2254
12403,2254
12404,2255
12405,2255
12406,2256
12407,2256
12408,2256
12409,2256
12410,2256
12411,2256
12412,2256
12413,2256
12414,2256
12415,2257
12416,2257
12417,2257
12418,2257
12419,2257
12420,2257
12421,2257
12422,2258
12423,2258
12424,2258
12425,2258
12426,2258
12427,2258
12428,2258
12429,2258
12430,2258
12431,2258
12432,2259
12433,2259
12434,2259
12435,2260
12436,2260
12437,2260
12438,2260
12439,2260
12440,2260
12441,2260
12442,2261
12443,2261
12444,2261
12445,2261
12446,2261
12447,2261
12448,2261
12449,2262
12450,2262
12451,2262
12452,2262
12453,2263
12454,2263
12455,2263
12456,2263
12457,2263
12458,2263
12459,2263
12460,2264
12461,2264
12462,2264
12463,2264
12464,2264
12465,2265
12466,2265
12467,2265
12468,2265
12469,2265
12470,2265
12471,2265
12472,2266
12473,2266
12474,2266
12475,2266
12476,2266
12477,2267
12478,2267
12479,2267
12480,2268
12481,2268
12482,2268
12483,2268
12484,2269
12485,2270
12486,2270
12487,2270
12488,2270
12489,2270
12490,2270
12491,2271
12492,2271
12493,2271
12494,2271
12495,2271
12496,2271
12497,2271
12498,2271
12499,2271
12500,2271
12501,2272
12502,2272
12503,2272
12504,2272
12505,2272
12506,2272
12507,2272
12508,2273
12509,2273
12510,2273
12511,2273
12512,2273
12513,2273
12514,2273
12515,2273
12516,2273
12517,2273
12518,2274
12519,2274
12520,2274
12521,2274
12522,2274
12523,2274
12524,2275
12525,2275
12526,2275
12527,2275
12528,2275
12529,2275
12530,2276
12531,2276
12532,2277
12533,2277
12534,2277
12535,2278
12536,2278
12537,2278
12538,2278
12539,2278
12540,2278
12541,2278
12542,2279
12543,2279
12544,2279
12545,2279
12546,2279
12547,2279
12548,2279
12549,2279
12550,2280
12551,2280
12552,2280
12553,2280
12554,2280
12555,2280
12556,2281
12557,2281
12558,2281
12559,2281
12560,2281
12561,2281
12562,2281
12563,2281
12564,2282
12565,2282
12566,2282
12567,2282
12568,2282
12569,2282
12570,2282
12571,2282
12572,2282
12573,2283
12574,2283
12575,2283
12576,2284
12577,2284
12578,2285
12579,2285
12580,2286
12581,2286
12582,2286
12583,2286
12584,2286
12585,2286
12586,2286
12587,2286
12588,2286
12589,2286
12590,2287
12591,2287
12592,2287
12593,2287
12594,2287
12595,2287
12596,2287
12597,2287
12598,2287
12599,2287
12600,2288
12601,2288
12602,2288
12603,2288
12604,2288
12605,2288
12606,2289
12607,2289
12608,2289
12609,2289
12610,2289
12611,2290
12612,2290
12613,2290
12614,2290
12615,2290
12616,2290
12617,2291
12618,2291
12619,2291
12620,2291
12621,2291
12622,2292
12623,2292
12624,2292
12625,2293
12626,2293
12627,2293
12628,2293
12629,2293
12630,2294
12631,2294
12632,2294
12633,2294
12634,2294
12635,2294
12636,2294
12637,2294
12638,2294
12639,2294
12640,2295
12641,2295
12642,2296
12643,2296
12644,2296
12645,2296
12646,2296
12647,2296
12648,2296
12649,2296
12650,2296
12651,2296
12652,2297
12653,2297
12654,2297
12655,2297
12656,2297
12657,2297
12658,2297
12659,2298
12660,2298
12661,2298
12662,2298
12663,2298
12664,2298
12665,2298
12666,2299
12667,2299
12668,2299
12669,2300
12670,2300
12671,2300
12672,2300
12673,2300
12674,2300
12675,2301
12676,2302
12677,2302
12678,2302
12679,2302
12680,2302
12681,2302
12682,2302
12683,2302
12684,2302
12685,2303
12686,2303
12687,2303
12688,2303
12689,2303
12690,2303
12691,2303
12692,2303
12693,2303
12694,2303
12695,2304
12696,2304
12697,2304
12698,2304
12699,2304
12700,2305
12701,2306
12702,2306
12703,2306
12704,2306
12705,2307
12706,2307
12707,2307
12708,2307
12709,2307
12710,2307
12711,2307
12712,2307
12713,2307
12714,2307
12715,2308
12716,2309
12717,2309
12718,2309
12719,2309
12720,2309
12721,2310
12722,2310
12723,2310
12724,2310
12725,2310
12726,2310
12727,2310
12728,2310
12729,2310
12730,2310
12731,2311
12732,2311
12733,2312
12734,2313
12735,2313
12736,2313
12737,2313
12738,2313
12739,2313
12740,2313
12741,2313
12742,2313
12743,2313
12744,2314
12745,2314
12746,2314
12747,2314
12748,2314
12749,2314
12750,2314
12751,2314
12752,2314
12753,2315
12754,2315
12755,2315
12756,2315
12757,2315
12758,2316
12759,2316
12760,2316
12761,2316
12762,2316
12763,2316
12764,2316
12765,2316
12766,2316
12767,2317
12768,2317
12769,2317
12770,2317
12771,2317
12772,2317
12773,2317
12774,2318
12775,2318
12776,2318
12777,2318
12778,2318
12779,2318
12780,2318
12781,2318
12782,2318
12783,2318
12784,2319
12785,2319
12786,2319
12787,2319
12788,2319
12789,2319
12790,2320
12791,2320
12792,2321
12793,2321
12794,2321
12795,2321
12796,2321
12797,2322
12798,2322
12799,2322
12800,2322
12801,2322
12802,2322
12803,2322
12804,2322
12805,2322
12806,2323
12807,2323
12808,2323
12809,2323
12810,2323
12811,2323
12812,2323
12813,2323
12814,2323
12815,2324
12816,2324
12817,2324
12818,2324
12819,2324
12820,2324
12821,2324
12822,2324
12823,2325
12824,2325
12825,2325
12826,2325
12827,2325
12828,2325
12829,2325
12830,2325
12831,2325
12832,2325
12833,2326
12834,2326
12835,2326
12836,2326
12837,2327
12838,2328
12839,2328
12840,2328
12841,2328
12842,2328
12843,2328
12844,2328
12845,2329
12846,2330
12847,2330
12848,2331
12849,2331
12850,2331
12851,2331
12852,2331
12853,2331
12854,2331
12855,2331
12856,2332
12857,2332
12858,2332
12859,2332
12860,2332
12861,2332
12862,2332
12863,2332
12864,2332
12865,2333
12866,2334
12867,2334
12868,2335
12869,2335
12870,2335
12871,2335
12872,2335
12873,2335
12874,2335
12875,2336
12876,2337
12877,2337
12878,2337
12879,2337
12880,2337
12881,2337
12882,2337
12883,2337
12884,2337
12885,2338
12886,2338
12887,2338
12888,2338
12889,2339
12890,2340
12891,2340
12892,2340
12893,2340
12894,2340
12895,2340
12896,2340
12897,2341
12898,2341
12899,2342
12900,2342
12901,2342
12902,2342
12903,2342
12904,2342
12905,2342
12906,2342
12907,2343
12908,2343
12909,2343
12910,2343
12911,2343
12912,2343
12913,2344
12914,2344
12915,2344
12916,2344
12917,2344
12918,2344
12919,2344
12920,2344
12921,2344
12922,2345
12923,2345
12924,2345
12925,2345
12926,2345
12927,2345
12928,2346
12929,2346
12930,2346
12931,2347
12932,2347
12933,2347
12934,2347
12935,2348
12936,2348
12937,2348
12938,2348
12939,2348
12940,2348
12941,2349
12942,2349
12943,2349
12944,2350
12945,2350
12946,2350
12947,2351
12948,2351
12949,2351
12950,2351
12951,2351
12952,2351
12953,2351
12954,2351
12955,2352
12956,2352
12957,2352
12958,2352
12959,2352
12960,2352
12961,2352
12962,2353
12963,2353
12964,2353
12965,2353
12966,2353
12967,2353
12968,2353
12969,2354
12970,2355
12971,2355
12972,2355
12973,2356
12974,2356
12975,2356
12976,2356
12977,2356
12978,2356
12979,2356
12980,2356
12981,2357
12982,2357
12983,2357
12984,2357
12985,2357
12986,2357
12987,2357
12988,2357
12989,2358
12990,2358
12991,2358
12992,2358
12993,2358
12994,2358
12995,2358
12996,2358
12997,2358
12998,2359
12999,2359
13000,2359
13001,2359
13002,2359
13003,2360
13004,2360
13005,2360
13006,2360
13007,2360
13008,2360
13009,2360
13010,2360
13011,2361
13012,2361
13013,2361
13014,2361
13015,2362
13016,2362
13017,2362
13018,2362
13019,2362
13020,2362
13021,2362
13022,2362
13023,2363
13024,2363
13025,2364
13026,2364
13027,2365
13028,2365
13029,2365
13030,2365
13031,2365
13032,2366
13033,2366
13034,2366
13035,2366
13036,2366
13037,2366
13038,2366
13039,2367
13040,2367
13041,2367
13042,2367
13043,2367
13044,2367
13045,2368
13046,2368
13047,2368
13048,2369
13049,2369
13050,2369
13051,2369
13052,2369
13053,2370
13054,2370
13055,2370
13056,2370
13057,2371
13058,2371
13059,2371
13060,2372
13061,2373
13062,2373
13063,2374
13064,2374
13065,2374
13066,2374
13067,2374
13068,2374
13069,2374
13070,2374
13071,2375
13072,2375
13073,2375
13074,2375
13075,2375
13076,2375
13077,2375
13078,2376
13079,2376
13080,2377
13081,2378
13082,2378
13083,2378
13084,2378
13085,2378
13086,2379
13087,2379
13088,2379
13089,2379
13090,2379
13091,2379
13092,2379
13093,2379
13094,2379
13095,2380
13096,2380
13097,2380
13098,2380
13099,2380
13100,2380
13101,2380
13102,2380
13103,2381
13104,2381
13105,2381
13106,2381
13107,2381
13108,2381
13109,2381
13110,2382
13111,2383
13112,2383
13113,2383
13114,2383
13115,2383
13116,2384
13117,2384
13118,2384
13119,2384
13120,2384
13121,2384
13122,2384
13123,2384
13124,2384
13125,2384
13126,2385
13127,2385
13128,2385
13129,2385
13130,2385
13131,2385
13132,2386
13133,2387
13134,2387
13135,2387
13136,2387
13137,2387
13138,2387
13139,2387
13140,2388
13141,2389
13142,2389
13143,2389
13144,2389
13145,2389
13146,2389
13147,2390
13148,2390
13149,2390
13150,2390
13151,2390
13152,2391
13153,2391
13154,2391
13155,2391
13156,2392
13157,2392
13158,2392
13159,2392
13160,2392
13161,2392
13162,2392
13163,2393
13164,2394
13165,2394
13166,2394
13167,2394
13168,2394
13169,2394
13170,2394
13171,2394
13172,2394
13173,2395
13174,2395
13175,2395
13176,2395
13177,2395
13178,2395
13179,2395
13180,2395
13181,2395
13182,2396
13183,2396
13184,2396
13185,2396
13186,2397
13187,2397
13188,2397
13189,2397
13190,2397
13191,2397
13192,2397
13193,2398
13194,2398
13195,2398
13196,2398
13197,2398
13198,2398
13199,2398
13200,2398
13201,2398
13202,2399
13203,2399
13204,2399
13205,2399
13206,2399
13207,2399
13208,2399
13209,2400
13210,2400
13211,2400
13212,2400
13213,2400
13214,2400
13215,2400
13216,2400
13217,2400
13218,2400
13219,2401
13220,2401
13221,2401
13222,2401
13223,2401
13224,2401
13225,2401
13226,2401
13227,2402
13228,2402
13229,2402
13230,2402
13231,2402
13232,2402
13233,2403
13234,2403
13235,2403
13236,2403
13237,2403
13238,2403
13239,2403
13240,2403
13241,2404
13242,2404
13243,2404
13244,2404
13245,2404
13246,2404
13247,2404
13248,2404
13249,2404
13250,2405
13251,2405
13252,2405
13253,2405
13254,2405
13255,2405
13256,2405
13257,2405
13258,2405
13259,2405
13260,2406
13261,2406
13262,2406
13263,2406
13264,2406
13265,2406
13266,2406
13267,2406
13268,2406
13269,2406
13270,2407
13271,2407
13272,2407
13273,2407
13274,2407
13275,2407
13276,2407
13277,2408
13278,2408
13279,2408
13280,2408
13281,2408
13282,2408
13283,2409
13284,2409
13285,2409
13286,2409
13287,2410
13288,2410
13289,2411
13290,2411
13291,2411
13292,2411
13293,2411
13294,2411
13295,2412
13296,2412
13297,2412
13298,2413
13299,2413
13300,2413
13301,2413
13302,2413
13303,2413
13304,2414
13305,2414
13306,2414
13307,2414
13308,2414
13309,2414
13310,2414
13311,2414
13312,2415
13313,2415
13314,2415
13315,2415
13316,2415
13317,2415
13318,2415
13319,2415
13320,2415
13321,2415
13322,2416
13323,2416
13324,2416
13325,2416
13326,2416
13327,2417
13328,2418
13329,2418
13330,2418
13331,2418
13332,2418
13333,2418
13334,2418
13335,2418
13336,2418
13337,2419
13338,2419
13339,2420
13340,2420
13341,2420
13342,2420
13343,2420
13344,2420
13345,2420
13346,2420
13347,2421
13348,2421
13349,2421
13350,2421
13351,2422
13352,2422
13353,2422
13354,2422
13355,2422
13356,2422
13357,2422
13358,2422
13359,2422
13360,2422
13361,2423
13362,2423
13363,2423
13364,2423
13365,2423
13366,2423
13367,2423
13368,2423
13369,2423
13370,2424
13371,2424
13372,2424
13373,2424
13374,2425
13375,2425
13376,2425
13377,2425
13378,2425
13379,2425
13380,2425
13381,2425
13382,2425
13383,2425
13384,2426
13385,2427
13386,2427
13387,2427
13388,2427
13389,2427
13390,2427
13391,2427
13392,2427
13393,2428
13394,2428
13395,2428
13396,2429
13397,2429
13398,2429
13399,2429
13400,2429
13401,2429
13402,2429
13403,2430
13404,2431
13405,2432
13406,2432
13407,2432
13408,2432
13409,2432
13410,2432
13411,2432
13412,2432
13413,2433
13414,2433
13415,2433
13416,2433
13417,2433
13418,2433
13419,2433
13420,2433
13421,2433
13422,2433
13423,2434
13424,2434
13425,2434
13426,2434
13427,2434
13428,2434
13429,2435
13430,2435
13431,2435
13432,2435
13433,2435
13434,2435
13435,2435
13436,2435
13437,2435
13438,2435
13439,2436
13440,2437
13441,2437
13442,2437
13443,2437
13444,2437
13445,2437
13446,2437
13447,2437
13448,2438
13449,2439
13450,2439
13451,2439
13452,2439
13453,2439
13454,2439
13455,2440
13456,2440
13457,2440
13458,2441
13459,2441
13460,2441
13461,2441
13462,2441
13463,2441
13464,2441
13465,2441
13466,2441
13467,2441
13468,2442
13469,2442
13470,2443
13471,2443
13472,2443
13473,2443
13474,2443
13475,2443
13476,2444
13477,2444
13478,2444
13479,2444
13480,2444
13481,2444
13482,2445
13483,2445
13484,2445
13485,2445
13486,2445
13487,2446
13488,2446
13489,2447
13490,2447
13491,2447
13492,2447
13493,2447
13494,2447
13495,2447
13496,2447
13497,2447
13498,2447
13499,2448
13500,2448
13501,2448
13502,2448
13503,2448
13504,2448
13505,2448
13506,2448
13507,2448
13508,2448
13509,2449
13510,2449
13511,2449
13512,2449
13513,2449
13514,2449
13515,2449
13516,2449
13517,2449
13518,2449
13519,2450
13520,2450
13521,2450
13522,2450
13523,2450
13524,2450
13525,2450
13526,2450
13527,2451
13528,2451
13529,2452
13530,2452
13531,2452
13532,2452
13533,2452
13534,2452
13535,2453
13536,2453
13537,2453
13538,2453
13539,2453
13540,2453
13541,2453
13542,2454
13543,2454
13544,2454
13545,2454
13546,2454
13547,2454
13548,2455
13549,2455
13550,2455
13551,2455
13552,2455
13553,2456
13554,2456
13555,2456
13556,2456
13557,2456
13558,2456
13559,2456
13560,2456
13561,2457
13562,2457
13563,2457
13564,2457
13565,2457
13566,2457
13567,2457
13568,2458
13569,2458
13570,2458
13571,2458
13572,2458
13573,2459
13574,2459
13575,2459
13576,2459
13577,2459
13578,2459
13579,2460
13580,2460
13581,2461
13582,2461
13583,2461
13584,2461
13585,2461
13586,2461
13587,2461
13588,2461
13589,2462
13590,2463
13591,2463
13592,2463
13593,2463
13594,2463
13595,2463
13596,2463
13597,2463
13598,2464
13599,2464
13600,2464
13601,2464
13602,2464
13603,2464
13604,2464
13605,2464
13606,2465
13607,2465
13608,2465
13609,2465
13610,2465
13611,2465
13612,2465
13613,2466
13614,2466
13615,2467
13616,2467
13617,2468
13618,2468
13619,2468
13620,2469
13621,2469
13622,2469
13623,2469
13624,2469
13625,2469
13626,2469
13627,2469
13628,2470
13629,2470
13630,2470
13631,2471
13632,2471
13633,2471
13634,2471
13635,2471
13636,2472
13637,2472
13638,2472
13639,2472
13640,2472
13641,2472
13642,2472
13643,2473
13644,2473
13645,2473
13646,2474
13647,2474
13648,2474
13649,2475
13650,2475
13651,2475
13652,2475
13653,2476
13654,2476
13655,2476
13656,2476
13657,2476
13658,2476
13659,2476
13660,2476
13661,2477
13662,2477
13663,2477
13664,2477
13665,2477
13666,2477
13667,2477
13668,2477
13669,2478
13670,2478
13671,2478
13672,2478
13673,2478
13674,2479
13675,2479
13676,2479
13677,2480
13678,2481
13679,2481
13680,2481
13681,2481
13682,2481
13683,2482
13684,2482
13685,2483
13686,2483
13687,2484
13688,2484
13689,2484
13690,2484
13691,2484
13692,2484
13693,2484
13694,2484
13695,2485
13696,2485
13697,2485
13698,2485
13699,2485
13700,2485
13701,2485
13702,2486
13703,2487
13704,2487
13705,2488
13706,2488
13707,2488
13708,2488
13709,2488
13710,2489
13711,2489
13712,2489
13713,2489
13714,2489
13715,2489
13716,2489
13717,2489
13718,2489
13719,2489
13720,2490
13721,2490
13722,2490
13723,2490
13724,2490
13725,2490
13726,2490
13727,2490
13728,2491
13729,2491
13730,2491
13731,2491
13732,2491
13733,2491
13734,2491
13735,2491
13736,2492
13737,2492
13738,2492
13739,2492
13740,2492
13741,2492
13742,2492
13743,2493
13744,2493
13745,2493
13746,2493
13747,2493
13748,2493
13749,2494
13750,2494
13751,2494
13752,2494
13753,2494
13754,2494
13755,2494
13756,2494
13757,2495
13758,2495
13759,2495
13760,2495
13761,2495
13762,2496
13763,2497
13764,2497
13765,2497
13766,2497
13767,2497
13768,2498
13769,2498
13770,2498
13771,2498
13772,2498
13773,2498
13774,2498
13775,2499
13776,2500
13777,2500
13778,2500
13779,2500
13780,2500
13781,2500
13782,2500
13783,2500
13784,2500
13785,2500
13786,2501
13787,2501
13788,2501
13789,2501
13790,2502
13791,2502
13792,2502
13793,2502
13794,2502
13795,2502
13796,2502
13797,2502
13798,2502
13799,2502
13800,2503
13801,2503
13802,2503
13803,2503
13804,2503
13805,2503
13806,2504
13807,2504
13808,2505
13809,2505
13810,2505
13811,2505
13812,2505
13813,2505
13814,2506
13815,2506
13816,2506
13817,2506
13818,2506
13819,2506
13820,2507
13821,2507
13822,2507
13823,2507
13824,2507
13825,2507
13826,2508
13827,2508
13828,2508
13829,2508
13830,2508
13831,2508
13832,2508
13833,2508
13834,2509
13835,2509
13836,2509
13837,2510
13838,2510
13839,2510
13840,2510
13841,2510
13842,2510
13843,2510
13844,2510
13845,2510
13846,2511
13847,2511
13848,2511
13849,2512
13850,2512
13851,2512
13852,2512
13853,2512
13854,2512
13855,2512
13856,2513
13857,2513
13858,2513
13859,2513
13860,2513
13861,2513
13862,2513
13863,2513
13864,2514
13865,2514
13866,2514
13867,2514
13868,2514
13869,2514
13870,2514
13871,2514
13872,2515
13873,2515
13874,2515
13875,2515
13876,2516
13877,2516
13878,2516
13879,2516
13880,2517
13881,2517
13882,2517
13883,2517
13884,2517
13885,2517
13886,2518
13887,2518
13888,2518
13889,2518
13890,2518
13891,2518
13892,2518
13893,2518
13894,2519
13895,2519
13896,2519
13897,2519
13898,2519
13899,2519
13900,2519
13901,2519
13902,2519
13903,2519
13904,2520
13905,2520
13906,2520
13907,2520
13908,2520
13909,2520
13910,2520
13911,2520
13912,2521
13913,2522
13914,2522
13915,2522
13916,2522
13917,2522
13918,2522
13919,2523
13920,2523
13921,2523
13922,2523
13923,2523
13924,2523
13925,2523
13926,2523
13927,2523
13928,2523
13929,2524
13930,2525
13931,2525
13932,2526
13933,2526
13934,2526
13935,2526
13936,2526
13937,2527
13938,2527
13939,2527
13940,2527
13941,2527
13942,2527
13943,2527
13944,2527
13945,2527
13946,2527
13947,2528
13948,2528
13949,2529
13950,2529
13951,2529
13952,2529
13953,2529
13954,2529
13955,2529
13956,2529
13957,2529
13958,2530
13959,2530
13960,2530
13961,2530
13962,2530
13963,2531
13964,2531
13965,2531
13966,2531
13967,2531
13968,2531
13969,2531
13970,2531
13971,2531
13972,2531
13973,2532
13974,2533
13975,2533
13976,2533
13977,2533
13978,2533
13979,2533
13980,2533
13981,2533
13982,2534
13983,2534
13984,2534
13985,2534
13986,2534
13987,2534
13988,2534
13989,2535
13990,2535
13991,2535
13992,2535
13993,2536
13994,2537
13995,2537
13996,2537
13997,2537
13998,2537
13999,2537
14000,2537
14001,2537
14002,2538
14003,2538
14004,2538
14005,2538
14006,2539
14007,2539
14008,2539
14009,2540
14010,2540
14011,2540
14012,2541
14013,2541
14014,2541
14015,2541
14016,2541
14017,2541
14018,2542
14019,2542
14020,2542
14021,2542
14022,2542
14023,2542
14024,2542
14025,2542
14026,2542
14027,2542
14028,2543
14029,2543
14030,2543
14031,2543
14032,2543
14033,2543
14034,2543
14035,2543
14036,2544
14037,2544
14038,2544
14039,2544
14040,2544
14041,2544
14042,2544
14043,2544
14044,2544
14045,2545
14046,2545
14047,2545
14048,2545
14049,2545
14050,2545
14051,2545
14052,2545
14053,2546
14054,2546
14055,2546
14056,2546
14057,2546
14058,2546
14059,2546
14060,2546
14061,2546
14062,2546
14063,2547
14064,2547
14065,2547
14066,2547
14067,2547
14068,2547
14069,2548
14070,2548
14071,2548
14072,2548
14073,2548
14074,2548
14075,2548
14076,2549
14077,2549
14078,2549
14079,2549
14080,2549
14081,2549
14082,2549
14083,2549
14084,2549
14085,2550
14086,2550
14087,2550
14088,2550
14089,2550
14090,2550
14091,2550
14092,2550
14093,2550
14094,2550
14095,2551
14096,2551
14097,2552
14098,2552
14099,2553
14100,2553
14101,2553
14102,2553
14103,2554
14104,2554
14105,2555
14106,2555
14107,2555
14108,2555
14109,2555
14110,2555
14111,2555
14112,2555
14113,2555
14114,2556
14115,2556
14116,2556
14117,2557
14118,2558
14119,2558
14120,2558
14121,2558
14122,2558
14123,2558
14124,2558
14125,2558
14126,2558
14127,2558
14128,2559
14129,2559
14130,2559
14131,2559
14132,2559
14133,2559
14134,2559
14135,2560
14136,2560
14137,2560
14138,2561
14139,2561
14140,2561
14141,2561
14142,2561
14143,2561
14144,2561
14145,2561
14146,2561
14147,2562
14148,2563
14149,2563
14150,2563
14151,2563
14152,2563
14153,2563
14154,2563
14155,2563
14156,2563
14157,2563
14158,2564
14159,2564
14160,2564
14161,2564
14162,2564
14163,2564
14164,2564
14165,2564
14166,2565
14167,2565
14168,2565
14169,2565
14170,2565
14171,2565
14172,2565
14173,2565
14174,2565
14175,2566
14176,2566
14177,2566
14178,2566
14179,2566
14180,2566
14181,2566
14182,2566
14183,2566
14184,2567
14185,2567
14186,2567
14187,2567
14188,2567
14189,2567
14190,2567
14191,2568
14192,2568
14193,2569
14194,2569
14195,2570
14196,2570
14197,2570
14198,2570
14199,2570
14200,2570
14201,2570
14202,2570
14203,2571
14204,2571
14205,2571
14206,2571
14207,2571
14208,2571
14209,2571
14210,2571
14211,2571
14212,2572
14213,2572
14214,2573
14215,2573
14216,2573
14217,2573
14218,2573
14219,2573
14220,2573
14221,2573
14222,2573
14223,2573
14224,2574
14225,2574
14226,2574
14227,2574
14228,2574
14229,2574
14230,2575
14231,2575
14232,2576
14233,2577
14234,2577
14235,2577
14236,2577
14237,2577
14238,2577
14239,2577
14240,2577
14241,2578
14242,2578
14243,2578
14244,2578
14245,2578
14246,2578
14247,2578
14248,2578
14249,2578
14250,2578
14251,2579
14252,2579
14253,2579
14254,2579
14255,2579
14256,2579
14257,2579
14258,2579
14259,2579
14260,2579
14261,2580
14262,2580
14263,2580
14264,2580
14265,2580
14266,2580
14267,2580
14268,2580
14269,2581
14270,2581
14271,2581
14272,2581
14273,2581
14274,2582
14275,2583
14276,2583
14277,2583
14278,2583
14279,2583
14280,2583
14281,2583
14282,2583
14283,2583
14284,2584
14285,2584
14286,2584
14287,2584
14288,2584
14289,2584
14290,2584
14291,2584
14292,2584
14293,2584
14294,2585
14295,2585
14296,2585
14297,2585
14298,2585
14299,2585
14300,2585
14301,2586
14302,2586
14303,2586
14304,2586
14305,2586
14306,2586
14307,2587
14308,2587
14309,2587
14310,2587
14311,2587
14312,2587
14313,2587
14314,2588
14315,2588
14316,2588
14317,2588
14318,2588
14319,2588
14320,2588
14321,2588
14322,2588
14323,2589
14324,2589
14325,2589
14326,2589
14327,2589
14328,2589
14329,2589
14330,2589
14331,2590
14332,2590
14333,2590
14334,2590
14335,2590
14336,2590
14337,2590
14338,2590
14339,2590
14340,2591
14341,2591
14342,2591
14343,2591
14344,2591
14345,2592
14346,2592
14347,2593
14348,2594
14349,2594
14350,2594
14351,2594
14352,2594
14353,2595
14354,2595
14355,2595
14356,2595
14357,2595
14358,2595
14359,2595
14360,2595
14361,2595
14362,2595
14363,2596
14364,2596
14365,2596
14366,2596
14367,2596
14368,2596
14369,2596
14370,2597
14371,2597
14372,2597
14373,2597
14374,2597
14375,2597
14376,2597
14377,2597
14378,2598
14379,2598
14380,2598
14381,2598
14382,2599
14383,2599
14384,2599
14385,2599
14386,2599
14387,2599
14388,2599
14389,2599
14390,2599
14391,2599
14392,2600
14393,2601
14394,2601
14395,2601
14396,2601
14397,2601
14398,2601
14399,2601
14400,2602
14401,2603
14402,2603
14403,2603
14404,2603
14405,2603
14406,2604
14407,2604
14408,2604
14409,2604
14410,2604
14411,2604
14412,2604
14413,2604
14414,2604
14415,2605
14416,2605
14417,2605
14418,2605
14419,2605
14420,2605
14421,2605
14422,2605
14423,2605
14424,2605
14425,2606
14426,2606
14427,2606
14428,2606
14429,2606
14430,2606
14431,2606
14432,2606
14433,2607
14434,2607
14435,2607
14436,2607
14437,2607
14438,2608
14439,2608
14440,2608
14441,2608
14442,2608
14443,2608
14444,2608
14445,2608
14446,2608
14447,2609
14448,2609
14449,2609
14450,2609
14451,2610
14452,2610
14453,2611
14454,2611
14455,2611
14456,2611
14457,2611
14458,2611
14459,2611
14460,2611
14461,2612
14462,2612
14463,2612
14464,2612
14465,2612
14466,2612
14467,2613
14468,2613
14469,2613
14470,2613
14471,2613
14472,2613
14473,2614
14474,2614
14475,2614
14476,2615
14477,2615
14478,2615
14479,2615
14480,2615
14481,2616
14482,2616
14483,2616
14484,2616
14485,2616
14486,2616
14487,2616
14488,2617
14489,2617
14490,2617
14491,2617
14492,2617
14493,2617
14494,2618
14495,2618
14496,2618
14497,2618
14498,2618
14499,2618
14500,2619
14501,2619
14502,2619
14503,2619
14504,2619
14505,2619
14506,2620
14507,2620
14508,2620
14509,2621
14510,2621
14511,2621
14512,2621
14513,2622
14514,2622
14515,2622
14516,2622
14517,2622
14518,2622
14519,2623
14520,2623
14521,2623
14522,2624
14523,2624
14524,2624
14525,2624
14526,2624
14527,2625
14528,2625
14529,2625
14530,2625
14531,2625
14532,2625
14533,2625
14534,2625
14535,2626
14536,2626
14537,2626
14538,2626
14539,2626
14540,2626
14541,2626
14542,2626
14543,2626
14544,2627
14545,2627
14546,2627
14547,2627
14548,2627
14549,2627
14550,2627
14551,2627
14552,2628
14553,2629
14554,2629
14555,2630
14556,2631
14557,2631
14558,2631
14559,2631
14560,2631
14561,2631
14562,2631
14563,2631
14564,2631
14565,2631
14566,2632
14567,2632
14568,2632
14569,2632
14570,2632
14571,2632
14572,2633
14573,2633
14574,2633
14575,2633
14576,2633
14577,2634
14578,2634
14579,2634
14580,2634
14581,2635
14582,2635
14583,2635
14584,2635
14585,2635
14586,2635
14587,2635
14588,2635
14589,2635
14590,2636
14591,2636
14592,2636
14593,2637
14594,2637
14595,2637
14596,2637
14597,2637
14598,2637
14599,2637
14600,2637
14601,2638
14602,2638
14603,2638
14604,2638
14605,2639
14606,2639
14607,2639
14608,2639
14609,2640
14610,2640
14611,2640
14612,2640
14613,2640
14614,2641
14615,2641
14616,2641
14617,2641
14618,2641
14619,2641
14620,2641
14621,2642
14622,2642
14623,2643
14624,2644
14625,2644
14626,2644
14627,2644
14628,2644
14629,2644
14630,2644
14631,2644
14632,2644
14633,2645
14634,2645
14635,2645
14636,2645
14637,2645
14638,2645
14639,2646
14640,2646
14641,2646
14642,2646
14643,2647
14644,2647
14645,2647
14646,2647
14647,2647
14648,2647
14649,2647
14650,2648
14651,2648
14652,2649
14653,2650
14654,2650
14655,2650
14656,2650
14657,2650
14658,2651
14659,2651
14660,2651
14661,2651
14662,2651
14663,2652
14664,2652
14665,2652
14666,2652
14667,2653
14668,2653
14669,2653
14670,2653
14671,2653
14672,2653
14673,2654
14674,2654
14675,2654
14676,2654
14677,2654
14678,2655
14679,2655
14680,2655
14681,2655
14682,2655
14683,2655
14684,2655
14685,2655
14686,2655
14687,2656
14688,2656
14689,2656
14690,2656
14691,2656
14692,2656
14693,2656
14694,2657
14695,2657
14696,2657
14697,2657
14698,2657
14699,2657
14700,2657
14701,2657
14702,2657
14703,2657
14704,2658
14705,2658
14706,2658
14707,2658
14708,2658
14709,2658
14710,2658
14711,2659
14712,2660
14713,2661
14714,2662
14715,2662
14716,2662
14717,2662
14718,2662
14719,2662
14720,2662
14721,2663
14722,2663
14723,2663
14724,2663
14725,2663
14726,2664
14727,2664
14728,2664
14729,2664
14730,2664
14731,2664
14732,2664
14733,2664
14734,2665
14735,2665
14736,2665
14737,2665
14738,2665
14739,2665
14740,2665
14741,2665
14742,2665
14743,2665
14744,2666
14745,2666
14746,2666
14747,2666
14748,2667
14749,2667
14750,2667
14751,2667
14752,2667
14753,2667
14754,2667
14755,2667
14756,2667
14757,2668
14758,2668
14759,2668
14760,2668
14761,2668
14762,2668
14763,2668
14764,2668
14765,2668
14766,2669
14767,2669
14768,2669
14769,2670
14770,2670
14771,2670
14772,2670
14773,2670
14774,2670
14775,2671
14776,2671
14777,2671
14778,2671
14779,2671
14780,2671
14781,2671
14782,2672
14783,2672
14784,2672
14785,2672
14786,2672
14787,2672
14788,2672
14789,2672
14790,2672
14791,2673
14792,2673
14793,2673
14794,2673
14795,2673
14796,2674
14797,2674
14798,2674
14799,2674
14800,2674
14801,2674
14802,2674
14803,2674
14804,2675
14805,2675
14806,2675
14807,2675
14808,2675
14809,2676
14810,2676
14811,2676
14812,2676
14813,2676
14814,2676
14815,2676
14816,2676
14817,2677
14818,2677
14819,2677
14820,2677
14821,2677
14822,2677
14823,2677
14824,2678
14825,2679
14826,2679
14827,2679
14828,2679
14829,2679
14830,2679
14831,2680
14832,2680
14833,2680
14834,2680
14835,2680
14836,2680
14837,2680
14838,2680
14839,2681
14840,2681
14841,2681
14842,2681
14843,2681
14844,2681
14845,2681
14846,2681
14847,2681
14848,2681
14849,2682
14850,2683
14851,2683
14852,2683
14853,2683
14854,2683
14855,2683
14856,2684
14857,2684
14858,2684
14859,2684
14860,2684
14861,2684
14862,2684
14863,2684
14864,2684
14865,2684
14866,2685
14867,2685
14868,2686
14869,2686
14870,2686
14871,2687
14872,2687
14873,2688
14874,2688
14875,2688
14876,2688
14877,2688
14878,2688
14879,2688
14880,2688
14881,2689
14882,2690
14883,2690
14884,2690
14885,2690
14886,2690
14887,2690
14888,2690
14889,2690
14890,2690
14891,2691
14892,2691
14893,2691
14894,2691
14895,2691
14896,2691
14897,2692
14898,2693
14899,2693
14900,2693
14901,2693
14902,2693
14903,2693
14904,2693
14905,2693
14906,2694
14907,2694
14908,2694
14909,2694
14910,2694
14911,2694
14912,2694
14913,2694
14914,2694
14915,2695
14916,2695
14917,2695
14918,2695
14919,2695
14920,2696
14921,2696
14922,2696
14923,2696
14924,2696
14925,2696
14926,2696
14927,2696
14928,2696
14929,2696
14930,2697
14931,2697
14932,2697
14933,2698
14934,2698
14935,2698
14936,2698
14937,2698
14938,2698
14939,2698
14940,2699
14941,2699
14942,2700
14943,2700
14944,2700
14945,2700
14946,2700
14947,2700
14948,2701
14949,2701
14950,2701
14951,2701
14952,2701
14953,2701
14954,2701
14955,2701
14956,2702
14957,2703
14958,2703
14959,2703
14960,2703
14961,2704
14962,2704
14963,2704
14964,2704
14965,2705
14966,2705
14967,2705
14968,2705
14969,2705
14970,2705
14971,2705
14972,2705
14973,2706
14974,2707
14975,2707
14976,2707
14977,2707
14978,2707
14979,2707
14980,2708
14981,2708
14982,2708
14983,2708
14984,2708
14985,2708
14986,2708
14987,2709
14988,2709
14989,2709
14990,2710
14991,2710
14992,2710
14993,2711
14994,2711
14995,2711
14996,2711
14997,2711
14998,2711
14999,2711
15000,2712
15001,2712
15002,2712
15003,2712
15004,2712
15005,2713
15006,2713
15007,2713
15008,2713
15009,2713
15010,2713
15011,2714
15012,2714
15013,2714
15014,2714
15015,2714
15016,2714
15017,2714
15018,2715
15019,2715
15020,2715
15021,2715
15022,2715
15023,2716
15024,2716
15025,2716
15026,2716
15027,2716
15028,2716
15029,2716
15030,2717
15031,2717
15032,2717
15033,2717
15034,2717
15035,2717
15036,2717
15037,2717
15038,2717
15039,2717
15040,2718
15041,2718
15042,2718
15043,2718
15044,2718
15045,2718
15046,2718
15047,2719
15048,2719
15049,2719
15050,2719
15051,2719
15052,2719
15053,2719
15054,2719
15055,2719
15056,2720
15057,2720
15058,2720
15059,2721
15060,2721
15061,2721
15062,2721
15063,2721
15064,2721
15065,2722
15066,2722
15067,2723
15068,2723
15069,2723
15070,2724
15071,2725
15072,2726
15073,2726
15074,2726
15075,2726
15076,2726
15077,2727
15078,2727
15079,2727
15080,2728
15081,2728
15082,2728
15083,2729
15084,2729
15085,2729
15086,2729
15087,2729
15088,2729
15089,2729
15090,2729
15091,2729
15092,2730
15093,2730
15094,2730
15095,2730
15096,2730
15097,2731
15098,2731
15099,2731
15100,2731
15101,2731
15102,2732
15103,2732
15104,2732
15105,2732
15106,2732
15107,2732
15108,2732
15109,2732
15110,2732
15111,2732
15112,2733
15113,2733
15114,2733
15115,2733
15116,2733
15117,2733
15118,2733
15119,2733
15120,2734
15121,2734
15122,2734
15123,2734
15124,2734
15125,2734
15126,2734
15127,2735
15128,2735
15129,2735
15130,2735
15131,2735
15132,2735
15133,2735
15134,2735
15135,2735
15136,2735
15137,2736
15138,2736
15139,2736
15140,2736
15141,2737
15142,2737
15143,2737
15144,2737
15145,2738
15146,2738
15147,2738
15148,2738
15149,2738
15150,2738
15151,2738
15152,2739
15153,2740
15154,2740
15155,2740
15156,2740
15157,2741
15158,2742
15159,2742
15160,2743
15161,2743
15162,2743
15163,2743
15164,2744
15165,2744
15166,2744
15167,2744
15168,2744
15169,2745
15170,2745
15171,2745
15172,2745
15173,2745
15174,2746
15175,2746
15176,2746
15177,2746
15178,2746
15179,2746
15180,2747
15181,2747
15182,2747
15183,2747
15184,2747
15185,2748
15186,2748
15187,2748
15188,2748
15189,2748
15190,2748
15191,2748
15192,2748
15193,2749
15194,2749
15195,2749
15196,2749
15197,2749
15198,2749
15199,2749
15200,2749
15201,2750
15202,2750
15203,2750
15204,2750
15205,2750
15206,2750
15207,2751
15208,2751
15209,2751
15210,2752
15211,2753
15212,2753
15213,2753
15214,2753
15215,2753
15216,2753
15217,2753
15218,2753
15219,2753
15220,2754
15221,2754
15222,2754
15223,2754
15224,2754
15225,2755
15226,2755
15227,2756
15228,2756
15229,2756
15230,2757
15231,2757
15232,2757
15233,2757
15234,2757
15235,2757
15236,2758
15237,2758
15238,2758
15239,2758
15240,2758
15241,2758
15242,2758
15243,2758
15244,2759
15245,2759
15246,2760
15247,2760
15248,2760
15249,2760
15250,2760
15251,2760
15252,2760
15253,2761
15254,2761
15255,2761
15256,2761
15257,2761
15258,2761
15259,2761
15260,2761
15261,2762
15262,2762
15263,2762
15264,2762
15265,2762
15266,2762
15267,2762
15268,2762
15269,2762
15270,2762
15271,2763
15272,2764
15273,2764
15274,2765
15275,2765
15276,2765
15277,2765
15278,2765
15279,2765
15280,2765
15281,2765
15282,2766
15283,2766
15284,2766
15285,2766
15286,2767
15287,2767
15288,2767
15289,2767
15290,2768
15291,2768
15292,2768
15293,2768
15294,2769
15295,2769
15296,2769
15297,2770
15298,2770
15299,2770
15300,2770
15301,2771
15302,2771
15303,2772
15304,2773
15305,2773
15306,2773
15307,2773
15308,2773
15309,2773
15310,2773
15311,2774
15312,2774
15313,2774
15314,2775
15315,2775
15316,2775
15317,2775
15318,2775
15319,2776
15320,2777
15321,2777
15322,2777
15323,2777
15324,2777
15325,2777
15326,2777
15327,2778
15328,2778
15329,2778
15330,2778
15331,2778
15332,2778
15333,2779
15334,2779
15335,2779
15336,2779
15337,2779
15338,2779
15339,2779
15340,2780
15341,2780
15342,2780
15343,2780
15344,2780
15345,2780
15346,2780
15347,2780
15348,2780
15349,2780
15350,2781
15351,2781
15352,2781
15353,2781
15354,2781
15355,2781
15356,2781
15357,2781
15358,2782
15359,2782
15360,2782
15361,2782
15362,2782
15363,2782
15364,2782
15365,2782
15366,2782
15367,2782
15368,2783
15369,2783
15370,2783
15371,2783
15372,2783
15373,2783
15374,2784
15375,2784
15376,2784
15377,2784
15378,2784
15379,2784
15380,2784
15381,2785
15382,2785
15383,2785
15384,2785
15385,2785
15386,2785
15387,2786
15388,2787
15389,2787
15390,2787
15391,2788
15392,2788
15393,2788
15394,2788
15395,2788
15396,2788
15397,2788
15398,2788
15399,2788
15400,2788
15401,2789
15402,2789
15403,2789
15404,2789
15405,2789
15406,2789
15407,2789
15408,2789
15409,2789
15410,2790
15411,2790
15412,2791
15413,2791
15414,2791
15415,2791
15416,2792
15417,2792
15418,2792
15419,2792
15420,2792
15421,2792
15422,2792
15423,2792
15424,2792
15425,2792
15426,2793
15427,2793
15428,2793
15429,2793
15430,2793
15431,2793
15432,2793
15433,2793
15434,2793
15435,2794
15436,2794
15437,2794
15438,2794
15439,2794
15440,2794
15441,2794
15442,2794
15443,2795
15444,2795
15445,2796
15446,2796
15447,2796
15448,2796
15449,2797
15450,2797
15451,2798
15452,2798
15453,2798
15454,2798
15455,2798
15456,2799
15457,2799
15458,2799
15459,2799
15460,2799
15461,2799
15462,2799
15463,2799
15464,2800
15465,2800
15466,2800
15467,2800
15468,2800
15469,2800
15470,2800
15471,2800
15472,2801
15473,2801
15474,2801
15475,2801
15476,2801
15477,2801
15478,2802
15479,2802
15480,2802
15481,2802
15482,2802
15483,2802
15484,2802
15485,2803
15486,2803
15487,2803
15488,2803
15489,2803
15490,2803
15491,2804
15492,2804
15493,2804
15494,2804
15495,2805
15496,2805
15497,2805
15498,2805
15499,2806
15500,2807
15501,2808
15502,2808
15503,2808
15504,2809
15505,2809
15506,2809
15507,2809
15508,2809
15509,2809
15510,2809
15511,2809
15512,2809
15513,2810
15514,2810
15515,2810
15516,2810
15517,2810
15518,2811
15519,2811
15520,2811
15521,2811
15522,2811
15523,2811
15524,2811
15525,2811
15526,2812
15527,2812
15528,2813
15529,2814
15530,2814
15531,2814
15532,2814
15533,2814
15534,2814
15535,2814
15536,2814
15537,2814
15538,2815
15539,2815
15540,2815
15541,2815
15542,2815
15543,2815
15544,2815
15545,2815
15546,2815
15547,2816
15548,2816
15549,2816
15550,2816
15551,2816
15552,2816
15553,2816
15554,2816
15555,2817
15556,2817
15557,2817
15558,2817
15559,2817
15560,2817
15561,2817
15562,2818
15563,2818
15564,2818
15565,2818
15566,2818
15567,2818
15568,2818
15569,2819
15570,2819
15571,2819
15572,2819
15573,2820
15574,2820
15575,2820
15576,2820
15577,2820
15578,2820
15579,2820
15580,2820
15581,2820
15582,2821
15583,2821
15584,2821
15585,2821
15586,2821
15587,2821
15588,2822
15589,2822
15590,2822
15591,2822
15592,2822
15593,2823
15594,2823
15595,2823
15596,2823
15597,2823
15598,2823
15599,2823
15600,2823
15601,2824
15602,2824
15603,2824
15604,2824
15605,2824
15606,2824
15607,2824
15608,2824
15609,2825
15610,2825
15611,2826
15612,2826
15613,2826
15614,2826
15615,2827
15616,2827
15617,2827
15618,2827
15619,2827
15620,2827
15621,2828
15622,2828
15623,2828
15624,2828
15625,2828
15626,2828
15627,2828
15628,2829
15629,2830
15630,2830
15631,2830
15632,2830
15633,2830
15634,2830
15635,2830
15636,2830
15637,2831
15638,2831
15639,2831
15640,2831
15641,2831
15642,2831
15643,2832
15644,2832
15645,2832
15646,2832
15647,2833
15648,2833
15649,2833
15650,2833
15651,2833
15652,2834
15653,2834
15654,2834
15655,2834
15656,2835
15657,2835
15658,2835
15659,2835
15660,2835
15661,2835
15662,2835
15663,2835
15664,2835
15665,2836
15666,2836
15667,2836
15668,2836
15669,2836
15670,2836
15671,2836
15672,2837
15673,2837
15674,2838
15675,2838
15676,2838
15677,2839
15678,2839
15679,2840
15680,2840
15681,2840
15682,2841
15683,2841
15684,2841
15685,2841
15686,2841
15687,2842
15688,2842
15689,2842
15690,2842
15691,2842
15692,2842
15693,2842
15694,2842
15695,2842
15696,2842
15697,2843
15698,2843
15699,2844
15700,2844
15701,2845
15702,2845
15703,2845
15704,2845
15705,2846
15706,2847
15707,2847
15708,2847
15709,2847
15710,2847
15711,2848
15712,2849
15713,2849
15714,2849
15715,2849
15716,2849
15717,2849
15718,2849
15719,2849
15720,2850
15721,2850
15722,2850
15723,2850
15724,2850
15725,2850
15726,2850
15727,2850
15728,2851
15729,2851
15730,2851
15731,2852
15732,2853
15733,2853
15734,2853
15735,2853
15736,2853
15737,2853
15738,2854
15739,2854
15740,2854
15741,2854
15742,2854
15743,2854
15744,2854
15745,2854
15746,2855
15747,2855
15748,2855
15749,2855
15750,2855
15751,2855
15752,2855
15753,2856
15754,2856
15755,2856
15756,2856
15757,2856
15758,2856
15759,2857
15760,2857
15761,2857
15762,2857
15763,2857
15764,2857
15765,2857
15766,2857
15767,2857
15768,2857
15769,2858
15770,2858
15771,2858
15772,2859
15773,2859
15774,2859
15775,2859
15776,2859
15777,2859
15778,2860
15779,2860
15780,2860
15781,2860
15782,2860
15783,2860
15784,2860
15785,2860
15786,2860
15787,2861
15788,2861
15789,2861
15790,2861
15791,2861
15792,2861
15793,2861
15794,2862
15795,2862
15796,2862
15797,2862
15798,2862
15799,2862
15800,2862
15801,2862
15802,2863
15803,2863
15804,2864
15805,2864
15806,2864
15807,2864
15808,2864
15809,2865
15810,2865
15811,2865
15812,2865
15813,2865
15814,2866
15815,2866
15816,2866
15817,2866
15818,2866
15819,2866
15820,2866
15821,2867
15822,2867
15823,2867
15824,2867
15825,2867
15826,2867
15827,2867
15828,2867
15829,2867
15830,2867
15831,2868
15832,2868
15833,2868
15834,2868
15835,2868
15836,2868
15837,2868
15838,2868
15839,2868
15840,2869
15841,2869
15842,2869
15843,2869
15844,2869
15845,2870
15846,2870
15847,2871
15848,2871
15849,2871
15850,2871
15851,2871
15852,2871
15853,2871
15854,2871
15855,2872
15856,2872
15857,2873
15858,2873
15859,2873
15860,2873
15861,2873
15862,2873
15863,2873
15864,2874
15865,2874
15866,2874
15867,2874
15868,2874
15869,2874
15870,2874
15871,2875
15872,2875
15873,2875
15874,2875
15875,2876
15876,2876
15877,2876
15878,2876
15879,2876
15880,2876
15881,2876
15882,2877
15883,2877
15884,2877
15885,2877
15886,2877
15887,2877
15888,2877
15889,2877
15890,2878
15891,2878
15892,2878
15893,2878
15894,2878
15895,2879
15896,2879
15897,2879
15898,2879
15899,2879
15900,2879
15901,2880
15902,2880
15903,2880
15904,2880
15905,2880
15906,2880
15907,2880
15908,2881
15909,2881
15910,2881
15911,2881
15912,2881
15913,2881
15914,2881
15915,2881
15916,2881
15917,2882
15918,2882
15919,2882
15920,2882
15921,2882
15922,2882
15923,2882
15924,2882
15925,2883
15926,2883
15927,2883
15928,2883
15929,2884
15930,2884
15931,2884
15932,2884
15933,2884
15934,2884
15935,2884
15936,2885
15937,2885
15938,2885
15939,2885
15940,2885
15941,2886
15942,2886
15943,2886
15944,2886
15945,2886
15946,2886
15947,2886
15948,2886
15949,2886
15950,2887
15951,2888
15952,2888
15953,2888
15954,2889
15955,2889
15956,2889
15957,2889
15958,2889
15959,2889
15960,2889
15961,2889
15962,2889
15963,2889
15964,2890
15965,2890
15966,2890
15967,2890
15968,2890
15969,2890
15970,2890
15971,2890
15972,2890
15973,2890
15974,2891
15975,2891
15976,2891
15977,2891
15978,2891
15979,2891
15980,2891
15981,2891
15982,2891
15983,2892
15984,2892
15985,2892
15986,2892
15987,2892
15988,2892
15989,2892
15990,2893
15991,2893
15992,2893
15993,2893
15994,2893
15995,2893
15996,2894
15997,2895
15998,2895
15999,2895
16000,2895
16001,2895
16002,2895
16003,2895
16004,2896
16005,2897
16006,2898
16007,2899
16008,2899
16009,2900
16010,2900
16011,2900
16012,2900
16013,2900
16014,2900
16015,2900
16016,2900
16017,2900
16018,2900
16019,2901
16020,2901
16021,2901
16022,2901
16023,2901
16024,2901
16025,2901
16026,2901
16027,2901
16028,2902
16029,2902
16030,2902
16031,2902
16032,2902
16033,2902
16034,2902
16035,2902
16036,2903
16037,2903
16038,2903
16039,2903
16040,2903
16041,2903
16042,2904
16043,2904
16044,2904
16045,2905
16046,2905
16047,2905
16048,2905
16049,2905
16050,2905
16051,2906
16052,2906
16053,2906
16054,2906
16055,2907
16056,2907
16057,2907
16058,2907
16059,2907
16060,2907
16061,2907
16062,2907
16063,2908
16064,2908
16065,2908
16066,2908
16067,2908
16068,2908
16069,2908
16070,2909
16071,2909
16072,2909
16073,2909
16074,2909
16075,2909
16076,2910
16077,2910
16078,2910
16079,2910
16080,2910
16081,2910
16082,2910
16083,2910
16084,2910
16085,2910
16086,2911
16087,2911
16088,2911
16089,2911
16090,2911
16091,2911
16092,2911
16093,2912
16094,2912
16095,2912
16096,2912
16097,2912
16098,2912
16099,2912
16100,2913
16101,2913
16102,2913
16103,2913
16104,2913
16105,2913
16106,2913
16107,2913
16108,2913
16109,2914
16110,2914
16111,2914
16112,2914
16113,2914
16114,2914
16115,2914
16116,2914
16117,2914
16118,2915
16119,2915
16120,2915
16121,2915
16122,2916
16123,2916
16124,2916
16125,2917
16126,2917
16127,2917
16128,2918
16129,2918
16130,2918
16131,2918
16132,2918
16133,2919
16134,2919
16135,2919
16136,2919
16137,2919
16138,2919
16139,2919
16140,2919
16141,2919
16142,2920
16143,2920
16144,2920
16145,2920
16146,2920
16147,2920
16148,2920
16149,2921
16150,2921
16151,2921
16152,2921
16153,2921
16154,2921
16155,2921
16156,2921
16157,2921
16158,2921
16159,2922
16160,2922
16161,2922
16162,2923
16163,2923
16164,2923
16165,2923
16166,2923
16167,2923
16168,2924
16169,2924
16170,2924
16171,2925
16172,2925
16173,2925
16174,2925
16175,2926
16176,2926
16177,2926
16178,2927
16179,2927
16180,2927
16181,2927
16182,2927
16183,2928
16184,2928
16185,2929
16186,2929
16187,2930
16188,2930
16189,2930
16190,2930
16191,2930
16192,2930
16193,2930
16194,2930
16195,2931
16196,2931
16197,2931
16198,2931
16199,2931
16200,2931
16201,2931
16202,2931
16203,2932
16204,2932
16205,2932
16206,2932
16207,2932
16208,2932
16209,2932
16210,2932
16211,2932
16212,2933
16213,2933
16214,2934
16215,2934
16216,2934
16217,2934
16218,2934
16219,2934
16220,2934
16221,2934
16222,2935
16223,2935
16224,2935
16225,2935
16226,2935
16227,2935
16228,2935
16229,2936
16230,2936
16231,2936
16232,2936
16233,2936
16234,2936
16235,2936
16236,2936
16237,2937
16238,2937
16239,2937
16240,2938
16241,2938
16242,2939
16243,2939
16244,2939
16245,2939
16246,2939
16247,2940
16248,2940
16249,2940
16250,2940
16251,2940
16252,2940
16253,2940
16254,2940
16255,2941
16256,2941
16257,2941
16258,2941
16259,2941
16260,2941
16261,2941
16262,2941
16263,2941
16264,2942
16265,2942
16266,2942
16267,2942
16268,2943
16269,2943
16270,2943
16271,2943
16272,2943
16273,2944
16274,2944
16275,2944
16276,2944
16277,2944
16278,2944
16279,2944
16280,2944
16281,2945
16282,2945
16283,2945
16284,2945
16285,2945
16286,2945
16287,2945
16288,2945
16289,2945
16290,2946
16291,2946
16292,2946
16293,2946
16294,2946
16295,2946
16296,2946
16297,2946
16298,2947
16299,2948
16300,2948
16301,2948
16302,2949
16303,2949
16304,2949
16305,2949
16306,2949
16307,2949
16308,2949
16309,2949
16310,2949
16311,2949
16312,2950
16313,2950
16314,2950
16315,2950
16316,2950
16317,2950
16318,2950
16319,2950
16320,2950
16321,2951
16322,2951
16323,2951
16324,2952
16325,2952
16326,2952
16327,2952
16328,2953
16329,2953
16330,2953
16331,2953
16332,2953
16333,2953
16334,2953
16335,2953
16336,2953
16337,2954
16338,2955
16339,2955
16340,2955
16341,2956
16342,2956
16343,2956
16344,2957
16345,2957
16346,2957
16347,2957
16348,2957
16349,2958
16350,2958
16351,2958
16352,2959
16353,2959
16354,2959
16355,2959
16356,2959
16357,2959
16358,2960
16359,2960
16360,2960
16361,2960
16362,2960
16363,2960
16364,2960
16365,2960
16366,2960
16367,2961
16368,2961
16369,2962
16370,2962
16371,2962
16372,2962
16373,2962
16374,2962
16375,2962
16376,2962
16377,2963
16378,2963
16379,2963
16380,2963
16381,2963
16382,2963
16383,2963
16384,2963
16385,2963
16386,2964
16387,2964
16388,2964
16389,2964
16390,2965
16391,2965
16392,2965
16393,2965
16394,2965
16395,2965
16396,2965
16397,2966
16398,2967
16399,2967
16400,2967
16401,2967
16402,2967
16403,2968
16404,2968
16405,2968
16406,2968
16407,2968
16408,2968
16409,2968
16410,2969
16411,2969
16412,2969
16413,2969
16414,2969
16415,2970
16416,2970
16417,2970
16418,2970
16419,2970
16420,2970
16421,2970
16422,2970
16423,2970
16424,2971
16425,2971
16426,2971
16427,2971
16428,2971
16429,2971
16430,2972
16431,2972
16432,2972
16433,2972
16434,2972
16435,2972
16436,2972
16437,2972
16438,2972
16439,2973
16440,2974
16441,2974
16442,2974
16443,2974
16444,2974
16445,2974
16446,2974
16447,2974
16448,2974
16449,2974
16450,2975
16451,2975
16452,2975
16453,2976
16454,2976
16455,2976
16456,2976
16457,2977
16458,2977
16459,2977
16460,2977
16461,2977
16462,2977
16463,2978
16464,2978
16465,2978
16466,2978
16467,2978
16468,2978
16469,2978
16470,2978
16471,2979
16472,2979
16473,2979
16474,2979
16475,2979
16476,2979
16477,2980
16478,2980
16479,2980
16480,2980
16481,2980
16482,2981
16483,2981
16484,2981
16485,2981
16486,2981
16487,2981
16488,2981
16489,2981
16490,2981
16491,2981
16492,2982
16493,2982
16494,2982
16495,2982
16496,2982
16497,2983
16498,2983
16499,2984
16500,2984
16501,2984
16502,2984
16503,2984
16504,2984
16505,2984
16506,2985
16507,2985
16508,2985
16509,2985
16510,2986
16511,2986
16512,2986
16513,2986
16514,2986
16515,2986
16516,2986
16517,2986
16518,2987
16519,2988
16520,2988
16521,2988
16522,2989
16523,2989
16524,2989
16525,2989
16526,2990
16527,2990
16528,2990
16529,2990
16530,2990
16531,2991
16532,2991
16533,2991
16534,2991
16535,2991
16536,2991
16537,2991
16538,2992
16539,2992
16540,2992
16541,2992
16542,2992
16543,2992
16544,2992
16545,2993
16546,2993
16547,2993
16548,2993
16549,2993
16550,2993
16551,2993
16552,2993
16553,2994
16554,2994
16555,2994
16556,2994
16557,2994
16558,2994
16559,2994
16560,2994
16561,2994
16562,2995
16563,2995
16564,2995
16565,2995
16566,2995
16567,2995
16568,2995
16569,2995
16570,2995
16571,2996
16572,2996
16573,2996
16574,2996
16575,2996
16576,2996
16577,2996
16578,2996
16579,2997
16580,2997
16581,2997
16582,2997
16583,2997
16584,2997
16585,2998
16586,2998
16587,2998
16588,2998
16589,2999
16590,2999
16591,2999
16592,2999
16593,2999
16594,3000
16595,3000
16596,3000
16597,3000
16598,3000
16599,3000
16600,3000
16601,3001
16602,3001
16603,3001
16604,3001
16605,3001
16606,3001
16607,3002
16608,3002
16609,3002
16610,3002
16611,3002
16612,3002
16613,3002
16614,3002
16615,3003
16616,3003
16617,3003
16618,3003
16619,3003
16620,3003
16621,3003
16622,3003
16623,3003
16624,3003
16625,3004
16626,3004
16627,3004
16628,3004
16629,3004
16630,3004
16631,3005
16632,3005
16633,3005
16634,3005
16635,3005
16636,3005
16637,3005
16638,3005
16639,3006
16640,3006
16641,3006
16642,3006
16643,3006
16644,3007
16645,3008
16646,3008
16647,3008
16648,3008
16649,3008
16650,3009
16651,3009
16652,3009
16653,3009
16654,3009
16655,3009
16656,3009
16657,3009
16658,3009
16659,3009
16660,3010
16661,3010
16662,3010
16663,3010
16664,3010
16665,3011
16666,3011
16667,3011
16668,3011
16669,3011
16670,3011
16671,3011
16672,3011
16673,3011
16674,3012
16675,3012
16676,3012
16677,3012
16678,3012
16679,3012
16680,3012
16681,3012
16682,3013
16683,3013
16684,3013
16685,3013
16686,3013
16687,3013
16688,3014
16689,3014
16690,3015
16691,3016
16692,3016
16693,3016
16694,3017
16695,3017
16696,3017
16697,3018
16698,3018
16699,3019
16700,3019
16701,3019
16702,3019
16703,3019
16704,3019
16705,3019
16706,3019
16707,3019
16708,3020
16709,3020
16710,3020
16711,3020
16712,3020
16713,3021
16714,3021
16715,3021
16716,3021
16717,3021
16718,3021
16719,3021
16720,3022
16721,3022
16722,3022
16723,3022
16724,3023
16725,3023
16726,3023
16727,3023
16728,3023
16729,3024
16730,3024
16731,3024
16732,3024
16733,3024
16734,3024
16735,3024
16736,3025
16737,3025
16738,3025
16739,3025
16740,3025
16741,3025
16742,3025
16743,3026
16744,3026
16745,3026
16746,3026
16747,3026
16748,3026
16749,3026
16750,3026
16751,3026
16752,3027
16753,3027
16754,3027
16755,3027
16756,3027
16757,3027
16758,3027
16759,3027
16760,3028
16761,3029
16762,3029
16763,3029
16764,3029
16765,3029
16766,3029
16767,3029
16768,3029
16769,3029
16770,3030
16771,3030
16772,3030
16773,3030
16774,3030
16775,3030
16776,3030
16777,3030
16778,3030
16779,3031
16780,3031
16781,3031
16782,3031
16783,3031
16784,3032
16785,3032
16786,3032
16787,3032
16788,3033
16789,3033
16790,3033
16791,3033
16792,3033
16793,3034
16794,3034
16795,3035
16796,3036
16797,3036
16798,3036
16799,3036
16800,3036
16801,3036
16802,3036
16803,3036
16804,3036
16805,3037
16806,3037
16807,3037
16808,3037
16809,3037
16810,3037
16811,3037
16812,3037
16813,3037
16814,3038
16815,3038
16816,3038
16817,3038
16818,3039
16819,3039
16820,3039
16821,3039
16822,3039
16823,3039
16824,3040
16825,3041
16826,3041
16827,3041
16828,3041
16829,3041
16830,3042
16831,3042
16832,3042
16833,3042
16834,3043
16835,3044
16836,3044
16837,3044
16838,3044
16839,3044
16840,3044
16841,3045
16842,3046
16843,3046
16844,3046
16845,3046
16846,3046
16847,3046
16848,3046
16849,3046
16850,3047
16851,3047
16852,3047
16853,3048
16854,3048
16855,3048
16856,3048
16857,3048
16858,3049
16859,3049
16860,3049
16861,3049
16862,3049
16863,3050
16864,3050
16865,3051
16866,3051
16867,3051
16868,3051
16869,3051
16870,3051
16871,3051
16872,3052
16873,3052
16874,3052
16875,3052
16876,3052
16877,3052
16878,3052
16879,3052
16880,3053
16881,3053
16882,3053
16883,3054
16884,3054
16885,3054
16886,3054
16887,3054
16888,3054
16889,3054
16890,3054
16891,3055
16892,3056
16893,3056
16894,3056
16895,3056
16896,3056
16897,3057
16898,3057
16899,3057
16900,3057
16901,3057
16902,3057
16903,3057
16904,3058
16905,3058
16906,3058
16907,3058
16908,3058
16909,3058
16910,3058
16911,3058
16912,3058
16913,3058
16914,3059
16915,3059
16916,3059
16917,3059
16918,3059
16919,3059
16920,3059
16921,3059
16922,3060
16923,3060
16924,3060
16925,3060
16926,3060
16927,3061
16928,3061
16929,3061
16930,3061
16931,3061
16932,3061
16933,3061
16934,3062
16935,3062
16936,3062
16937,3062
16938,3062
16939,3062
16940,3062
16941,3062
16942,3062
16943,3063
16944,3063
16945,3064
16946,3064
16947,3064
16948,3064
16949,3064
16950,3064
16951,3064
16952,3064
16953,3064
16954,3064
16955,3065
16956,3065
16957,3065
16958,3065
16959,3065
16960,3065
16961,3065
16962,3065
16963,3065
16964,3066
16965,3066
16966,3066
16967,3066
16968,3067
16969,3067
16970,3067
16971,3067
16972,3067
16973,3067
16974,3068
16975,3068
16976,3068
16977,3068
16978,3068
16979,3068
16980,3069
16981,3069
16982,3069
16983,3069
16984,3069
16985,3069
16986,3069
16987,3069
16988,3069
16989,3070
16990,3070
16991,3070
16992,3070
16993,3070
16994,3071
16995,3072
16996,3072
16997,3072
16998,3072
16999,3072
17000,3073
17001,3073
17002,3073
17003,3073
17004,3073
17005,3073
17006,3073
17007,3073
17008,3074
17009,3074
17010,3074
17011,3074
17012,3074
17013,3074
17014,3074
17015,3075
17016,3075
17017,3075
17018,3075
17019,3075
17020,3075
17021,3075
17022,3075
17023,3076
17024,3076
17025,3076
17026,3076
17027,3076
17028,3076
17029,3076
17030,3077
17031,3077
17032,3077
17033,3077
17034,3077
17035,3077
17036,3077
17037,3077
17038,3077
17039,3078
17040,3078
17041,3078
17042,3078
17043,3078
17044,3078
17045,3078
17046,3078
17047,3079
17048,3079
17049,3079
17050,3079
17051,3079
17052,3079
17053,3080
17054,3080
17055,3080
17056,3080
17057,3080
17058,3080
17059,3080
17060,3080
17061,3080
17062,3081
17063,3081
17064,3081
17065,3081
17066,3081
17067,3081
17068,3081
17069,3081
17070,3082
17071,3082
17072,3082
17073,3082
17074,3082
17075,3082
17076,3082
17077,3082
17078,3083
17079,3083
17080,3083
17081,3083
17082,3083
17083,3083
17084,3083
17085,3084
17086,3084
17087,3084
17088,3084
17089,3084
17090,3084
17091,3084
17092,3084
17093,3085
17094,3086
17095,3086
17096,3086
17097,3086
17098,3086
17099,3087
17100,3087
17101,3087
17102,3087
17103,3087
17104,3087
17105,3087
17106,3087
17107,3088
17108,3088
17109,3088
17110,3088
17111,3088
17112,3088
17113,3088
17114,3088
17115,3088
17116,3088
17117,3089
17118,3089
17119,3089
17120,3089
17121,3089
17122,3089
17123,3089
17124,3090
17125,3090
17126,3090
17127,3090
17128,3090
17129,3090
17130,3090
17131,3090
17132,3091
17133,3091
17134,3091
17135,3091
17136,3091
17137,3091
17138,3091
17139,3091
17140,3091
17141,3092
17142,3092
17143,3092
17144,3093
17145,3093
17146,3093
17147,3093
17148,3094
17149,3094
17150,3094
17151,3094
17152,3094
17153,3094
17154,3094
17155,3094
17156,3094
17157,3095
17158,3095
17159,3095
17160,3096
17161,3096
17162,3096
17163,3096
17164,3097
17165,3097
17166,3097
17167,3097
17168,3097
17169,3097
17170,3097
17171,3097
17172,3097
17173,3097
17174,3098
17175,3098
17176,3098
17177,3098
17178,3098
17179,3098
17180,3098
17181,3098
17182,3099
17183,3100
17184,3100
17185,3100
17186,3100
17187,3100
17188,3100
17189,3100
17190,3100
17191,3100
17192,3100
17193,3101
17194,3101
17195,3101
17196,3101
17197,3101
17198,3101
17199,3101
17200,3102
17201,3102
17202,3102
17203,3102
17204,3102
17205,3102
17206,3102
17207,3103
17208,3103
17209,3103
17210,3103
17211,3103
17212,3103
17213,3104
17214,3104
17215,3104
17216,3104
17217,3104
17218,3104
17219,3104
17220,3104
17221,3105
17222,3106
17223,3107
17224,3107
17225,3107
17226,3107
17227,3107
17228,3107
17229,3107
17230,3108
17231,3108
17232,3108
17233,3108
17234,3108
17235,3108
17236,3108
17237,3108
17238,3109
17239,3109
17240,3109
17241,3109
17242,3110
17243,3110
17244,3110
17245,3110
17246,3110
17247,3110
17248,3110
17249,3110
17250,3110
17251,3111
17252,3111
17253,3111
17254,3111
17255,3111
17256,3111
17257,3111
17258,3111
17259,3112
17260,3112
17261,3112
17262,3112
17263,3112
17264,3112
17265,3113
17266,3113
17267,3113
17268,3113
17269,3113
17270,3114
17271,3114
17272,3114
17273,3114
17274,3114
17275,3114
17276,3114
17277,3115
17278,3116
17279,3116
17280,3116
17281,3116
17282,3116
17283,3116
17284,3116
17285,3116
17286,3116
17287,3116
17288,3117
17289,3117
17290,3118
17291,3118
17292,3118
17293,3118
17294,3118
17295,3119
17296,3119
17297,3119
17298,3119
17299,3119
17300,3120
17301,3120
17302,3120
17303,3120
17304,3120
17305,3120
17306,3120
17307,3121
17308,3121
17309,3122
17310,3122
17311,3122
17312,3122
17313,3122
17314,3122
17315,3122
17316,3122
17317,3122
17318,3123
17319,3123
17320,3123
17321,3123
17322,3123
17323,3123
17324,3123
17325,3123
17326,3123
17327,3123
17328,3124
17329,3124
17330,3124
17331,3124
17332,3124
17333,3124
17334,3124
17335,3125
17336,3125
17337,3125
17338,3125
17339,3125
17340,3125
17341,3125
17342,3125
17343,3125
17344,3125
17345,3126
17346,3126
17347,3126
17348,3126
17349,3126
17350,3126
17351,3127
17352,3127
17353,3127
17354,3127
17355,3127
17356,3127
17357,3127
17358,3128
17359,3129
17360,3129
17361,3129
17362,3129
17363,3129
17364,3129
17365,3129
17366,3129
17367,3129
17368,3130
17369,3130
17370,3130
17371,3131
17372,3131
17373,3131
17374,3131
17375,3131
17376,3131
17377,3131
17378,3132
17379,3132
17380,3132
17381,3133
17382,3133
17383,3133
17384,3133
17385,3133
17386,3133
17387,3134
17388,3134
17389,3134
17390,3135
17391,3135
17392,3135
17393,3135
17394,3135
17395,3135
17396,3135
17397,3135
17398,3136
17399,3136
17400,3136
17401,3136
17402,3136
17403,3136
17404,3136
17405,3136
17406,3136
17407,3137
17408,3137
17409,3137
17410,3137
17411,3137
17412,3137
17413,3137
17414,3137
17415,3138
17416,3138
17417,3138
17418,3138
17419,3138
17420,3138
17421,3138
17422,3138
17423,3138
17424,3138
17425,3139
17426,3139
17427,3139
17428,3139
17429,3140
17430,3141
17431,3141
17432,3141
17433,3141
17434,3141
17435,3141
17436,3141
17437,3142
17438,3142
17439,3142
17440,3142
17441,3142
17442,3142
17443,3142
17444,3142
17445,3142
17446,3143
17447,3143
17448,3143
17449,3143
17450,3143
17451,3143
17452,3143
17453,3144
17454,3144
17455,3144
17456,3144
17457,3145
17458,3145
17459,3145
17460,3145
17461,3145
17462,3145
17463,3146
17464,3146
17465,3146
17466,3146
17467,3146
17468,3147
17469,3147
17470,3147
17471,3147
17472,3147
17473,3147
17474,3147
17475,3148
17476,3148
17477,3148
17478,3148
17479,3149
17480,3149
17481,3149
17482,3149
17483,3149
17484,3149
17485,3149
17486,3149
17487,3149
17488,3150
17489,3150
17490,3150
17491,3150
17492,3151
17493,3151
17494,3151
17495,3151
17496,3151
17497,3151
17498,3151
17499,3151
17500,3152
17501,3152
17502,3152
17503,3152
17504,3153
17505,3154
17506,3154
17507,3154
17508,3154
17509,3154
17510,3154
17511,3154
17512,3154
17513,3155
17514,3155
17515,3155
17516,3155
17517,3155
17518,3155
17519,3155
17520,3155
17521,3155
17522,3156
17523,3156
17524,3156
17525,3156
17526,3156
17527,3156
17528,3157
17529,3157
17530,3157
17531,3157
17532,3157
17533,3157
17534,3157
17535,3157
17536,3157
17537,3158
17538,3158
17539,3159
17540,3159
17541,3159
17542,3159
17543,3160
17544,3161
17545,3161
17546,3161
17547,3161
17548,3161
17549,3161
17550,3161
17551,3162
17552,3162
17553,3162
17554,3162
17555,3162
17556,3162
17557,3162
17558,3163
17559,3163
17560,3163
17561,3163
17562,3163
17563,3164
17564,3164
17565,3164
17566,3164
17567,3165
17568,3165
17569,3165
17570,3165
17571,3165
17572,3165
17573,3165
17574,3166
17575,3166
17576,3166
17577,3166
17578,3166
17579,3166
17580,3166
17581,3167
17582,3167
17583,3167
17584,3167
17585,3167
17586,3167
17587,3167
17588,3167
17589,3167
17590,3168
17591,3168
17592,3169
17593,3169
17594,3169
17595,3169
17596,3169
17597,3169
17598,3169
17599,3169
17600,3170
17601,3170
17602,3171
17603,3171
17604,3171
17605,3171
17606,3172
17607,3173
17608,3173
17609,3173
17610,3173
17611,3173
17612,3173
17613,3173
17614,3173
17615,3173
17616,3173
17617,3174
17618,3174
17619,3174
17620,3174
17621,3175
17622,3175
17623,3175
17624,3175
17625,3175
17626,3175
17627,3176
17628,3176
17629,3176
17630,3176
17631,3176
17632,3176
17633,3176
17634,3176
17635,3176
17636,3176
17637,3177
17638,3177
17639,3177
17640,3177
17641,3177
17642,3177
17643,3177
17644,3177
17645,3177
17646,3177
17647,3178
17648,3178
17649,3178
17650,3178
17651,3178
17652,3178
17653,3179
17654,3179
17655,3179
17656,3179
17657,3179
17658,3179
17659,3179
17660,3179
17661,3180
17662,3181
17663,3181
17664,3181
17665,3181
17666,3181
17667,3181
17668,3181
17669,3181
17670,3182
17671,3182
17672,3182
17673,3182
17674,3182
17675,3182
17676,3183
17677,3183
17678,3183
17679,3183
17680,3183
17681,3184
17682,3184
17683,3184
17684,3184
17685,3184
17686,3185
17687,3185
17688,3185
17689,3185
17690,3185
17691,3186
17692,3186
17693,3186
17694,3186
17695,3186
17696,3186
17697,3187
17698,3188
17699,3188
17700,3189
17701,3189
17702,3189
17703,3189
17704,3189
17705,3189
17706,3190
17707,3190
17708,3190
17709,3190
17710,3191
17711,3191
17712,3191
17713,3191
17714,3192
17715,3192
17716,3192
17717,3192
17718,3193
17719,3193
17720,3193
17721,3193
17722,3194
17723,3194
17724,3194
17725,3194
17726,3194
17727,3194
17728,3194
17729,3194
17730,3194
17731,3194
17732,3195
17733,3195
17734,3195
17735,3195
17736,3195
17737,3195
17738,3195
17739,3195
17740,3196
17741,3196
17742,3196
17743,3196
17744,3196
17745,3197
17746,3197
17747,3197
17748,3197
17749,3197
17750,3197
17751,3197
17752,3197
17753,3198
17754,3198
17755,3198
17756,3198
17757,3198
17758,3198
17759,3198
17760,3198
17761,3198
17762,3198
17763,3199
17764,3199
17765,3200
17766,3200
17767,3200
17768,3200
17769,3200
17770,3200
17771,3200
17772,3201
17773,3201
17774,3202
17775,3203
17776,3203
17777,3204
17778,3204
17779,3204
17780,3204
17781,3204
17782,3204
17783,3204
17784,3204
17785,3205
17786,3205
17787,3205
17788,3205
17789,3205
17790,3205
17791,3205
17792,3205
17793,3206
17794,3207
17795,3207
17796,3207
17797,3207
17798,3207
17799,3207
17800,3208
17801,3208
17802,3209
17803,3209
17804,3209
17805,3209
17806,3209
17807,3209
17808,3209
17809,3209
17810,3209
17811,3209
17812,3210
17813,3211
17814,3211
17815,3211
17816,3211
17817,3211
17818,3211
17819,3211
17820,3211
17821,3211
17822,3211
17823,3212
17824,3212
17825,3212
17826,3212
17827,3212
17828,3212
17829,3213
17830,3213
17831,3213
17832,3213
17833,3213
17834,3213
17835,3213
17836,3213
17837,3214
17838,3214
17839,3214
17840,3214
17841,3214
17842,3214
17843,3215
17844,3215
17845,3215
17846,3215
17847,3215
17848,3216
17849,3217
17850,3217
17851,3217
17852,3217
17853,3217
17854,3217
17855,3217
17856,3218
17857,3218
17858,3218
17859,3218
17860,3219
17861,3219
17862,3219
17863,3220
17864,3220
17865,3220
17866,3220
17867,3220
17868,3221
17869,3221
17870,3222
17871,3222
17872,3222
17873,3222
17874,3222
17875,3223
17876,3223
17877,3223
17878,3223
17879,3223
17880,3224
17881,3224
17882,3225
17883,3225
17884,3225
17885,3225
17886,3226
17887,3226
17888,3226
17889,3226
17890,3226
17891,3227
17892,3227
17893,3227
17894,3227
17895,3228
17896,3228
17897,3228
17898,3228
17899,3228
17900,3228
17901,3228
17902,3229
17903,3229
17904,3229
17905,3229
17906,3229
17907,3229
17908,3230
17909,3230
17910,3230
17911,3230
17912,3230
17913,3231
17914,3231
17915,3231
17916,3231
17917,3231
17918,3232
17919,3232
17920,3232
17921,3233
17922,3233
17923,3233
17924,3234
17925,3234
17926,3234
17927,3234
17928,3234
17929,3234
17930,3234
17931,3234
17932,3234
17933,3235
17934,3235
17935,3235
17936,3235
17937,3235
17938,3235
17939,3236
17940,3236
17941,3236
17942,3236
17943,3236
17944,3236
17945,3236
17946,3236
17947,3237
17948,3237
17949,3237
17950,3237
17951,3237
17952,3237
17953,3237
17954,3238
17955,3238
17956,3239
17957,3239
17958,3240
17959,3240
17960,3240
17961,3240
17962,3240
17963,3240
17964,3240
17965,3241
17966,3242
17967,3242
17968,3243
17969,3243
17970,3243
17971,3243
17972,3243
17973,3243
17974,3243
17975,3243
17976,3243
17977,3244
17978,3244
17979,3244
17980,3244
17981,3244
17982,3244
17983,3244
17984,3244
17985,3244
17986,3244
17987,3245
17988,3245
17989,3245
17990,3245
17991,3245
17992,3245
17993,3245
17994,3246
17995,3246
17996,3246
17997,3246
17998,3246
17999,3246
18000,3247
18001,3247
18002,3248
18003,3248
18004,3248
18005,3248
18006,3248
18007,3248
18008,3248
18009,3248
18010,3248
18011,3249
18012,3249
18013,3249
18014,3249
18015,3249
18016,3249
18017,3250
18018,3250
18019,3250
18020,3250
18021,3251
18022,3251
18023,3251
18024,3251
18025,3252
18026,3252
18027,3252
18028,3253
18029,3253
18030,3253
18031,3253
18032,3254
18033,3254
18034,3254
18035,3254
18036,3254
18037,3254
18038,3254
18039,3254
18040,3254
18041,3255
18042,3255
18043,3255
18044,3255
18045,3255
18046,3255
18047,3255
18048,3255
18049,3256
18050,3256
18051,3256
18052,3256
18053,3256
18054,3257
18055,3257
18056,3257
18057,3257
18058,3257
18059,3258
18060,3258
18061,3258
18062,3258
18063,3258
18064,3258
18065,3259
18066,3259
18067,3259
18068,3259
18069,3259
18070,3259
18071,3259
18072,3259
18073,3259
18074,3259
18075,3260
18076,3260
18077,3260
18078,3260
18079,3260
18080,3260
18081,3261
18082,3261
18083,3262
18084,3262
18085,3262
18086,3262
18087,3262
18088,3263
18089,3263
18090,3263
18091,3263
18092,3263
18093,3263
18094,3263
18095,3263
18096,3263
18097,3264
18098,3264
18099,3264
18100,3264
18101,3264
18102,3264
18103,3264
18104,3265
18105,3265
18106,3265
18107,3265
18108,3265
18109,3266
18110,3266
18111,3266
18112,3266
18113,3266
18114,3267
18115,3267
18116,3267
18117,3267
18118,3268
18119,3268
18120,3268
18121,3268
18122,3268
18123,3268
18124,3268
18125,3269
18126,3269
18127,3269
18128,3269
18129,3270
18130,3270
18131,3270
18132,3270
18133,3271
18134,3271
18135,3271
18136,3272
18137,3273
18138,3273
18139,3273
18140,3273
18141,3273
18142,3273
18143,3274
18144,3274
18145,3274
18146,3274
18147,3274
18148,3274
18149,3274
18150,3274
18151,3274
18152,3275
18153,3275
18154,3275
18155,3275
18156,3275
18157,3275
18158,3275
18159,3275
18160,3276
18161,3277
18162,3277
18163,3277
18164,3277
18165,3277
18166,3277
18167,3277
18168,3277
18169,3277
18170,3277
18171,3278
18172,3278
18173,3278
18174,3278
18175,3278
18176,3279
18177,3279
18178,3279
18179,3279
18180,3280
18181,3280
18182,3280
18183,3280
18184,3280
18185,3280
18186,3280
18187,3280
18188,3280
18189,3281
18190,3281
18191,3281
18192,3281
18193,3281
18194,3281
18195,3282
18196,3282
18197,3282
18198,3282
18199,3283
18200,3283
18201,3283
18202,3283
18203,3283
18204,3283
18205,3284
18206,3284
18207,3285
18208,3285
18209,3285
18210,3285
18211,3286
18212,3286
18213,3286
18214,3286
18215,3287
18216,3288
18217,3288
18218,3288
18219,3288
18220,3288
18221,3288
18222,3288
18223,3289
18224,3289
18225,3289
18226,3289
18227,3289
18228,3289
18229,3290
18230,3290
18231,3290
18232,3290
18233,3290
18234,3290
18235,3290
18236,3290
18237,3291
18238,3291
18239,3291
18240,3291
18241,3291
18242,3292
18243,3292
18244,3292
18245,3292
18246,3292
18247,3292
18248,3292
18249,3292
18250,3292
18251,3292
18252,3293
18253,3293
18254,3294
18255,3294
18256,3294
18257,3294
18258,3294
18259,3294
18260,3295
18261,3295
18262,3295
18263,3295
18264,3295
18265,3296
18266,3296
18267,3297
18268,3297
18269,3297
18270,3297
18271,3298
18272,3298
18273,3298
18274,3298
18275,3298
18276,3298
18277,3298
18278,3298
18279,3298
18280,3299
18281,3299
18282,3299
18283,3299
18284,3299
18285,3299
18286,3300
18287,3300
18288,3300
18289,3300
18290,3300
18291,3300
18292,3300
18293,3301
18294,3301
18295,3301
18296,3301
18297,3301
18298,3301
18299,3301
18300,3301
18301,3302
18302,3302
18303,3302
18304,3302
18305,3302
18306,3302
18307,3302
18308,3303
18309,3303
18310,3303
18311,3303
18312,3303
18313,3303
18314,3304
18315,3304
18316,3305
18317,3305
18318,3305
18319,3305
18320,3306
18321,3307
18322,3307
18323,3307
18324,3307
18325,3307
18326,3307
18327,3308
18328,3308
18329,3308
18330,3309
18331,3309
18332,3309
18333,3309
18334,3309
18335,3310
18336,3310
18337,3310
18338,3310
18339,3310
18340,3310
18341,3310
18342,3310
18343,3310
18344,3311
18345,3311
18346,3311
18347,3311
18348,3311
18349,3311
18350,3312
18351,3312
18352,3312
18353,3312
18354,3312
18355,3312
18356,3312
18357,3312
18358,3312
18359,3313
18360,3313
18361,3313
18362,3314
18363,3314
18364,3315
18365,3315
18366,3315
18367,3315
18368,3315
18369,3315
18370,3315
18371,3315
18372,3315
18373,3315
18374,3316
18375,3316
18376,3316
18377,3316
18378,3316
18379,3316
18380,3316
18381,3316
18382,3316
18383,3316
18384,3317
18385,3317
18386,3317
18387,3317
18388,3317
18389,3318
18390,3318
18391,3318
18392,3318
18393,3318
18394,3318
18395,3319
18396,3319
18397,3320
18398,3321
18399,3321
18400,3321
18401,3321
18402,3321
18403,3321
18404,3321
18405,3321
18406,3321
18407,3322
18408,3322
18409,3322
18410,3322
18411,3322
18412,3322
18413,3322
18414,3322
18415,3323
18416,3323
18417,3323
18418,3323
18419,3323
18420,3323
18421,3323
18422,3323
18423,3323
18424,3324
18425,3324
18426,3324
18427,3324
18428,3324
18429,3325
18430,3325
18431,3325
18432,3325
18433,3325
18434,3325
18435,3326
18436,3326
18437,3327
18438,3327
18439,3327
18440,3327
18441,3327
18442,3327
18443,3327
18444,3327
18445,3327
18446,3328
18447,3328
18448,3328
18449,3328
18450,3328
18451,3328
18452,3329
18453,3329
18454,3330
18455,3330
18456,3330
18457,3330
18458,3330
18459,3330
18460,3330
18461,3330
18462,3331
18463,3331
18464,3332
18465,3332
18466,3332
18467,3332
18468,3332
18469,3332
18470,3332
18471,3332
18472,3332
18473,3332
18474,3333
18475,3333
18476,3333
18477,3333
18478,3333
18479,3333
18480,3333
18481,3333
18482,3334
18483,3334
18484,3334
18485,3335
18486,3335
18487,3335
18488,3335
18489,3335
18490,3335
18491,3336
18492,3336
18493,3336
18494,3336
18495,3336
18496,3336
18497,3336
18498,3336
18499,3336
18500,3337
18501,3337
18502,3338
18503,3338
18504,3339
18505,3339
18506,3339
18507,3339
18508,3339
18509,3340
18510,3340
18511,3340
18512,3340
18513,3340
18514,3340
18515,3340
18516,3340
18517,3340
18518,3341
18519,3341
18520,3341
18521,3341
18522,3341
18523,3341
18524,3341
18525,3341
18526,3342
18527,3343
18528,3343
18529,3343
18530,3343
18531,3343
18532,3343
18533,3343
18534,3343
18535,3343
18536,3344
18537,3345
18538,3345
18539,3345
18540,3345
18541,3345
18542,3345
18543,3345
18544,3346
18545,3346
18546,3346
18547,3346
18548,3346
18549,3346
18550,3346
18551,3347
18552,3347
18553,3347
18554,3347
18555,3347
18556,3348
18557,3348
18558,3348
18559,3348
18560,3348
18561,3348
18562,3349
18563,3350
18564,3350
18565,3350
18566,3350
18567,3350
18568,3350
18569,3350
18570,3351
18571,3352
18572,3352
18573,3352
18574,3353
18575,3353
18576,3353
18577,3353
18578,3353
18579,3353
18580,3353
18581,3354
18582,3354
18583,3354
18584,3354
18585,3354
18586,3354
18587,3354
18588,3354
18589,3355
18590,3355
18591,3355
18592,3356
18593,3356
18594,3356
18595,3357
18596,3357
18597,3357
18598,3357
18599,3357
18600,3357
18601,3357
18602,3357
18603,3357
18604,3358
18605,3359
18606,3359
18607,3359
18608,3359
18609,3359
18610,3359
18611,3360
18612,3360
18613,3360
18614,3361
18615,3361
18616,3361
18617,3361
18618,3361
18619,3361
18620,3361
18621,3362
18622,3362
18623,3362
18624,3362
18625,3362
18626,3362
18627,3362
18628,3363
18629,3363
18630,3363
18631,3363
18632,3363
18633,3363
18634,3363
18635,3364
18636,3364
18637,3364
18638,3364
18639,3364
18640,3364
18641,3364
18642,3364
18643,3364
18644,3365
18645,3365
18646,3365
18647,3366
18648,3366
18649,3366
18650,3366
18651,3366
18652,3366
18653,3366
18654,3366
18655,3367
18656,3367
18657,3367
18658,3367
18659,3367
18660,3367
18661,3367
18662,3368
18663,3368
18664,3368
18665,3368
18666,3368
18667,3368
18668,3368
18669,3368
18670,3368
18671,3368
18672,3369
18673,3369
18674,3369
18675,3369
18676,3369
18677,3369
18678,3369
18679,3370
18680,3370
18681,3370
18682,3370
18683,3370
18684,3371
18685,3371
18686,3372
18687,3372
18688,3372
18689,3372
18690,3372
18691,3372
18692,3372
18693,3372
18694,3372
18695,3373
18696,3373
18697,3373
18698,3373
18699,3373
18700,3373
18701,3373
18702,3373
18703,3373
18704,3374
18705,3374
18706,3374
18707,3374
18708,3375
18709,3375
18710,3375
18711,3376
18712,3376
18713,3376
18714,3377
18715,3377
18716,3377
18717,3377
18718,3378
18719,3378
18720,3378
18721,3378
18722,3378
18723,3378
18724,3378
18725,3378
18726,3378
18727,3379
18728,3380
18729,3380
18730,3380
18731,3380
18732,3381
18733,3382
18734,3382
18735,3382
18736,3382
18737,3382
18738,3382
18739,3382
18740,3383
18741,3383
18742,3384
18743,3384
18744,3384
18745,3384
18746,3384
18747,3384
18748,3384
18749,3384
18750,3384
18751,3385
18752,3385
18753,3385
18754,3385
18755,3385
18756,3385
18757,3385
18758,3386
18759,3386
18760,3386
18761,3386
18762,3386
18763,3387
18764,3387
18765,3387
18766,3387
18767,3387
18768,3387
18769,3387
18770,3387
18771,3387
18772,3387
18773,3388
18774,3388
18775,3388
18776,3388
18777,3388
18778,3388
18779,3388
18780,3388
18781,3389
18782,3389
18783,3389
18784,3389
18785,3389
18786,3389
18787,3390
18788,3391
18789,3391
18790,3392
18791,3392
18792,3392
18793,3392
18794,3392
18795,3392
18796,3392
18797,3392
18798,3393
18799,3393
18800,3393
18801,3394
18802,3394
18803,3394
18804,3395
18805,3395
18806,3395
18807,3395
18808,3395
18809,3396
18810,3396
18811,3396
18812,3396
18813,3397
18814,3397
18815,3397
18816,3397
18817,3397
18818,3397
18819,3397
18820,3397
18821,3397
18822,3397
18823,3398
18824,3398
18825,3398
18826,3398
18827,3398
18828,3399
18829,3399
18830,3399
18831,3399
18832,3399
18833,3400
18834,3400
18835,3400
18836,3400
18837,3400
18838,3400
18839,3401
18840,3401
18841,3401
18842,3401
18843,3401
18844,3401
18845,3402
18846,3402
18847,3402
18848,3402
18849,3402
18850,3402
18851,3402
18852,3402
18853,3402
18854,3402
18855,3403
18856,3404
18857,3404
18858,3404
18859,3404
18860,3404
18861,3404
18862,3404
18863,3405
18864,3405
18865,3405
18866,3405
18867,3406
18868,3406
18869,3406
18870,3407
18871,3407
18872,3407
18873,3407
18874,3407
18875,3408
18876,3408
18877,3408
18878,3408
18879,3408
18880,3408
18881,3408
18882,3408
18883,3408
18884,3409
18885,3409
18886,3409
18887,3409
18888,3409
18889,3409
18890,3409
18891,3409
18892,3409
18893,3409
18894,3410
18895,3410
18896,3410
18897,3410
18898,3410
18899,3410
18900,3410
18901,3411
18902,3411
18903,3411
18904,3412
18905,3412
18906,3412
18907,3412
18908,3412
18909,3413
18910,3414
18911,3415
18912,3415
18913,3415
18914,3415
18915,3415
18916,3415
18917,3415
18918,3415
18919,3415
18920,3415
18921,3416
18922,3416
18923,3416
18924,3416
18925,3416
18926,3416
18927,3416
18928,3416
18929,3416
18930,3417
18931,3417
18932,3417
18933,3417
18934,3417
18935,3417
18936,3417
18937,3417
18938,3417
18939,3417
18940,3418
18941,3418
18942,3418
18943,3418
18944,3418
18945,3418
18946,3418
18947,3418
18948,3418
18949,3419
18950,3420
18951,3420
18952,3420
18953,3420
18954,3420
18955,3420
18956,3420
18957,3421
18958,3421
18959,3421
18960,3421
18961,3421
18962,3421
18963,3421
18964,3421
18965,3421
18966,3422
18967,3422
18968,3422
18969,3422
18970,3423
18971,3423
18972,3423
18973,3423
18974,3423
18975,3423
18976,3423
18977,3424
18978,3424
18979,3424
18980,3424
18981,3424
18982,3425
18983,3425
18984,3425
18985,3425
18986,3425
18987,3425
18988,3425
18989,3425
18990,3426
18991,3426
18992,3426
18993,3426
18994,3426
18995,3426
18996,3426
18997,3426
18998,3426
18999,3427
19000,3428
19001,3428
19002,3428
19003,3428
19004,3428
19005,3428
19006,3428
19007,3429
19008,3429
19009,3429
19010,3429
19011,3429
19012,3429
19013,3429
19014,3429
19015,3429
19016,3430
19017,3431
19018,3431
19019,3431
19020,3431
19021,3431
19022,3432
19023,3433
19024,3433
19025,3433
19026,3433
19027,3433
19028,3434
19029,3434
19030,3434
19031,3434
19032,3434
19033,3434
19034,3434
19035,3435
19036,3435
19037,3435
19038,3435
19039,3435
19040,3435
19041,3435
19042,3436
19043,3436
19044,3436
19045,3437
19046,3437
19047,3437
19048,3437
19049,3437
19050,3437
19051,3437
19052,3438
19053,3438
19054,3438
19055,3438
19056,3438
19057,3438
19058,3438
19059,3439
19060,3439
19061,3439
19062,3439
19063,3439
19064,3439
19065,3439
19066,3440
19067,3440
19068,3440
19069,3440
19070,3440
19071,3440
19072,3440
19073,3440
19074,3440
19075,3440
19076,3441
19077,3441
19078,3441
19079,3441
19080,3441
19081,3441
19082,3441
19083,3441
19084,3441
19085,3442
19086,3442
19087,3442
19088,3442
19089,3442
19090,3442
19091,3442
19092,3442
19093,3443
19094,3443
19095,3444
19096,3445
19097,3446
19098,3447
19099,3447
19100,3447
19101,3447
19102,3447
19103,3447
19104,3447
19105,3447
19106,3447
19107,3447
19108,3448
19109,3448
19110,3448
19111,3448
19112,3448
19113,3448
19114,3448
19115,3449
19116,3449
19117,3450
19118,3450
19119,3450
19120,3450
19121,3451
19122,3451
19123,3451
19124,3452
19125,3452
19126,3453
19127,3453
19128,3453
19129,3454
19130,3454
19131,3454
19132,3454
19133,3454
19134,3454
19135,3454
19136,3454
19137,3454
19138,3455
19139,3455
19140,3456
19141,3456
19142,3456
19143,3456
19144,3456
19145,3456
19146,3456
19147,3456
19148,3457
19149,3458
19150,3458
19151,3458
19152,3458
19153,3458
19154,3458
19155,3458
19156,3458
19157,3458
19158,3458
19159,3459
19160,3459
19161,3459
19162,3459
19163,3459
19164,3459
19165,3459
19166,3459
19167,3460
19168,3461
19169,3461
19170,3461
19171,3461
19172,3461
19173,3461
19174,3462
19175,3462
19176,3462
19177,3462
19178,3462
19179,3462
19180,3462
19181,3462
19182,3463
19183,3463
19184,3463
19185,3463
19186,3463
19187,3464
19188,3464
19189,3464
19190,3464
19191,3464
19192,3464
19193,3464
19194,3464
19195,3465
19196,3465
19197,3465
19198,3466
19199,3466
19200,3466
19201,3466
19202,3466
19203,3466
19204,3466
19205,3466
19206,3467
19207,3467
19208,3467
19209,3467
19210,3467
19211,3467
19212,3467
19213,3467
19214,3468
19215,3468
19216,3468
19217,3468
19218,3468
19219,3468
19220,3468
19221,3468
19222,3468
19223,3469
19224,3469
19225,3469
19226,3470
19227,3470
19228,3470
19229,3470
19230,3470
19231,3471
19232,3471
19233,3471
19234,3471
19235,3471
19236,3471
19237,3471
19238,3471
19239,3472
19240,3472
19241,3472
19242,3472
19243,3472
19244,3473
19245,3473
19246,3473
19247,3473
19248,3473
19249,3473
19250,3473
19251,3473
19252,3473
19253,3474
19254,3474
19255,3474
19256,3474
19257,3474
19258,3475
19259,3476
19260,3476
19261,3476
19262,3476
19263,3476
19264,3476
19265,3476
19266,3477
19267,3477
19268,3477
19269,3477
19270,3477
19271,3477
19272,3477
19273,3477
19274,3477
19275,3478
19276,3478
19277,3478
19278,3478
19279,3478
19280,3478
19281,3478
19282,3478
19283,3479
19284,3479
19285,3479
19286,3479
19287,3480
19288,3480
19289,3480
19290,3481
19291,3481
19292,3481
19293,3481
19294,3481
19295,3481
19296,3481
19297,3481
19298,3482
19299,3483
19300,3484
19301,3484
19302,3484
19303,3485
19304,3485
19305,3485
19306,3485
19307,3485
19308,3485
19309,3485
19310,3485
19311,3485
19312,3486
19313,3486
19314,3486
19315,3486
19316,3486
19317,3486
19318,3486
19319,3486
19320,3487
19321,3487
19322,3487
19323,3487
19324,3488
19325,3489
19326,3489
19327,3489
19328,3489
19329,3489
19330,3489
19331,3489
19332,3489
19333,3489
19334,3489
19335,3490
19336,3490
19337,3490
19338,3490
19339,3490
19340,3490
19341,3490
19342,3490
19343,3491
19344,3491
19345,3491
19346,3491
19347,3491
19348,3491
19349,3492
19350,3492
19351,3492
19352,3492
19353,3492
19354,3492
19355,3492
19356,3492
19357,3493
19358,3493
19359,3493
19360,3493
19361,3494
19362,3494
19363,3494
19364,3495
19365,3496
19366,3496
19367,3496
19368,3496
19369,3496
19370,3496
19371,3497
19372,3497
19373,3497
19374,3497
19375,3497
19376,3497
19377,3498
19378,3498
19379,3498
19380,3498
19381,3498
19382,3499
19383,3499
19384,3499
19385,3499
19386,3499
19387,3499
19388,3499
19389,3499
19390,3500
19391,3501
19392,3501
19393,3501
19394,3501
19395,3501
19396,3501
19397,3501
19398,3502
19399,3502
19400,3502
19401,3502
19402,3502
19403,3502
19404,3502
19405,3502
19406,3502
19407,3502
19408,3503
19409,3503
19410,3504
19411,3505
19412,3505
19413,3505
19414,3505
19415,3505
19416,3505
19417,3505
19418,3505
19419,3505
19420,3505
19421,3506
19422,3506
19423,3506
19424,3506
19425,3506
19426,3506
19427,3506
19428,3507
19429,3507
19430,3508
19431,3508
19432,3508
19433,3508
19434,3508
19435,3508
19436,3509
19437,3509
19438,3509
19439,3509
19440,3509
19441,3509
19442,3509
19443,3509
19444,3509
19445,3509
19446,3510
19447,3510
19448,3510
19449,3510
19450,3510
19451,3510
19452,3510
19453,3511
19454,3511
19455,3511
19456,3511
19457,3511
19458,3511
19459,3511
19460,3512
19461,3512
19462,3512
19463,3513
19464,3513
19465,3513
19466,3513
19467,3513
19468,3513
19469,3513
19470,3513
19471,3513
19472,3513
19473,3514
19474,3514
19475,3515
19476,3515
19477,3515
19478,3515
19479,3515
19480,3516
19481,3516
19482,3516
19483,3516
19484,3516
19485,3516
19486,3516
19487,3516
19488,3516
19489,3516
19490,3517
19491,3517
19492,3517
19493,3517
19494,3517
19495,3517
19496,3518
19497,3518
19498,3518
19499,3519
19500,3519
19501,3519
19502,3519
19503,3519
19504,3519
19505,3519
19506,3519
19507,3519
19508,3519
19509,3520
19510,3521
19511,3521
19512,3521
19513,3522
19514,3522
19515,3522
19516,3522
19517,3522
19518,3522
19519,3522
19520,3522
19521,3522
19522,3523
19523,3523
19524,3523
19525,3523
19526,3523
19527,3524
19528,3524
19529,3524
19530,3524
19531,3524
19532,3524
19533,3524
19534,3524
19535,3524
19536,3525
19537,3525
19538,3525
19539,3525
19540,3525
19541,3525
19542,3526
19543,3526
19544,3527
19545,3528
19546,3528
19547,3529
19548,3529
19549,3529
19550,3529
19551,3529
19552,3529
19553,3529
19554,3529
19555,3529
19556,3530
19557,3530
19558,3530
19559,3530
19560,3530
19561,3530
19562,3530
19563,3530
19564,3530
19565,3530
19566,3531
19567,3531
19568,3531
19569,3531
19570,3532
19571,3532
19572,3532
19573,3532
19574,3533
19575,3533
19576,3533
19577,3533
19578,3533
19579,3533
19580,3533
19581,3533
19582,3533
19583,3534
19584,3534
19585,3534
19586,3534
19587,3534
19588,3534
19589,3534
19590,3534
19591,3534
19592,3535
19593,3535
19594,3535
19595,3535
19596,3535
19597,3536
19598,3536
19599,3536
19600,3536
19601,3536
19602,3536
19603,3536
19604,3536
19605,3536
19606,3536
19607,3537
19608,3537
19609,3537
19610,3537
19611,3537
19612,3537
19613,3538
19614,3538
19615,3538
19616,3538
19617,3538
19618,3538
19619,3538
19620,3538
19621,3539
19622,3540
19623,3541
19624,3541
19625,3541
19626,3542
19627,3542
19628,3542
19629,3542
19630,3543
19631,3543
19632,3543
19633,3544
19634,3544
19635,3545
19636,3545
19637,3545
19638,3545
19639,3546
19640,3546
19641,3547
19642,3547
19643,3547
19644,3547
19645,3547
19646,3547
19647,3547
19648,3548
19649,3548
19650,3548
19651,3548
19652,3548
19653,3548
19654,3548
19655,3549
19656,3549
19657,3550
19658,3550
19659,3550
19660,3550
19661,3550
19662,3550
19663,3550
19664,3551
19665,3551
19666,3551
19667,3551
19668,3551
19669,3551
19670,3551
19671,3551
19672,3551
19673,3551
19674,3552
19675,3552
19676,3552
19677,3552
19678,3552
19679,3553
19680,3553
19681,3553
19682,3553
19683,3553
19684,3554
19685,3555
19686,3555
19687,3555
19688,3555
19689,3556
19690,3556
19691,3556
19692,3556
19693,3556
19694,3556
19695,3557
19696,3557
19697,3558
19698,3558
19699,3558
19700,3558
19701,3558
19702,3558
19703,3558
19704,3558
19705,3558
19706,3559
19707,3559
19708,3559
19709,3559
19710,3559
19711,3560
19712,3560
19713,3561
19714,3561
19715,3561
19716,3561
19717,3561
19718,3561
19719,3561
19720,3562
19721,3562
19722,3562
19723,3562
19724,3562
19725,3562
19726,3562
19727,3562
19728,3562
19729,3562
19730,3563
19731,3563
19732,3563
19733,3563
19734,3563
19735,3564
19736,3564
19737,3564
19738,3564
19739,3564
19740,3564
19741,3565
19742,3565
19743,3565
19744,3565
19745,3565
19746,3565
19747,3566
19748,3566
19749,3566
19750,3566
19751,3566
19752,3566
19753,3566
19754,3566
19755,3567
19756,3568
19757,3568
19758,3568
19759,3568
19760,3568
19761,3568
19762,3568
19763,3568
19764,3568
19765,3568
19766,3569
19767,3569
19768,3569
19769,3569
19770,3569
19771,3569
19772,3569
19773,3569
19774,3569
19775,3570
19776,3571
19777,3571
19778,3571
19779,3571
19780,3571
19781,3571
19782,3571
19783,3571
19784,3572
19785,3572
19786,3573
19787,3573
19788,3574
19789,3575
19790,3575
19791,3575
19792,3575
19793,3575
19794,3575
19795,3576
19796,3577
19797,3578
19798,3578
19799,3578
19800,3578
19801,3578
19802,3578
19803,3579
19804,3579
19805,3579
19806,3579
19807,3580
19808,3580
19809,3580
19810,3580
19811,3580
19812,3580
19813,3581
19814,3581
19815,3581
19816,3581
19817,3581
19818,3581
19819,3581
19820,3581
19821,3581
19822,3582
19823,3582
19824,3583
19825,3583
19826,3583
19827,3583
19828,3584
19829,3584
19830,3584
19831,3584
19832,3584
19833,3584
19834,3584
19835,3584
19836,3585
19837,3586
19838,3586
19839,3586
19840,3586
19841,3586
19842,3586
19843,3586
19844,3586
19845,3586
19846,3586
19847,3587
19848,3587
19849,3587
19850,3587
19851,3588
19852,3588
19853,3588
19854,3588
19855,3588
19856,3588
19857,3589
19858,3589
19859,3589
19860,3590
19861,3590
19862,3590
19863,3590
19864,3590
19865,3590
19866,3590
19867,3591
19868,3591
19869,3591
19870,3591
19871,3591
19872,3591
19873,3591
19874,3592
19875,3593
19876,3594
19877,3594
19878,3594
19879,3594
19880,3594
19881,3594
19882,3594
19883,3594
19884,3595
19885,3595
19886,3595
19887,3595
19888,3595
19889,3595
19890,3595
19891,3595
19892,3595
19893,3595
19894,3596
19895,3596
19896,3596
19897,3596
19898,3596
19899,3597
19900,3597
19901,3597
19902,3597
19903,3597
19904,3597
19905,3597
19906,3598
19907,3598
19908,3598
19909,3598
19910,3598
19911,3598
19912,3598
19913,3599
19914,3599
19915,3599
19916,3599
19917,3599
19918,3599
19919,3599
19920,3600
19921,3600
19922,3600
19923,3600
19924,3600
19925,3600
19926,3600
19927,3600
19928,3601
19929,3601
19930,3601
19931,3601
19932,3602
19933,3602
19934,3602
19935,3602
19936,3602
19937,3602
19938,3602
19939,3602
19940,3602
19941,3603
19942,3603
19943,3603
19944,3604
19945,3604
19946,3604
19947,3604
19948,3604
19949,3604
19950,3604
19951,3604
19952,3604
19953,3605
19954,3605
19955,3605
19956,3605
19957,3605
19958,3606
19959,3606
19960,3606
19961,3606
19962,3606
19963,3607
19964,3607
19965,3607
19966,3607
19967,3607
19968,3608
19969,3608
19970,3608
19971,3608
19972,3608
19973,3608
19974,3609
19975,3609
19976,3609
19977,3609
19978,3609
19979,3609
19980,3609
19981,3609
19982,3609
19983,3610
19984,3610
19985,3610
19986,3610
19987,3610
19988,3611
19989,3611
19990,3611
19991,3611
19992,3611
19993,3611
19994,3611
19995,3611
19996,3612
19997,3612
19998,3612
19999,3612
20000,3612
20001,3612
20002,3612
20003,3613
20004,3613
20005,3613
20006,3613
20007,3613
20008,3614
20009,3614
20010,3614
20011,3614
20012,3614
20013,3614
20014,3614
20015,3615
20016,3615
20017,3615
20018,3616
20019,3617
20020,3617
20021,3617
20022,3617
20023,3618
20024,3619
20025,3619
20026,3619
20027,3619
20028,3619
20029,3619
20030,3619
20031,3619
20032,3619
20033,3619
20034,3620
20035,3621
20036,3621
20037,3621
20038,3621
20039,3621
20040,3621
20041,3621
20042,3621
20043,3622
20044,3622
20045,3622
20046,3623
20047,3623
20048,3623
20049,3623
20050,3624
20051,3624
20052,3624
20053,3624
20054,3624
20055,3624
20056,3624
20057,3624
20058,3624
20059,3624
20060,3625
20061,3625
20062,3625
20063,3625
20064,3626
20065,3626
20066,3626
20067,3626
20068,3626
20069,3626
20070,3626
20071,3627
20072,3627
20073,3627
20074,3627
20075,3627
20076,3627
20077,3627
20078,3627
20079,3627
20080,3627
20081,3628
20082,3628
20083,3629
20084,3629
20085,3629
20086,3629
20087,3630
20088,3630
20089,3630
20090,3631
20091,3631
20092,3632
20093,3632
20094,3632
20095,3632
20096,3632
20097,3632
20098,3633
20099,3634
20100,3634
20101,3634
20102,3634
20103,3634
20104,3634
20105,3634
20106,3634
20107,3635
20108,3635
20109,3636
20110,3636
20111,3636
20112,3636
20113,3636
20114,3636
20115,3636
20116,3637
20117,3637
20118,3637
20119,3637
20120,3637
20121,3637
20122,3637
20123,3638
20124,3638
20125,3638
20126,3638
20127,3638
20128,3638
20129,3638
20130,3638
20131,3638
20132,3638
20133,3639
20134,3639
20135,3639
20136,3639
20137,3639
20138,3639
20139,3639
20140,3640
20141,3640
20142,3640
20143,3641
20144,3641
20145,3641
20146,3641
20147,3641
20148,3641
20149,3642
20150,3642
20151,3642
20152,3642
20153,3642
20154,3642
20155,3642
20156,3642
20157,3643
20158,3643
20159,3643
20160,3643
20161,3643
20162,3643
20163,3643
20164,3644
20165,3644
20166,3644
20167,3644
20168,3644
20169,3645
20170,3645
20171,3645
20172,3645
20173,3645
20174,3645
20175,3645
20176,3645
20177,3646
20178,3646
20179,3646
20180,3647
20181,3647
20182,3647
20183,3647
20184,3647
20185,3647
20186,3647
20187,3647
20188,3647
20189,3647
20190,3648
20191,3648
20192,3648
20193,3648
20194,3648
20195,3648
20196,3648
20197,3649
20198,3649
20199,3649
20200,3649
20201,3650
20202,3650
20203,3650
20204,3650
20205,3650
20206,3651
20207,3651
20208,3651
20209,3651
20210,3651
20211,3652
20212,3652
20213,3652
20214,3652
20215,3652
20216,3652
20217,3652
20218,3652
20219,3652
20220,3652
20221,3653
20222,3653
20223,3653
20224,3653
20225,3653
20226,3653
20227,3653
20228,3653
20229,3653
20230,3653
20231,3654
20232,3654
20233,3654
20234,3654
20235,3654
20236,3654
20237,3654
20238,3654
20239,3654
20240,3655
20241,3655
20242,3655
20243,3656
20244,3656
20245,3656
20246,3656
20247,3656
20248,3656
20249,3656
20250,3657
20251,3657
20252,3657
20253,3657
20254,3657
20255,3657
20256,3657
20257,3657
20258,3657
20259,3657
20260,3658
20261,3658
20262,3658
20263,3658
20264,3658
20265,3659
20266,3659
20267,3659
20268,3659
20269,3659
20270,3660
20271,3661
20272,3661
20273,3661
20274,3661
20275,3662
20276,3662
20277,3663
20278,3663
20279,3663
20280,3663
20281,3663
20282,3663
20283,3663
20284,3663
20285,3664
20286,3665
20287,3665
20288,3665
20289,3665
20290,3666
20291,3666
20292,3666
20293,3666
20294,3666
20295,3666
20296,3666
20297,3666
20298,3667
20299,3667
20300,3667
20301,3667
20302,3667
20303,3668
20304,3668
20305,3668
20306,3669
20307,3669
20308,3669
20309,3669
20310,3669
20311,3669
20312,3669
20313,3670
20314,3670
20315,3670
20316,3670
20317,3670
20318,3670
20319,3671
20320,3671
20321,3671
20322,3671
20323,3671
20324,3671
20325,3672
20326,3672
20327,3672
20328,3672
20329,3672
20330,3672
20331,3672
20332,3672
20333,3672
20334,3673
20335,3673
20336,3673
20337,3673
20338,3673
20339,3673
20340,3674
20341,3674
20342,3674
20343,3674
20344,3675
20345,3675
20346,3675
20347,3676
20348,3676
20349,3676
20350,3676
20351,3676
20352,3676
20353,3676
20354,3676
20355,3677
20356,3678
20357,3678
20358,3678
20359,3678
20360,3678
20361,3678
20362,3678
20363,3679
20364,3679
20365,3679
20366,3679
20367,3679
20368,3680
20369,3680
20370,3680
20371,3680
20372,3680
20373,3680
20374,3680
20375,3680
20376,3680
20377,3681
20378,3681
20379,3681
20380,3681
20381,3681
20382,3681
20383,3681
20384,3681
20385,3681
20386,3682
20387,3683
20388,3684
20389,3684
20390,3684
20391,3685
20392,3686
20393,3687
20394,3687
20395,3687
20396,3687
20397,3687
20398,3687
20399,3688
20400,3688
20401,3688
20402,3688
20403,3688
20404,3688
20405,3688
20406,3688
20407,3688
20408,3688
20409,3689
20410,3689
20411,3689
20412,3689
20413,3689
20414,3689
20415,3689
20416,3689
20417,3689
20418,3690
20419,3690
20420,3690
20421,3690
20422,3690
20423,3690
20424,3690
20425,3690
20426,3691
20427,3691
20428,3692
20429,3692
20430,3692
20431,3692
20432,3692
20433,3692
20434,3692
20435,3692
20436,3692
20437,3692
20438,3693
20439,3693
20440,3693
20441,3694
20442,3694
20443,3694
20444,3694
20445,3694
20446,3694
20447,3694
20448,3694
20449,3694
20450,3695
20451,3695
20452,3695
20453,3696
20454,3696
20455,3696
20456,3696
20457,3696
20458,3696
20459,3696
20460,3696
20461,3697
20462,3697
20463,3697
20464,3697
20465,3697
20466,3697
20467,3697
20468,3697
20469,3697
20470,3698
20471,3699
20472,3699
20473,3699
20474,3699
20475,3699
20476,3700
20477,3700
20478,3700
20479,3700
20480,3700
20481,3700
20482,3700
20483,3701
20484,3701
20485,3701
20486,3701
20487,3701
20488,3701
20489,3701
20490,3701
20491,3701
20492,3702
20493,3702
20494,3703
20495,3703
20496,3703
20497,3703
20498,3703
20499,3703
20500,3703
20501,3703
20502,3703
20503,3703
20504,3704
20505,3704
20506,3704
20507,3704
20508,3704
20509,3704
20510,3704
20511,3705
20512,3705
20513,3706
20514,3706
20515,3706
20516,3706
20517,3706
20518,3706
20519,3706
20520,3706
20521,3706
20522,3707
20523,3707
20524,3707
20525,3707
20526,3707
20527,3707
20528,3707
20529,3707
20530,3707
20531,3707
20532,3708
20533,3708
20534,3708
20535,3708
20536,3708
20537,3708
20538,3709
20539,3709
20540,3709
20541,3709
20542,3709
20543,3709
20544,3709
20545,3710
20546,3710
20547,3711
20548,3711
20549,3711
20550,3711
20551,3711
20552,3712
20553,3712
20554,3712
20555,3712
20556,3712
20557,3712
20558,3713
20559,3713
20560,3713
20561,3713
20562,3713
20563,3713
20564,3713
20565,3713
20566,3713
20567,3714
20568,3714
20569,3714
20570,3714
20571,3714
20572,3715
20573,3715
20574,3715
20575,3715
20576,3715
20577,3715
20578,3716
20579,3716
20580,3716
20581,3716
20582,3717
20583,3717
20584,3717
20585,3717
20586,3717
20587,3717
20588,3717
20589,3717
20590,3718
20591,3718
20592,3719
20593,3719
20594,3719
20595,3719
20596,3719
20597,3719
20598,3719
20599,3719
20600,3719
20601,3719
20602,3720
20603,3720
20604,3720
20605,3720
20606,3720
20607,3721
20608,3721
20609,3721
20610,3721
20611,3721
20612,3721
20613,3721
20614,3721
20615,3721
20616,3722
20617,3722
20618,3722
20619,3722
20620,3723
20621,3723
20622,3723
20623,3724
20624,3724
20625,3724
20626,3724
20627,3724
20628,3724
20629,3724
20630,3724
20631,3724
20632,3724
20633,3725
20634,3725
20635,3725
20636,3725
20637,3725
20638,3725
20639,3725
20640,3725
20641,3725
20642,3726
20643,3726
20644,3726
20645,3726
20646,3726
20647,3726
20648,3727
20649,3727
20650,3727
20651,3727
20652,3727
20653,3727
20654,3727
20655,3728
20656,3729
20657,3729
20658,3729
20659,3730
20660,3731
20661,3731
20662,3731
20663,3731
20664,3731
20665,3731
20666,3731
20667,3731
20668,3732
20669,3732
20670,3732
20671,3732
20672,3733
20673,3734
20674,3734
20675,3734
20676,3734
20677,3734
20678,3734
20679,3734
20680,3735
20681,3735
20682,3735
20683,3736
20684,3737
20685,3737
20686,3738
20687,3738
20688,3738
20689,3738
20690,3738
20691,3739
20692,3740
20693,3741
20694,3741
20695,3741
20696,3741
20697,3741
20698,3741
20699,3742
20700,3742
20701,3742
20702,3742
20703,3742
20704,3743
20705,3744
20706,3744
20707,3744
20708,3744
20709,3744
20710,3744
20711,3744
20712,3744
20713,3745
20714,3745
20715,3745
20716,3745
20717,3745
20718,3745
20719,3745
20720,3745
20721,3745
20722,3745
20723,3746
20724,3746
20725,3746
20726,3746
20727,3746
20728,3746
20729,3747
20730,3747
20731,3747
20732,3747
20733,3747
20734,3747
20735,3747
20736,3747
20737,3748
20738,3749
20739,3749
20740,3749
20741,3749
20742,3749
20743,3749
20744,3750
20745,3750
20746,3750
20747,3750
20748,3750
20749,3750
20750,3751
20751,3751
20752,3751
20753,3752
20754,3752
20755,3752
20756,3752
20757,3752
20758,3752
20759,3753
20760,3753
20761,3754
20762,3754
20763,3754
20764,3754
20765,3754
20766,3754
20767,3754
20768,3754
20769,3754
20770,3754
20771,3755
20772,3755
20773,3755
20774,3755
20775,3755
20776,3755
20777,3756
20778,3756
20779,3756
20780,3756
20781,3757
20782,3757
20783,3757
20784,3757
20785,3757
20786,3757
20787,3757
20788,3757
20789,3757
20790,3758
20791,3759
20792,3759
20793,3760
20794,3760
20795,3760
20796,3760
20797,3760
20798,3760
20799,3760
20800,3760
20801,3760
20802,3760
20803,3761
20804,3761
20805,3761
20806,3762
20807,3762
20808,3762
20809,3762
20810,3762
20811,3762
20812,3762
20813,3762
20814,3763
20815,3763
20816,3763
20817,3763
20818,3763
20819,3764
20820,3764
20821,3764
20822,3764
20823,3764
20824,3765
20825,3765
20826,3765
20827,3765
20828,3765
20829,3765
20830,3765
20831,3765
20832,3765
20833,3765
20834,3766
20835,3766
20836,3766
20837,3767
20838,3767
20839,3767
20840,3767
20841,3767
20842,3767
20843,3768
20844,3769
20845,3769
20846,3769
20847,3769
20848,3769
20849,3769
20850,3770
20851,3770
20852,3770
20853,3770
20854,3770
20855,3770
20856,3770
20857,3771
20858,3771
20859,3771
20860,3771
20861,3771
20862,3771
20863,3771
20864,3771
20865,3771
20866,3772
20867,3772
20868,3772
20869,3772
20870,3772
20871,3772
20872,3772
20873,3772
20874,3773
20875,3774
20876,3774
20877,3774
20878,3774
20879,3774
20880,3775
20881,3775
20882,3776
20883,3776
20884,3776
20885,3776
20886,3776
20887,3776
20888,3776
20889,3777
20890,3777
20891,3777
20892,3777
20893,3777
20894,3777
20895,3777
20896,3777
20897,3777
20898,3778
20899,3778
20900,3778
20901,3778
20902,3778
20903,3778
20904,3778
20905,3779
20906,3779
20907,3780
20908,3780
20909,3780
20910,3780
20911,3780
20912,3780
20913,3780
20914,3780
20915,3781
20916,3781
20917,3781
20918,3781
20919,3781
20920,3781
20921,3781
20922,3781
20923,3781
20924,3781
20925,3782
20926,3782
20927,3782
20928,3782
20929,3782
20930,3782
20931,3782
20932,3783
20933,3783
20934,3783
20935,3784
20936,3784
20937,3784
20938,3784
20939,3785
20940,3785
20941,3785
20942,3785
20943,3785
20944,3785
20945,3786
20946,3786
20947,3786
20948,3786
20949,3786
20950,3786
20951,3786
20952,3786
20953,3787
20954,3787
20955,3787
20956,3787
20957,3787
20958,3787
20959,3787
20960,3787
20961,3787
20962,3787
20963,3788
20964,3788
20965,3788
20966,3788
20967,3788
20968,3788
20969,3789
20970,3789
20971,3790
20972,3790
20973,3790
20974,3790
20975,3790
20976,3790
20977,3790
20978,3790
20979,3791
20980,3791
20981,3791
20982,3791
20983,3791
20984,3791
20985,3791
20986,3792
20987,3792
20988,3792
20989,3792
20990,3793
20991,3793
20992,3793
20993,3794
20994,3794
20995,3794
20996,3794
20997,3794
20998,3794
20999,3794
21000,3794
21001,3795
21002,3795
21003,3795
21004,3795
21005,3796
21006,3796
21007,3796
21008,3796
21009,3796
21010,3797
21011,3797
21012,3798
21013,3798
21014,3798
21015,3798
21016,3798
21017,3799
21018,3799
21019,3799
21020,3799
21021,3799
21022,3800
21023,3800
21024,3800
21025,3800
21026,3800
21027,3800
21028,3800
21029,3800
21030,3800
21031,3800
21032,3801
21033,3801
21034,3801
21035,3801
21036,3802
21037,3802
21038,3802
21039,3802
21040,3802
21041,3802
21042,3802
21043,3802
21044,3802
21045,3803
21046,3803
21047,3803
21048,3803
21049,3803
21050,3803
21051,3803
21052,3804
21053,3804
21054,3804
21055,3805
21056,3805
21057,3805
21058,3805
21059,3805
21060,3805
21061,3806
21062,3806
21063,3806
21064,3806
21065,3806
21066,3806
21067,3807
21068,3807
21069,3807
21070,3807
21071,3807
21072,3807
21073,3807
21074,3807
21075,3807
21076,3807
21077,3808
21078,3808
21079,3808
21080,3809
21081,3810
21082,3810
21083,3810
21084,3810
21085,3810
21086,3810
21087,3810
21088,3810
21089,3810
21090,3811
21091,3812
21092,3812
21093,3812
21094,3813
21095,3813
21096,3813
21097,3813
21098,3813
21099,3813
21100,3814
21101,3814
21102,3814
21103,3814
21104,3814
21105,3814
21106,3814
21107,3814
21108,3814
21109,3815
21110,3815
21111,3815
21112,3816
21113,3816
21114,3816
21115,3816
21116,3816
21117,3816
21118,3816
21119,3817
21120,3817
21121,3817
21122,3817
21123,3817
21124,3817
21125,3817
21126,3817
21127,3817
21128,3818
21129,3818
21130,3818
21131,3819
21132,3819
21133,3819
21134,3819
21135,3819
21136,3819
21137,3819
21138,3819
21139,3819
21140,3819
21141,3820
21142,3820
21143,3820
21144,3820
21145,3820
21146,3820
21147,3821
21148,3821
21149,3822
21150,3822
21151,3822
21152,3822
21153,3822
21154,3822
21155,3823
21156,3824
21157,3824
21158,3824
21159,3824
21160,3824
21161,3825
21162,3825
21163,3825
21164,3825
21165,3825
21166,3826
21167,3827
21168,3828
21169,3828
21170,3828
21171,3828
21172,3828
21173,3828
21174,3828
21175,3828
21176,3828
21177,3828
21178,3829
21179,3829
21180,3829
21181,3829
21182,3829
21183,3829
21184,3829
21185,3829
21186,3829
21187,3829
21188,3830
21189,3830
21190,3830
21191,3831
21192,3831
21193,3832
21194,3832
21195,3832
21196,3832
21197,3832
21198,3832
21199,3832
21200,3832
21201,3832
21202,3833
21203,3833
21204,3833
21205,3833
21206,3833
21207,3834
21208,3834
21209,3834
21210,3834
21211,3834
21212,3835
21213,3835
21214,3835
21215,3836
21216,3837
21217,3837
21218,3837
21219,3837
21220,3838
21221,3838
21222,3838
21223,3838
21224,3839
21225,3839
21226,3839
21227,3840
21228,3840
21229,3840
21230,3840
21231,3840
21232,3841
21233,3841
21234,3841
21235,3841
21236,3841
21237,3841
21238,3842
21239,3842
21240,3843
21241,3843
21242,3843
21243,3843
21244,3843
21245,3843
21246,3843
21247,3844
21248,3844
21249,3844
21250,3844
21251,3844
21252,3844
21253,3844
21254,3844
21255,3844
21256,3844
21257,3845
21258,3846
21259,3846
21260,3846
21261,3847
21262,3847
21263,3847
21264,3847
21265,3848
21266,3848
21267,3849
21268,3849
21269,3850
21270,3850
21271,3851
21272,3851
21273,3851
21274,3851
21275,3851
21276,3852
21277,3852
21278,3852
21279,3852
21280,3852
21281,3852
21282,3852
21283,3852
21284,3853
21285,3853
21286,3854
21287,3854
21288,3854
21289,3854
21290,3854
21291,3854
21292,3854
21293,3855
21294,3855
21295,3855
21296,3855
21297,3855
21298,3855
21299,3855
21300,3855
21301,3855
21302,3855
21303,3856
21304,3857
21305,3857
21306,3857
21307,3857
21308,3857
21309,3857
21310,3857
21311,3858
21312,3858
21313,3858
21314,3858
21315,3858
21316,3858
21317,3858
21318,3858
21319,3858
21320,3859
21321,3860
21322,3860
21323,3860
21324,3860
21325,3860
21326,3860
21327,3861
21328,3861
21329,3861
21330,3861
21331,3861
21332,3861
21333,3861
21334,3861
21335,3861
21336,3861
21337,3862
21338,3863
21339,3863
21340,3864
21341,3864
21342,3864
21343,3864
21344,3864
21345,3865
21346,3865
21347,3865
21348,3865
21349,3865
21350,3865
21351,3865
21352,3865
21353,3866
21354,3866
21355,3866
21356,3866
21357,3866
21358,3867
21359,3867
21360,3867
21361,3867
21362,3867
21363,3867
21364,3867
21365,3868
21366,3868
21367,3868
21368,3869
21369,3869
21370,3869
21371,3869
21372,3869
21373,3869
21374,3869
21375,3869
21376,3869
21377,3869
21378,3870
21379,3870
21380,3870
21381,3871
21382,3871
21383,3871
21384,3871
21385,3871
21386,3871
21387,3871
21388,3871
21389,3871
21390,3872
21391,3872
21392,3872
21393,3872
21394,3872
21395,3872
21396,3873
21397,3873
21398,3873
21399,3873
21400,3873
21401,3873
21402,3873
21403,3873
21404,3874
21405,3874
21406,3874
21407,3874
21408,3874
21409,3874
21410,3874
21411,3875
21412,3876
21413,3876
21414,3876
21415,3877
21416,3877
21417,3877
21418,3878
21419,3878
21420,3878
21421,3878
21422,3879
21423,3879
21424,3879
21425,3879
21426,3879
21427,3880
21428,3880
21429,3880
21430,3880
21431,3880
21432,3880
21433,3880
21434,3880
21435,3880
21436,3880
21437,3881
21438,3881
21439,3881
21440,3881
21441,3881
21442,3881
21443,3881
21444,3882
21445,3882
21446,3883
21447,3883
21448,3883
21449,3883
21450,3883
21451,3883
21452,3883
21453,3883
21454,3884
21455,3884
21456,3884
21457,3884
21458,3884
21459,3884
21460,3884
21461,3884
21462,3884
21463,3884
21464,3885
21465,3885
21466,3885
21467,3886
21468,3886
21469,3886
21470,3886
21471,3887
21472,3887
21473,3887
21474,3887
21475,3887
21476,3887
21477,3887
21478,3888
21479,3889
21480,3890
21481,3890
21482,3891
21483,3891
21484,3891
21485,3891
21486,3891
21487,3892
21488,3892
21489,3892
21490,3892
21491,3892
21492,3893
21493,3893
21494,3893
21495,3894
21496,3894
21497,3894
21498,3894
21499,3894
21500,3894
21501,3894
21502,3894
21503,3895
21504,3895
21505,3895
21506,3895
21507,3895
21508,3895
21509,3895
21510,3895
21511,3895
21512,3895
21513,3896
21514,3896
21515,3897
21516,3897
21517,3898
21518,3899
21519,3899
21520,3899
21521,3899
21522,3899
21523,3899
21524,3899
21525,3899
21526,3900
21527,3900
21528,3900
21529,3900
21530,3900
21531,3900
21532,3900
21533,3900
21534,3900
21535,3901
21536,3902
21537,3902
21538,3902
21539,3902
21540,3902
21541,3902
21542,3903
21543,3903
21544,3903
21545,3903
21546,3903
21547,3904
21548,3904
21549,3904
21550,3904
21551,3904
21552,3904
21553,3904
21554,3904
21555,3904
21556,3904
21557,3905
21558,3905
21559,3905
21560,3905
21561,3905
21562,3905
21563,3905
21564,3905
21565,3905
21566,3906
21567,3906
21568,3906
21569,3906
21570,3906
21571,3906
21572,3906
21573,3906
21574,3907
21575,3907
21576,3907
21577,3907
21578,3907
21579,3907
21580,3907
21581,3907
21582,3907
21583,3907
21584,3908
21585,3908
21586,3909
21587,3909
21588,3909
21589,3909
21590,3909
21591,3909
21592,3909
21593,3910
21594,3910
21595,3910
21596,3910
21597,3910
21598,3910
21599,3910
21600,3910
21601,3910
21602,3911
21603,3911
21604,3911
21605,3911
21606,3911
21607,3911
21608,3911
21609,3911
21610,3911
21611,3911
21612,3912
21613,3913
21614,3913
21615,3913
21616,3913
21617,3914
21618,3914
21619,3914
21620,3914
21621,3914
21622,3914
21623,3914
21624,3915
21625,3915
21626,3915
21627,3915
21628,3915
21629,3915
21630,3915
21631,3915
21632,3915
21633,3915
21634,3916
21635,3916
21636,3917
21637,3917
21638,3917
21639,3917
21640,3917
21641,3917
21642,3918
21643,3918
21644,3918
21645,3918
21646,3918
21647,3919
21648,3919
21649,3919
21650,3919
21651,3919
21652,3920
21653,3920
21654,3920
21655,3920
21656,3920
21657,3920
21658,3920
21659,3920
21660,3921
21661,3921
21662,3921
21663,3921
21664,3921
21665,3921
21666,3921
21667,3922
21668,3922
21669,3923
21670,3923
21671,3923
21672,3923
21673,3923
21674,3923
21675,3923
21676,3923
21677,3923
21678,3924
21679,3924
21680,3924
21681,3924
21682,3924
21683,3925
21684,3925
21685,3925
21686,3925
21687,3925
21688,3925
21689,3925
21690,3925
21691,3925
21692,3926
21693,3926
21694,3926
21695,3926
21696,3926
21697,3926
21698,3926
21699,3926
21700,3927
21701,3927
21702,3927
21703,3927
21704,3927
21705,3927
21706,3927
21707,3927
21708,3927
21709,3927
21710,3928
21711,3929
21712,3929
21713,3929
21714,3930
21715,3930
21716,3931
21717,3931
21718,3931
21719,3932
21720,3932
21721,3932
21722,3932
21723,3932
21724,3932
21725,3933
21726,3933
21727,3933
21728,3933
21729,3933
21730,3933
21731,3933
21732,3934
21733,3934
21734,3934
21735,3934
21736,3934
21737,3934
21738,3935
21739,3935
21740,3935
21741,3935
21742,3935
21743,3935
21744,3936
21745,3936
21746,3936
21747,3936
21748,3937
21749,3937
21750,3937
21751,3937
21752,3937
21753,3937
21754,3937
21755,3938
21756,3939
21757,3939
21758,3939
21759,3939
21760,3939
21761,3939
21762,3939
21763,3939
21764,3939
21765,3940
21766,3940
21767,3940
21768,3940
21769,3940
21770,3940
21771,3940
21772,3940
21773,3940
21774,3940
21775,3941
21776,3942
21777,3942
21778,3942
21779,3942
21780,3942
21781,3942
21782,3942
21783,3942
21784,3942
21785,3943
21786,3943
21787,3943
21788,3943
21789,3943
21790,3943
21791,3943
21792,3943
21793,3943
21794,3944
21795,3944
21796,3944
21797,3944
21798,3944
21799,3944
21800,3944
21801,3944
21802,3945
21803,3945
21804,3945
21805,3945
21806,3945
21807,3945
21808,3945
21809,3945
21810,3945
21811,3945
21812,3946
21813,3946
21814,3946
21815,3946
21816,3946
21817,3947
21818,3947
21819,3947
21820,3947
21821,3947
21822,3948
21823,3948
21824,3948
21825,3948
21826,3948
21827,3948
21828,3948
21829,3948
21830,3948
21831,3949
21832,3949
21833,3949
21834,3949
21835,3950
21836,3950
21837,3950
21838,3950
21839,3950
21840,3950
21841,3950
21842,3950
21843,3950
21844,3950
21845,3951
21846,3952
21847,3952
21848,3952
21849,3952
21850,3952
21851,3952
21852,3952
21853,3953
21854,3953
21855,3953
21856,3953
21857,3953
21858,3953
21859,3953
21860,3953
21861,3953
21862,3954
21863,3955
21864,3955
21865,3956
21866,3956
21867,3956
21868,3957
21869,3957
21870,3957
21871,3957
21872,3957
21873,3957
21874,3957
21875,3957
21876,3958
21877,3958
21878,3958
21879,3958
21880,3958
21881,3959
21882,3959
21883,3960
21884,3960
21885,3960
21886,3960
21887,3960
21888,3960
21889,3960
21890,3960
21891,3960
21892,3960
21893,3961
21894,3961
21895,3961
21896,3961
21897,3961
21898,3962
21899,3962
21900,3962
21901,3962
21902,3962
21903,3963
21904,3963
21905,3963
21906,3963
21907,3963
21908,3963
21909,3963
21910,3963
21911,3963
21912,3963
21913,3964
21914,3964
21915,3964
21916,3964
21917,3964
21918,3964
21919,3964
21920,3964
21921,3964
21922,3965
21923,3966
21924,3967
21925,3967
21926,3967
21927,3967
21928,3967
21929,3967
21930,3967
21931,3968
21932,3968
21933,3969
21934,3969
21935,3969
21936,3969
21937,3969
21938,3969
21939,3970
21940,3970
21941,3970
21942,3970
21943,3970
21944,3970
21945,3970
21946,3971
21947,3971
21948,3971
21949,3971
21950,3971
21951,3971
21952,3971
21953,3971
21954,3972
21955,3972
21956,3972
21957,3973
21958,3973
21959,3973
21960,3974
21961,3974
21962,3974
21963,3974
21964,3974
21965,3974
21966,3974
21967,3975
21968,3975
21969,3975
21970,3976
21971,3976
21972,3976
21973,3976
21974,3976
21975,3976
21976,3976
21977,3976
21978,3977
21979,3977
21980,3977
21981,3977
21982,3977
21983,3977
21984,3977
21985,3977
21986,3978
21987,3978
21988,3978
21989,3978
21990,3978
21991,3979
21992,3979
21993,3979
21994,3979
21995,3979
21996,3979
21997,3979
21998,3979
21999,3979
22000,3979
22001,3980
22002,3980
22003,3981
22004,3981
22005,3981
22006,3981
22007,3981
22008,3981
22009,3981
22010,3981
22011,3981
22012,3981
22013,3982
22014,3982
22015,3982
22016,3982
22017,3982
22018,3982
22019,3982
22020,3982
22021,3983
22022,3983
22023,3983
22024,3983
22025,3983
22026,3983
22027,3984
22028,3984
22029,3984
22030,3984
22031,3984
22032,3984
22033,3984
22034,3984
22035,3984
22036,3984
22037,3985
22038,3985
22039,3985
22040,3986
22041,3986
22042,3986
22043,3986
22044,3986
22045,3986
22046,3987
22047,3987
22048,3987
22049,3987
22050,3987
22051,3988
22052,3988
22053,3988
22054,3988
22055,3988
22056,3989
22057,3989
22058,3989
22059,3989
22060,3989
22061,3989
22062,3989
22063,3990
22064,3990
22065,3990
22066,3990
22067,3990
22068,3990
22069,3990
22070,3991
22071,3991
22072,3991
22073,3991
22074,3991
22075,3991
22076,3991
22077,3991
22078,3992
22079,3992
22080,3992
22081,3992
22082,3992
22083,3992
22084,3992
22085,3993
22086,3993
22087,3993
22088,3993
22089,3993
22090,3993
22091,3993
22092,3994
22093,3994
22094,3994
22095,3994
22096,3995
22097,3996
22098,3997
22099,3997
22100,3997
22101,3997
22102,3997
22103,3997
22104,3997
22105,3997
22106,3997
22107,3998
22108,3998
22109,3998
22110,3998
22111,3998
22112,3998
22113,3998
22114,3998
22115,3998
22116,3999
22117,3999
22118,3999
22119,3999
22120,3999
22121,3999
22122,3999
22123,4000
22124,4000
22125,4001
22126,4001
22127,4001
22128,4001
22129,4001
22130,4002
22131,4002
22132,4002
22133,4002
22134,4002
22135,4002
22136,4002
22137,4002
22138,4002
22139,4002
22140,4003
22141,4003
22142,4003
22143,4003
22144,4003
22145,4003
22146,4003
22147,4003
22148,4003
22149,4003
22150,4004
22151,4004
22152,4004
22153,4004
22154,4004
22155,4004
22156,4004
22157,4004
22158,4004
22159,4004
22160,4005
22161,4005
22162,4005
22163,4005
22164,4005
22165,4005
22166,4006
22167,4006
22168,4006
22169,4006
22170,4006
22171,4006
22172,4006
22173,4007
22174,4007
22175,4007
22176,4007
22177,4007
22178,4007
22179,4007
22180,4007
22181,4007
22182,4008
22183,4008
22184,4008
22185,4008
22186,4008
22187,4008
22188,4008
22189,4008
22190,4008
22191,4008
22192,4009
22193,4010
22194,4010
22195,4010
22196,4010
22197,4010
22198,4011
22199,4012
22200,4012
22201,4013
22202,4013
22203,4014
22204,4014
22205,4014
22206,4015
22207,4015
22208,4015
22209,4015
22210,4015
22211,4015
22212,4015
22213,4016
22214,4016
22215,4016
22216,4016
22217,4016
22218,4016
22219,4016
22220,4016
22221,4016
22222,4016
22223,4017
22224,4018
22225,4018
22226,4018
22227,4018
22228,4018
22229,4018
22230,4018
22231,4018
22232,4018
22233,4019
22234,4019
22235,4019
22236,4019
22237,4019
22238,4019
22239,4019
22240,4020
22241,4020
22242,4020
22243,4020
22244,4020
22245,4021
22246,4021
22247,4022
22248,4022
22249,4022
22250,4022
22251,4022
22252,4022
22253,4022
22254,4022
22255,4022
22256,4022
22257,4023
22258,4023
22259,4023
22260,4023
22261,4023
22262,4023
22263,4023
22264,4024
22265,4025
22266,4025
22267,4025
22268,4025
22269,4025
22270,4025
22271,4025
22272,4025
22273,4026
22274,4026
22275,4026
22276,4026
22277,4026
22278,4026
22279,4026
22280,4027
22281,4028
22282,4028
22283,4028
22284,4028
22285,4028
22286,4029
22287,4030
22288,4030
22289,4031
22290,4031
22291,4031
22292,4031
22293,4031
22294,4031
22295,4031
22296,4031
22297,4031
22298,4031
22299,4032
22300,4032
22301,4032
22302,4032
22303,4032
22304,4033
22305,4033
22306,4033
22307,4033
22308,4033
22309,4033
22310,4033
22311,4033
22312,4033
22313,4034
22314,4034
22315,4034
22316,4034
22317,4034
22318,4034
22319,4034
22320,4034
22321,4034
22322,4035
22323,4035
22324,4035
22325,4035
22326,4035
22327,4035
22328,4035
22329,4035
22330,4035
22331,4036
22332,4036
22333,4036
22334,4036
22335,4037
22336,4037
22337,4037
22338,4037
22339,4038
22340,4038
22341,4038
22342,4039
22343,4039
22344,4039
22345,4039
22346,4039
22347,4039
22348,4039
22349,4039
22350,4039
22351,4040
22352,4040
22353,4040
22354,4040
22355,4040
22356,4040
22357,4041
22358,4041
22359,4041
22360,4042
22361,4042
22362,4042
22363,4042
22364,4042
22365,4042
22366,4042
22367,4043
22368,4043
22369,4043
22370,4043
22371,4043
22372,4043
22373,4043
22374,4043
22375,4043
22376,4044
22377,4044
22378,4044
22379,4044
22380,4044
22381,4044
22382,4044
22383,4044
22384,4044
22385,4045
22386,4046
22387,4046
22388,4046
22389,4046
22390,4046
22391,4046
22392,4047
22393,4047
22394,4047
22395,4047
22396,4048
22397,4048
22398,4048
22399,4048
22400,4048
22401,4048
22402,4048
22403,4048
22404,4048
22405,4048
22406,4049
22407,4049
22408,4049
22409,4049
22410,4049
22411,4050
22412,4050
22413,4050
22414,4050
22415,4051
22416,4051
22417,4051
22418,4051
22419,4051
22420,4051
22421,4051
22422,4051
22423,4052
22424,4053
22425,4053
22426,4053
22427,4053
22428,4053
22429,4053
22430,4054
22431,4054
22432,4054
22433,4054
22434,4054
22435,4055
22436,4055
22437,4055
22438,4055
22439,4056
22440,4056
22441,4056
22442,4056
22443,4056
22444,4056
22445,4056
22446,4056
22447,4056
22448,4056
22449,4057
22450,4057
22451,4057
22452,4057
22453,4057
22454,4057
22455,4057
22456,4057
22457,4057
22458,4057
22459,4058
22460,4059
22461,4059
22462,4059
22463,4059
22464,4060
22465,4061
22466,4061
22467,4061
22468,4062
22469,4062
22470,4062
22471,4062
22472,4062
22473,4062
22474,4062
22475,4063
22476,4063
22477,4063
22478,4063
22479,4063
22480,4063
22481,4063
22482,4064
22483,4064
22484,4065
22485,4066
22486,4066
22487,4066
22488,4066
22489,4066
22490,4066
22491,4066
22492,4066
22493,4066
22494,4067
22495,4067
22496,4067
22497,4067
22498,4067
22499,4067
22500,4067
22501,4067
22502,4068
22503,4068
22504,4068
22505,4068
22506,4068
22507,4068
22508,4068
22509,4068
22510,4069
22511,4069
22512,4069
22513,4069
22514,4069
22515,4069
22516,4069
22517,4070
22518,4070
22519,4071
22520,4071
22521,4071
22522,4071
22523,4071
22524,4071
22525,4071
22526,4071
22527,4071
22528,4072
22529,4072
22530,4072
22531,4073
22532,4073
22533,4073
22534,4073
22535,4073
22536,4074
22537,4074
22538,4074
22539,4075
22540,4075
22541,4075
22542,4075
22543,4075
22544,4075
22545,4075
22546,4076
22547,4076
22548,4076
22549,4076
22550,4076
22551,4076
22552,4076
22553,4076
22554,4076
22555,4076
22556,4077
22557,4078
22558,4078
22559,4078
22560,4079
22561,4079
22562,4080
22563,4080
22564,4080
22565,4081
22566,4081
22567,4082
22568,4082
22569,4083
22570,4083
22571,4083
22572,4083
22573,4083
22574,4083
22575,4083
22576,4083
22577,4084
22578,4084
22579,4084
22580,4084
22581,4084
22582,4084
22583,4084
22584,4084
22585,4085
22586,4085
22587,4085
22588,4085
22589,4085
22590,4085
22591,4085
22592,4085
22593,4085
22594,4085
22595,4086
22596,4086
22597,4086
22598,4086
22599,4086
22600,4086
22601,4087
22602,4087
22603,4087
22604,4087
22605,4087
22606,4087
22607,4087
22608,4087
22609,4088
22610,4088
22611,4088
22612,4089
22613,4089
22614,4089
22615,4089
22616,4089
22617,4089
22618,4089
22619,4089
22620,4090
22621,4090
22622,4090
22623,4090
22624,4090
22625,4090
22626,4090
22627,4090
22628,4090
22629,4090
22630,4091
22631,4091
22632,4092
22633,4092
22634,4092
22635,4092
22636,4092
22637,4092
22638,4092
22639,4093
22640,4094
22641,4094
22642,4094
22643,4094
22644,4095
22645,4095
22646,4095
22647,4095
22648,4095
22649,4095
22650,4095
22651,4095
22652,4095
22653,4096
22654,4096
22655,4096
22656,4096
22657,4096
22658,4096
22659,4096
22660,4096
22661,4097
22662,4097
22663,4097
22664,4097
22665,4097
22666,4097
22667,4098
22668,4098
22669,4098
22670,4098
22671,4098
22672,4098
22673,4098
22674,4098
22675,4098
22676,4098
22677,4099
22678,4099
22679,4099
22680,4099
22681,4099
22682,4099
22683,4099
22684,4100
22685,4101
22686,4101
22687,4101
22688,4102
22689,4103
22690,4103
22691,4103
22692,4103
22693,4103
22694,4103
22695,4103
22696,4103
22697,4104
22698,4104
22699,4104
22700,4104
22701,4104
22702,4104
22703,4105
22704,4105
22705,4105
22706,4105
22707,4106
22708,4106
22709,4106
22710,4106
22711,4106
22712,4107
22713,4107
22714,4107
22715,4107
22716,4107
22717,4107
22718,4107
22719,4107
22720,4107
22721,4107
22722,4108
22723,4108
22724,4108
22725,4108
22726,4108
22727,4108
22728,4108
22729,4109
22730,4109
22731,4109
22732,4109
22733,4109
22734,4109
22735,4109
22736,4109
22737,4109
22738,4110
22739,4110
22740,4111
22741,4111
22742,4111
22743,4111
22744,4111
22745,4111
22746,4111
22747,4111
22748,4111
22749,4111
22750,4112
22751,4112
22752,4112
22753,4112
22754,4112
22755,4112
22756,4112
22757,4112
22758,4113
22759,4113
22760,4113
22761,4114
22762,4114
22763,4114
22764,4114
22765,4114
22766,4114
22767,4114
22768,4114
22769,4115
22770,4116
22771,4116
22772,4116
22773,4117
22774,4117
22775,4117
22776,4117
22777,4117
22778,4117
22779,4117
22780,4117
22781,4117
22782,4117
22783,4118
22784,4118
22785,4118
22786,4118
22787,4118
22788,4118
22789,4118
22790,4118
22791,4119
22792,4119
22793,4120
22794,4121
22795,4122
22796,4122
22797,4122
22798,4122
22799,4122
22800,4122
22801,4122
22802,4123
22803,4123
22804,4123
22805,4123
22806,4123
22807,4123
22808,4123
22809,4123
22810,4124
22811,4124
22812,4124
22813,4124
22814,4124
22815,4124
22816,4124
22817,4125
22818,4125
22819,4125
22820,4125
22821,4125
22822,4125
22823,4125
22824,4125
22825,4125
22826,4126
22827,4126
22828,4126
22829,4126
22830,4126
22831,4127
22832,4127
22833,4128
22834,4128
22835,4129
22836,4129
22837,4129
22838,4129
22839,4129
22840,4129
22841,4129
22842,4129
22843,4129
22844,4130
22845,4130
22846,4130
22847,4130
22848,4130
22849,4130
22850,4130
22851,4130
22852,4130
22853,4131
22854,4131
22855,4131
22856,4131
22857,4132
22858,4132
22859,4133
22860,4133
22861,4133
22862,4133
22863,4133
22864,4134
22865,4134
22866,4134
22867,4134
22868,4134
22869,4134
22870,4134
22871,4134
22872,4134
22873,4134
22874,4135
22875,4135
22876,4135
22877,4135
22878,4135
22879,4135
22880,4136
22881,4136
22882,4136
22883,4136
22884,4136
22885,4136
22886,4136
22887,4136
22888,4136
22889,4136
22890,4137
22891,4138
22892,4138
22893,4138
22894,4138
22895,4138
22896,4138
22897,4138
22898,4138
22899,4138
22900,4139
22901,4140
22902,4140
22903,4140
22904,4141
22905,4141
22906,4141
22907,4141
22908,4141
22909,4141
22910,4141
22911,4142
22912,4142
22913,4142
22914,4143
22915,4143
22916,4143
22917,4143
22918,4144
22919,4144
22920,4144
22921,4144
22922,4144
22923,4144
22924,4144
22925,4144
22926,4145
22927,4145
22928,4146
22929,4146
22930,4146
22931,4146
22932,4147
22933,4147
22934,4147
22935,4147
22936,4147
22937,4147
22938,4147
22939,4147
22940,4147
22941,4147
22942,4148
22943,4148
22944,4148
22945,4148
22946,4148
22947,4149
22948,4149
22949,4149
22950,4149
22951,4149
22952,4149
22953,4149
22954,4149
22955,4149
22956,4150
22957,4150
22958,4150
22959,4150
22960,4150
22961,4150
22962,4150
22963,4150
22964,4150
22965,4151
22966,4151
22967,4151
22968,4151
22969,4152
22970,4152
22971,4152
22972,4152
22973,4152
22974,4152
22975,4152
22976,4152
22977,4152
22978,4153
22979,4153
22980,4154
22981,4154
22982,4154
22983,4154
22984,4154
22985,4154
22986,4154
22987,4154
22988,4154
22989,4154
22990,4155
22991,4155
22992,4155
22993,4155
22994,4155
22995,4155
22996,4155
22997,4155
22998,4155
22999,4156
23000,4156
23001,4156
23002,4156
23003,4156
23004,4156
23005,4157
23006,4157
23007,4157
23008,4157
23009,4157
23010,4157
23011,4157
23012,4157
23013,4158
23014,4158
23015,4158
23016,4158
23017,4158
23018,4158
23019,4158
23020,4158
23021,4159
23022,4159
23023,4160
23024,4160
23025,4161
23026,4161
23027,4161
23028,4161
23029,4161
23030,4161
23031,4161
23032,4161
23033,4161
23034,4162
23035,4162
23036,4163
23037,4164
23038,4164
23039,4164
23040,4164
23041,4164
23042,4164
23043,4164
23044,4164
23045,4164
23046,4164
23047,4165
23048,4166
23049,4166
23050,4166
23051,4166
23052,4166
23053,4166
23054,4166
23055,4167
23056,4167
23057,4168
23058,4168
23059,4168
23060,4168
23061,4168
23062,4168
23063,4168
23064,4168
23065,4169
23066,4169
23067,4169
23068,4169
23069,4169
23070,4169
23071,4170
23072,4170
23073,4171
23074,4171
23075,4171
23076,4171
23077,4171
23078,4171
23079,4171
23080,4171
23081,4171
23082,4171
23083,4172
23084,4173
23085,4173
23086,4173
23087,4173
23088,4173
23089,4173
23090,4174
23091,4174
23092,4174
23093,4174
23094,4174
23095,4174
23096,4174
23097,4174
23098,4174
23099,4174
23100,4175
23101,4175
23102,4176
23103,4176
23104,4176
23105,4176
23106,4176
23107,4176
23108,4176
23109,4176
23110,4177
23111,4177
23112,4177
23113,4177
23114,4177
23115,4177
23116,4177
23117,4177
23118,4177
23119,4177
23120,4178
23121,4178
23122,4178
23123,4178
23124,4178
23125,4179
23126,4179
23127,4179
23128,4180
23129,4180
23130,4180
23131,4180
23132,4180
23133,4180
23134,4181
23135,4181
23136,4181
23137,4181
23138,4181
23139,4181
23140,4181
23141,4182
23142,4182
23143,4182
23144,4183
23145,4183
23146,4183
23147,4183
23148,4183
23149,4183
23150,4184
23151,4184
23152,4184
23153,4184
23154,4184
23155,4184
23156,4184
23157,4184
23158,4185
23159,4186
23160,4186
23161,4186
23162,4186
23163,4186
23164,4186
23165,4186
23166,4186
23167,4186
23168,4187
23169,4187
23170,4187
23171,4187
23172,4187
23173,4187
23174,4187
23175,4188
23176,4188
23177,4188
23178,4188
23179,4188
23180,4189
23181,4190
23182,4190
23183,4190
23184,4191
23185,4192
23186,4192
23187,4192
23188,4192
23189,4193
23190,4193
23191,4193
23192,4193
23193,4193
23194,4193
23195,4193
23196,4194
23197,4194
23198,4194
23199,4194
23200,4194
23201,4194
23202,4194
23203,4194
23204,4195
23205,4195
23206,4195
23207,4195
23208,4195
23209,4196
23210,4196
23211,4197
23212,4197
23213,4197
23214,4197
23215,4197
23216,4197
23217,4197
23218,4197
23219,4198
23220,4198
23221,4198
23222,4198
23223,4198
23224,4198
23225,4198
23226,4198
23227,4199
23228,4199
23229,4199
23230,4199
23231,4200
23232,4200
23233,4200
23234,4200
23235,4200
23236,4200
23237,4200
23238,4200
23239,4200
23240,4201
23241,4201
23242,4201
23243,4201
23244,4201
23245,4201
23246,4202
23247,4202
23248,4202
23249,4202
23250,4202
23251,4203
23252,4203
23253,4203
23254,4203
23255,4203
23256,4203
23257,4203
23258,4203
23259,4203
23260,4203
23261,4204
23262,4204
23263,4204
23264,4205
23265,4205
23266,4205
23267,4205
23268,4206
23269,4206
23270,4206
23271,4206
23272,4207
23273,4207
23274,4207
23275,4207
23276,4207
23277,4207
23278,4207
23279,4207
23280,4207
23281,4207
23282,4208
23283,4208
23284,4208
23285,4208
23286,4208
23287,4208
23288,4208
23289,4208
23290,4208
23291,4209
23292,4209
23293,4209
23294,4209
23295,4209
23296,4209
23297,4209
23298,4209
23299,4210
23300,4211
23301,4211
23302,4211
23303,4212
23304,4212
23305,4213
23306,4214
23307,4214
23308,4215
23309,4215
23310,4215
23311,4215
23312,4215
23313,4216
23314,4216
23315,4216
23316,4216
23317,4217
23318,4217
23319,4217
23320,4217
23321,4217
23322,4217
23323,4218
23324,4218
23325,4218
23326,4218
23327,4218
23328,4219
23329,4219
23330,4219
23331,4219
23332,4219
23333,4219
23334,4219
23335,4219
23336,4219
23337,4219
23338,4220
23339,4220
23340,4220
23341,4220
23342,4220
23343,4220
23344,4220
23345,4220
23346,4220
23347,4220
23348,4221
23349,4221
23350,4222
23351,4223
23352,4223
23353,4223
23354,4223
23355,4224
23356,4224
23357,4224
23358,4224
23359,4224
23360,4224
23361,4224
23362,4224
23363,4224
23364,4224
23365,4225
23366,4225
23367,4225
23368,4226
23369,4226
23370,4226
23371,4226
23372,4226
23373,4226
23374,4227
23375,4227
23376,4227
23377,4227
23378,4228
23379,4228
23380,4228
23381,4228
23382,4228
23383,4228
23384,4228
23385,4228
23386,4228
23387,4229
23388,4229
23389,4229
23390,4229
23391,4229
23392,4229
23393,4229
23394,4230
23395,4230
23396,4231
23397,4232
23398,4232
23399,4232
23400,4232
23401,4232
23402,4232
23403,4232
23404,4232
23405,4232
23406,4232
23407,4233
23408,4233
23409,4233
23410,4233
23411,4234
23412,4234
23413,4234
23414,4234
23415,4234
23416,4234
23417,4234
23418,4234
23419,4234
23420,4235
23421,4235
23422,4235
23423,4235
23424,4236
23425,4236
23426,4236
23427,4236
23428,4236
23429,4236
23430,4236
23431,4236
23432,4236
23433,4236
23434,4237
23435,4238
23436,4238
23437,4238
23438,4238
23439,4238
23440,4238
23441,4238
23442,4239
23443,4239
23444,4239
23445,4239
23446,4239
23447,4239
23448,4239
23449,4239
23450,4239
23451,4239
23452,4240
23453,4240
23454,4240
23455,4241
23456,4241
23457,4241
23458,4241
23459,4241
23460,4241
23461,4241
23462,4241
23463,4241
23464,4242
23465,4242
23466,4242
23467,4242
23468,4242
23469,4242
23470,4243
23471,4243
23472,4243
23473,4243
23474,4243
23475,4243
23476,4244
23477,4244
23478,4244
23479,4244
23480,4245
23481,4245
23482,4245
23483,4245
23484,4246
23485,4246
23486,4246
23487,4246
23488,4247
23489,4247
23490,4247
23491,4247
23492,4247
23493,4247
23494,4247
23495,4248
23496,4248
23497,4249
23498,4249
23499,4249
23500,4249
23501,4250
23502,4250
23503,4250
23504,4250
23505,4250
23506,4250
23507,4250
23508,4251
23509,4251
23510,4251
23511,4251
23512,4251
23513,4252
23514,4252
23515,4252
23516,4252
23517,4252
23518,4252
23519,4252
23520,4252
23521,4252
23522,4252
23523,4253
23524,4253
23525,4253
23526,4253
23527,4253
23528,4253
23529,4253
23530,4254
23531,4254
23532,4254
23533,4254
23534,4254
23535,4254
23536,4254
23537,4254
23538,4254
23539,4254
23540,4255
23541,4256
23542,4257
23543,4257
23544,4257
23545,4257
23546,4257
23547,4258
23548,4258
23549,4258
23550,4258
23551,4258
23552,4259
23553,4259
23554,4259
23555,4260
23556,4260
23557,4260
23558,4260
23559,4260
23560,4260
23561,4260
23562,4260
23563,4261
23564,4261
23565,4261
23566,4261
23567,4261
23568,4261
23569,4261
23570,4261
23571,4261
23572,4262
23573,4262
23574,4262
23575,4262
23576,4262
23577,4262
23578,4262
23579,4262
23580,4263
23581,4264
23582,4264
23583,4264
23584,4264
23585,4264
23586,4264
23587,4264
23588,4265
23589,4265
23590,4265
23591,4265
23592,4266
23593,4266
23594,4266
23595,4266
23596,4266
23597,4266
23598,4266
23599,4266
23600,4267
23601,4267
23602,4267
23603,4267
23604,4267
23605,4267
23606,4267
23607,4267
23608,4267
23609,4268
23610,4269
23611,4269
23612,4269
23613,4269
23614,4270
23615,4271
23616,4271
23617,4271
23618,4271
23619,4271
23620,4271
23621,4271
23622,4272
23623,4272
23624,4272
23625,4272
23626,4272
23627,4272
23628,4272
23629,4272
23630,4273
23631,4273
23632,4273
23633,4273
23634,4273
23635,4273
23636,4273
23637,4273
23638,4274
23639,4274
23640,4274
23641,4274
23642,4274
23643,4274
23644,4274
23645,4275
23646,4275
23647,4275
23648,4275
23649,4275
23650,4275
23651,4275
23652,4276
23653,4276
23654,4276
23655,4277
23656,4277
23657,4277
23658,4278
23659,4279
23660,4279
23661,4279
23662,4279
23663,4279
23664,4279
23665,4279
23666,4279
23667,4279
23668,4280
23669,4281
23670,4281
23671,4282
23672,4282
23673,4282
23674,4282
23675,4282
23676,4283
23677,4283
23678,4284
23679,4284
23680,4284
23681,4284
23682,4284
23683,4284
23684,4284
23685,4285
23686,4285
23687,4285
23688,4285
23689,4286
23690,4286
23691,4286
23692,4286
23693,4286
23694,4286
23695,4286
23696,4286
23697,4286
23698,4286
23699,4287
23700,4287
23701,4287
23702,4287
23703,4287
23704,4287
23705,4287
23706,4288
23707,4288
23708,4288
23709,4288
23710,4288
23711,4288
23712,4288
23713,4289
23714,4289
23715,4289
23716,4289
23717,4289
23718,4289
23719,4289
23720,4290
23721,4290
23722,4290
23723,4290
23724,4290
23725,4290
23726,4290
23727,4290
23728,4290
23729,4291
23730,4292
23731,4292
23732,4292
23733,4292
23734,4292
23735,4292
23736,4292
23737,4292
23738,4292
23739,4292
23740,4293
23741,4293
23742,4293
23743,4293
23744,4293
23745,4294
23746,4294
23747,4294
23748,4294
23749,4294
23750,4294
23751,4295
23752,4295
23753,4296
23754,4296
23755,4296
23756,4296
23757,4296
23758,4296
23759,4296
23760,4296
23761,4296
23762,4297
23763,4297
23764,4297
23765,4297
23766,4297
23767,4297
23768,4297
23769,4298
23770,4298
23771,4298
23772,4298
23773,4298
23774,4298
23775,4299
23776,4299
23777,4299
23778,4299
23779,4299
23780,4299
23781,4299
23782,4300
23783,4301
23784,4301
23785,4301
23786,4301
23787,4301
23788,4302
23789,4302
23790,4302
23791,4302
23792,4302
23793,4302
23794,4302
23795,4302
23796,4302
23797,4302
23798,4303
23799,4303
23800,4303
23801,4303
23802,4303
23803,4303
23804,4303
23805,4303
23806,4303
23807,4304
23808,4304
23809,4304
23810,4304
23811,4304
23812,4304
23813,4304
23814,4305
23815,4305
23816,4305
23817,4306
23818,4306
23819,4306
23820,4306
23821,4307
23822,4307
23823,4307
23824,4307
23825,4307
23826,4307
23827,4308
23828,4308
23829,4308
23830,4308
23831,4309
23832,4309
23833,4309
23834,4309
23835,4309
23836,4309
23837,4310
23838,4310
23839,4310
23840,4310
23841,4310
23842,4310
23843,4310
23844,4310
23845,4310
23846,4311
23847,4311
23848,4311
23849,4311
23850,4311
23851,4311
23852,4312
23853,4312
23854,4313
23855,4313
23856,4313
23857,4313
23858,4314
23859,4314
23860,4314
23861,4314
23862,4314
23863,4314
23864,4314
23865,4314
23866,4314
23867,4315
23868,4315
23869,4316
23870,4316
23871,4316
23872,4316
23873,4316
23874,4316
23875,4316
23876,4316
23877,4317
23878,4317
23879,4317
23880,4317
23881,4318
23882,4318
23883,4318
23884,4318
23885,4318
23886,4319
23887,4319
23888,4319
23889,4320
23890,4320
23891,4320
23892,4320
23893,4320
23894,4320
23895,4320
23896,4321
23897,4322
23898,4322
23899,4322
23900,4322
23901,4322
23902,4322
23903,4322
23904,4322
23905,4323
23906,4324
23907,4324
23908,4324
23909,4324
23910,4325
23911,4325
23912,4325
23913,4325
23914,4325
23915,4325
23916,4325
23917,4325
23918,4325
23919,4325
23920,4326
23921,4326
23922,4326
23923,4326
23924,4326
23925,4326
23926,4326
23927,4326
23928,4326
23929,4326
23930,4327
23931,4327
23932,4327
23933,4327
23934,4327
23935,4327
23936,4327
23937,4327
23938,4328
23939,4328
23940,4328
23941,4328
23942,4328
23943,4328
23944,4329
23945,4329
23946,4329
23947,4329
23948,4329
23949,4329
23950,4329
23951,4330
23952,4330
23953,4330
23954,4330
23955,4330
23956,4331
23957,4331
23958,4331
23959,4332
23960,4332
23961,4332
23962,4332
23963,4332
23964,4332
23965,4333
23966,4333
23967,4333
23968,4333
23969,4333
23970,4333
23971,4333
23972,4333
23973,4334
23974,4334
23975,4334
23976,4334
23977,4334
23978,4334
23979,4334
23980,4335
23981,4335
23982,4335
23983,4335
23984,4336
23985,4336
23986,4336
23987,4336
23988,4336
23989,4336
23990,4336
23991,4336
23992,4336
23993,4337
23994,4337
23995,4337
23996,4337
23997,4337
23998,4338
23999,4338
24000,4338
24001,4338
24002,4338
24003,4338
24004,4338
24005,4338
24006,4339
24007,4339
24008,4339
24009,4339
24010,4339
24011,4339
24012,4339
24013,4339
24014,4339
24015,4339
24016,4340
24017,4340
24018,4340
24019,4340
24020,4340
24021,4340
24022,4341
24023,4341
24024,4342
24025,4342
24026,4342
24027,4342
24028,4342
24029,4342
24030,4342
24031,4342
24032,4343
24033,4343
24034,4343
24035,4343
24036,4343
24037,4343
24038,4343
24039,4343
24040,4344
24041,4344
24042,4344
24043,4344
24044,4344
24045,4344
24046,4345
24047,4345
24048,4345
24049,4345
24050,4345
24051,4345
24052,4346
24053,4346
24054,4346
24055,4346
24056,4346
24057,4347
24058,4347
24059,4347
24060,4348
24061,4348
24062,4348
24063,4348
24064,4348
24065,4348
24066,4349
24067,4349
24068,4349
24069,4349
24070,4349
24071,4349
24072,4349
24073,4349
24074,4349
24075,4350
24076,4350
24077,4350
24078,4350
24079,4350
24080,4350
24081,4350
24082,4350
24083,4350
24084,4350
24085,4351
24086,4351
24087,4351
24088,4351
24089,4351
24090,4351
24091,4352
24092,4352
24093,4352
24094,4352
24095,4353
24096,4353
24097,4353
24098,4353
24099,4353
24100,4353
24101,4353
24102,4353
24103,4353
24104,4354
24105,4355
24106,4356
24107,4356
24108,4356
24109,4356
24110,4356
24111,4357
24112,4357
24113,4357
24114,4357
24115,4357
24116,4357
24117,4358
24118,4358
24119,4358
24120,4358
24121,4359
24122,4359
24123,4359
24124,4359
24125,4359
24126,4359
24127,4359
24128,4359
24129,4359
24130,4360
24131,4361
24132,4361
24133,4361
24134,4361
24135,4361
24136,4361
24137,4361
24138,4361
24139,4362
24140,4362
24141,4362
24142,4363
24143,4363
24144,4363
24145,4363
24146,4363
24147,4364
24148,4364
24149,4364
24150,4365
24151,4365
24152,4366
24153,4366
24154,4366
24155,4366
24156,4366
24157,4366
24158,4366
24159,4366
24160,4367
24161,4367
24162,4367
24163,4367
24164,4367
24165,4367
24166,4367
24167,4367
24168,4367
24169,4368
24170,4368
24171,4368
24172,4368
24173,4368
24174,4368
24175,4368
24176,4369
24177,4370
24178,4370
24179,4370
24180,4370
24181,4370
24182,4370
24183,4370
24184,4371
24185,4371
24186,4371
24187,4371
24188,4371
24189,4371
24190,4371
24191,4371
24192,4372
24193,4372
24194,4372
24195,4372
24196,4372
24197,4372
24198,4372
24199,4373
24200,4373
24201,4374
24202,4375
24203,4375
24204,4375
24205,4376
24206,4376
24207,4376
24208,4376
24209,4376
24210,4376
24211,4376
24212,4376
24213,4377
24214,4377
24215,4377
24216,4377
24217,4377
24218,4377
24219,4377
24220,4377
24221,4377
24222,4377
24223,4378
24224,4379
24225,4379
24226,4379
24227,4379
24228,4379
24229,4379
24230,4379
24231,4379
24232,4380
24233,4380
24234,4381
24235,4381
24236,4382
24237,4382
24238,4382
24239,4382
24240,4382
24241,4382
24242,4382
24243,4382
24244,4382
24245,4383
24246,4384
24247,4384
24248,4384
24249,4384
24250,4384
24251,4384
24252,4384
24253,4384
24254,4384
24255,4385
24256,4385
24257,4385
24258,4385
24259,4385
24260,4385
24261,4385
24262,4385
24263,4385
24264,4385
24265,4386
24266,4386
24267,4386
24268,4386
24269,4386
24270,4386
24271,4386
24272,4386
24273,4387
24274,4387
24275,4387
24276,4387
24277,4387
24278,4387
24279,4387
24280,4387
24281,4387
24282,4388
24283,4388
24284,4388
24285,4388
24286,4388
24287,4388
24288,4388
24289,4389
24290,4389
24291,4389
24292,4389
24293,4389
24294,4390
24295,4390
24296,4390
24297,4390
24298,4390
24299,4390
24300,4390
24301,4390
24302,4390
24303,4390
24304,4391
24305,4391
24306,4391
24307,4391
24308,4391
24309,4391
24310,4391
24311,4391
24312,4391
24313,4391
24314,4392
24315,4392
24316,4392
24317,4392
24318,4392
24319,4393
24320,4393
24321,4393
24322,4393
24323,4393
24324,4393
24325,4393
24326,4393
24327,4393
24328,4393
24329,4394
24330,4395
24331,4395
24332,4395
24333,4395
24334,4395
24335,4395
24336,4395
24337,4396
24338,4396
24339,4396
24340,4396
24341,4396
24342,4396
24343,4396
24344,4396
24345,4397
24346,4397
24347,4398
24348,4399
24349,4399
24350,4399
24351,4399
24352,4399
24353,4399
24354,4399
24355,4399
24356,4399
24357,4400
24358,4400
24359,4400
24360,4400
24361,4400
24362,4400
24363,4400
24364,4400
24365,4400
24366,4401
24367,4402
24368,4402
24369,4402
24370,4402
24371,4402
24372,4403
24373,4403
24374,4403
24375,4403
24376,4403
24377,4404
24378,4404
24379,4404
24380,4404
24381,4404
24382,4404
24383,4404
24384,4404
24385,4404
24386,4404
24387,4405
24388,4405
24389,4405
24390,4405
24391,4405
24392,4405
24393,4405
24394,4405
24395,4406
24396,4406
24397,4406
24398,4406
24399,4407
24400,4407
24401,4407
24402,4407
24403,4407
24404,4407
24405,4407
24406,4407
24407,4407
24408,4407
24409,4408
24410,4408
24411,4409
24412,4409
24413,4409
24414,4409
24415,4409
24416,4409
24417,4409
24418,4410
24419,4410
24420,4410
24421,4411
24422,4411
24423,4411
24424,4411
24425,4411
24426,4411
24427,4411
24428,4411
24429,4412
24430,4412
24431,4412
24432,4413
24433,4413
24434,4413
24435,4413
24436,4413
24437,4413
24438,4414
24439,4414
24440,4414
24441,4414
24442,4414
24443,4415
24444,4416
24445,4416
24446,4416
24447,4416
24448,4416
24449,4416
24450,4416
24451,4416
24452,4416
24453,4416
24454,4417
24455,4417
24456,4417
24457,4417
24458,4417
24459,4418
24460,4418
24461,4418
24462,4418
24463,4418
24464,4418
24465,4418
24466,4419
24467,4420
24468,4420
24469,4420
24470,4420
24471,4420
24472,4420
24473,4420
24474,4420
24475,4420
24476,4420
24477,4421
24478,4421
24479,4421
24480,4421
24481,4421
24482,4421
24483,4421
24484,4421
24485,4422
24486,4422
24487,4422
24488,4422
24489,4422
24490,4422
24491,4423
24492,4423
24493,4424
24494,4424
24495,4424
24496,4424
24497,4424
24498,4424
24499,4424
24500,4424
24501,4424
24502,4425
24503,4425
24504,4426
24505,4426
24506,4426
24507,4426
24508,4426
24509,4427
24510,4427
24511,4427
24512,4427
24513,4427
24514,4427
24515,4427
24516,4427
24517,4427
24518,4428
24519,4428
24520,4428
24521,4428
24522,4428
24523,4429
24524,4429
24525,4429
24526,4429
24527,4429
24528,4429
24529,4430
24530,4430
24531,4430
24532,4430
24533,4430
24534,4430
24535,4430
24536,4430
24537,4431
24538,4431
24539,4431
24540,4431
24541,4431
24542,4431
24543,4432
24544,4432
24545,4432
24546,4433
24547,4433
24548,4433
24549,4433
24550,4433
24551,4433
24552,4433
24553,4433
24554,4433
24555,4434
24556,4434
24557,4434
24558,4435
24559,4435
24560,4435
24561,4435
24562,4435
24563,4435
24564,4435
24565,4435
24566,4436
24567,4436
24568,4437
24569,4437
24570,4437
24571,4437
24572,4437
24573,4437
24574,4438
24575,4439
24576,4439
24577,4439
24578,4439
24579,4439
24580,4439
24581,4439
24582,4439
24583,4439
24584,4440
24585,4440
24586,4440
24587,4440
24588,4440
24589,4441
24590,4441
24591,4441
24592,4442
24593,4442
24594,4442
24595,4442
24596,4443
24597,4443
24598,4443
24599,4443
24600,4443
24601,4443
24602,4443
24603,4443
24604,4443
24605,4444
24606,4444
24607,4444
24608,4445
24609,4445
24610,4445
24611,4445
24612,4445
24613,4446
24614,4447
24615,4447
24616,4447
24617,4447
24618,4447
24619,4448
24620,4448
24621,4448
24622,4448
24623,4448
24624,4449
24625,4449
24626,4449
24627,4449
24628,4450
24629,4450
24630,4450
24631,4450
24632,4450
24633,4450
24634,4450
24635,4450
24636,4450
24637,4451
24638,4452
24639,4452
24640,4452
24641,4453
24642,4453
24643,4453
24644,4453
24645,4453
24646,4454
24647,4455
24648,4456
24649,4456
24650,4456
24651,4456
24652,4456
24653,4456
24654,4456
24655,4456
24656,4457
24657,4457
24658,4457
24659,4457
24660,4457
24661,4457
24662,4457
24663,4458
24664,4458
24665,4458
24666,4458
24667,4458
24668,4458
24669,4458
24670,4458
24671,4458
24672,4458
24673,4459
24674,4459
24675,4459
24676,4459
24677,4459
24678,4459
24679,4459
24680,4459
24681,4459
24682,4459
24683,4460
24684,4460
24685,4460
24686,4460
24687,4461
24688,4461
24689,4461
24690,4461
24691,4461
24692,4461
24693,4462
24694,4462
24695,4462
24696,4462
24697,4462
24698,4463
24699,4463
24700,4464
24701,4464
24702,4464
24703,4464
24704,4464
24705,4464
24706,4464
24707,4464
24708,4464
24709,4465
24710,4465
24711,4466
24712,4466
24713,4466
24714,4466
24715,4466
24716,4466
24717,4466
24718,4466
24719,4467
24720,4467
24721,4467
24722,4467
24723,4467
24724,4468
24725,4468
24726,4468
24727,4469
24728,4469
24729,4469
24730,4469
24731,4469
24732,4469
24733,4469
24734,4469
24735,4469
24736,4470
24737,4470
24738,4470
24739,4470
24740,4470
24741,4471
24742,4471
24743,4471
24744,4471
24745,4471
24746,4471
24747,4471
24748,4471
24749,4471
24750,4471
24751,4472
24752,4472
24753,4472
24754,4472
24755,4473
24756,4473
24757,4473
24758,4473
24759,4473
24760,4473
24761,4473
24762,4474
24763,4474
24764,4474
24765,4474
24766,4474
24767,4474
24768,4474
24769,4474
24770,4474
24771,4474
24772,4475
24773,4475
24774,4475
24775,4476
24776,4477
24777,4477
24778,4477
24779,4477
24780,4477
24781,4477
24782,4477
24783,4478
24784,4478
24785,4478
24786,4479
24787,4479
24788,4479
24789,4479
24790,4479
24791,4479
24792,4480
24793,4480
24794,4480
24795,4480
24796,4480
24797,4480
24798,4480
24799,4481
24800,4482
24801,4482
24802,4482
24803,4482
24804,4482
24805,4482
24806,4482
24807,4483
24808,4483
24809,4484
24810,4484
24811,4484
24812,4484
24813,4485
24814,4485
24815,4485
24816,4485
24817,4486
24818,4486
24819,4487
24820,4488
24821,4488
24822,4488
24823,4488
24824,4488
24825,4488
24826,4488
24827,4488
24828,4489
24829,4490
24830,4490
24831,4490
24832,4490
24833,4490
24834,4490
24835,4491
24836,4491
24837,4492
24838,4493
24839,4494
24840,4494
24841,4494
24842,4494
24843,4494
24844,4494
24845,4494
24846,4494
24847,4494
24848,4495
24849,4495
24850,4495
24851,4495
24852,4495
24853,4495
24854,4495
24855,4495
24856,4495
24857,4496
24858,4496
24859,4496
24860,4496
24861,4496
24862,4496
24863,4496
24864,4497
24865,4497
24866,4497
24867,4497
24868,4497
24869,4498
24870,4498
24871,4498
24872,4498
24873,4499
24874,4499
24875,4500
24876,4500
24877,4500
24878,4500
24879,4500
24880,4500
24881,4500
24882,4500
24883,4500
24884,4501
24885,4501
24886,4501
24887,4501
24888,4501
24889,4501
24890,4501
24891,4501
24892,4502
24893,4502
24894,4502
24895,4502
24896,4502
24897,4502
24898,4502
24899,4502
24900,4502
24901,4502
24902,4503
24903,4503
24904,4503
24905,4503
24906,4503
24907,4504
24908,4504
24909,4504
24910,4505
24911,4505
24912,4505
24913,4505
24914,4506
24915,4506
24916,4506
24917,4506
24918,4506
24919,4506
24920,4507
24921,4507
24922,4507
24923,4507
24924,4508
24925,4508
24926,4508
24927,4508
24928,4508
24929,4508
24930,4508
24931,4508
24932,4508
24933,4508
24934,4509
24935,4509
24936,4509
24937,4509
24938,4509
24939,4509
24940,4509
24941,4509
24942,4509
24943,4510
24944,4510
24945,4510
24946,4510
24947,4510
24948,4511
24949,4511
24950,4511
24951,4512
24952,4512
24953,4512
24954,4512
24955,4512
24956,4512
24957,4512
24958,4512
24959,4512
24960,4513
24961,4513
24962,4513
24963,4513
24964,4513
24965,4514
24966,4514
24967,4514
24968,4515
24969,4515
24970,4515
24971,4515
24972,4516
24973,4516
24974,4516
24975,4516
24976,4516
24977,4516
24978,4516
24979,4516
24980,4516
24981,4517
24982,4517
24983,4517
24984,4517
24985,4517
24986,4517
24987,4517
24988,4517
24989,4517
24990,4518
24991,4518
24992,4518
24993,4518
24994,4519
24995,4519
24996,4519
24997,4520
24998,4520
24999,4520
25000,4520
25001,4521
25002,4522
25003,4522
25004,4522
25005,4522
25006,4522
25007,4522
25008,4522
25009,4522
25010,4523
25011,4523
25012,4523
25013,4523
25014,4523
25015,4523
25016,4524
25017,4524
25018,4524
25019,4524
25020,4524
25021,4524
25022,4524
25023,4525
25024,4525
25025,4525
25026,4525
25027,4525
25028,4525
25029,4525
25030,4525
25031,4525
25032,4525
25033,4526
25034,4526
25035,4526
25036,4526
25037,4526
25038,4526
25039,4526
25040,4526
25041,4526
25042,4527
25043,4527
25044,4527
25045,4527
25046,4527
25047,4528
25048,4529
25049,4529
25050,4529
25051,4530
25052,4530
25053,4531
25054,4531
25055,4531
25056,4532
25057,4532
25058,4532
25059,4533
25060,4533
25061,4533
25062,4533
25063,4533
25064,4534
25065,4534
25066,4534
25067,4535
25068,4535
25069,4536
25070,4537
25071,4537
25072,4537
25073,4538
25074,4538
25075,4539
25076,4540
25077,4540
25078,4540
25079,4540
25080,4540
25081,4540
25082,4540
25083,4540
25084,4541
25085,4541
25086,4541
25087,4542
25088,4542
25089,4542
25090,4543
25091,4543
25092,4543
25093,4543
25094,4543
25095,4543
25096,4543
25097,4543
25098,4543
25099,4543
25100,4544
25101,4544
25102,4544
25103,4544
25104,4544
25105,4544
25106,4544
25107,4545
25108,4545
25109,4545
25110,4545
25111,4545
25112,4545
25113,4545
25114,4545
25115,4545
25116,4545
25117,4546
25118,4546
25119,4546
25120,4546
25121,4546
25122,4547
25123,4547
25124,4547
25125,4547
25126,4547
25127,4547
25128,4547
25129,4548
25130,4548
25131,4548
25132,4548
25133,4549
25134,4549
25135,4549
25136,4550
25137,4550
25138,4550
25139,4550
25140,4550
25141,4550
25142,4550
25143,4550
25144,4550
25145,4550
25146,4551
25147,4551
25148,4551
25149,4551
25150,4551
25151,4551
25152,4551
25153,4551
25154,4551
25155,4551
25156,4552
25157,4552
25158,4552
25159,4552
25160,4552
25161,4552
25162,4552
25163,4552
25164,4553
25165,4553
25166,4554
25167,4554
25168,4554
25169,4554
25170,4555
25171,4555
25172,4555
25173,4555
25174,4556
25175,4556
25176,4556
25177,4556
25178,4556
25179,4556
25180,4557
25181,4557
25182,4557
25183,4558
25184,4558
25185,4558
25186,4558
25187,4558
25188,4559
25189,4559
25190,4559
25191,4559
25192,4559
25193,4559
25194,4559
25195,4559
25196,4559
25197,4559
25198,4560
25199,4560
25200,4561
25201,4561
25202,4561
25203,4561
25204,4562
25205,4563
25206,4563
25207,4563
25208,4563
25209,4563
25210,4563
25211,4563
25212,4563
25213,4564
25214,4564
25215,4564
25216,4564
25217,4564
25218,4564
25219,4564
25220,4565
25221,4565
25222,4565
25223,4565
25224,4565
25225,4566
25226,4566
25227,4566
25228,4566
25229,4566
25230,4566
25231,4566
25232,4566
25233,4566
25234,4567
25235,4567
25236,4567
25237,4567
25238,4567
25239,4567
25240,4567
25241,4568
25242,4568
25243,4568
25244,4568
25245,4569
25246,4569
25247,4569
25248,4569
25249,4569
25250,4569
25251,4569
25252,4569
25253,4570
25254,4570
25255,4571
25256,4572
25257,4572
25258,4572
25259,4572
25260,4572
25261,4572
25262,4573
25263,4573
25264,4573
25265,4573
25266,4573
25267,4573
25268,4573
25269,4573
25270,4573
25271,4574
25272,4574
25273,4575
25274,4575
25275,4575
25276,4575
25277,4575
25278,4575
25279,4575
25280,4575
25281,4575
25282,4575
25283,4576
25284,4576
25285,4576
25286,4576
25287,4576
25288,4576
25289,4576
25290,4576
25291,4576
25292,4577
25293,4577
25294,4578
25295,4578
25296,4578
25297,4578
25298,4578
25299,4578
25300,4578
25301,4578
25302,4579
25303,4579
25304,4579
25305,4580
25306,4580
25307,4580
25308,4580
25309,4580
25310,4580
25311,4581
25312,4581
25313,4581
25314,4581
25315,4581
25316,4581
25317,4581
25318,4581
25319,4581
25320,4582
25321,4582
25322,4582
25323,4583
25324,4583
25325,4583
25326,4583
25327,4583
25328,4584
25329,4584
25330,4584
25331,4584
25332,4585
25333,4586
25334,4586
25335,4586
25336,4586
25337,4586
25338,4586
25339,4586
25340,4586
25341,4586
25342,4586
25343,4587
25344,4587
25345,4587
25346,4587
25347,4587
25348,4587
25349,4587
25350,4588
25351,4588
25352,4588
25353,4588
25354,4588
25355,4588
25356,4588
25357,4589
25358,4589
25359,4590
25360,4590
25361,4591
25362,4591
25363,4591
25364,4591
25365,4591
25366,4591
25367,4592
25368,4592
25369,4592
25370,4592
25371,4592
25372,4593
25373,4593
25374,4593
25375,4594
25376,4594
25377,4595
25378,4595
25379,4595
25380,4596
25381,4596
25382,4597
25383,4597
25384,4597
25385,4597
25386,4598
25387,4598
25388,4599
25389,4599
25390,4599
25391,4599
25392,4599
25393,4599
25394,4599
25395,4599
25396,4599
25397,4599
25398,4600
25399,4600
25400,4600
25401,4600
25402,4600
25403,4600
25404,4600
25405,4600
25406,4600
25407,4601
25408,4601
25409,4601
25410,4601
25411,4601
25412,4601
25413,4601
25414,4601
25415,4602
25416,4602
25417,4602
25418,4602
25419,4602
25420,4603
25421,4603
25422,4603
25423,4603
25424,4603
25425,4603
25426,4604
25427,4604
25428,4604
25429,4604
25430,4604
25431,4604
25432,4604
25433,4604
25434,4604
25435,4605
25436,4605
25437,4605
25438,4606
25439,4606
25440,4606
25441,4606
25442,4606
25443,4606
25444,4606
25445,4607
25446,4607
25447,4607
25448,4608
25449,4608
25450,4608
25451,4609
25452,4609
25453,4610
25454,4610
25455,4610
25456,4611
25457,4611
25458,4612
25459,4612
25460,4612
25461,4612
25462,4612
25463,4612
25464,4612
25465,4613
25466,4613
25467,4613
25468,4613
25469,4613
25470,4613
25471,4613
25472,4613
25473,4613
25474,4614
25475,4614
25476,4614
25477,4614
25478,4614
25479,4614
25480,4614
25481,4614
25482,4614
25483,4614
25484,4615
25485,4615
25486,4615
25487,4615
25488,4615
25489,4615
25490,4615
25491,4615
25492,4615
25493,4615
25494,4616
25495,4616
25496,4616
25497,4616
25498,4616
25499,4616
25500,4616
25501,4616
25502,4616
25503,4616
25504,4617
25505,4617
25506,4617
25507,4618
25508,4619
25509,4619
25510,4619
25511,4619
25512,4619
25513,4619
25514,4619
25515,4619
25516,4619
25517,4619
25518,4620
25519,4620
25520,4620
25521,4620
25522,4621
25523,4621
25524,4621
25525,4622
25526,4622
25527,4622
25528,4622
25529,4623
25530,4623
25531,4623
25532,4623
25533,4623
25534,4623
25535,4623
25536,4623
25537,4624
25538,4624
25539,4625
25540,4625
25541,4625
25542,4625
25543,4625
25544,4625
25545,4625
25546,4625
25547,4625
25548,4626
25549,4626
25550,4627
25551,4627
25552,4627
25553,4627
25554,4627
25555,4627
25556,4627
25557,4627
25558,4628
25559,4628
25560,4628
25561,4628
25562,4629
25563,4629
25564,4629
25565,4629
25566,4629
25567,4629
25568,4629
25569,4630
25570,4630
25571,4630
25572,4630
25573,4630
25574,4630
25575,4630
25576,4631
25577,4631
25578,4631
25579,4631
25580,4631
25581,4631
25582,4631
25583,4631
25584,4631
25585,4631
25586,4632
25587,4632
25588,4632
25589,4632
25590,4632
25591,4632
25592,4632
25593,4633
25594,4633
25595,4633
25596,4633
25597,4634
25598,4634
25599,4634
25600,4634
25601,4634
25602,4634
25603,4634
25604,4635
25605,4635
25606,4635
25607,4635
25608,4635
25609,4635
25610,4636
25611,4636
25612,4637
25613,4637
25614,4637
25615,4637
25616,4637
25617,4638
25618,4638
25619,4638
25620,4638
25621,4639
25622,4639
25623,4639
25624,4639
25625,4639
25626,4639
25627,4639
25628,4639
25629,4639
25630,4640
25631,4640
25632,4640
25633,4640
25634,4640
25635,4640
25636,4640
25637,4640
25638,4640
25639,4641
25640,4641
25641,4641
25642,4641
25643,4642
25644,4642
25645,4642
25646,4642
25647,4642
25648,4643
25649,4644
25650,4644
25651,4644
25652,4644
25653,4644
25654,4644
25655,4644
25656,4645
25657,4645
25658,4645
25659,4645
25660,4645
25661,4645
25662,4645
25663,4645
25664,4645
25665,4646
25666,4646
25667,4646
25668,4646
25669,4646
25670,4646
25671,4647
25672,4647
25673,4647
25674,4647
25675,4647
25676,4648
25677,4648
25678,4648
25679,4648
25680,4648
25681,4648
25682,4648
25683,4648
25684,4648
25685,4648
25686,4649
25687,4649
25688,4649
25689,4649
25690,4650
25691,4650
25692,4650
25693,4650
25694,4650
25695,4650
25696,4650
25697,4651
25698,4652
25699,4652
25700,4652
25701,4652
25702,4652
25703,4652
25704,4652
25705,4652
25706,4652
25707,4652
25708,4653
25709,4653
25710,4653
25711,4654
25712,4654
25713,4654
25714,4654
25715,4654
25716,4654
25717,4654
25718,4655
25719,4655
25720,4655
25721,4655
25722,4655
25723,4655
25724,4655
25725,4656
25726,4656
25727,4656
25728,4656
25729,4656
25730,4656
25731,4656
25732,4656
25733,4656
25734,4657
25735,4658
25736,4658
25737,4658
25738,4658
25739,4658
25740,4658
25741,4659
25742,4659
25743,4659
25744,4659
25745,4659
25746,4659
25747,4659
25748,4660
25749,4660
25750,4660
25751,4660
25752,4660
25753,4661
25754,4661
25755,4662
25756,4663
25757,4664
25758,4664
25759,4664
25760,4664
25761,4664
25762,4664
25763,4664
25764,4664
25765,4664
25766,4664
25767,4665
25768,4665
25769,4665
25770,4665
25771,4665
25772,4665
25773,4665
25774,4666
25775,4666
25776,4666
25777,4666
25778,4666
25779,4666
25780,4666
25781,4666
25782,4666
25783,4666
25784,4667
25785,4667
25786,4667
25787,4667
25788,4667
25789,4668
25790,4668
25791,4668
25792,4668
25793,4668
25794,4668
25795,4668
25796,4669
25797,4669
25798,4669
25799,4669
25800,4669
25801,4669
25802,4669
25803,4669
25804,4669
25805,4670
25806,4670
25807,4670
25808,4670
25809,4671
25810,4671
25811,4671
25812,4671
25813,4671
25814,4671
25815,4672
25816,4673
25817,4673
25818,4673
25819,4673
25820,4673
25821,4673
25822,4673
25823,4674
25824,4674
25825,4675
25826,4675
25827,4676
25828,4676
25829,4676
25830,4677
25831,4677
25832,4677
25833,4677
25834,4677
25835,4678
25836,4679
25837,4680
25838,4680
25839,4681
25840,4681
25841,4681
25842,4681
25843,4681
25844,4681
25845,4681
25846,4681
25847,4682
25848,4682
25849,4682
25850,4682
25851,4682
25852,4682
25853,4682
25854,4682
25855,4683
25856,4683
25857,4683
25858,4683
25859,4683
25860,4683
25861,4684
25862,4685
25863,4686
25864,4686
25865,4686
25866,4686
25867,4686
25868,4686
25869,4687
25870,4687
25871,4688
25872,4689
25873,4689
25874,4689
25875,4689
25876,4689
25877,4689
25878,4689
25879,4689
25880,4690
25881,4690
25882,4690
25883,4690
25884,4690
25885,4690
25886,4690
25887,4690
25888,4691
25889,4691
25890,4691
25891,4691
25892,4692
25893,4692
25894,4692
25895,4692
25896,4693
25897,4693
25898,4693
25899,4693
25900,4693
25901,4694
25902,4694
25903,4694
25904,4694
25905,4694
25906,4694
25907,4694
25908,4694
25909,4695
25910,4695
25911,4695
25912,4695
25913,4695
25914,4695
25915,4695
25916,4695
25917,4696
25918,4696
25919,4697
25920,4697
25921,4697
25922,4697
25923,4698
25924,4698
25925,4699
25926,4699
25927,4699
25928,4700
25929,4700
25930,4700
25931,4700
25932,4700
25933,4700
25934,4701
25935,4701
25936,4701
25937,4701
25938,4701
25939,4701
25940,4701
25941,4701
25942,4702
25943,4702
25944,4702
25945,4702
25946,4702
25947,4702
25948,4702
25949,4702
25950,4703
25951,4703
25952,4703
25953,4703
25954,4703
25955,4703
25956,4703
25957,4703
25958,4704
25959,4705
25960,4705
25961,4705
25962,4705
25963,4705
25964,4706
25965,4706
25966,4706
25967,4707
25968,4708
25969,4708
25970,4708
25971,4708
25972,4708
25973,4708
25974,4708
25975,4708
25976,4708
25977,4708
25978,4709
25979,4709
25980,4709
25981,4709
25982,4709
25983,4709
25984,4710
25985,4710
25986,4710
25987,4710
25988,4710
25989,4710
25990,4710
25991,4710
25992,4710
25993,4711
25994,4711
25995,4711
25996,4711
25997,4712
25998,4712
25999,4712
26000,4713
26001,4713
26002,4713
26003,4713
26004,4713
26005,4713
26006,4713
26007,4714
26008,4714
26009,4714
26010,4714
26011,4714
26012,4714
26013,4714
26014,4714
26015,4714
26016,4715
26017,4715
26018,4715
26019,4715
26020,4715
26021,4715
26022,4715
26023,4716
26024,4716
26025,4716
26026,4716
26027,4717
26028,4717
26029,4718
26030,4718
26031,4718
26032,4718
26033,4718
26034,4718
26035,4718
26036,4718
26037,4718
26038,4718
26039,4719
26040,4719
26041,4719
26042,4719
26043,4720
26044,4720
26045,4720
26046,4720
26047,4720
26048,4720
26049,4720
26050,4720
26051,4720
26052,4720
26053,4721
26054,4721
26055,4721
26056,4721
26057,4721
26058,4721
26059,4721
26060,4722
26061,4722
26062,4723
26063,4723
26064,4723
26065,4723
26066,4723
26067,4723
26068,4723
26069,4723
26070,4724
26071,4724
26072,4724
26073,4724
26074,4724
26075,4724
26076,4724
26077,4724
26078,4725
26079,4725
26080,4725
26081,4725
26082,4725
26083,4725
26084,4725
26085,4725
26086,4726
26087,4726
26088,4726
26089,4726
26090,4726
26091,4726
26092,4726
26093,4726
26094,4726
26095,4726
26096,4727
26097,4727
26098,4727
26099,4727
26100,4727
26101,4727
26102,4727
26103,4727
26104,4727
26105,4728
26106,4728
26107,4728
26108,4728
26109,4728
26110,4728
26111,4729
26112,4729
26113,4729
26114,4729
26115,4729
26116,4729
26117,4729
26118,4729
26119,4729
26120,4729
26121,4730
26122,4730
26123,4730
26124,4730
26125,4731
26126,4731
26127,4731
26128,4731
26129,4731
26130,4731
26131,4731
26132,4731
26133,4731
26134,4732
26135,4732
26136,4732
26137,4732
26138,4732
26139,4732
26140,4732
26141,4732
26142,4733
26143,4733
26144,4734
26145,4734
26146,4734
26147,4734
26148,4734
26149,4734
26150,4734
26151,4734
26152,4734
26153,4734
26154,4735
26155,4735
26156,4735
26157,4735
26158,4735
26159,4735
26160,4735
26161,4735
26162,4735
26163,4735
26164,4736
26165,4736
26166,4736
26167,4736
26168,4736
26169,4736
26170,4736
26171,4736
26172,4736
26173,4737
26174,4737
26175,4737
26176,4737
26177,4737
26178,4738
26179,4738
26180,4738
26181,4738
26182,4738
26183,4739
26184,4739
26185,4739
26186,4740
26187,4740
26188,4740
26189,4740
26190,4740
26191,4740
26192,4741
26193,4741
26194,4741
26195,4741
26196,4741
26197,4742
26198,4742
26199,4742
26200,4742
26201,4742
26202,4742
26203,4742
26204,4742
26205,4742
26206,4743
26207,4743
26208,4743
26209,4743
26210,4744
26211,4744
26212,4745
26213,4746
26214,4746
26215,4746
26216,4746
26217,4746
26218,4746
26219,4746
26220,4746
26221,4746
26222,4746
26223,4747
26224,4747
26225,4747
26226,4747
26227,4747
26228,4748
26229,4748
26230,4748
26231,4748
26232,4748
26233,4748
26234,4748
26235,4749
26236,4750
26237,4750
26238,4750
26239,4750
26240,4750
26241,4750
26242,4750
26243,4751
26244,4751
26245,4751
26246,4751
26247,4751
26248,4751
26249,4751
26250,4751
26251,4751
26252,4751
26253,4752
26254,4752
26255,4752
26256,4752
26257,4752
26258,4753
26259,4753
26260,4753
26261,4753
26262,4753
26263,4753
26264,4753
26265,4754
26266,4754
26267,4754
26268,4754
26269,4754
26270,4754
26271,4754
26272,4754
26273,4755
26274,4755
26275,4755
26276,4755
26277,4755
26278,4755
26279,4756
26280,4756
26281,4756
26282,4756
26283,4756
26284,4756
26285,4756
26286,4756
26287,4756
26288,4756
26289,4757
26290,4757
26291,4757
26292,4758
26293,4758
26294,4758
26295,4758
26296,4759
26297,4760
26298,4760
26299,4760
26300,4760
26301,4760
26302,4761
26303,4761
26304,4761
26305,4761
26306,4761
26307,4761
26308,4762
26309,4762
26310,4762
26311,4762
26312,4762
26313,4763
26314,4764
26315,4764
26316,4764
26317,4764
26318,4764
26319,4765
26320,4765
26321,4765
26322,4765
26323,4765
26324,4765
26325,4765
26326,4765
26327,4765
26328,4766
26329,4766
26330,4766
26331,4766
26332,4766
26333,4766
26334,4766
26335,4766
26336,4767
26337,4767
26338,4767
26339,4767
26340,4767
26341,4768
26342,4768
26343,4768
26344,4768
26345,4768
26346,4768
26347,4769
26348,4769
26349,4770
26350,4770
26351,4770
26352,4770
26353,4770
26354,4770
26355,4770
26356,4771
26357,4771
26358,4771
26359,4771
26360,4771
26361,4771
26362,4772
26363,4772
26364,4772
26365,4772
26366,4772
26367,4772
26368,4772
26369,4772
26370,4773
26371,4773
26372,4773
26373,4773
26374,4773
26375,4773
26376,4773
26377,4773
26378,4774
26379,4774
26380,4774
26381,4774
26382,4774
26383,4774
26384,4774
26385,4775
26386,4775
26387,4775
26388,4775
26389,4775
26390,4775
26391,4776
26392,4776
26393,4777
26394,4777
26395,4777
26396,4777
26397,4777
26398,4777
26399,4777
26400,4777
26401,4777
26402,4778
26403,4778
26404,4778
26405,4778
26406,4778
26407,4778
26408,4778
26409,4778
26410,4778
26411,4779
26412,4779
26413,4779
26414,4779
26415,4779
26416,4779
26417,4779
26418,4779
26419,4779
26420,4780
26421,4780
26422,4780
26423,4780
26424,4780
26425,4780
26426,4780
26427,4780
26428,4780
26429,4781
26430,4781
26431,4781
26432,4781
26433,4781
26434,4782
26435,4782
26436,4782
26437,4782
26438,4782
26439,4782
26440,4782
26441,4782
26442,4782
26443,4782
26444,4783
26445,4783
26446,4783
26447,4783
26448,4783
26449,4783
26450,4783
26451,4783
26452,4784
26453,4785
26454,4785
26455,4785
26456,4785
26457,4785
26458,4786
26459,4786
26460,4786
26461,4786
26462,4786
26463,4786
26464,4786
26465,4787
26466,4787
26467,4787
26468,4787
26469,4788
26470,4788
26471,4788
26472,4788
26473,4788
26474,4788
26475,4788
26476,4788
26477,4788
26478,4789
26479,4789
26480,4790
26481,4790
26482,4791
26483,4791
26484,4791
26485,4791
26486,4791
26487,4791
26488,4791
26489,4791
26490,4791
26491,4792
26492,4793
26493,4793
26494,4793
26495,4793
26496,4793
26497,4793
26498,4793
26499,4793
26500,4793
26501,4793
26502,4794
26503,4794
26504,4794
26505,4794
26506,4794
26507,4794
26508,4794
26509,4794
26510,4794
26511,4794
26512,4795
26513,4795
26514,4795
26515,4796
26516,4796
26517,4796
26518,4796
26519,4796
26520,4796
26521,4796
26522,4796
26523,4796
26524,4796
26525,4797
26526,4797
26527,4797
26528,4797
26529,4797
26530,4797
26531,4797
26532,4798
26533,4798
26534,4798
26535,4798
26536,4798
26537,4798
26538,4798
26539,4798
26540,4798
26541,4798
26542,4799
26543,4799
26544,4799
26545,4799
26546,4799
26547,4800
26548,4800
26549,4800
26550,4800
26551,4800
26552,4800
26553,4800
26554,4800
26555,4800
26556,4800
26557,4801
26558,4802
26559,4802
26560,4802
26561,4802
26562,4802
26563,4802
26564,4802
26565,4802
26566,4803
26567,4803
26568,4803
26569,4803
26570,4804
26571,4805
26572,4805
26573,4805
26574,4805
26575,4805
26576,4806
26577,4806
26578,4806
26579,4806
26580,4807
26581,4807
26582,4807
26583,4807
26584,4807
26585,4807
26586,4807
26587,4807
26588,4807
26589,4808
26590,4808
26591,4808
26592,4809
26593,4809
26594,4810
26595,4810
26596,4811
26597,4811
26598,4812
26599,4812
26600,4812
26601,4812
26602,4812
26603,4812
26604,4812
26605,4812
26606,4812
26607,4813
26608,4813
26609,4813
26610,4813
26611,4814
26612,4814
26613,4814
26614,4814
26615,4814
26616,4814
26617,4814
26618,4814
26619,4815
26620,4815
26621,4815
26622,4815
26623,4816
26624,4816
26625,4816
26626,4816
26627,4816
26628,4816
26629,4816
26630,4816
26631,4817
26632,4817
26633,4817
26634,4817
26635,4817
26636,4817
26637,4817
26638,4817
26639,4817
26640,4818
26641,4818
26642,4818
26643,4818
26644,4818
26645,4819
26646,4819
26647,4819
26648,4819
26649,4819
26650,4819
26651,4819
26652,4819
26653,4819
26654,4819
26655,4820
26656,4821
26657,4821
26658,4821
26659,4821
26660,4821
26661,4821
26662,4821
26663,4822
26664,4822
26665,4823
26666,4823
26667,4824
26668,4824
26669,4824
26670,4824
26671,4824
26672,4824
26673,4824
26674,4825
26675,4825
26676,4825
26677,4825
26678,4825
26679,4825
26680,4825
26681,4825
26682,4826
26683,4826
26684,4826
26685,4826
26686,4826
26687,4826
26688,4826
26689,4827
26690,4827
26691,4827
26692,4827
26693,4827
26694,4827
26695,4827
26696,4828
26697,4828
26698,4828
26699,4829
26700,4829
26701,4829
26702,4830
26703,4830
26704,4830
26705,4830
26706,4830
26707,4830
26708,4830
26709,4830
26710,4830
26711,4830
26712,4831
26713,4831
26714,4831
26715,4831
26716,4831
26717,4831
26718,4832
26719,4832
26720,4832
26721,4832
26722,4833
26723,4834
26724,4834
26725,4834
26726,4834
26727,4834
26728,4834
26729,4834
26730,4835
26731,4835
26732,4835
26733,4835
26734,4835
26735,4836
26736,4836
26737,4836
26738,4836
26739,4836
26740,4837
26741,4837
26742,4837
26743,4837
26744,4837
26745,4837
26746,4837
26747,4837
26748,4837
26749,4838
26750,4838
26751,4838
26752,4838
26753,4838
26754,4838
26755,4838
26756,4838
26757,4838
26758,4839
26759,4839
26760,4839
26761,4839
26762,4839
26763,4839
26764,4839
26765,4839
26766,4839
26767,4840
26768,4840
26769,4840
26770,4840
26771,4840
26772,4840
26773,4841
26774,4842
26775,4842
26776,4842
26777,4842
26778,4842
26779,4842
26780,4842
26781,4842
26782,4842
26783,4842
26784,4843
26785,4843
26786,4843
26787,4843
26788,4843
26789,4843
26790,4843
26791,4844
26792,4844
26793,4844
26794,4844
26795,4844
26796,4844
26797,4844
26798,4844
26799,4844
26800,4844
26801,4845
26802,4845
26803,4845
26804,4845
26805,4845
26806,4846
26807,4846
26808,4846
26809,4846
26810,4846
26811,4847
26812,4848
26813,4848
26814,4848
26815,4848
26816,4848
26817,4848
26818,4849
26819,4849
26820,4849
26821,4849
26822,4849
26823,4850
26824,4850
26825,4850
26826,4850
26827,4850
26828,4850
26829,4851
26830,4851
26831,4851
26832,4851
26833,4851
26834,4852
26835,4852
26836,4852
26837,4853
26838,4853
26839,4853
26840,4853
26841,4853
26842,4853
26843,4853
26844,4853
26845,4853
26846,4854
26847,4854
26848,4854
26849,4854
26850,4854
26851,4854
26852,4854
26853,4855
26854,4855
26855,4855
26856,4855
26857,4855
26858,4855
26859,4855
26860,4855
26861,4855
26862,4855
26863,4856
26864,4856
26865,4856
26866,4856
26867,4856
26868,4856
26869,4856
26870,4856
26871,4856
26872,4857
26873,4857
26874,4857
26875,4857
26876,4857
26877,4857
26878,4858
26879,4859
26880,4859
26881,4859
26882,4859
26883,4859
26884,4859
26885,4859
26886,4859
26887,4859
26888,4859
26889,4860
26890,4860
26891,4860
26892,4860
26893,4860
26894,4860
26895,4860
26896,4860
26897,4860
26898,4860
26899,4861
26900,4862
26901,4862
26902,4862
26903,4862
26904,4862
26905,4862
26906,4862
26907,4862
26908,4862
26909,4862
26910,4863
26911,4863
26912,4863
26913,4863
26914,4864
26915,4864
26916,4864
26917,4865
26918,4865
26919,4865
26920,4865
26921,4865
26922,4865
26923,4865
26924,4865
26925,4865
26926,4865
26927,4866
26928,4866
26929,4866
26930,4866
26931,4866
26932,4866
26933,4866
26934,4866
26935,4866
26936,4867
26937,4867
26938,4867
26939,4867
26940,4867
26941,4867
26942,4867
26943,4868
26944,4868
26945,4868
26946,4868
26947,4868
26948,4868
26949,4868
26950,4868
26951,4868
26952,4868
26953,4869
26954,4869
26955,4869
26956,4869
26957,4869
26958,4869
26959,4869
26960,4869
26961,4869
26962,4869
26963,4870
26964,4870
26965,4870
26966,4870
26967,4870
26968,4870
26969,4870
26970,4870
26971,4870
26972,4870
26973,4871
26974,4871
26975,4871
26976,4871
26977,4871
26978,4871
26979,4872
26980,4872
26981,4872
26982,4872
26983,4872
26984,4872
26985,4872
26986,4872
26987,4873
26988,4873
26989,4873
26990,4873
26991,4873
26992,4873
26993,4873
26994,4873
26995,4873
26996,4874
26997,4875
26998,4875
26999,4875
27000,4875
27001,4876
27002,4877
27003,4877
27004,4877
27005,4877
27006,4877
27007,4877
27008,4877
27009,4877
27010,4877
27011,4877
27012,4878
27013,4878
27014,4878
27015,4878
27016,4879
27017,4879
27018,4879
27019,4879
27020,4879
27021,4879
27022,4880
27023,4880
27024,4880
27025,4880
27026,4881
27027,4881
27028,4881
27029,4881
27030,4881
27031,4881
27032,4881
27033,4881
27034,4882
27035,4882
27036,4882
27037,4882
27038,4882
27039,4882
27040,4882
27041,4882
27042,4883
27043,4883
27044,4883
27045,4883
27046,4883
27047,4883
27048,4883
27049,4883
27050,4883
27051,4883
27052,4884
27053,4884
27054,4884
27055,4884
27056,4884
27057,4884
27058,4884
27059,4884
27060,4884
27061,4885
27062,4885
27063,4885
27064,4886
27065,4887
27066,4887
27067,4887
27068,4888
27069,4888
27070,4888
27071,4888
27072,4888
27073,4888
27074,4888
27075,4888
27076,4888
27077,4888
27078,4889
27079,4889
27080,4889
27081,4889
27082,4889
27083,4889
27084,4889
27085,4889
27086,4889
27087,4890
27088,4890
27089,4890
27090,4890
27091,4890
27092,4890
27093,4890
27094,4890
27095,4890
27096,4891
27097,4891
27098,4891
27099,4891
27100,4891
27101,4891
27102,4891
27103,4891
27104,4891
27105,4891
27106,4892
27107,4892
27108,4892
27109,4892
27110,4892
27111,4892
27112,4892
27113,4892
27114,4893
27115,4893
27116,4893
27117,4893
27118,4893
27119,4894
27120,4895
27121,4895
27122,4895
27123,4895
27124,4895
27125,4895
27126,4896
27127,4896
27128,4896
27129,4896
27130,4896
27131,4896
27132,4896
27133,4897
27134,4897
27135,4897
27136,4897
27137,4897
27138,4898
27139,4898
27140,4898
27141,4898
27142,4898
27143,4898
27144,4898
27145,4899
27146,4899
27147,4899
27148,4899
27149,4899
27150,4899
27151,4899
27152,4899
27153,4900
27154,4900
27155,4900
27156,4900
27157,4900
27158,4901
27159,4902
27160,4903
27161,4903
27162,4903
27163,4903
27164,4903
27165,4903
27166,4904
27167,4904
27168,4904
27169,4904
27170,4905
27171,4905
27172,4906
27173,4906
27174,4906
27175,4906
27176,4907
27177,4907
27178,4907
27179,4908
27180,4908
27181,4909
27182,4909
27183,4909
27184,4909
27185,4909
27186,4909
27187,4910
27188,4911
27189,4911
27190,4911
27191,4911
27192,4911
27193,4911
27194,4912
27195,4912
27196,4912
27197,4912
27198,4913
27199,4913
27200,4913
27201,4913
27202,4914
27203,4914
27204,4914
27205,4915
27206,4915
27207,4915
27208,4916
27209,4916
27210,4916
27211,4916
27212,4916
27213,4916
27214,4916
27215,4916
27216,4917
27217,4917
27218,4917
27219,4917
27220,4917
27221,4917
27222,4917
27223,4917
27224,4917
27225,4917
27226,4918
27227,4918
27228,4918
27229,4918
27230,4918
27231,4918
27232,4918
27233,4918
27234,4919
27235,4919
27236,4920
27237,4920
27238,4921
27239,4921
27240,4921
27241,4921
27242,4921
27243,4921
27244,4921
27245,4921
27246,4921
27247,4922
27248,4923
27249,4923
27250,4923
27251,4923
27252,4924
27253,4924
27254,4924
27255,4924
27256,4924
27257,4924
27258,4924
27259,4924
27260,4924
27261,4924
27262,4925
27263,4925
27264,4925
27265,4926
27266,4926
27267,4926
27268,4927
27269,4927
27270,4927
27271,4927
27272,4927
27273,4927
27274,4927
27275,4927
27276,4928
27277,4928
27278,4928
27279,4928
27280,4928
27281,4928
27282,4928
27283,4928
27284,4928
27285,4929
27286,4929
27287,4929
27288,4929
27289,4929
27290,4929
27291,4929
27292,4929
27293,4929
27294,4930
27295,4930
27296,4931
27297,4931
27298,4931
27299,4931
27300,4931
27301,4931
27302,4932
27303,4932
27304,4932
27305,4932
27306,4932
27307,4932
27308,4932
27309,4932
27310,4932
27311,4933
27312,4933
27313,4933
27314,4934
27315,4935
27316,4935
27317,4936
27318,4936
27319,4937
27320,4937
27321,4937
27322,4937
27323,4937
27324,4937
27325,4937
27326,4937
27327,4937
27328,4937
27329,4938
27330,4938
27331,4938
27332,4939
27333,4939
27334,4939
27335,4940
27336,4940
27337,4940
27338,4941
27339,4941
27340,4941
27341,4941
27342,4941
27343,4941
27344,4942
27345,4942
27346,4943
27347,4943
27348,4943
27349,4943
27350,4943
27351,4943
27352,4943
27353,4943
27354,4943
27355,4944
27356,4944
27357,4944
27358,4944
27359,4944
27360,4944
27361,4944
27362,4944
27363,4944
27364,4945
27365,4946
27366,4946
27367,4946
27368,4946
27369,4946
27370,4946
27371,4946
27372,4946
27373,4946
27374,4946
27375,4947
27376,4947
27377,4947
27378,4947
27379,4947
27380,4948
27381,4948
27382,4948
27383,4948
27384,4948
27385,4948
27386,4948
27387,4948
27388,4948
27389,4948
27390,4949
27391,4949
27392,4949
27393,4949
27394,4950
27395,4950
27396,4950
27397,4950
27398,4950
27399,4950
27400,4950
27401,4950
27402,4950
27403,4950
27404,4951
27405,4951
27406,4951
27407,4951
27408,4951
27409,4951
27410,4951
27411,4951
27412,4951
27413,4951
27414,4952
27415,4952
27416,4952
27417,4952
27418,4952
27419,4952
27420,4952
27421,4953
27422,4953
27423,4953
27424,4953
27425,4953
27426,4954
27427,4954
27428,4954
27429,4954
27430,4954
27431,4954
27432,4955
27433,4955
27434,4955
27435,4955
27436,4955
27437,4955
27438,4955
27439,4956
27440,4956
27441,4956
27442,4956
27443,4956
27444,4956
27445,4956
27446,4956
27447,4957
27448,4958
27449,4959
27450,4960
27451,4960
27452,4960
27453,4960
27454,4960
27455,4960
27456,4960
27457,4960
27458,4960
27459,4960
27460,4961
27461,4961
27462,4961
27463,4961
27464,4961
27465,4961
27466,4961
27467,4961
27468,4962
27469,4963
27470,4963
27471,4963
27472,4963
27473,4963
27474,4963
27475,4963
27476,4963
27477,4964
27478,4964
27479,4965
27480,4965
27481,4965
27482,4965
27483,4965
27484,4965
27485,4965
27486,4966
27487,4966
27488,4966
27489,4966
27490,4966
27491,4966
27492,4966
27493,4966
27494,4966
27495,4967
27496,4967
27497,4967
27498,4967
27499,4967
27500,4967
27501,4967
27502,4967
27503,4967
27504,4967
27505,4968
27506,4968
27507,4968
27508,4968
27509,4969
27510,4969
27511,4969
27512,4970
27513,4970
27514,4970
27515,4970
27516,4970
27517,4970
27518,4970
27519,4970
27520,4970
27521,4970
27522,4971
27523,4971
27524,4971
27525,4971
27526,4971
27527,4971
27528,4971
27529,4971
27530,4971
27531,4971
27532,4972
27533,4972
27534,4972
27535,4972
27536,4972
27537,4972
27538,4972
27539,4973
27540,4973
27541,4973
27542,4973
27543,4974
27544,4974
27545,4974
27546,4974
27547,4974
27548,4974
27549,4974
27550,4974
27551,4974
27552,4974
27553,4975
27554,4975
27555,4975
27556,4975
27557,4975
27558,4975
27559,4975
27560,4975
27561,4975
27562,4975
27563,4976
27564,4976
27565,4976
27566,4977
27567,4977
27568,4977
27569,4977
27570,4977
27571,4977
27572,4977
27573,4977
27574,4977
27575,4977
27576,4978
27577,4978
27578,4978
27579,4978
27580,4978
27581,4978
27582,4978
27583,4978
27584,4979
27585,4979
27586,4980
27587,4980
27588,4980
27589,4980
27590,4980
27591,4980
27592,4980
27593,4980
27594,4981
27595,4981
27596,4981
27597,4981
27598,4981
27599,4981
27600,4982
27601,4982
27602,4982
27603,4983
27604,4983
27605,4983
27606,4984
27607,4984
27608,4984
27609,4984
27610,4984
27611,4985
27612,4985
27613,4985
27614,4986
27615,4986
27616,4986
27617,4986
27618,4986
27619,4987
27620,4987
27621,4988
27622,4988
27623,4988
27624,4988
27625,4988
27626,4988
27627,4988
27628,4988
27629,4988
27630,4989
27631,4989
27632,4989
27633,4989
27634,4989
27635,4989
27636,4989
27637,4990
27638,4990
27639,4990
27640,4990
27641,4990
27642,4990
27643,4990
27644,4990
27645,4990
27646,4990
27647,4991
27648,4991
27649,4991
27650,4991
27651,4991
27652,4991
27653,4991
27654,4992
27655,4992
27656,4992
27657,4992
27658,4992
27659,4992
27660,4992
27661,4992
27662,4992
27663,4993
27664,4993
27665,4993
27666,4993
27667,4993
27668,4993
27669,4993
27670,4993
27671,4993
27672,4994
27673,4994
27674,4994
27675,4994
27676,4994
27677,4994
27678,4994
27679,4994
27680,4995
27681,4995
27682,4995
27683,4995
27684,4995
27685,4996
27686,4996
27687,4997
27688,4997
27689,4997
27690,4997
27691,4997
27692,4998
27693,4998
27694,4998
27695,4999
27696,4999
27697,4999
27698,4999
27699,4999
27700,4999
27701,4999
27702,5000
27703,5000
27704,5000
27705,5001
27706,5001
27707,5001
27708,5001
27709,5001
27710,5001
27711,5001
27712,5001
27713,5001
27714,5001
27715,5002
27716,5002
27717,5002
27718,5002
27719,5002
27720,5002
27721,5002
27722,5003
27723,5003
27724,5003
27725,5003
27726,5004
27727,5004
27728,5004
27729,5004
27730,5004
27731,5005
27732,5005
27733,5005
27734,5005
27735,5005
27736,5005
27737,5005
27738,5005
27739,5005
27740,5006
27741,5006
27742,5006
27743,5006
27744,5006
27745,5006
27746,5006
27747,5006
27748,5006
27749,5006
27750,5007
27751,5007
27752,5007
27753,5007
27754,5007
27755,5007
27756,5007
27757,5007
27758,5007
27759,5007
27760,5008
27761,5008
27762,5009
27763,5009
27764,5009
27765,5009
27766,5009
27767,5009
27768,5009
27769,5009
27770,5010
27771,5010
27772,5011
27773,5012
27774,5012
27775,5013
27776,5013
27777,5013
27778,5013
27779,5013
27780,5014
27781,5014
27782,5014
27783,5014
27784,5014
27785,5015
27786,5015
27787,5015
27788,5015
27789,5016
27790,5016
27791,5016
27792,5016
27793,5016
27794,5016
27795,5017
27796,5017
27797,5017
27798,5017
27799,5017
27800,5018
27801,5018
27802,5018
27803,5018
27804,5018
27805,5018
27806,5019
27807,5020
27808,5020
27809,5020
27810,5020
27811,5020
27812,5020
27813,5020
27814,5020
27815,5021
27816,5021
27817,5021
27818,5022
27819,5022
27820,5022
27821,5022
27822,5022
27823,5022
27824,5023
27825,5023
27826,5023
27827,5023
27828,5024
27829,5024
27830,5024
27831,5024
27832,5024
27833,5024
27834,5024
27835,5025
27836,5025
27837,5025
27838,5025
27839,5025
27840,5025
27841,5025
27842,5026
27843,5026
27844,5026
27845,5027
27846,5027
27847,5027
27848,5027
27849,5027
27850,5027
27851,5027
27852,5027
27853,5027
27854,5028
27855,5028
27856,5028
27857,5029
27858,5029
27859,5029
27860,5030
27861,5030
27862,5030
27863,5030
27864,5030
27865,5030
27866,5030
27867,5030
27868,5030
27869,5030
27870,5031
27871,5031
27872,5031
27873,5031
27874,5031
27875,5031
27876,5032
27877,5032
27878,5032
27879,5032
27880,5032
27881,5033
27882,5033
27883,5034
27884,5034
27885,5034
27886,5034
27887,5034
27888,5034
27889,5034
27890,5035
27891,5035
27892,5035
27893,5035
27894,5035
27895,5035
27896,5036
27897,5037
27898,5037
27899,5037
27900,5037
27901,5037
27902,5037
27903,5037
27904,5037
27905,5037
27906,5037
27907,5038
27908,5038
27909,5038
27910,5038
27911,5038
27912,5039
27913,5039
27914,5039
27915,5039
27916,5039
27917,5039
27918,5039
27919,5039
27920,5039
27921,5040
27922,5040
27923,5040
27924,5040
27925,5041
27926,5041
27927,5041
27928,5041
27929,5041
27930,5041
27931,5041
27932,5041
27933,5042
27934,5042
27935,5042
27936,5042
27937,5042
27938,5042
27939,5043
27940,5043
27941,5044
27942,5044
27943,5044
27944,5044
27945,5045
27946,5045
27947,5045
27948,5045
27949,5045
27950,5045
27951,5046
27952,5046
27953,5046
27954,5046
27955,5046
27956,5046
27957,5046
27958,5046
27959,5047
27960,5047
27961,5047
27962,5047
27963,5048
27964,5048
27965,5048
27966,5048
27967,5048
27968,5048
27969,5048
27970,5048
27971,5048
27972,5049
27973,5049
27974,5049
27975,5050
27976,5050
27977,5050
27978,5050
27979,5050
27980,5050
27981,5051
27982,5051
27983,5051
27984,5051
27985,5052
27986,5052
27987,5052
27988,5052
27989,5052
27990,5052
27991,5052
27992,5052
27993,5053
27994,5053
27995,5053
27996,5053
27997,5053
27998,5053
27999,5053
28000,5053
28001,5053
28002,5053
28003,5054
28004,5054
28005,5054
28006,5054
28007,5054
28008,5054
28009,5054
28010,5054
28011,5054
28012,5055
28013,5055
28014,5055
28015,5055
28016,5055
28017,5055
28018,5055
28019,5055
28020,5055
28021,5055
28022,5056
28023,5056
28024,5056
28025,5056
28026,5057
28027,5057
28028,5057
28029,5057
28030,5057
28031,5057
28032,5057
28033,5057
28034,5058
28035,5058
28036,5058
28037,5059
28038,5059
28039,5060
28040,5060
28041,5060
28042,5061
28043,5061
28044,5061
28045,5061
28046,5061
28047,5061
28048,5061
28049,5061
28050,5062
28051,5062
28052,5062
28053,5062
28054,5062
28055,5062
28056,5062
28057,5063
28058,5064
28059,5064
28060,5064
28061,5064
28062,5064
28063,5064
28064,5065
28065,5065
28066,5065
28067,5065
28068,5065
28069,5065
28070,5065
28071,5066
28072,5066
28073,5066
28074,5066
28075,5066
28076,5066
28077,5067
28078,5067
28079,5067
28080,5068
28081,5068
28082,5068
28083,5069
28084,5069
28085,5069
28086,5069
28087,5070
28088,5070
28089,5071
28090,5071
28091,5072
28092,5072
28093,5072
28094,5072
28095,5072
28096,5072
28097,5072
28098,5073
28099,5074
28100,5074
28101,5074
28102,5074
28103,5074
28104,5075
28105,5075
28106,5075
28107,5075
28108,5075
28109,5075
28110,5075
28111,5075
28112,5075
28113,5075
28114,5076
28115,5076
28116,5076
28117,5076
28118,5076
28119,5076
28120,5076
28121,5077
28122,5077
28123,5077
28124,5077
28125,5077
28126,5077
28127,5077
28128,5077
28129,5077
28130,5078
28131,5078
28132,5078
28133,5078
28134,5078
28135,5078
28136,5078
28137,5078
28138,5078
28139,5079
28140,5079
28141,5079
28142,5079
28143,5079
28144,5079
28145,5079
28146,5079
28147,5079
28148,5079
28149,5080
28150,5080
28151,5080
28152,5080
28153,5080
28154,5080
28155,5080
28156,5081
28157,5081
28158,5081
28159,5082
28160,5082
28161,5082
28162,5082
28163,5082
28164,5083
28165,5083
28166,5083
28167,5083
28168,5083
28169,5083
28170,5083
28171,5084
28172,5084
28173,5084
28174,5084
28175,5084
28176,5085
28177,5085
28178,5085
28179,5085
28180,5085
28181,5085
28182,5085
28183,5086
28184,5086
28185,5086
28186,5086
28187,5086
28188,5086
28189,5086
28190,5086
28191,5086
28192,5087
28193,5087
28194,5087
28195,5087
28196,5087
28197,5087
28198,5087
28199,5088
28200,5088
28201,5089
28202,5089
28203,5089
28204,5089
28205,5089
28206,5089
28207,5089
28208,5089
28209,5089
28210,5089
28211,5090
28212,5090
28213,5090
28214,5090
28215,5091
28216,5091
28217,5091
28218,5091
28219,5091
28220,5092
28221,5093
28222,5094
28223,5094
28224,5094
28225,5094
28226,5094
28227,5094
28228,5094
28229,5094
28230,5095
28231,5095
28232,5095
28233,5095
28234,5095
28235,5095
28236,5095
28237,5095
28238,5096
28239,5096
28240,5097
28241,5097
28242,5097
28243,5097
28244,5097
28245,5097
28246,5097
28247,5097
28248,5097
28249,5098
28250,5098
28251,5098
28252,5098
28253,5099
28254,5100
28255,5100
28256,5100
28257,5100
28258,5100
28259,5101
28260,5101
28261,5101
28262,5101
28263,5102
28264,5102
28265,5102
28266,5102
28267,5102
28268,5102
28269,5102
28270,5102
28271,5102
28272,5102
28273,5103
28274,5103
28275,5103
28276,5103
28277,5103
28278,5103
28279,5103
28280,5103
28281,5104
28282,5104
28283,5104
28284,5104
28285,5104
28286,5104
28287,5104
28288,5105
28289,5105
28290,5105
28291,5105
28292,5105
28293,5105
28294,5106
28295,5106
28296,5106
28297,5106
28298,5106
28299,5106
28300,5106
28301,5106
28302,5106
28303,5107
28304,5107
28305,5107
28306,5108
28307,5108
28308,5108
28309,5108
28310,5109
28311,5109
28312,5109
28313,5109
28314,5109
28315,5109
28316,5109
28317,5110
28318,5110
28319,5110
28320,5111
28321,5111
28322,5111
28323,5111
28324,5112
28325,5113
28326,5113
28327,5113
28328,5113
28329,5113
28330,5113
28331,5114
28332,5114
28333,5114
28334,5114
28335,5114
28336,5114
28337,5114
28338,5114
28339,5114
28340,5115
28341,5116
28342,5117
28343,5117
28344,5117
28345,5117
28346,5118
28347,5118
28348,5118
28349,5118
28350,5118
28351,5119
28352,5119
28353,5119
28354,5120
28355,5120
28356,5120
28357,5120
28358,5120
28359,5120
28360,5120
28361,5120
28362,5121
28363,5121
28364,5121
28365,5121
28366,5121
28367,5121
28368,5121
28369,5121
28370,5121
28371,5121
28372,5122
28373,5122
28374,5122
28375,5122
28376,5122
28377,5122
28378,5122
28379,5123
28380,5123
28381,5123
28382,5123
28383,5123
28384,5123
28385,5124
28386,5124
28387,5124
28388,5124
28389,5124
28390,5124
28391,5124
28392,5124
28393,5125
28394,5125
28395,5126
28396,5126
28397,5126
28398,5126
28399,5126
28400,5126
28401,5126
28402,5127
28403,5127
28404,5127
28405,5128
28406,5128
28407,5128
28408,5128
28409,5128
28410,5128
28411,5129
28412,5129
28413,5129
28414,5129
28415,5129
28416,5129
28417,5129
28418,5130
28419,5131
28420,5131
28421,5131
28422,5131
28423,5132
28424,5132
28425,5132
28426,5132
28427,5132
28428,5132
28429,5132
28430,5132
28431,5132
28432,5133
28433,5133
28434,5133
28435,5133
28436,5133
28437,5133
28438,5134
28439,5134
28440,5134
28441,5134
28442,5134
28443,5134
28444,5134
28445,5134
28446,5134
28447,5134
28448,5135
28449,5135
28450,5135
28451,5135
28452,5136
28453,5136
28454,5136
28455,5136
28456,5136
28457,5136
28458,5137
28459,5137
28460,5137
28461,5137
28462,5137
28463,5137
28464,5137
28465,5138
28466,5138
28467,5138
28468,5138
28469,5138
28470,5138
28471,5138
28472,5139
28473,5139
28474,5139
28475,5139
28476,5139
28477,5140
28478,5140
28479,5140
28480,5140
28481,5140
28482,5140
28483,5140
28484,5140
28485,5140
28486,5140
28487,5141
28488,5141
28489,5141
28490,5142
28491,5142
28492,5142
28493,5143
28494,5144
28495,5144
28496,5144
28497,5144
28498,5144
28499,5144
28500,5144
28501,5145
28502,5145
28503,5145
28504,5145
28505,5145
28506,5145
28507,5146
28508,5146
28509,5146
28510,5146
28511,5146
28512,5146
28513,5146
28514,5147
28515,5147
28516,5147
28517,5147
28518,5147
28519,5147
28520,5147
28521,5147
28522,5147
28523,5147
28524,5148
28525,5148
28526,5148
28527,5148
28528,5148
28529,5149
28530,5149
28531,5149
28532,5149
28533,5149
28534,5149
28535,5149
28536,5149
28537,5149
28538,5150
28539,5150
28540,5150
28541,5151
28542,5152
28543,5153
28544,5153
28545,5153
28546,5153
28547,5153
28548,5154
28549,5155
28550,5155
28551,5155
28552,5155
28553,5155
28554,5156
28555,5156
28556,5156
28557,5156
28558,5157
28559,5157
28560,5157
28561,5157
28562,5157
28563,5157
28564,5157
28565,5157
28566,5157
28567,5157
28568,5158
28569,5158
28570,5158
28571,5158
28572,5158
28573,5158
28574,5158
28575,5159
28576,5159
28577,5159
28578,5160
28579,5160
28580,5160
28581,5160
28582,5160
28583,5160
28584,5160
28585,5160
28586,5161
28587,5161
28588,5161
28589,5161
28590,5161
28591,5161
28592,5161
28593,5161
28594,5161
28595,5162
28596,5163
28597,5163
28598,5163
28599,5164
28600,5164
28601,5164
28602,5164
28603,5164
28604,5164
28605,5164
28606,5164
28607,5164
28608,5165
28609,5165
28610,5165
28611,5165
28612,5165
28613,5165
28614,5165
28615,5165
28616,5166
28617,5166
28618,5166
28619,5166
28620,5167
28621,5167
28622,5167
28623,5168
28624,5168
28625,5168
28626,5168
28627,5168
28628,5168
28629,5168
28630,5169
28631,5169
28632,5169
28633,5169
28634,5169
28635,5169
28636,5169
28637,5169
28638,5170
28639,5170
28640,5170
28641,5170
28642,5170
28643,5170
28644,5170
28645,5170
28646,5170
28647,5170
28648,5171
28649,5171
28650,5172
28651,5172
28652,5172
28653,5172
28654,5172
28655,5172
28656,5172
28657,5172
28658,5172
28659,5173
28660,5173
28661,5173
28662,5173
28663,5173
28664,5173
28665,5173
28666,5173
28667,5173
28668,5173
28669,5174
28670,5174
28671,5174
28672,5174
28673,5174
28674,5174
28675,5174
28676,5174
28677,5174
28678,5174
28679,5175
28680,5175
28681,5175
28682,5175
28683,5175
28684,5176
28685,5176
28686,5176
28687,5176
28688,5176
28689,5176
28690,5176
28691,5176
28692,5177
28693,5177
28694,5177
28695,5177
28696,5177
28697,5177
28698,5178
28699,5178
28700,5178
28701,5179
28702,5179
28703,5179
28704,5179
28705,5179
28706,5179
28707,5179
28708,5179
28709,5179
28710,5179
28711,5180
28712,5180
28713,5180
28714,5180
28715,5181
28716,5181
28717,5181
28718,5181
28719,5181
28720,5181
28721,5181
28722,5181
28723,5181
28724,5181
28725,5182
28726,5182
28727,5182
28728,5182
28729,5182
28730,5182
28731,5182
28732,5182
28733,5182
28734,5182
28735,5183
28736,5183
28737,5183
28738,5183
28739,5184
28740,5184
28741,5184
28742,5184
28743,5184
28744,5184
28745,5184
28746,5185
28747,5185
28748,5185
28749,5185
28750,5185
28751,5185
28752,5185
28753,5185
28754,5185
28755,5185
28756,5186
28757,5186
28758,5186
28759,5186
28760,5186
28761,5186
28762,5186
28763,5186
28764,5186
28765,5186
28766,5187
28767,5187
28768,5187
28769,5187
28770,5187
28771,5187
28772,5188
28773,5188
28774,5188
28775,5189
28776,5189
28777,5190
28778,5190
28779,5190
28780,5190
28781,5190
28782,5190
28783,5190
28784,5190
28785,5190
28786,5190
28787,5191
28788,5191
28789,5191
28790,5191
28791,5191
28792,5191
28793,5191
28794,5191
28795,5191
28796,5192
28797,5192
28798,5192
28799,5192
28800,5192
28801,5193
28802,5193
28803,5193
28804,5193
28805,5193
28806,5193
28807,5193
28808,5194
28809,5194
28810,5194
28811,5194
28812,5194
28813,5194
28814,5195
28815,5195
28816,5195
28817,5195
28818,5195
28819,5195
28820,5196
28821,5196
28822,5196
28823,5196
28824,5196
28825,5197
28826,5197
28827,5197
28828,5198
28829,5198
28830,5198
28831,5198
28832,5198
28833,5198
28834,5198
28835,5198
28836,5199
28837,5199
28838,5199
28839,5199
28840,5199
28841,5200
28842,5201
28843,5201
28844,5201
28845,5201
28846,5201
28847,5201
28848,5201
28849,5201
28850,5201
28851,5202
28852,5202
28853,5202
28854,5202
28855,5202
28856,5202
28857,5202
28858,5202
28859,5202
28860,5202
28861,5203
28862,5203
28863,5203
28864,5203
28865,5203
28866,5203
28867,5204
28868,5204
28869,5204
28870,5204
28871,5204
28872,5204
28873,5204
28874,5204
28875,5204
28876,5204
28877,5205
28878,5205
28879,5205
28880,5205
28881,5206
28882,5206
28883,5206
28884,5207
28885,5208
28886,5208
28887,5208
28888,5208
28889,5208
28890,5208
28891,5208
28892,5208
28893,5208
28894,5209
28895,5209
28896,5210
28897,5210
28898,5210
28899,5211
28900,5212
28901,5212
28902,5212
28903,5212
28904,5212
28905,5212
28906,5212
28907,5213
28908,5213
28909,5213
28910,5213
28911,5213
28912,5213
28913,5213
28914,5214
28915,5214
28916,5214
28917,5214
28918,5214
28919,5214
28920,5214
28921,5215
28922,5215
28923,5216
28924,5216
28925,5216
28926,5216
28927,5216
28928,5216
28929,5217
28930,5217
28931,5217
28932,5218
28933,5218
28934,5218
28935,5218
28936,5218
28937,5218
28938,5218
28939,5219
28940,5219
28941,5220
28942,5220
28943,5220
28944,5220
28945,5220
28946,5220
28947,5220
28948,5221
28949,5221
28950,5221
28951,5221
28952,5221
28953,5221
28954,5221
28955,5221
28956,5222
28957,5223
28958,5223
28959,5223
28960,5223
28961,5223
28962,5223
28963,5223
28964,5224
28965,5224
28966,5224
28967,5224
28968,5224
28969,5224
28970,5224
28971,5225
28972,5225
28973,5226
28974,5226
28975,5226
28976,5226
28977,5226
28978,5226
28979,5226
28980,5227
28981,5227
28982,5227
28983,5227
28984,5227
28985,5228
28986,5228
28987,5228
28988,5228
28989,5228
28990,5228
28991,5229
28992,5229
28993,5229
28994,5229
28995,5229
28996,5229
28997,5229
28998,5229
28999,5229
29000,5230
29001,5230
29002,5230
29003,5230
29004,5231
29005,5231
29006,5231
29007,5231
29008,5231
29009,5231
29010,5231
29011,5231
29012,5231
29013,5231
29014,5232
29015,5232
29016,5232
29017,5232
29018,5232
29019,5232
29020,5232
29021,5233
29022,5233
29023,5233
29024,5233
29025,5233
29026,5234
29027,5235
29028,5235
29029,5235
29030,5235
29031,5235
29032,5236
29033,5236
29034,5236
29035,5236
29036,5236
29037,5236
29038,5236
29039,5236
29040,5236
29041,5236
29042,5237
29043,5237
29044,5237
29045,5237
29046,5237
29047,5237
29048,5237
29049,5237
29050,5238
29051,5238
29052,5238
29053,5238
29054,5238
29055,5238
29056,5238
29057,5239
29058,5239
29059,5239
29060,5239
29061,5239
29062,5239
29063,5239
29064,5240
29065,5240
29066,5240
29067,5241
29068,5241
29069,5241
29070,5241
29071,5241
29072,5242
29073,5242
29074,5242
29075,5242
29076,5243
29077,5243
29078,5243
29079,5243
29080,5243
29081,5244
29082,5244
29083,5244
29084,5244
29085,5244
29086,5244
29087,5245
29088,5245
29089,5245
29090,5245
29091,5245
29092,5245
29093,5246
29094,5246
29095,5246
29096,5246
29097,5246
29098,5246
29099,5246
29100,5246
29101,5247
29102,5247
29103,5247
29104,5247
29105,5247
29106,5247
29107,5247
29108,5247
29109,5247
29110,5248
29111,5249
29112,5249
29113,5249
29114,5250
29115,5250
29116,5250
29117,5250
29118,5250
29119,5250
29120,5251
29121,5251
29122,5251
29123,5251
29124,5251
29125,5251
29126,5251
29127,5252
29128,5252
29129,5252
29130,5252
29131,5252
29132,5252
29133,5252
29134,5252
29135,5252
29136,5253
29137,5253
29138,5253
29139,5253
29140,5253
29141,5253
29142,5253
29143,5253
29144,5254
29145,5254
29146,5254
29147,5254
29148,5254
29149,5254
29150,5255
29151,5255
29152,5255
29153,5255
29154,5255
29155,5256
29156,5256
29157,5256
29158,5256
29159,5257
29160,5257
29161,5257
29162,5257
29163,5257
29164,5257
29165,5257
29166,5257
29167,5257
29168,5257
29169,5258
29170,5259
29171,5259
29172,5259
29173,5259
29174,5259
29175,5259
29176,5260
29177,5260
29178,5260
29179,5260
29180,5260
29181,5261
29182,5261
29183,5261
29184,5261
29185,5261
29186,5261
29187,5261
29188,5261
29189,5261
29190,5261
29191,5262
29192,5262
29193,5262
29194,5262
29195,5262
29196,5262
29197,5262
29198,5262
29199,5263
29200,5263
29201,5263
29202,5263
29203,5263
29204,5263
29205,5263
29206,5263
29207,5263
29208,5263
29209,5264
29210,5264
29211,5264
29212,5264
29213,5264
29214,5265
29215,5265
29216,5265
29217,5266
29218,5266
29219,5266
29220,5266
29221,5266
29222,5266
29223,5267
29224,5268
29225,5268
29226,5268
29227,5268
29228,5268
29229,5268
29230,5268
29231,5268
29232,5268
29233,5268
29234,5269
29235,5270
29236,5271
29237,5271
29238,5271
29239,5271
29240,5271
29241,5272
29242,5272
29243,5272
29244,5272
29245,5272
29246,5272
29247,5272
29248,5272
29249,5272
29250,5273
29251,5273
29252,5273
29253,5273
29254,5273
29255,5273
29256,5273
29257,5273
29258,5274
29259,5274
29260,5274
29261,5274
29262,5274
29263,5274
29264,5275
29265,5275
29266,5275
29267,5275
29268,5275
29269,5275
29270,5275
29271,5275
29272,5275
29273,5275
29274,5276
29275,5276
29276,5276
29277,5276
29278,5276
29279,5276
29280,5277
29281,5277
29282,5277
29283,5277
29284,5277
29285,5277
29286,5277
29287,5277
29288,5278
29289,5278
29290,5278
29291,5278
29292,5278
29293,5279
29294,5279
29295,5279
29296,5279
29297,5279
29298,5279
29299,5280
29300,5280
29301,5280
29302,5280
29303,5280
29304,5281
29305,5281
29306,5281
29307,5281
29308,5281
29309,5281
29310,5281
29311,5281
29312,5281
29313,5282
29314,5283
29315,5284
29316,5284
29317,5284
29318,5284
29319,5284
29320,5284
29321,5285
29322,5285
29323,5285
29324,5285
29325,5286
29326,5286
29327,5286
29328,5286
29329,5286
29330,5286
29331,5286
29332,5286
29333,5286
29334,5287
29335,5287
29336,5287
29337,5288
29338,5289
29339,5289
29340,5289
29341,5289
29342,5290
29343,5290
29344,5290
29345,5290
29346,5290
29347,5290
29348,5290
29349,5290
29350,5290
29351,5291
29352,5291
29353,5291
29354,5291
29355,5291
29356,5291
29357,5291
29358,5291
29359,5291
29360,5291
29361,5292
29362,5292
29363,5292
29364,5292
29365,5292
29366,5292
29367,5293
29368,5293
29369,5293
29370,5293
29371,5293
29372,5293
29373,5293
29374,5293
29375,5293
29376,5293
29377,5294
29378,5294
29379,5295
29380,5296
29381,5296
29382,5296
29383,5296
29384,5296
29385,5296
29386,5296
29387,5296
29388,5297
29389,5297
29390,5297
29391,5297
29392,5297
29393,5297
29394,5297
29395,5297
29396,5297
29397,5298
29398,5298
29399,5299
29400,5300
29401,5300
29402,5300
29403,5300
29404,5300
29405,5301
29406,5301
29407,5301
29408,5301
29409,5301
29410,5301
29411,5301
29412,5301
29413,5302
29414,5302
29415,5302
29416,5303
29417,5303
29418,5304
29419,5304
29420,5304
29421,5304
29422,5304
29423,5304
29424,5304
29425,5304
29426,5304
29427,5304
29428,5305
29429,5306
29430,5306
29431,5306
29432,5306
29433,5306
29434,5306
29435,5306
29436,5306
29437,5306
29438,5306
29439,5307
29440,5307
29441,5307
29442,5307
29443,5308
29444,5308
29445,5308
29446,5308
29447,5308
29448,5309
29449,5309
29450,5309
29451,5309
29452,5310
29453,5310
29454,5310
29455,5310
29456,5311
29457,5311
29458,5311
29459,5311
29460,5311
29461,5312
29462,5312
29463,5312
29464,5313
29465,5313
29466,5313
29467,5313
29468,5313
29469,5313
29470,5313
29471,5314
29472,5315
29473,5315
29474,5315
29475,5315
29476,5315
29477,5316
29478,5316
29479,5316
29480,5316
29481,5316
29482,5316
29483,5316
29484,5316
29485,5316
29486,5316
29487,5317
29488,5317
29489,5317
29490,5317
29491,5317
29492,5317
29493,5317
29494,5317
29495,5317
29496,5317
29497,5318
29498,5318
29499,5319
29500,5319
29501,5319
29502,5319
29503,5320
29504,5320
29505,5320
29506,5320
29507,5320
29508,5320
29509,5320
29510,5321
29511,5321
29512,5322
29513,5322
29514,5322
29515,5322
29516,5322
29517,5322
29518,5323
29519,5323
29520,5323
29521,5324
29522,5324
29523,5324
29524,5324
29525,5324
29526,5324
29527,5324
29528,5324
29529,5324
29530,5324
29531,5325
29532,5325
29533,5326
29534,5326
29535,5326
29536,5326
29537,5326
29538,5326
29539,5326
29540,5327
29541,5327
29542,5327
29543,5327
29544,5328
29545,5328
29546,5328
29547,5328
29548,5329
29549,5329
29550,5329
29551,5329
29552,5330
29553,5330
29554,5330
29555,5330
29556,5330
29557,5330
29558,5330
29559,5331
29560,5331
29561,5331
29562,5331
29563,5331
29564,5331
29565,5331
29566,5331
29567,5331
29568,5331
29569,5332
29570,5332
29571,5332
29572,5332
29573,5332
29574,5332
29575,5332
29576,5332
29577,5332
29578,5333
29579,5333
29580,5333
29581,5333
29582,5333
29583,5333
29584,5333
29585,5333
29586,5334
29587,5334
29588,5334
29589,5335
29590,5335
29591,5335
29592,5335
29593,5335
29594,5335
29595,5336
29596,5337
29597,5337
29598,5337
29599,5337
29600,5337
29601,5337
29602,5337
29603,5338
29604,5339
29605,5339
29606,5339
29607,5340
29608,5340
29609,5340
29610,5340
29611,5340
29612,5340
29613,5340
29614,5340
29615,5340
29616,5340
29617,5341
29618,5341
29619,5341
29620,5341
29621,5341
29622,5342
29623,5342
29624,5342
29625,5342
29626,5342
29627,5342
29628,5342
29629,5342
29630,5342
29631,5343
29632,5343
29633,5343
29634,5343
29635,5343
29636,5343
29637,5344
29638,5344
29639,5344
29640,5345
29641,5345
29642,5345
29643,5345
29644,5345
29645,5345
29646,5345
29647,5345
29648,5345
29649,5346
29650,5346
29651,5346
29652,5346
29653,5346
29654,5346
29655,5347
29656,5347
29657,5347
29658,5348
29659,5348
29660,5348
29661,5348
29662,5348
29663,5348
29664,5348
29665,5348
29666,5348
29667,5349
29668,5349
29669,5349
29670,5349
29671,5349
29672,5349
29673,5349
29674,5350
29675,5351
29676,5351
29677,5351
29678,5351
29679,5351
29680,5351
29681,5352
29682,5352
29683,5352
29684,5353
29685,5353
29686,5353
29687,5353
29688,5353
29689,5353
29690,5354
29691,5354
29692,5354
29693,5354
29694,5354
29695,5354
29696,5355
29697,5355
29698,5355
29699,5355
29700,5355
29701,5355
29702,5355
29703,5355
29704,5355
29705,5355
29706,5356
29707,5356
29708,5356
29709,5356
29710,5356
29711,5356
29712,5356
29713,5356
29714,5356
29715,5357
29716,5357
29717,5357
29718,5357
29719,5357
29720,5358
29721,5358
29722,5358
29723,5358
29724,5359
29725,5359
29726,5359
29727,5359
29728,5359
29729,5359
29730,5359
29731,5359
29732,5359
29733,5359
29734,5360
29735,5360
29736,5360
29737,5360
29738,5360
29739,5361
29740,5361
29741,5362
29742,5362
29743,5362
29744,5362
29745,5362
29746,5362
29747,5362
29748,5363
29749,5363
29750,5363
29751,5363
29752,5363
29753,5364
29754,5365
29755,5365
29756,5365
29757,5365
29758,5365
29759,5365
29760,5365
29761,5365
29762,5366
29763,5366
29764,5366
29765,5366
29766,5366
29767,5366
29768,5366
29769,5366
29770,5367
29771,5367
29772,5367
29773,5367
29774,5367
29775,5367
29776,5367
29777,5367
29778,5367
29779,5367
29780,5368
29781,5368
29782,5368
29783,5368
29784,5368
29785,5368
29786,5368
29787,5369
29788,5369
29789,5369
29790,5369
29791,5369
29792,5369
29793,5369
29794,5369
29795,5369
29796,5369
29797,5370
29798,5370
29799,5370
29800,5370
29801,5370
29802,5370
29803,5370
29804,5371
29805,5371
29806,5371
29807,5372
29808,5372
29809,5373
29810,5373
29811,5373
29812,5374
29813,5374
29814,5374
29815,5374
29816,5374
29817,5375
29818,5375
29819,5375
29820,5375
29821,5375
29822,5375
29823,5375
29824,5375
29825,5375
29826,5375
29827,5376
29828,5376
29829,5376
29830,5376
29831,5376
29832,5376
29833,5376
29834,5376
29835,5377
29836,5377
29837,5377
29838,5378
29839,5379
29840,5380
29841,5380
29842,5380
29843,5380
29844,5380
29845,5380
29846,5380
29847,5380
29848,5381
29849,5381
29850,5381
29851,5381
29852,5381
29853,5381
29854,5381
29855,5381
29856,5382
29857,5382
29858,5382
29859,5382
29860,5382
29861,5382
29862,5382
29863,5382
29864,5382
29865,5383
29866,5383
29867,5383
29868,5383
29869,5383
29870,5383
29871,5383
29872,5383
29873,5383
29874,5383
29875,5384
29876,5384
29877,5384
29878,5384
29879,5384
29880,5384
29881,5385
29882,5385
29883,5385
29884,5385
29885,5385
29886,5385
29887,5385
29888,5385
29889,5385
29890,5385
29891,5386
29892,5386
29893,5386
29894,5386
29895,5386
29896,5386
29897,5387
29898,5387
29899,5387
29900,5387
29901,5387
29902,5387
29903,5387
29904,5387
29905,5387
29906,5388
29907,5388
29908,5388
29909,5388
29910,5388
29911,5388
29912,5389
29913,5389
29914,5389
29915,5389
29916,5389
29917,5389
29918,5390
29919,5390
29920,5390
29921,5390
29922,5390
29923,5390
29924,5390
29925,5391
29926,5391
29927,5391
29928,5391
29929,5391
29930,5391
29931,5391
29932,5391
29933,5391
29934,5392
29935,5392
29936,5392
29937,5392
29938,5392
29939,5392
29940,5393
29941,5394
29942,5394
29943,5394
29944,5394
29945,5394
29946,5394
29947,5394
29948,5394
29949,5395
29950,5395
29951,5395
29952,5395
29953,5395
29954,5395
29955,5396
29956,5396
29957,5396
29958,5397
29959,5397
29960,5397
29961,5397
29962,5397
29963,5397
29964,5397
29965,5397
29966,5397
29967,5398
29968,5398
29969,5398
29970,5399
29971,5399
29972,5399
29973,5399
29974,5399
29975,5399
29976,5399
29977,5399
29978,5400
29979,5401
29980,5402
29981,5402
29982,5402
29983,5402
29984,5402
29985,5402
29986,5403
29987,5403
29988,5403
29989,5403
29990,5403
29991,5403
29992,5403
29993,5403
29994,5404
29995,5404
29996,5404
29997,5404
29998,5404
29999,5404
30000,5404
30001,5404
30002,5405
30003,5405
30004,5405
30005,5405
30006,5405
30007,5405
30008,5405
30009,5405
30010,5405
30011,5405
30012,5406
30013,5406
30014,5406
30015,5407
30016,5407
30017,5408
30018,5408
30019,5408
30020,5409
30021,5409
30022,5409
30023,5409
30024,5410
30025,5410
30026,5410
30027,5410
30028,5410
30029,5410
30030,5410
30031,5410
30032,5410
30033,5411
30034,5411
30035,5411
30036,5411
30037,5411
30038,5411
30039,5411
30040,5412
30041,5412
30042,5412
30043,5412
30044,5413
30045,5413
30046,5413
30047,5413
30048,5414
30049,5414
30050,5415
30051,5415
30052,5415
30053,5415
30054,5415
30055,5415
30056,5415
30057,5415
30058,5415
30059,5415
30060,5416
30061,5416
30062,5416
30063,5416
30064,5416
30065,5416
30066,5416
30067,5417
30068,5417
30069,5417
30070,5417
30071,5417
30072,5417
30073,5417
30074,5417
30075,5418
30076,5418
30077,5418
30078,5419
30079,5419
30080,5420
30081,5420
30082,5420
30083,5420
30084,5420
30085,5420
30086,5420
30087,5420
30088,5420
30089,5420
30090,5421
30091,5421
30092,5421
30093,5421
30094,5421
30095,5421
30096,5421
30097,5421
30098,5422
30099,5422
30100,5422
30101,5422
30102,5422
30103,5423
30104,5423
30105,5423
30106,5423
30107,5423
30108,5423
30109,5423
30110,5424
30111,5424
30112,5424
30113,5424
30114,5425
30115,5426
30116,5426
30117,5426
30118,5426
30119,5426
30120,5427
30121,5427
30122,5427
30123,5427
30124,5427
30125,5428
30126,5428
30127,5428
30128,5428
30129,5428
30130,5428
30131,5428
30132,5428
30133,5428
30134,5429
30135,5429
30136,5429
30137,5430
30138,5430
30139,5430
30140,5430
30141,5431
30142,5431
30143,5431
30144,5431
30145,5431
30146,5431
30147,5431
30148,5431
30149,5431
30150,5432
30151,5432
30152,5432
30153,5432
30154,5432
30155,5432
30156,5432
30157,5432
30158,5432
30159,5433
30160,5433
30161,5434
30162,5434
30163,5434
30164,5434
30165,5434
30166,5434
30167,5434
30168,5434
30169,5434
30170,5435
30171,5435
30172,5435
30173,5435
30174,5435
30175,5436
30176,5436
30177,5436
30178,5436
30179,5436
30180,5436
30181,5436
30182,5436
30183,5437
30184,5437
30185,5437
30186,5437
30187,5437
30188,5437
30189,5437
30190,5437
30191,5438
30192,5438
30193,5438
30194,5439
30195,5440
30196,5440
30197,5440
30198,5440
30199,5440
30200,5441
30201,5441
30202,5441
30203,5441
30204,5441
30205,5441
30206,5442
30207,5442
30208,5442
30209,5442
30210,5442
30211,5442
30212,5442
30213,5442
30214,5443
30215,5443
30216,5444
30217,5444
30218,5444
30219,5444
30220,5444
30221,5444
30222,5444
30223,5444
30224,5444
30225,5445
30226,5445
30227,5445
30228,5445
30229,5445
30230,5445
30231,5445
30232,5446
30233,5446
30234,5446
30235,5447
30236,5447
30237,5447
30238,5447
30239,5447
30240,5447
30241,5447
30242,5447
30243,5447
30244,5448
30245,5448
30246,5448
30247,5448
30248,5448
30249,5448
30250,5448
30251,5448
30252,5448
30253,5448
30254,5449
30255,5449
30256,5449
30257,5449
30258,5449
30259,5450
30260,5450
30261,5450
30262,5450
30263,5450
30264,5450
30265,5450
30266,5451
30267,5451
30268,5451
30269,5451
30270,5451
30271,5451
30272,5451
30273,5452
30274,5452
30275,5452
30276,5452
30277,5452
30278,5452
30279,5452
30280,5452
30281,5452
30282,5453
30283,5453
30284,5453
30285,5453
30286,5453
30287,5453
30288,5453
30289,5453
30290,5453
30291,5454
30292,5454
30293,5454
30294,5454
30295,5454
30296,5455
30297,5455
30298,5455
30299,5455
30300,5455
30301,5455
30302,5455
30303,5455
30304,5455
30305,5456
30306,5456
30307,5456
30308,5456
30309,5456
30310,5457
30311,5457
30312,5457
30313,5457
30314,5457
30315,5457
30316,5457
30317,5458
30318,5458
30319,5459
30320,5460
30321,5461
30322,5461
30323,5461
30324,5461
30325,5461
30326,5462
30327,5462
30328,5462
30329,5462
30330,5462
30331,5462
30332,5463
30333,5463
30334,5463
30335,5463
30336,5464
30337,5464
30338,5464
30339,5465
30340,5465
30341,5465
30342,5465
30343,5465
30344,5465
30345,5465
30346,5465
30347,5466
30348,5466
30349,5466
30350,5466
30351,5466
30352,5466
30353,5467
30354,5467
30355,5468
30356,5468
30357,5469
30358,5469
30359,5469
30360,5469
30361,5469
30362,5469
30363,5469
30364,5469
30365,5469
30366,5469
30367,5470
30368,5470
30369,5471
30370,5471
30371,5471
30372,5471
30373,5471
30374,5471
30375,5471
30376,5471
30377,5471
30378,5472
30379,5472
30380,5472
30381,5472
30382,5472
30383,5472
30384,5472
30385,5472
30386,5472
30387,5472
30388,5473
30389,5473
30390,5473
30391,5473
30392,5473
30393,5473
30394,5473
30395,5473
30396,5474
30397,5474
30398,5474
30399,5474
30400,5474
30401,5474
30402,5475
30403,5476
30404,5476
30405,5476
30406,5476
30407,5476
30408,5476
30409,5476
30410,5476
30411,5477
30412,5477
30413,5477
30414,5477
30415,5477
30416,5477
30417,5477
30418,5477
30419,5477
30420,5478
30421,5478
30422,5478
30423,5478
30424,5478
30425,5478
30426,5478
30427,5478
30428,5478
30429,5478
30430,5479
30431,5479
30432,5479
30433,5479
30434,5479
30435,5479
30436,5480
30437,5480
30438,5480
30439,5480
30440,5480
30441,5480
30442,5480
30443,5480
30444,5481
30445,5481
30446,5481
30447,5481
30448,5481
30449,5481
30450,5482
30451,5482
30452,5482
30453,5483
30454,5483
30455,5483
30456,5483
30457,5483
30458,5483
30459,5483
30460,5484
30461,5484
30462,5484
30463,5484
30464,5484
30465,5484
30466,5484
30467,5484
30468,5485
30469,5485
30470,5485
30471,5485
30472,5485
30473,5486
30474,5486
30475,5486
30476,5486
30477,5486
30478,5487
30479,5487
30480,5487
30481,5487
30482,5488
30483,5488
30484,5488
30485,5489
30486,5489
30487,5489
30488,5489
30489,5489
30490,5490
30491,5490
30492,5491
30493,5491
30494,5491
30495,5491
30496,5491
30497,5491
30498,5492
30499,5492
30500,5492
30501,5493
30502,5493
30503,5493
30504,5494
30505,5494
30506,5494
30507,5494
30508,5494
30509,5494
30510,5494
30511,5494
30512,5494
30513,5495
30514,5495
30515,5495
30516,5495
30517,5495
30518,5495
30519,5495
30520,5495
30521,5495
30522,5495
30523,5496
30524,5496
30525,5496
30526,5496
30527,5496
30528,5496
30529,5497
30530,5497
30531,5497
30532,5497
30533,5498
30534,5498
30535,5498
30536,5498
30537,5498
30538,5498
30539,5498
30540,5498
30541,5498
30542,5498
30543,5499
30544,5499
30545,5499
30546,5499
30547,5499
30548,5500
30549,5500
30550,5500
30551,5500
30552,5500
30553,5501
30554,5502
30555,5503
30556,5503
30557,5503
30558,5503
30559,5503
30560,5503
30561,5504
30562,5504
30563,5504
30564,5504
30565,5504
30566,5505
30567,5505
30568,5505
30569,5505
30570,5505
30571,5505
30572,5505
30573,5505
30574,5505
30575,5505
30576,5506
30577,5506
30578,5506
30579,5506
30580,5507
30581,5507
30582,5508
30583,5508
30584,5508
30585,5509
30586,5510
30587,5510
30588,5511
30589,5511
30590,5511
30591,5511
30592,5511
30593,5511
30594,5511
30595,5512
30596,5513
30597,5513
30598,5513
30599,5513
30600,5513
30601,5514
30602,5514
30603,5514
30604,5514
30605,5514
30606,5514
30607,5514
30608,5514
30609,5515
30610,5515
30611,5515
30612,5515
30613,5516
30614,5517
30615,5517
30616,5517
30617,5517
30618,5517
30619,5517
30620,5517
30621,5518
30622,5518
30623,5518
30624,5519
30625,5519
30626,5520
30627,5520
30628,5520
30629,5520
30630,5520
30631,5520
30632,5521
30633,5521
30634,5522
30635,5522
30636,5522
30637,5522
30638,5522
30639,5522
30640,5522
30641,5522
30642,5522
30643,5523
30644,5523
30645,5523
30646,5523
30647,5523
30648,5523
30649,5524
30650,5524
30651,5524
30652,5525
30653,5525
30654,5526
30655,5526
30656,5526
30657,5527
30658,5527
30659,5527
30660,5527
30661,5527
30662,5527
30663,5528
30664,5528
30665,5528
30666,5528
30667,5528
30668,5529
30669,5530
30670,5530
30671,5530
30672,5530
30673,5530
30674,5530
30675,5530
30676,5531
30677,5531
30678,5531
30679,5531
30680,5531
30681,5531
30682,5531
30683,5531
30684,5531
30685,5532
30686,5532
30687,5532
30688,5533
30689,5533
30690,5533
30691,5533
30692,5533
30693,5534
30694,5534
30695,5534
30696,5534
30697,5535
30698,5535
30699,5535
30700,5535
30701,5535
30702,5535
30703,5535
30704,5535
30705,5535
30706,5536
30707,5536
30708,5536
30709,5537
30710,5537
30711,5537
30712,5538
30713,5538
30714,5538
30715,5538
30716,5538
30717,5538
30718,5538
30719,5538
30720,5538
30721,5539
30722,5539
30723,5539
30724,5539
30725,5540
30726,5540
30727,5540
30728,5540
30729,5541
30730,5541
30731,5541
30732,5541
30733,5541
30734,5542
30735,5542
30736,5542
30737,5542
30738,5542
30739,5542
30740,5542
30741,5542
30742,5542
30743,5542
30744,5543
30745,5543
30746,5543
30747,5543
30748,5544
30749,5544
30750,5544
30751,5544
30752,5544
30753,5544
30754,5544
30755,5545
30756,5545
30757,5545
30758,5545
30759,5546
30760,5546
30761,5546
30762,5546
30763,5546
30764,5546
30765,5546
30766,5546
30767,5546
30768,5546
30769,5547
30770,5547
30771,5547
30772,5547
30773,5547
30774,5547
30775,5548
30776,5548
30777,5549
30778,5549
30779,5549
30780,5549
30781,5549
30782,5549
30783,5549
30784,5549
30785,5550
30786,5550
30787,5550
30788,5550
30789,5551
30790,5551
30791,5551
30792,5551
30793,5551
30794,5551
30795,5551
30796,5551
30797,5552
30798,5552
30799,5552
30800,5552
30801,5552
30802,5552
30803,5552
30804,5553
30805,5554
30806,5554
30807,5554
30808,5554
30809,5554
30810,5554
30811,5554
30812,5554
30813,5554
30814,5555
30815,5555
30816,5555
30817,5555
30818,5556
30819,5556
30820,5556
30821,5556
30822,5556
30823,5556
30824,5556
30825,5556
30826,5556
30827,5556
30828,5557
30829,5557
30830,5557
30831,5557
30832,5557
30833,5557
30834,5557
30835,5558
30836,5558
30837,5558
30838,5558
30839,5558
30840,5558
30841,5558
30842,5558
30843,5558
30844,5558
30845,5559
30846,5559
30847,5559
30848,5559
30849,5559
30850,5559
30851,5560
30852,5560
30853,5560
30854,5560
30855,5560
30856,5560
30857,5560
30858,5560
30859,5561
30860,5561
30861,5562
30862,5562
30863,5562
30864,5562
30865,5563
30866,5563
30867,5563
30868,5563
30869,5563
30870,5563
30871,5563
30872,5563
30873,5564
30874,5564
30875,5564
30876,5565
30877,5565
30878,5565
30879,5565
30880,5565
30881,5565
30882,5565
30883,5565
30884,5565
30885,5566
30886,5567
30887,5567
30888,5567
30889,5567
30890,5568
30891,5568
30892,5568
30893,5568
30894,5568
30895,5568
30896,5568
30897,5568
30898,5568
30899,5569
30900,5569
30901,5569
30902,5569
30903,5570
30904,5570
30905,5570
30906,5570
30907,5570
30908,5570
30909,5570
30910,5570
30911,5571
30912,5572
30913,5572
30914,5572
30915,5572
30916,5572
30917,5572
30918,5572
30919,5572
30920,5573
30921,5573
30922,5574
30923,5574
30924,5574
30925,5574
30926,5574
30927,5574
30928,5574
30929,5574
30930,5574
30931,5575
30932,5575
30933,5575
30934,5575
30935,5575
30936,5575
30937,5575
30938,5576
30939,5576
30940,5576
30941,5577
30942,5577
30943,5578
30944,5578
30945,5578
30946,5578
30947,5579
30948,5579
30949,5579
30950,5579
30951,5579
30952,5579
30953,5579
30954,5579
30955,5579
30956,5580
30957,5580
30958,5580
30959,5580
30960,5580
30961,5580
30962,5580
30963,5580
30964,5580
30965,5580
30966,5581
30967,5581
30968,5581
30969,5581
30970,5581
30971,5581
30972,5581
30973,5582
30974,5582
30975,5582
30976,5582
30977,5582
30978,5582
30979,5582
30980,5583
30981,5583
30982,5584
30983,5584
30984,5584
30985,5584
30986,5584
30987,5584
30988,5584
30989,5585
30990,5586
30991,5587
30992,5587
30993,5587
30994,5587
30995,5587
30996,5587
30997,5587
30998,5587
30999,5587
31000,5588
31001,5588
31002,5589
31003,5589
31004,5590
31005,5590
31006,5590
31007,5590
31008,5590
31009,5591
31010,5591
31011,5591
31012,5591
31013,5591
31014,5591
31015,5592
31016,5593
31017,5593
31018,5593
31019,5593
31020,5593
31021,5593
31022,5593
31023,5594
31024,5594
31025,5594
31026,5594
31027,5594
31028,5594
31029,5595
31030,5595
31031,5596
31032,5597
31033,5597
31034,5597
31035,5597
31036,5597
31037,5597
31038,5598
31039,5598
31040,5598
31041,5598
31042,5598
31043,5598
31044,5598
31045,5598
31046,5598
31047,5599
31048,5599
31049,5599
31050,5599
31051,5599
31052,5599
31053,5600
31054,5600
31055,5600
31056,5600
31057,5600
31058,5600
31059,5600
31060,5600
31061,5600
31062,5601
31063,5601
31064,5601
31065,5601
31066,5601
31067,5602
31068,5602
31069,5602
31070,5602
31071,5603
31072,5603
31073,5603
31074,5603
31075,5603
31076,5603
31077,5603
31078,5603
31079,5603
31080,5603
31081,5604
31082,5604
31083,5604
31084,5604
31085,5604
31086,5605
31087,5605
31088,5605
31089,5605
31090,5605
31091,5605
31092,5605
31093,5605
31094,5605
31095,5605
31096,5606
31097,5606
31098,5606
31099,5606
31100,5606
31101,5606
31102,5606
31103,5606
31104,5607
31105,5607
31106,5607
31107,5607
31108,5607
31109,5607
31110,5608
31111,5608
31112,5608
31113,5608
31114,5608
31115,5608
31116,5608
31117,5608
31118,5608
31119,5609
31120,5609
31121,5609
31122,5609
31123,5609
31124,5610
31125,5610
31126,5610
31127,5610
31128,5611
31129,5611
31130,5611
31131,5611
31132,5612
31133,5612
31134,5612
31135,5613
31136,5613
31137,5613
31138,5613
31139,5613
31140,5613
31141,5613
31142,5613
31143,5613
31144,5613
31145,5614
31146,5614
31147,5614
31148,5614
31149,5614
31150,5614
31151,5614
31152,5615
31153,5615
31154,5615
31155,5615
31156,5615
31157,5615
31158,5615
31159,5615
31160,5615
31161,5615
31162,5616
31163,5616
31164,5616
31165,5617
31166,5617
31167,5617
31168,5617
31169,5617
31170,5617
31171,5617
31172,5618
31173,5618
31174,5619
31175,5619
31176,5620
31177,5620
31178,5620
31179,5620
31180,5620
31181,5620
31182,5621
31183,5621
31184,5621
31185,5621
31186,5621
31187,5621
31188,5621
31189,5621
31190,5621
31191,5621
31192,5622
31193,5622
31194,5622
31195,5623
31196,5623
31197,5623
31198,5623
31199,5623
31200,5623
31201,5623
31202,5623
31203,5624
31204,5624
31205,5624
31206,5625
31207,5625
31208,5625
31209,5625
31210,5626
31211,5626
31212,5626
31213,5626
31214,5626
31215,5626
31216,5626
31217,5626
31218,5626
31219,5626
31220,5627
31221,5627
31222,5627
31223,5627
31224,5627
31225,5627
31226,5627
31227,5627
31228,5628
31229,5629
31230,5629
31231,5629
31232,5629
31233,5629
31234,5630
31235,5630
31236,5630
31237,5630
31238,5630
31239,5631
31240,5631
31241,5631
31242,5631
31243,5631
31244,5631
31245,5632
31246,5632
31247,5632
31248,5632
31249,5632
31250,5632
31251,5632
31252,5632
31253,5633
31254,5633
31255,5633
31256,5633
31257,5634
31258,5634
31259,5634
31260,5634
31261,5635
31262,5636
31263,5636
31264,5636
31265,5636
31266,5636
31267,5636
31268,5636
31269,5636
31270,5636
31271,5637
31272,5638
31273,5639
31274,5639
31275,5639
31276,5639
31277,5639
31278,5639
31279,5639
31280,5640
31281,5640
31282,5640
31283,5641
31284,5641
31285,5641
31286,5641
31287,5641
31288,5641
31289,5641
31290,5642
31291,5642
31292,5643
31293,5643
31294,5643
31295,5643
31296,5644
31297,5644
31298,5644
31299,5644
31300,5644
31301,5644
31302,5644
31303,5644
31304,5644
31305,5644
31306,5645
31307,5645
31308,5645
31309,5645
31310,5646
31311,5646
31312,5646
31313,5646
31314,5646
31315,5646
31316,5646
31317,5646
31318,5647
31319,5647
31320,5647
31321,5647
31322,5647
31323,5648
31324,5648
31325,5648
31326,5649
31327,5649
31328,5649
31329,5649
31330,5649
31331,5649
31332,5649
31333,5650
31334,5650
31335,5650
31336,5650
31337,5650
31338,5651
31339,5651
31340,5651
31341,5652
31342,5652
31343,5652
31344,5652
31345,5653
31346,5653
31347,5653
31348,5654
31349,5654
31350,5654
31351,5654
31352,5654
31353,5654
31354,5655
31355,5655
31356,5656
31357,5656
31358,5656
31359,5657
31360,5658
31361,5658
31362,5658
31363,5658
31364,5658
31365,5658
31366,5659
31367,5659
31368,5659
31369,5659
31370,5659
31371,5659
31372,5659
31373,5659
31374,5660
31375,5660
31376,5660
31377,5660
31378,5661
31379,5661
31380,5661
31381,5661
31382,5661
31383,5661
31384,5661
31385,5661
31386,5662
31387,5662
31388,5662
31389,5662
31390,5662
31391,5662
31392,5662
31393,5663
31394,5663
31395,5663
31396,5664
31397,5665
31398,5665
31399,5665
31400,5665
31401,5665
31402,5666
31403,5666
31404,5666
31405,5666
31406,5667
31407,5667
31408,5667
31409,5667
31410,5667
31411,5667
31412,5667
31413,5667
31414,5667
31415,5667
31416,5668
31417,5668
31418,5668
31419,5668
31420,5669
31421,5669
31422,5669
31423,5669
31424,5669
31425,5670
31426,5671
31427,5671
31428,5671
31429,5671
31430,5671
31431,5671
31432,5671
31433,5671
31434,5672
31435,5672
31436,5672
31437,5672
31438,5672
31439,5672
31440,5673
31441,5673
31442,5673
31443,5673
31444,5674
31445,5674
31446,5674
31447,5675
31448,5676
31449,5676
31450,5676
31451,5676
31452,5676
31453,5676
31454,5676
31455,5677
31456,5677
31457,5677
31458,5677
31459,5677
31460,5677
31461,5678
31462,5678
31463,5678
31464,5678
31465,5678
31466,5678
31467,5678
31468,5678
31469,5679
31470,5679
31471,5679
31472,5679
31473,5680
31474,5680
31475,5680
31476,5680
31477,5680
31478,5680
31479,5680
31480,5681
31481,5681
31482,5681
31483,5681
31484,5681
31485,5682
31486,5682
31487,5682
31488,5682
31489,5682
31490,5683
31491,5683
31492,5683
31493,5684
31494,5684
31495,5684
31496,5684
31497,5684
31498,5684
31499,5685
31500,5685
31501,5685
31502,5685
31503,5685
31504,5685
31505,5685
31506,5685
31507,5686
31508,5686
31509,5686
31510,5686
31511,5686
31512,5686
31513,5686
31514,5686
31515,5686
31516,5686
31517,5687
31518,5687
31519,5687
31520,5687
31521,5687
31522,5687
31523,5687
31524,5687
31525,5687
31526,5687
31527,5688
31528,5688
31529,5688
31530,5688
31531,5689
31532,5689
31533,5690
31534,5690
31535,5690
31536,5690
31537,5690
31538,5690
31539,5691
31540,5691
31541,5691
31542,5691
31543,5691
31544,5691
31545,5691
31546,5691
31547,5692
31548,5692
31549,5692
31550,5692
31551,5693
31552,5693
31553,5693
31554,5693
31555,5693
31556,5694
31557,5695
31558,5696
31559,5696
31560,5696
31561,5696
31562,5696
31563,5696
31564,5696
31565,5697
31566,5697
31567,5697
31568,5697
31569,5697
31570,5698
31571,5698
31572,5698
31573,5698
31574,5698
31575,5698
31576,5698
31577,5699
31578,5699
31579,5699
31580,5699
31581,5699
31582,5699
31583,5699
31584,5699
31585,5699
31586,5700
31587,5701
31588,5701
31589,5702
31590,5702
31591,5702
31592,5702
31593,5702
31594,5702
31595,5703
31596,5703
31597,5704
31598,5705
31599,5705
31600,5705
31601,5705
31602,5705
31603,5705
31604,5706
31605,5706
31606,5706
31607,5706
31608,5706
31609,5706
31610,5706
31611,5707
31612,5707
31613,5707
31614,5707
31615,5707
31616,5707
31617,5708
31618,5708
31619,5709
31620,5709
31621,5709
31622,5709
31623,5710
31624,5710
31625,5710
31626,5710
31627,5710
31628,5710
31629,5710
31630,5710
31631,5710
31632,5711
31633,5711
31634,5711
31635,5711
31636,5711
31637,5711
31638,5711
31639,5711
31640,5711
31641,5712
31642,5712
31643,5712
31644,5712
31645,5712
31646,5712
31647,5712
31648,5712
31649,5712
31650,5713
31651,5713
31652,5713
31653,5713
31654,5713
31655,5714
31656,5714
31657,5714
31658,5715
31659,5715
31660,5715
31661,5715
31662,5715
31663,5715
31664,5715
31665,5716
31666,5716
31667,5716
31668,5716
31669,5716
31670,5717
31671,5717
31672,5717
31673,5717
31674,5717
31675,5717
31676,5717
31677,5718
31678,5718
31679,5718
31680,5719
31681,5719
31682,5719
31683,5719
31684,5720
31685,5721
31686,5721
31687,5721
31688,5721
31689,5721
31690,5722
31691,5722
31692,5723
31693,5723
31694,5723
31695,5724
31696,5724
31697,5724
31698,5724
31699,5724
31700,5724
31701,5724
31702,5724
31703,5724
31704,5724
31705,5725
31706,5725
31707,5725
31708,5725
31709,5725
31710,5726
31711,5726
31712,5726
31713,5727
31714,5727
31715,5727
31716,5727
31717,5727
31718,5728
31719,5728
31720,5728
31721,5728
31722,5728
31723,5728
31724,5728
31725,5728
31726,5728
31727,5729
31728,5729
31729,5729
31730,5730
31731,5730
31732,5730
31733,5730
31734,5730
31735,5731
31736,5731
31737,5731
31738,5731
31739,5731
31740,5731
31741,5731
31742,5731
31743,5731
31744,5731
31745,5732
31746,5732
31747,5732
31748,5733
31749,5733
31750,5733
31751,5733
31752,5733
31753,5733
31754,5733
31755,5733
31756,5733
31757,5733
31758,5734
31759,5734
31760,5734
31761,5734
31762,5734
31763,5734
31764,5734
31765,5734
31766,5735
31767,5736
31768,5737
31769,5737
31770,5737
31771,5738
31772,5738
31773,5739
31774,5739
31775,5739
31776,5739
31777,5740
31778,5740
31779,5740
31780,5740
31781,5740
31782,5740
31783,5740
31784,5741
31785,5741
31786,5741
31787,5741
31788,5741
31789,5741
31790,5741
31791,5741
31792,5741
31793,5741
31794,5742
31795,5742
31796,5742
31797,5742
31798,5742
31799,5742
31800,5742
31801,5742
31802,5742
31803,5743
31804,5743
31805,5743
31806,5743
31807,5743
31808,5743
31809,5743
31810,5743
31811,5744
31812,5744
31813,5744
31814,5744
31815,5744
31816,5744
31817,5744
31818,5744
31819,5744
31820,5744
31821,5745
31822,5745
31823,5745
31824,5745
31825,5745
31826,5746
31827,5747
31828,5747
31829,5747
31830,5747
31831,5747
31832,5747
31833,5747
31834,5748
31835,5748
31836,5748
31837,5748
31838,5748
31839,5748
31840,5749
31841,5749
31842,5749
31843,5749
31844,5749
31845,5749
31846,5749
31847,5749
31848,5749
31849,5749
31850,5750
31851,5750
31852,5750
31853,5750
31854,5750
31855,5750
31856,5750
31857,5750
31858,5751
31859,5751
31860,5751
31861,5751
31862,5751
31863,5751
31864,5751
31865,5751
31866,5751
31867,5751
31868,5752
31869,5752
31870,5752
31871,5752
31872,5752
31873,5752
31874,5752
31875,5753
31876,5753
31877,5753
31878,5754
31879,5754
31880,5754
31881,5754
31882,5754
31883,5754
31884,5754
31885,5755
31886,5755
31887,5755
31888,5755
31889,5755
31890,5755
31891,5755
31892,5755
31893,5756
31894,5756
31895,5757
31896,5757
31897,5757
31898,5757
31899,5757
31900,5757
31901,5757
31902,5757
31903,5757
31904,5757
31905,5758
31906,5758
31907,5758
31908,5758
31909,5758
31910,5758
31911,5758
31912,5758
31913,5759
31914,5759
31915,5759
31916,5759
31917,5760
31918,5760
31919,5760
31920,5760
31921,5760
31922,5760
31923,5760
31924,5760
31925,5760
31926,5761
31927,5761
31928,5761
31929,5761
31930,5761
31931,5761
31932,5761
31933,5762
31934,5762
31935,5762
31936,5762
31937,5762
31938,5762
31939,5762
31940,5762
31941,5762
31942,5763
31943,5763
31944,5763
31945,5763
31946,5763
31947,5763
31948,5763
31949,5763
31950,5764
31951,5764
31952,5764
31953,5764
31954,5764
31955,5764
31956,5764
31957,5765
31958,5765
31959,5765
31960,5765
31961,5765
31962,5765
31963,5766
31964,5766
31965,5767
31966,5767
31967,5767
31968,5767
31969,5767
31970,5767
31971,5767
31972,5768
31973,5768
31974,5768
31975,5768
31976,5768
31977,5768
31978,5768
31979,5768
31980,5768
31981,5769
31982,5769
31983,5769
31984,5769
31985,5769
31986,5770
31987,5770
31988,5770
31989,5770
31990,5770
31991,5770
31992,5770
31993,5771
31994,5771
31995,5771
31996,5771
31997,5771
31998,5771
31999,5771
32000,5771
32001,5772
32002,5772
32003,5772
32004,5772
32005,5772
32006,5772
32007,5772
32008,5772
32009,5773
32010,5773
32011,5773
32012,5773
32013,5773
32014,5773
32015,5773
32016,5773
32017,5773
32018,5773
32019,5774
32020,5774
32021,5774
32022,5774
32023,5774
32024,5774
32025,5774
32026,5774
32027,5774
32028,5775
32029,5775
32030,5775
32031,5775
32032,5775
32033,5775
32034,5775
32035,5775
32036,5776
32037,5776
32038,5776
32039,5776
32040,5776
32041,5777
32042,5777
32043,5777
32044,5777
32045,5777
32046,5777
32047,5777
32048,5777
32049,5777
32050,5778
32051,5778
32052,5778
32053,5778
32054,5778
32055,5778
32056,5778
32057,5779
32058,5779
32059,5779
32060,5779
32061,5779
32062,5779
32063,5780
32064,5780
32065,5781
32066,5782
32067,5783
32068,5783
32069,5784
32070,5784
32071,5784
32072,5785
32073,5785
32074,5785
32075,5786
32076,5786
32077,5787
32078,5787
32079,5787
32080,5788
32081,5788
32082,5788
32083,5788
32084,5788
32085,5788
32086,5788
32087,5788
32088,5789
32089,5789
32090,5789
32091,5789
32092,5790
32093,5790
32094,5790
32095,5790
32096,5791
32097,5791
32098,5791
32099,5791
32100,5791
32101,5792
32102,5792
32103,5792
32104,5792
32105,5792
32106,5793
32107,5793
32108,5793
32109,5793
32110,5793
32111,5793
32112,5793
32113,5793
32114,5793
32115,5794
32116,5794
32117,5794
32118,5794
32119,5795
32120,5795
32121,5795
32122,5795
32123,5795
32124,5795
32125,5796
32126,5796
32127,5796
32128,5796
32129,5797
32130,5797
32131,5797
32132,5797
32133,5797
32134,5797
32135,5798
32136,5798
32137,5798
32138,5798
32139,5798
32140,5798
32141,5798
32142,5799
32143,5799
32144,5799
32145,5799
32146,5799
32147,5800
32148,5800
32149,5800
32150,5800
32151,5800
32152,5800
32153,5801
32154,5801
32155,5802
32156,5802
32157,5802
32158,5803
32159,5803
32160,5803
32161,5803
32162,5804
32163,5804
32164,5804
32165,5804
32166,5804
32167,5804
32168,5805
32169,5805
32170,5805
32171,5805
32172,5805
32173,5805
32174,5805
32175,5805
32176,5805
32177,5805
32178,5806
32179,5806
32180,5806
32181,5806
32182,5806
32183,5806
32184,5807
32185,5807
32186,5807
32187,5807
32188,5807
32189,5807
32190,5807
32191,5807
32192,5807
32193,5807
32194,5808
32195,5808
32196,5808
32197,5808
32198,5808
32199,5808
32200,5808
32201,5808
32202,5808
32203,5809
32204,5809
32205,5809
32206,5809
32207,5809
32208,5809
32209,5809
32210,5809
32211,5809
32212,5809
32213,5810
32214,5810
32215,5810
32216,5810
32217,5810
32218,5810
32219,5811
32220,5812
32221,5812
32222,5812
32223,5812
32224,5812
32225,5812
32226,5812
32227,5812
32228,5813
32229,5813
32230,5813
32231,5813
32232,5813
32233,5813
32234,5813
32235,5814
32236,5814
32237,5814
32238,5814
32239,5814
32240,5815
32241,5815
32242,5815
32243,5816
32244,5816
32245,5816
32246,5816
32247,5816
32248,5816
32249,5816
32250,5816
32251,5816
32252,5817
32253,5817
32254,5817
32255,5817
32256,5817
32257,5817
32258,5818
32259,5818
32260,5818
32261,5819
32262,5819
32263,5819
32264,5819
32265,5819
32266,5819
32267,5819
32268,5820
32269,5820
32270,5820
32271,5820
32272,5820
32273,5820
32274,5820
32275,5821
32276,5821
32277,5821
32278,5821
32279,5821
32280,5822
32281,5822
32282,5823
32283,5823
32284,5823
32285,5824
32286,5824
32287,5825
32288,5825
32289,5825
32290,5825
32291,5826
32292,5826
32293,5826
32294,5826
32295,5826
32296,5826
32297,5826
32298,5827
32299,5827
32300,5827
32301,5827
32302,5827
32303,5827
32304,5827
32305,5828
32306,5828
32307,5828
32308,5829
32309,5829
32310,5829
32311,5829
32312,5830
32313,5830
32314,5830
32315,5830
32316,5830
32317,5830
32318,5830
32319,5830
32320,5830
32321,5830
32322,5831
32323,5831
32324,5831
32325,5831
32326,5831
32327,5831
32328,5831
32329,5832
32330,5832
32331,5832
32332,5832
32333,5832
32334,5833
32335,5833
32336,5833
32337,5833
32338,5834
32339,5834
32340,5834
32341,5834
32342,5834
32343,5834
32344,5834
32345,5835
32346,5835
32347,5835
32348,5835
32349,5835
32350,5835
32351,5835
32352,5835
32353,5835
32354,5835
32355,5836
32356,5836
32357,5836
32358,5836
32359,5836
32360,5836
32361,5836
32362,5836
32363,5836
32364,5837
32365,5837
32366,5838
32367,5838
32368,5838
32369,5838
32370,5838
32371,5839
32372,5839
32373,5839
32374,5839
32375,5839
32376,5839
32377,5839
32378,5839
32379,5839
32380,5839
32381,5840
32382,5840
32383,5841
32384,5841
32385,5841
32386,5841
32387,5841
32388,5841
32389,5841
32390,5842
32391,5842
32392,5842
32393,5842
32394,5842
32395,5842
32396,5842
32397,5842
32398,5843
32399,5843
32400,5843
32401,5843
32402,5844
32403,5844
32404,5844
32405,5845
32406,5845
32407,5845
32408,5846
32409,5846
32410,5846
32411,5846
32412,5846
32413,5847
32414,5847
32415,5847
32416,5847
32417,5847
32418,5847
32419,5847
32420,5847
32421,5848
32422,5848
32423,5849
32424,5849
32425,5849
32426,5849
32427,5849
32428,5849
32429,5849
32430,5849
32431,5850
32432,5851
32433,5852
32434,5852
32435,5852
32436,5852
32437,5852
32438,5852
32439,5852
32440,5852
32441,5852
32442,5852
32443,5853
32444,5853
32445,5853
32446,5854
32447,5854
32448,5854
32449,5854
32450,5854
32451,5854
32452,5854
32453,5854
32454,5855
32455,5855
32456,5856
32457,5857
32458,5858
32459,5858
32460,5858
32461,5858
32462,5858
32463,5858
32464,5858
32465,5858
32466,5858
32467,5859
32468,5859
32469,5859
32470,5860
32471,5860
32472,5860
32473,5860
32474,5860
32475,5860
32476,5860
32477,5860
32478,5860
32479,5860
32480,5861
32481,5861
32482,5861
32483,5861
32484,5861
32485,5862
32486,5862
32487,5862
32488,5862
32489,5862
32490,5862
32491,5862
32492,5862
32493,5863
32494,5863
32495,5863
32496,5863
32497,5863
32498,5863
32499,5863
32500,5863
32501,5864
32502,5864
32503,5864
32504,5864
32505,5864
32506,5864
32507,5864
32508,5865
32509,5865
32510,5865
32511,5866
32512,5866
32513,5867
32514,5867
32515,5867
32516,5867
32517,5867
32518,5867
32519,5868
32520,5868
32521,5868
32522,5868
32523,5868
32524,5868
32525,5868
32526,5868
32527,5869
32528,5869
32529,5869
32530,5869
32531,5869
32532,5869
32533,5869
32534,5869
32535,5870
32536,5870
32537,5870
32538,5870
32539,5870
32540,5870
32541,5871
32542,5871
32543,5871
32544,5871
32545,5872
32546,5872
32547,5873
32548,5873
32549,5873
32550,5873
32551,5873
32552,5873
32553,5873
32554,5873
32555,5873
32556,5873
32557,5874
32558,5874
32559,5874
32560,5874
32561,5875
32562,5875
32563,5875
32564,5875
32565,5875
32566,5875
32567,5875
32568,5875
32569,5875
32570,5876
32571,5876
32572,5876
32573,5877
32574,5877
32575,5877
32576,5877
32577,5877
32578,5877
32579,5877
32580,5877
32581,5877
32582,5877
32583,5878
32584,5878
32585,5878
32586,5878
32587,5878
32588,5878
32589,5879
32590,5880
32591,5881
32592,5881
32593,5881
32594,5881
32595,5881
32596,5881
32597,5881
32598,5881
32599,5882
32600,5882
32601,5882
32602,5882
32603,5882
32604,5883
32605,5884
32606,5884
32607,5884
32608,5884
32609,5885
32610,5885
32611,5885
32612,5885
32613,5886
32614,5886
32615,5886
32616,5886
32617,5886
32618,5886
32619,5886
32620,5886
32621,5886
32622,5887
32623,5887
32624,5887
32625,5887
32626,5887
32627,5888
32628,5888
32629,5888
32630,5888
32631,5888
32632,5888
32633,5888
32634,5888
32635,5888
32636,5889
32637,5889
32638,5889
32639,5889
32640,5889
32641,5889
32642,5889
32643,5889
32644,5889
32645,5890
32646,5890
32647,5890
32648,5890
32649,5891
32650,5891
32651,5891
32652,5891
32653,5891
32654,5891
32655,5892
32656,5892
32657,5892
32658,5892
32659,5892
32660,5892
32661,5892
32662,5892
32663,5892
32664,5893
32665,5893
32666,5893
32667,5893
32668,5893
32669,5893
32670,5894
32671,5894
32672,5894
32673,5894
32674,5894
32675,5895
32676,5895
32677,5895
32678,5895
32679,5895
32680,5895
32681,5895
32682,5895
32683,5895
32684,5896
32685,5896
32686,5896
32687,5896
32688,5896
32689,5896
32690,5896
32691,5896
32692,5896
32693,5896
32694,5897
32695,5897
32696,5898
32697,5899
32698,5899
32699,5899
32700,5900
32701,5901
32702,5901
32703,5901
32704,5901
32705,5901
32706,5901
32707,5901
32708,5901
32709,5901
32710,5901
32711,5902
32712,5902
32713,5902
32714,5902
32715,5902
32716,5902
32717,5903
32718,5904
32719,5904
32720,5904
32721,5904
32722,5904
32723,5904
32724,5904
32725,5904
32726,5904
32727,5904
32728,5905
32729,5905
32730,5905
32731,5905
32732,5905
32733,5905
32734,5905
32735,5905
32736,5905
32737,5905
32738,5906
32739,5906
32740,5906
32741,5906
32742,5906
32743,5906
32744,5906
32745,5907
32746,5907
32747,5907
32748,5907
32749,5907
32750,5907
32751,5907
32752,5907
32753,5907
32754,5908
32755,5908
32756,5908
32757,5908
32758,5908
32759,5908
32760,5908
32761,5908
32762,5908
32763,5909
32764,5909
32765,5909
32766,5909
32767,5909
32768,5909
32769,5910
32770,5910
32771,5910
32772,5910
32773,5910
32774,5910
32775,5910
32776,5910
32777,5911
32778,5911
32779,5911
32780,5911
32781,5911
32782,5911
32783,5911
32784,5911
32785,5911
32786,5911
32787,5912
32788,5912
32789,5912
32790,5912
32791,5912
32792,5912
32793,5913
32794,5914
32795,5914
32796,5914
32797,5914
32798,5914
32799,5914
32800,5915
32801,5915
32802,5915
32803,5915
32804,5915
32805,5915
32806,5915
32807,5915
32808,5915
32809,5916
32810,5916
32811,5916
32812,5916
32813,5916
32814,5916
32815,5916
32816,5916
32817,5916
32818,5916
32819,5917
32820,5917
32821,5917
32822,5917
32823,5917
32824,5917
32825,5917
32826,5917
32827,5917
32828,5917
32829,5918
32830,5918
32831,5918
32832,5918
32833,5918
32834,5918
32835,5918
32836,5918
32837,5918
32838,5919
32839,5919
32840,5920
32841,5920
32842,5920
32843,5920
32844,5921
32845,5921
32846,5921
32847,5922
32848,5922
32849,5922
32850,5922
32851,5922
32852,5922
32853,5922
32854,5922
32855,5922
32856,5923
32857,5923
32858,5924
32859,5924
32860,5924
32861,5924
32862,5924
32863,5924
32864,5924
32865,5925
32866,5925
32867,5925
32868,5925
32869,5925
32870,5926
32871,5926
32872,5926
32873,5926
32874,5926
32875,5926
32876,5926
32877,5926
32878,5927
32879,5928
32880,5928
32881,5928
32882,5928
32883,5929
32884,5929
32885,5929
32886,5929
32887,5929
32888,5929
32889,5930
32890,5930
32891,5930
32892,5930
32893,5930
32894,5931
32895,5931
32896,5931
32897,5931
32898,5932
32899,5932
32900,5932
32901,5932
32902,5932
32903,5932
32904,5932
32905,5932
32906,5932
32907,5933
32908,5933
32909,5933
32910,5933
32911,5933
32912,5933
32913,5934
32914,5934
32915,5934
32916,5934
32917,5935
32918,5935
32919,5935
32920,5935
32921,5935
32922,5935
32923,5935
32924,5935
32925,5936
32926,5936
32927,5936
32928,5936
32929,5936
32930,5936
32931,5936
32932,5936
32933,5936
32934,5937
32935,5937
32936,5938
32937,5938
32938,5938
32939,5938
32940,5938
32941,5938
32942,5938
32943,5938
32944,5938
32945,5939
32946,5939
32947,5940
32948,5940
32949,5941
32950,5941
32951,5941
32952,5941
32953,5941
32954,5941
32955,5941
32956,5941
32957,5941
32958,5941
32959,5942
32960,5942
32961,5942
32962,5942
32963,5942
32964,5942
32965,5943
32966,5943
32967,5943
32968,5943
32969,5943
32970,5943
32971,5944
32972,5944
32973,5945
32974,5945
32975,5946
32976,5947
32977,5947
32978,5947
32979,5947
32980,5947
32981,5948
32982,5948
32983,5948
32984,5948
32985,5948
32986,5948
32987,5948
32988,5948
32989,5948
32990,5948
32991,5949
32992,5949
32993,5949
32994,5949
32995,5949
32996,5950
32997,5950
32998,5950
32999,5950
33000,5950
33001,5950
33002,5950
33003,5951
33004,5952
33005,5952
33006,5952
33007,5953
33008,5953
33009,5953
33010,5953
33011,5953
33012,5954
33013,5954
33014,5954
33015,5954
33016,5955
33017,5955
33018,5955
33019,5955
33020,5955
33021,5955
33022,5955
33023,5955
33024,5955
33025,5956
33026,5956
33027,5956
33028,5956
33029,5956
33030,5956
33031,5957
33032,5957
33033,5957
33034,5957
33035,5957
33036,5957
33037,5957
33038,5957
33039,5958
33040,5958
33041,5959
33042,5959
33043,5960
33044,5960
33045,5960
33046,5960
33047,5960
33048,5960
33049,5961
33050,5961
33051,5961
33052,5961
33053,5961
33054,5961
33055,5961
33056,5962
33057,5962
33058,5962
33059,5962
33060,5962
33061,5962
33062,5963
33063,5963
33064,5963
33065,5963
33066,5963
33067,5963
33068,5964
33069,5964
33070,5964
33071,5964
33072,5964
33073,5964
33074,5964
33075,5965
33076,5965
33077,5965
33078,5965
33079,5966
33080,5967
33081,5967
33082,5967
33083,5967
33084,5967
33085,5968
33086,5968
33087,5969
33088,5969
33089,5969
33090,5969
33091,5969
33092,5969
33093,5969
33094,5969
33095,5969
33096,5970
33097,5970
33098,5970
33099,5970
33100,5970
33101,5970
33102,5971
33103,5971
33104,5971
33105,5972
33106,5972
33107,5972
33108,5972
33109,5972
33110,5972
33111,5972
33112,5973
33113,5973
33114,5973
33115,5973
33116,5974
33117,5974
33118,5974
33119,5974
33120,5974
33121,5974
33122,5974
33123,5975
33124,5976
33125,5976
33126,5976
33127,5976
33128,5976
33129,5977
33130,5977
33131,5977
33132,5977
33133,5978
33134,5978
33135,5978
33136,5978
33137,5978
33138,5979
33139,5980
33140,5980
33141,5980
33142,5980
33143,5980
33144,5980
33145,5980
33146,5980
33147,5980
33148,5981
33149,5981
33150,5981
33151,5981
33152,5981
33153,5981
33154,5981
33155,5982
33156,5982
33157,5982
33158,5982
33159,5982
33160,5982
33161,5982
33162,5983
33163,5983
33164,5983
33165,5983
33166,5983
33167,5983
33168,5983
33169,5983
33170,5984
33171,5984
33172,5984
33173,5984
33174,5984
33175,5984
33176,5985
33177,5985
33178,5985
33179,5985
33180,5985
33181,5985
33182,5985
33183,5985
33184,5985
33185,5986
33186,5986
33187,5986
33188,5986
33189,5986
33190,5986
33191,5986
33192,5986
33193,5986
33194,5986
33195,5987
33196,5987
33197,5987
33198,5987
33199,5988
33200,5988
33201,5988
33202,5988
33203,5988
33204,5988
33205,5988
33206,5988
33207,5988
33208,5989
33209,5989
33210,5989
33211,5989
33212,5989
33213,5989
33214,5989
33215,5989
33216,5990
33217,5990
33218,5990
33219,5990
33220,5990
33221,5990
33222,5990
33223,5990
33224,5990
33225,5990
33226,5991
33227,5991
33228,5991
33229,5992
33230,5992
33231,5992
33232,5992
33233,5992
33234,5992
33235,5992
33236,5992
33237,5992
33238,5993
33239,5994
33240,5994
33241,5994
33242,5994
33243,5994
33244,5994
33245,5994
33246,5994
33247,5994
33248,5995
33249,5995
33250,5995
33251,5995
33252,5996
33253,5996
33254,5996
33255,5996
33256,5996
33257,5996
33258,5996
33259,5997
33260,5998
33261,5998
33262,5998
33263,5998
33264,5998
33265,5998
33266,5999
33267,5999
33268,5999
33269,5999
33270,6000
33271,6000
33272,6000
33273,6000
33274,6000
33275,6000
33276,6000
33277,6000
33278,6001
33279,6002
33280,6002
33281,6002
33282,6002
33283,6002
33284,6002
33285,6002
33286,6003
33287,6003
33288,6003
33289,6003
33290,6003
33291,6003
33292,6003
33293,6003
33294,6003
33295,6004
33296,6004
33297,6004
33298,6005
33299,6005
33300,6005
33301,6005
33302,6006
33303,6006
33304,6006
33305,6006
33306,6006
33307,6006
33308,6007
33309,6007
33310,6007
33311,6008
33312,6009
33313,6009
33314,6009
33315,6009
33316,6009
33317,6010
33318,6010
33319,6010
33320,6011
33321,6011
33322,6012
33323,6012
33324,6013
33325,6013
33326,6014
33327,6014
33328,6015
33329,6015
33330,6016
33331,6016
33332,6016
33333,6016
33334,6016
33335,6016
33336,6016
33337,6016
33338,6016
33339,6016
33340,6017
33341,6017
33342,6017
33343,6018
33344,6018
33345,6018
33346,6018
33347,6018
33348,6019
33349,6020
33350,6020
33351,6021
33352,6022
33353,6022
33354,6022
33355,6022
33356,6022
33357,6023
33358,6023
33359,6023
33360,6023
33361,6023
33362,6023
33363,6023
33364,6024
33365,6024
33366,6024
33367,6024
33368,6024
33369,6024
33370,6024
33371,6024
33372,6025
33373,6026
33374,6026
33375,6026
33376,6026
33377,6027
33378,6027
33379,6027
33380,6027
33381,6027
33382,6027
33383,6027
33384,6027
33385,6027
33386,6028
33387,6028
33388,6028
33389,6028
33390,6028
33391,6028
33392,6028
33393,6028
33394,6029
33395,6029
33396,6029
33397,6029
33398,6029
33399,6030
33400,6030
33401,6030
33402,6030
33403,6030
33404,6030
33405,6030
33406,6030
33407,6030
33408,6031
33409,6031
33410,6031
33411,6032
33412,6032
33413,6032
33414,6032
33415,6032
33416,6032
33417,6032
33418,6032
33419,6032
33420,6032
33421,6033
33422,6033
33423,6033
33424,6033
33425,6034
33426,6034
33427,6034
33428,6034
33429,6034
33430,6034
33431,6034
33432,6035
33433,6035
33434,6035
33435,6035
33436,6035
33437,6035
33438,6036
33439,6036
33440,6036
33441,6036
33442,6036
33443,6036
33444,6036
33445,6036
33446,6036
33447,6036
33448,6037
33449,6038
33450,6038
33451,6038
33452,6038
33453,6038
33454,6038
33455,6038
33456,6039
33457,6039
33458,6039
33459,6040
33460,6040
33461,6040
33462,6040
33463,6041
33464,6041
33465,6041
33466,6041
33467,6041
33468,6041
33469,6041
33470,6041
33471,6041
33472,6041
33473,6042
33474,6042
33475,6042
33476,6042
33477,6042
33478,6042
33479,6042
33480,6042
33481,6042
33482,6042
33483,6043
33484,6043
33485,6043
33486,6043
33487,6043
33488,6043
33489,6043
33490,6043
33491,6043
33492,6044
33493,6044
33494,6044
33495,6044
33496,6044
33497,6044
33498,6044
33499,6044
33500,6044
33501,6045
33502,6045
33503,6045
33504,6045
33505,6045
33506,6046
33507,6046
33508,6046
33509,6046
33510,6046
33511,6046
33512,6046
33513,6046
33514,6046
33515,6046
33516,6047
33517,6047
33518,6047
33519,6047
33520,6047
33521,6047
33522,6047
33523,6048
33524,6048
33525,6048
33526,6049
33527,6049
33528,6049
33529,6049
33530,6049
33531,6049
33532,6049
33533,6049
33534,6049
33535,6049
33536,6050
33537,6050
33538,6051
33539,6051
33540,6051
33541,6051
33542,6051
33543,6052
33544,6052
33545,6052
33546,6052
33547,6052
33548,6052
33549,6053
33550,6053
33551,6053
33552,6053
33553,6053
33554,6053
33555,6053
33556,6054
33557,6054
33558,6055
33559,6055
33560,6055
33561,6055
33562,6055
33563,6055
33564,6056
33565,6056
33566,6056
33567,6056
33568,6056
33569,6057
33570,6057
33571,6057
33572,6057
33573,6058
33574,6058
33575,6058
33576,6059
33577,6060
33578,6060
33579,6060
33580,6060
33581,6060
33582,6060
33583,6060
33584,6061
33585,6061
33586,6061
33587,6061
33588,6061
33589,6061
33590,6061
33591,6062
33592,6062
33593,6062
33594,6062
33595,6062
33596,6062
33597,6062
33598,6062
33599,6062
33600,6062
33601,6063
33602,6063
33603,6063
33604,6063
33605,6063
33606,6063
33607,6064
33608,6064
33609,6064
33610,6064
33611,6064
33612,6064
33613,6064
33614,6064
33615,6065
33616,6065
33617,6065
33618,6065
33619,6066
33620,6066
33621,6066
33622,6066
33623,6066
33624,6066
33625,6066
33626,6066
33627,6066
33628,6066
33629,6067
33630,6067
33631,6067
33632,6067
33633,6067
33634,6067
33635,6067
33636,6068
33637,6068
33638,6068
33639,6068
33640,6068
33641,6068
33642,6068
33643,6069
33644,6069
33645,6069
33646,6069
33647,6069
33648,6070
33649,6070
33650,6070
33651,6070
33652,6070
33653,6070
33654,6071
33655,6071
33656,6072
33657,6073
33658,6073
33659,6073
33660,6073
33661,6073
33662,6073
33663,6073
33664,6073
33665,6073
33666,6074
33667,6074
33668,6074
33669,6074
33670,6074
33671,6074
33672,6074
33673,6074
33674,6075
33675,6075
33676,6075
33677,6075
33678,6075
33679,6075
33680,6075
33681,6076
33682,6076
33683,6076
33684,6076
33685,6076
33686,6076
33687,6077
33688,6077
33689,6077
33690,6077
33691,6077
33692,6077
33693,6077
33694,6077
33695,6077
33696,6077
33697,6078
33698,6078
33699,6079
33700,6079
33701,6079
33702,6079
33703,6079
33704,6079
33705,6080
33706,6080
33707,6080
33708,6080
33709,6080
33710,6080
33711,6081
33712,6081
33713,6081
33714,6081
33715,6081
33716,6081
33717,6081
33718,6081
33719,6082
33720,6082
33721,6082
33722,6082
33723,6082
33724,6082
33725,6082
33726,6082
33727,6083
33728,6083
33729,6083
33730,6084
33731,6084
33732,6084
33733,6084
33734,6084
33735,6085
33736,6085
33737,6085
33738,6085
33739,6085
33740,6085
33741,6085
33742,6085
33743,6085
33744,6085
33745,6086
33746,6086
33747,6086
33748,6086
33749,6086
33750,6086
33751,6087
33752,6087
33753,6087
33754,6087
33755,6087
33756,6087
33757,6087
33758,6087
33759,6087
33760,6087
33761,6088
33762,6088
33763,6088
33764,6088
33765,6089
33766,6089
33767,6089
33768,6089
33769,6089
33770,6090
33771,6090
33772,6090
33773,6090
33774,6090
33775,6091
33776,6091
33777,6091
33778,6091
33779,6091
33780,6091
33781,6091
33782,6091
33783,6092
33784,6092
33785,6092
33786,6092
33787,6093
33788,6093
33789,6093
33790,6093
33791,6093
33792,6093
33793,6093
33794,6094
33795,6094
33796,6094
33797,6094
33798,6094
33799,6094
33800,6095
33801,6095
33802,6095
33803,6095
33804,6095
33805,6095
33806,6095
33807,6095
33808,6095
33809,6095
33810,6096
33811,6096
33812,6096
33813,6096
33814,6096
33815,6096
33816,6096
33817,6096
33818,6096
33819,6097
33820,6097
33821,6098
33822,6098
33823,6098
33824,6099
33825,6099
33826,6100
33827,6100
33828,6100
33829,6100
33830,6100
33831,6100
33832,6100
33833,6101
33834,6102
33835,6102
33836,6102
33837,6102
33838,6102
33839,6102
33840,6103
33841,6103
33842,6103
33843,6103
33844,6103
33845,6103
33846,6103
33847,6103
33848,6103
33849,6104
33850,6104
33851,6104
33852,6104
33853,6104
33854,6104
33855,6105
33856,6105
33857,6106
33858,6106
33859,6107
33860,6107
33861,6108
33862,6109
33863,6109
33864,6109
33865,6109
33866,6109
33867,6109
33868,6109
33869,6110
33870,6110
33871,6110
33872,6110
33873,6110
33874,6111
33875,6111
33876,6112
33877,6112
33878,6112
33879,6112
33880,6112
33881,6113
33882,6113
33883,6113
33884,6113
33885,6113
33886,6113
33887,6113
33888,6113
33889,6113
33890,6114
33891,6114
33892,6114
33893,6114
33894,6114
33895,6114
33896,6114
33897,6114
33898,6115
33899,6115
33900,6115
33901,6115
33902,6115
33903,6115
33904,6115
33905,6115
33906,6115
33907,6116
33908,6116
33909,6116
33910,6116
33911,6117
33912,6117
33913,6117
33914,6117
33915,6117
33916,6117
33917,6117
33918,6117
33919,6117
33920,6118
33921,6118
33922,6118
33923,6119
33924,6119
33925,6119
33926,6119
33927,6119
33928,6119
33929,6119
33930,6119
33931,6120
33932,6120
33933,6120
33934,6120
33935,6120
33936,6120
33937,6121
33938,6121
33939,6122
33940,6122
33941,6122
33942,6122
33943,6122
33944,6123
33945,6123
33946,6123
33947,6123
33948,6123
33949,6123
33950,6123
33951,6123
33952,6123
33953,6124
33954,6124
33955,6124
33956,6124
33957,6124
33958,6124
33959,6124
33960,6125
33961,6126
33962,6126
33963,6126
33964,6126
33965,6126
33966,6126
33967,6127
33968,6127
33969,6127
33970,6127
33971,6127
33972,6127
33973,6127
33974,6127
33975,6127
33976,6127
33977,6128
33978,6128
33979,6128
33980,6128
33981,6128
33982,6128
33983,6128
33984,6128
33985,6128
33986,6129
33987,6129
33988,6129
33989,6129
33990,6130
33991,6130
33992,6130
33993,6130
33994,6130
33995,6130
33996,6131
33997,6132
33998,6132
33999,6132
34000,6132
34001,6132
34002,6132
34003,6132
34004,6132
34005,6133
34006,6133
34007,6133
34008,6134
34009,6135
34010,6135
34011,6135
34012,6135
34013,6135
34014,6135
34015,6135
34016,6135
34017,6135
34018,6135
34019,6136
34020,6136
34021,6136
34022,6136
34023,6136
34024,6136
34025,6136
34026,6136
34027,6137
34028,6137
34029,6137
34030,6138
34031,6138
34032,6138
34033,6138
34034,6138
34035,6138
34036,6138
34037,6138
34038,6139
34039,6139
34040,6139
34041,6139
34042,6139
34043,6139
34044,6139
34045,6140
34046,6140
34047,6140
34048,6140
34049,6140
34050,6140
34051,6140
34052,6140
34053,6140
34054,6140
34055,6141
34056,6141
34057,6141
34058,6141
34059,6141
34060,6141
34061,6142
34062,6142
34063,6142
34064,6143
34065,6143
34066,6143
34067,6143
34068,6143
34069,6143
34070,6143
34071,6143
34072,6143
34073,6144
34074,6144
34075,6144
34076,6144
34077,6144
34078,6144
34079,6144
34080,6144
34081,6144
34082,6144
34083,6145
34084,6145
34085,6145
34086,6145
34087,6145
34088,6145
34089,6145
34090,6146
34091,6146
34092,6146
34093,6146
34094,6146
34095,6146
34096,6146
34097,6146
34098,6146
34099,6147
34100,6147
34101,6147
34102,6147
34103,6147
34104,6147
34105,6147
34106,6147
34107,6147
34108,6147
34109,6148
34110,6148
34111,6148
34112,6148
34113,6149
34114,6149
34115,6149
34116,6149
34117,6149
34118,6149
34119,6150
34120,6150
34121,6150
34122,6150
34123,6150
34124,6150
34125,6150
34126,6150
34127,6150
34128,6150
34129,6151
34130,6151
34131,6151
34132,6151
34133,6151
34134,6151
34135,6151
34136,6151
34137,6152
34138,6152
34139,6152
34140,6152
34141,6153
34142,6154
34143,6154
34144,6154
34145,6154
34146,6154
34147,6154
34148,6154
34149,6155
34150,6155
34151,6155
34152,6155
34153,6155
34154,6155
34155,6156
34156,6156
34157,6156
34158,6156
34159,6156
34160,6156
34161,6156
34162,6156
34163,6157
34164,6157
34165,6157
34166,6157
34167,6157
34168,6157
34169,6157
34170,6157
34171,6158
34172,6158
34173,6158
34174,6158
34175,6158
34176,6158
34177,6158
34178,6159
34179,6159
34180,6159
34181,6159
34182,6159
34183,6159
34184,6159
34185,6159
34186,6159
34187,6159
34188,6160
34189,6160
34190,6160
34191,6160
34192,6160
34193,6161
34194,6161
34195,6161
34196,6161
34197,6161
34198,6162
34199,6162
34200,6162
34201,6162
34202,6162
34203,6162
34204,6162
34205,6163
34206,6164
34207,6164
34208,6164
34209,6164
34210,6164
34211,6164
34212,6164
34213,6164
34214,6165
34215,6165
34216,6165
34217,6165
34218,6165
34219,6166
34220,6166
34221,6166
34222,6166
34223,6166
34224,6167
34225,6167
34226,6167
34227,6167
34228,6167
34229,6167
34230,6168
34231,6168
34232,6168
34233,6169
34234,6169
34235,6169
34236,6169
34237,6169
34238,6169
34239,6169
34240,6170
34241,6170
34242,6170
34243,6170
34244,6170
34245,6171
34246,6171
34247,6172
34248,6172
34249,6172
34250,6172
34251,6172
34252,6173
34253,6173
34254,6173
34255,6173
34256,6173
34257,6173
34258,6173
34259,6173
34260,6173
34261,6174
34262,6174
34263,6174
34264,6174
34265,6174
34266,6175
34267,6175
34268,6175
34269,6175
34270,6176
34271,6176
34272,6176
34273,6176
34274,6176
34275,6176
34276,6176
34277,6176
34278,6177
34279,6177
34280,6177
34281,6177
34282,6177
34283,6177
34284,6177
34285,6177
34286,6178
34287,6178
34288,6178
34289,6178
34290,6178
34291,6179
34292,6180
34293,6180
34294,6180
34295,6180
34296,6180
34297,6180
34298,6180
34299,6180
34300,6180
34301,6181
34302,6181
34303,6182
34304,6183
34305,6183
34306,6183
34307,6183
34308,6183
34309,6183
34310,6184
34311,6184
34312,6184
34313,6184
34314,6184
34315,6184
34316,6184
34317,6184
34318,6185
34319,6185
34320,6185
34321,6185
34322,6185
34323,6185
34324,6185
34325,6185
34326,6185
34327,6185
34328,6186
34329,6186
34330,6186
34331,6186
34332,6186
34333,6186
34334,6186
34335,6186
34336,6186
34337,6187
34338,6187
34339,6187
34340,6188
34341,6188
34342,6188
34343,6189
34344,6189
34345,6189
34346,6189
34347,6190
34348,6190
34349,6190
34350,6190
34351,6190
34352,6190
34353,6190
34354,6190
34355,6190
34356,6191
34357,6191
34358,6191
34359,6191
34360,6191
34361,6191
34362,6192
34363,6192
34364,6192
34365,6192
34366,6192
34367,6192
34368,6192
34369,6192
34370,6192
34371,6192
34372,6193
34373,6193
34374,6193
34375,6194
34376,6194
34377,6194
34378,6194
34379,6194
34380,6194
34381,6195
34382,6195
34383,6195
34384,6195
34385,6195
34386,6195
34387,6196
34388,6196
34389,6196
34390,6196
34391,6196
34392,6196
34393,6197
34394,6197
34395,6197
34396,6197
34397,6197
34398,6197
34399,6197
34400,6197
34401,6198
34402,6198
34403,6198
34404,6198
34405,6198
34406,6198
34407,6198
34408,6198
34409,6198
34410,6199
34411,6199
34412,6199
34413,6199
34414,6199
34415,6199
34416,6199
34417,6199
34418,6199
34419,6200
34420,6200
34421,6200
34422,6200
34423,6200
34424,6200
34425,6200
34426,6200
34427,6200
34428,6200
34429,6201
34430,6201
34431,6201
34432,6201
34433,6201
34434,6201
34435,6202
34436,6202
34437,6202
34438,6202
34439,6202
34440,6203
34441,6203
34442,6203
34443,6203
34444,6203
34445,6204
34446,6204
34447,6205
34448,6205
34449,6205
34450,6205
34451,6205
34452,6205
34453,6205
34454,6205
34455,6206
34456,6206
34457,6206
34458,6206
34459,6206
34460,6207
34461,6207
34462,6207
34463,6207
34464,6207
34465,6207
34466,6207
34467,6207
34468,6207
34469,6208
34470,6208
34471,6208
34472,6209
34473,6209
34474,6210
34475,6210
34476,6210
34477,6210
34478,6210
34479,6210
34480,6210
34481,6210
34482,6211
34483,6211
34484,6211
34485,6211
34486,6211
34487,6211
34488,6211
34489,6211
34490,6211
34491,6212
34492,6212
34493,6212
34494,6213
34495,6213
34496,6214
34497,6214
34498,6214
34499,6214
34500,6214
34501,6214
34502,6214
34503,6214
34504,6214
34505,6215
34506,6215
34507,6215
34508,6216
34509,6216
34510,6216
34511,6216
34512,6216
34513,6216
34514,6216
34515,6216
34516,6216
34517,6217
34518,6217
34519,6217
34520,6217
34521,6217
34522,6218
34523,6218
34524,6218
34525,6218
34526,6218
34527,6218
34528,6218
34529,6218
34530,6218
34531,6218
34532,6219
34533,6219
34534,6219
34535,6219
34536,6220
34537,6220
34538,6220
34539,6220
34540,6220
34541,6220
34542,6220
34543,6220
34544,6220
34545,6220
34546,6221
34547,6221
34548,6221
34549,6221
34550,6221
34551,6222
34552,6222
34553,6222
34554,6222
34555,6222
34556,6222
34557,6222
34558,6223
34559,6223
34560,6223
34561,6223
34562,6223
34563,6224
34564,6224
34565,6224
34566,6224
34567,6224
34568,6224
34569,6225
34570,6225
34571,6225
34572,6225
34573,6225
34574,6225
34575,6225
34576,6226
34577,6226
34578,6226
34579,6226
34580,6226
34581,6226
34582,6226
34583,6226
34584,6227
34585,6227
34586,6227
34587,6227
34588,6227
34589,6227
34590,6227
34591,6227
34592,6228
34593,6228
34594,6228
34595,6228
34596,6228
34597,6229
34598,6229
34599,6229
34600,6229
34601,6229
34602,6229
34603,6229
34604,6230
34605,6230
34606,6230
34607,6230
34608,6230
34609,6230
34610,6231
34611,6232
34612,6232
34613,6232
34614,6233
34615,6233
34616,6233
34617,6233
34618,6233
34619,6234
34620,6234
34621,6235
34622,6235
34623,6235
34624,6235
34625,6236
34626,6236
34627,6236
34628,6236
34629,6236
34630,6236
34631,6236
34632,6236
34633,6237
34634,6237
34635,6237
34636,6237
34637,6238
34638,6238
34639,6238
34640,6239
34641,6240
34642,6240
34643,6241
34644,6242
34645,6242
34646,6242
34647,6242
34648,6242
34649,6242
34650,6242
34651,6243
34652,6244
34653,6244
34654,6244
34655,6244
34656,6244
34657,6245
34658,6245
34659,6245
34660,6245
34661,6245
34662,6246
34663,6246
34664,6246
34665,6246
34666,6246
34667,6246
34668,6246
34669,6247
34670,6247
34671,6247
34672,6248
34673,6248
34674,6248
34675,6248
34676,6248
34677,6248
34678,6248
34679,6248
34680,6249
34681,6249
34682,6249
34683,6249
34684,6249
34685,6250
34686,6251
34687,6251
34688,6251
34689,6251
34690,6251
34691,6251
34692,6251
34693,6252
34694,6252
34695,6252
34696,6252
34697,6252
34698,6252
34699,6252
34700,6252
34701,6253
34702,6253
34703,6253
34704,6253
34705,6253
34706,6253
34707,6253
34708,6253
34709,6253
34710,6254
34711,6254
34712,6254
34713,6254
34714,6254
34715,6254
34716,6254
34717,6254
34718,6254
34719,6254
34720,6255
34721,6255
34722,6256
34723,6256
34724,6256
34725,6256
34726,6256
34727,6256
34728,6256
34729,6257
34730,6257
34731,6257
34732,6258
34733,6258
34734,6258
34735,6258
34736,6258
34737,6258
34738,6259
34739,6259
34740,6259
34741,6259
34742,6259
34743,6259
34744,6259
34745,6259
34746,6259
34747,6259
34748,6260
34749,6260
34750,6260
34751,6260
34752,6260
34753,6260
34754,6261
34755,6261
34756,6261
34757,6262
34758,6262
34759,6262
34760,6262
34761,6262
34762,6262
34763,6263
34764,6263
34765,6263
34766,6264
34767,6264
34768,6264
34769,6264
34770,6264
34771,6264
34772,6264
34773,6264
34774,6264
34775,6264
34776,6265
34777,6265
34778,6265
34779,6265
34780,6265
34781,6265
34782,6265
34783,6265
34784,6266
34785,6266
34786,6266
34787,6266
34788,6266
34789,6266
34790,6266
34791,6266
34792,6266
34793,6266
34794,6267
34795,6267
34796,6267
34797,6268
34798,6268
34799,6268
34800,6268
34801,6268
34802,6269
34803,6269
34804,6270
34805,6270
34806,6270
34807,6271
34808,6271
34809,6272
34810,6272
34811,6272
34812,6272
34813,6273
34814,6273
34815,6273
34816,6273
34817,6273
34818,6273
34819,6274
34820,6274
34821,6274
34822,6274
34823,6274
34824,6274
34825,6274
34826,6275
34827,6275
34828,6275
34829,6275
34830,6276
34831,6276
34832,6276
34833,6276
34834,6276
34835,6276
34836,6276
34837,6277
34838,6277
34839,6277
34840,6277
34841,6277
34842,6277
34843,6277
34844,6278
34845,6279
34846,6279
34847,6279
34848,6279
34849,6279
34850,6279
34851,6279
34852,6279
34853,6280
34854,6280
34855,6280
34856,6280
34857,6280
34858,6280
34859,6280
34860,6280
34861,6281
34862,6281
34863,6281
34864,6281
34865,6281
34866,6281
34867,6281
34868,6281
34869,6281
34870,6281
34871,6282
34872,6282
34873,6283
34874,6283
34875,6283
34876,6283
34877,6283
34878,6283
34879,6284
34880,6284
34881,6284
34882,6284
34883,6284
34884,6284
34885,6284
34886,6284
34887,6284
34888,6285
34889,6286
34890,6286
34891,6286
34892,6286
34893,6286
34894,6286
34895,6286
34896,6286
34897,6286
34898,6286
34899,6287
34900,6287
34901,6287
34902,6288
34903,6288
34904,6288
34905,6288
34906,6288
34907,6288
34908,6288
34909,6288
34910,6289
34911,6289
34912,6289
34913,6289
34914,6289
34915,6290
34916,6290
34917,6290
34918,6290
34919,6290
34920,6291
34921,6291
34922,6291
34923,6291
34924,6292
34925,6292
34926,6292
34927,6292
34928,6292
34929,6292
34930,6292
34931,6293
34932,6293
34933,6293
34934,6293
34935,6293
34936,6293
34937,6293
34938,6293
34939,6293
34940,6293
34941,6294
34942,6295
34943,6295
34944,6295
34945,6296
34946,6296
34947,6296
34948,6296
34949,6296
34950,6296
34951,6296
34952,6297
34953,6297
34954,6297
34955,6297
34956,6297
34957,6297
34958,6297
34959,6297
34960,6298
34961,6298
34962,6298
34963,6298
34964,6298
34965,6298
34966,6298
34967,6299
34968,6299
34969,6299
34970,6299
34971,6299
34972,6300
34973,6300
34974,6300
34975,6300
34976,6300
34977,6300
34978,6300
34979,6300
34980,6300
34981,6300
34982,6301
34983,6301
34984,6301
34985,6301
34986,6301
34987,6301
34988,6301
34989,6301
34990,6301
34991,6301
34992,6302
34993,6302
34994,6302
34995,6302
34996,6302
34997,6302
34998,6302
34999,6302
35000,6302
35001,6303
35002,6303
35003,6303
35004,6303
35005,6303
35006,6303
35007,6303
35008,6303
35009,6303
35010,6303
35011,6304
35012,6304
35013,6304
35014,6304
35015,6304
35016,6304
35017,6304
35018,6305
35019,6305
35020,6305
35021,6305
35022,6305
35023,6306
35024,6306
35025,6306
35026,6307
35027,6307
35028,6307
35029,6307
35030,6307
35031,6307
35032,6307
35033,6307
35034,6307
35035,6308
35036,6308
35037,6308
35038,6308
35039,6308
35040,6308
35041,6309
35042,6309
35043,6309
35044,6309
35045,6309
35046,6309
35047,6309
35048,6309
35049,6309
35050,6309
35051,6310
35052,6310
35053,6311
35054,6311
35055,6311
35056,6311
35057,6311
35058,6311
35059,6311
35060,6311
35061,6311
35062,6312
35063,6312
35064,6312
35065,6312
35066,6313
35067,6313
35068,6313
35069,6313
35070,6313
35071,6313
35072,6314
35073,6314
35074,6314
35075,6314
35076,6314
35077,6314
35078,6315
35079,6315
35080,6315
35081,6315
35082,6315
35083,6315
35084,6315
35085,6315
35086,6315
35087,6316
35088,6317
35089,6317
35090,6317
35091,6317
35092,6317
35093,6317
35094,6317
35095,6317
35096,6318
35097,6318
35098,6318
35099,6318
35100,6319
35101,6319
35102,6319
35103,6320
35104,6320
35105,6320
35106,6320
35107,6320
35108,6320
35109,6321
35110,6321
35111,6321
35112,6321
35113,6321
35114,6321
35115,6321
35116,6322
35117,6322
35118,6322
35119,6322
35120,6322
35121,6322
35122,6322
35123,6322
35124,6322
35125,6323
35126,6323
35127,6323
35128,6323
35129,6324
35130,6324
35131,6324
35132,6324
35133,6325
35134,6325
35135,6325
35136,6325
35137,6325
35138,6326
35139,6326
35140,6326
35141,6326
35142,6326
35143,6326
35144,6326
35145,6327
35146,6327
35147,6327
35148,6328
35149,6328
35150,6328
35151,6328
35152,6328
35153,6329
35154,6329
35155,6329
35156,6329
35157,6330
35158,6330
35159,6331
35160,6331
35161,6331
35162,6332
35163,6332
35164,6332
35165,6332
35166,6332
35167,6333
35168,6333
35169,6333
35170,6333
35171,6333
35172,6334
35173,6334
35174,6334
35175,6335
35176,6335
35177,6335
35178,6335
35179,6335
35180,6335
35181,6336
35182,6336
35183,6336
35184,6336
35185,6336
35186,6336
35187,6337
35188,6337
35189,6337
35190,6337
35191,6337
35192,6337
35193,6337
35194,6337
35195,6338
35196,6338
35197,6338
35198,6338
35199,6338
35200,6338
35201,6338
35202,6338
35203,6338
35204,6338
35205,6339
35206,6339
35207,6340
35208,6340
35209,6340
35210,6340
35211,6340
35212,6340
35213,6340
35214,6340
35215,6341
35216,6342
35217,6342
35218,6342
35219,6342
35220,6343
35221,6343
35222,6343
35223,6344
35224,6344
35225,6344
35226,6344
35227,6344
35228,6345
35229,6345
35230,6345
35231,6346
35232,6346
35233,6346
35234,6346
35235,6346
35236,6346
35237,6346
35238,6347
35239,6348
35240,6348
35241,6348
35242,6348
35243,6348
35244,6348
35245,6349
35246,6349
35247,6349
35248,6349
35249,6349
35250,6349
35251,6349
35252,6349
35253,6349
35254,6350
35255,6350
35256,6350
35257,6350
35258,6350
35259,6350
35260,6351
35261,6351
35262,6351
35263,6351
35264,6351
35265,6351
35266,6351
35267,6351
35268,6351
35269,6351
35270,6352
35271,6352
35272,6352
35273,6352
35274,6352
35275,6352
35276,6352
35277,6353
35278,6353
35279,6353
35280,6354
35281,6355
35282,6355
35283,6356
35284,6356
35285,6356
35286,6356
35287,6356
35288,6356
35289,6356
35290,6356
35291,6357
35292,6357
35293,6358
35294,6358
35295,6358
35296,6358
35297,6358
35298,6358
35299,6358
35300,6359
35301,6359
35302,6359
35303,6359
35304,6359
35305,6359
35306,6359
35307,6359
35308,6359
35309,6360
35310,6360
35311,6360
35312,6360
35313,6360
35314,6360
35315,6360
35316,6360
35317,6360
35318,6360
35319,6361
35320,6361
35321,6361
35322,6362
35323,6362
35324,6362
35325,6362
35326,6362
35327,6362
35328,6362
35329,6362
35330,6362
35331,6363
35332,6363
35333,6363
35334,6363
35335,6363
35336,6363
35337,6363
35338,6364
35339,6364
35340,6364
35341,6364
35342,6365
35343,6365
35344,6365
35345,6365
35346,6365
35347,6365
35348,6365
35349,6365
35350,6365
35351,6366
35352,6366
35353,6366
35354,6367
35355,6367
35356,6367
35357,6367
35358,6367
35359,6367
35360,6368
35361,6368
35362,6368
35363,6368
35364,6368
35365,6368
35366,6368
35367,6368
35368,6369
35369,6369
35370,6369
35371,6369
35372,6369
35373,6370
35374,6370
35375,6370
35376,6370
35377,6370
35378,6370
35379,6371
35380,6371
35381,6371
35382,6371
35383,6371
35384,6371
35385,6371
35386,6371
35387,6371
35388,6371
35389,6372
35390,6372
35391,6372
35392,6372
35393,6372
35394,6372
35395,6372
35396,6372
35397,6372
35398,6372
35399,6373
35400,6374
35401,6374
35402,6374
35403,6374
35404,6374
35405,6374
35406,6374
35407,6374
35408,6374
35409,6374
35410,6375
35411,6375
35412,6375
35413,6375
35414,6375
35415,6375
35416,6376
35417,6376
35418,6377
35419,6377
35420,6377
35421,6378
35422,6378
35423,6378
35424,6378
35425,6378
35426,6378
35427,6379
35428,6379
35429,6379
35430,6380
35431,6380
35432,6380
35433,6380
35434,6381
35435,6381
35436,6381
35437,6381
35438,6382
35439,6382
35440,6382
35441,6383
35442,6383
35443,6383
35444,6383
35445,6383
35446,6383
35447,6383
35448,6383
35449,6384
35450,6384
35451,6384
35452,6384
35453,6384
35454,6384
35455,6384
35456,6385
35457,6385
35458,6385
35459,6385
35460,6385
35461,6385
35462,6385
35463,6386
35464,6387
35465,6387
35466,6387
35467,6387
35468,6388
35469,6388
35470,6388
35471,6388
35472,6388
35473,6388
35474,6388
35475,6388
35476,6388
35477,6388
35478,6389
35479,6389
35480,6389
35481,6389
35482,6389
35483,6389
35484,6389
35485,6389
35486,6389
35487,6389
35488,6390
35489,6390
35490,6390
35491,6390
35492,6390
35493,6390
35494,6390
35495,6391
35496,6392
35497,6392
35498,6392
35499,6393
35500,6394
35501,6395
35502,6395
35503,6395
35504,6395
35505,6395
35506,6395
35507,6395
35508,6396
35509,6396
35510,6396
35511,6396
35512,6396
35513,6397
35514,6397
35515,6397
35516,6397
35517,6398
35518,6398
35519,6398
35520,6398
35521,6398
35522,6398
35523,6398
35524,6398
35525,6399
35526,6399
35527,6399
35528,6399
35529,6400
35530,6400
35531,6400
35532,6400
35533,6400
35534,6400
35535,6400
35536,6400
35537,6400
35538,6401
35539,6401
35540,6401
35541,6402
35542,6402
35543,6402
35544,6402
35545,6402
35546,6402
35547,6402
35548,6403
35549,6403
35550,6403
35551,6404
35552,6404
35553,6404
35554,6404
35555,6405
35556,6405
35557,6405
35558,6405
35559,6405
35560,6405
35561,6405
35562,6405
35563,6406
35564,6406
35565,6407
35566,6407
35567,6407
35568,6407
35569,6407
35570,6407
35571,6407
35572,6407
35573,6407
35574,6407
35575,6408
35576,6409
35577,6409
35578,6409
35579,6409
35580,6409
35581,6410
35582,6410
35583,6410
35584,6410
35585,6410
35586,6411
35587,6411
35588,6411
35589,6411
35590,6411
35591,6411
35592,6411
35593,6411
35594,6411
35595,6412
35596,6412
35597,6412
35598,6412
35599,6412
35600,6412
35601,6412
35602,6412
35603,6413
35604,6414
35605,6414
35606,6414
35607,6414
35608,6414
35609,6415
35610,6416
35611,6416
35612,6417
35613,6417
35614,6417
35615,6418
35616,6418
35617,6418
35618,6418
35619,6418
35620,6418
35621,6418
35622,6418
35623,6418
35624,6418
35625,6419
35626,6419
35627,6419
35628,6419
35629,6419
35630,6419
35631,6419
35632,6419
35633,6419
35634,6419
35635,6420
35636,6420
35637,6420
35638,6420
35639,6420
35640,6420
35641,6420
35642,6420
35643,6420
35644,6420
35645,6421
35646,6421
35647,6422
35648,6423
35649,6423
35650,6423
35651,6424
35652,6425
35653,6425
35654,6426
35655,6426
35656,6426
35657,6426
35658,6426
35659,6426
35660,6426
35661,6426
35662,6426
35663,6427
35664,6427
35665,6427
35666,6427
35667,6428
35668,6428
35669,6429
35670,6429
35671,6429
35672,6429
35673,6429
35674,6429
35675,6429
35676,6430
35677,6430
35678,6430
35679,6430
35680,6430
35681,6431
35682,6431
35683,6431
35684,6431
35685,6431
35686,6431
35687,6431
35688,6432
35689,6432
35690,6433
35691,6434
35692,6434
35693,6434
35694,6434
35695,6435
35696,6435
35697,6436
35698,6436
35699,6436
35700,6437
35701,6437
35702,6437
35703,6437
35704,6437
35705,6438
35706,6438
35707,6438
35708,6439
35709,6439
35710,6439
35711,6439
35712,6440
35713,6441
35714,6441
35715,6441
35716,6441
35717,6441
35718,6441
35719,6441
35720,6441
35721,6441
35722,6441
35723,6442
35724,6442
35725,6443
35726,6444
35727,6444
35728,6444
35729,6444
35730,6445
35731,6445
35732,6445
35733,6445
35734,6445
35735,6445
35736,6446
35737,6446
35738,6446
35739,6446
35740,6446
35741,6446
35742,6447
35743,6447
35744,6447
35745,6447
35746,6447
35747,6447
35748,6447
35749,6447
35750,6447
35751,6448
35752,6448
35753,6448
35754,6448
35755,6448
35756,6448
35757,6448
35758,6448
35759,6448
35760,6448
35761,6449
35762,6449
35763,6449
35764,6449
35765,6449
35766,6450
35767,6450
35768,6450
35769,6450
35770,6450
35771,6450
35772,6450
35773,6451
35774,6451
35775,6451
35776,6451
35777,6451
35778,6452
35779,6452
35780,6452
35781,6452
35782,6452
35783,6453
35784,6453
35785,6453
35786,6453
35787,6453
35788,6453
35789,6453
35790,6453
35791,6453
35792,6454
35793,6454
35794,6454
35795,6454
35796,6455
35797,6455
35798,6455
35799,6455
35800,6455
35801,6455
35802,6455
35803,6456
35804,6456
35805,6456
35806,6456
35807,6456
35808,6456
35809,6456
35810,6456
35811,6456
35812,6457
35813,6457
35814,6457
35815,6457
35816,6458
35817,6459
35818,6459
35819,6460
35820,6460
35821,6460
35822,6460
35823,6460
35824,6460
35825,6460
35826,6460
35827,6461
35828,6461
35829,6461
35830,6461
35831,6461
35832,6462
35833,6462
35834,6462
35835,6462
35836,6462
35837,6462
35838,6462
35839,6462
35840,6462
35841,6463
35842,6463
35843,6464
35844,6464
35845,6464
35846,6464
35847,6464
35848,6464
35849,6464
35850,6464
35851,6464
35852,6465
35853,6465
35854,6465
35855,6465
35856,6465
35857,6466
35858,6466
35859,6466
35860,6467
35861,6467
35862,6467
35863,6467
35864,6467
35865,6467
35866,6467
35867,6467
35868,6468
35869,6468
35870,6468
35871,6468
35872,6469
35873,6469
35874,6469
35875,6469
35876,6469
35877,6470
35878,6470
35879,6470
35880,6470
35881,6470
35882,6470
35883,6470
35884,6471
35885,6471
35886,6471
35887,6471
35888,6471
35889,6471
35890,6471
35891,6471
35892,6471
35893,6471
35894,6472
35895,6472
35896,6472
35897,6473
35898,6473
35899,6473
35900,6473
35901,6474
35902,6474
35903,6474
35904,6474
35905,6475
35906,6475
35907,6475
35908,6475
35909,6475
35910,6475
35911,6475
35912,6475
35913,6476
35914,6476
35915,6476
35916,6476
35917,6476
35918,6476
35919,6476
35920,6476
35921,6476
35922,6476
35923,6477
35924,6477
35925,6478
35926,6478
35927,6478
35928,6478
35929,6478
35930,6478
35931,6478
35932,6479
35933,6479
35934,6479
35935,6479
35936,6479
35937,6479
35938,6479
35939,6479
35940,6479
35941,6480
35942,6480
35943,6480
35944,6480
35945,6480
35946,6480
35947,6481
35948,6481
35949,6481
35950,6481
35951,6481
35952,6481
35953,6481
35954,6481
35955,6481
35956,6481
35957,6482
35958,6482
35959,6482
35960,6482
35961,6482
35962,6482
35963,6483
35964,6484
35965,6484
35966,6484
35967,6485
35968,6485
35969,6485
35970,6485
35971,6486
35972,6486
35973,6487
35974,6487
35975,6487
35976,6487
35977,6487
35978,6487
35979,6487
35980,6487
35981,6487
35982,6488
35983,6489
35984,6489
35985,6490
35986,6490
35987,6490
35988,6490
35989,6490
35990,6490
35991,6490
35992,6490
35993,6490
35994,6490
35995,6491
35996,6491
35997,6491
35998,6491
35999,6491
36000,6491
36001,6491
36002,6491
36003,6492
36004,6492
36005,6492
36006,6492
36007,6492
36008,6493
36009,6493
36010,6494
36011,6494
36012,6494
36013,6494
36014,6495
36015,6495
36016,6495
36017,6495
36018,6495
36019,6495
36020,6495
36021,6495
36022,6495
36023,6495
36024,6496
36025,6496
36026,6496
36027,6496
36028,6496
36029,6496
36030,6496
36031,6497
36032,6497
36033,6497
36034,6497
36035,6497
36036,6497
36037,6497
36038,6497
36039,6498
36040,6498
36041,6498
36042,6498
36043,6498
36044,6498
36045,6498
36046,6498
36047,6499
36048,6499
36049,6499
36050,6499
36051,6499
36052,6499
36053,6500
36054,6500
36055,6500
36056,6500
36057,6500
36058,6500
36059,6500
36060,6501
36061,6501
36062,6501
36063,6501
36064,6501
36065,6501
36066,6502
36067,6503
36068,6503
36069,6503
36070,6503
36071,6503
36072,6503
36073,6503
36074,6503
36075,6504
36076,6504
36077,6504
36078,6504
36079,6504
36080,6504
36081,6505
36082,6505
36083,6505
36084,6505
36085,6506
36086,6506
36087,6506
36088,6506
36089,6506
36090,6506
36091,6506
36092,6507
36093,6507
36094,6507
36095,6508
36096,6508
36097,6508
36098,6508
36099,6508
36100,6509
36101,6509
36102,6509
36103,6509
36104,6510
36105,6510
36106,6510
36107,6510
36108,6510
36109,6510
36110,6510
36111,6510
36112,6511
36113,6511
36114,6511
36115,6511
36116,6511
36117,6511
36118,6511
36119,6511
36120,6511
36121,6511
36122,6512
36123,6512
36124,6512
36125,6512
36126,6512
36127,6512
36128,6512
36129,6512
36130,6512
36131,6513
36132,6513
36133,6513
36134,6513
36135,6513
36136,6514
36137,6514
36138,6514
36139,6514
36140,6514
36141,6514
36142,6514
36143,6514
36144,6514
36145,6514
36146,6515
36147,6516
36148,6516
36149,6516
36150,6516
36151,6517
36152,6517
36153,6517
36154,6517
36155,6517
36156,6517
36157,6517
36158,6517
36159,6518
36160,6518
36161,6518
36162,6518
36163,6518
36164,6518
36165,6518
36166,6518
36167,6519
36168,6519
36169,6519
36170,6519
36171,6519
36172,6519
36173,6520
36174,6520
36175,6520
36176,6521
36177,6521
36178,6521
36179,6522
36180,6522
36181,6522
36182,6522
36183,6522
36184,6523
36185,6523
36186,6523
36187,6523
36188,6523
36189,6523
36190,6523
36191,6523
36192,6523
36193,6524
36194,6524
36195,6524
36196,6524
36197,6524
36198,6524
36199,6524
36200,6525
36201,6525
36202,6525
36203,6525
36204,6525
36205,6525
36206,6525
36207,6525
36208,6526
36209,6526
36210,6526
36211,6526
36212,6526
36213,6526
36214,6526
36215,6526
36216,6526
36217,6526
36218,6527
36219,6527
36220,6528
36221,6528
36222,6528
36223,6528
36224,6528
36225,6528
36226,6528
36227,6528
36228,6529
36229,6529
36230,6529
36231,6529
36232,6529
36233,6529
36234,6530
36235,6530
36236,6531
36237,6532
36238,6532
36239,6532
36240,6533
36241,6533
36242,6533
36243,6533
36244,6533
36245,6534
36246,6534
36247,6535
36248,6535
36249,6535
36250,6535
36251,6535
36252,6535
36253,6535
36254,6535
36255,6535
36256,6536
36257,6536
36258,6536
36259,6537
36260,6537
36261,6537
36262,6537
36263,6537
36264,6537
36265,6537
36266,6538
36267,6538
36268,6538
36269,6538
36270,6538
36271,6539
36272,6539
36273,6539
36274,6540
36275,6540
36276,6540
36277,6540
36278,6540
36279,6540
36280,6540
36281,6540
36282,6540
36283,6540
36284,6541
36285,6541
36286,6541
36287,6541
36288,6541
36289,6541
36290,6541
36291,6541
36292,6542
36293,6543
36294,6543
36295,6543
36296,6544
36297,6544
36298,6544
36299,6544
36300,6544
36301,6544
36302,6544
36303,6545
36304,6545
36305,6545
36306,6546
36307,6546
36308,6546
36309,6546
36310,6546
36311,6546
36312,6546
36313,6546
36314,6546
36315,6546
36316,6547
36317,6547
36318,6547
36319,6547
36320,6547
36321,6547
36322,6547
36323,6548
36324,6548
36325,6548
36326,6548
36327,6548
36328,6548
36329,6548
36330,6548
36331,6548
36332,6548
36333,6549
36334,6549
36335,6549
36336,6549
36337,6549
36338,6550
36339,6550
36340,6551
36341,6551
36342,6551
36343,6551
36344,6551
36345,6551
36346,6551
36347,6551
36348,6551
36349,6551
36350,6552
36351,6552
36352,6552
36353,6552
36354,6552
36355,6552
36356,6552
36357,6552
36358,6552
36359,6552
36360,6553
36361,6553
36362,6553
36363,6553
36364,6553
36365,6553
36366,6553
36367,6553
36368,6553
36369,6554
36370,6554
36371,6554
36372,6554
36373,6554
36374,6554
36375,6554
36376,6554
36377,6554
36378,6555
36379,6555
36380,6555
36381,6555
36382,6556
36383,6556
36384,6556
36385,6556
36386,6556
36387,6556
36388,6557
36389,6557
36390,6558
36391,6558
36392,6559
36393,6559
36394,6560
36395,6560
36396,6561
36397,6561
36398,6561
36399,6561
36400,6561
36401,6561
36402,6561
36403,6562
36404,6562
36405,6562
36406,6562
36407,6563
36408,6563
36409,6563
36410,6563
36411,6563
36412,6564
36413,6564
36414,6564
36415,6565
36416,6565
36417,6565
36418,6565
36419,6565
36420,6565
36421,6566
36422,6566
36423,6566
36424,6566
36425,6566
36426,6567
36427,6567
36428,6567
36429,6567
36430,6567
36431,6567
36432,6567
36433,6568
36434,6568
36435,6568
36436,6568
36437,6568
36438,6568
36439,6568
36440,6568
36441,6568
36442,6569
36443,6569
36444,6569
36445,6570
36446,6570
36447,6570
36448,6570
36449,6570
36450,6570
36451,6570
36452,6570
36453,6570
36454,6570
36455,6571
36456,6572
36457,6572
36458,6572
36459,6572
36460,6572
36461,6573
36462,6573
36463,6573
36464,6574
36465,6574
36466,6574
36467,6574
36468,6574
36469,6574
36470,6575
36471,6575
36472,6575
36473,6575
36474,6575
36475,6575
36476,6575
36477,6575
36478,6575
36479,6576
36480,6576
36481,6576
36482,6577
36483,6577
36484,6577
36485,6578
36486,6578
36487,6578
36488,6578
36489,6579
36490,6579
36491,6579
36492,6579
36493,6579
36494,6579
36495,6579
36496,6580
36497,6580
36498,6580
36499,6580
36500,6580
36501,6580
36502,6580
36503,6580
36504,6580
36505,6581
36506,6581
36507,6581
36513,6583
36514,6583
36515,6583
36516,6583
36517,6583
36518,6583
36519,6583
36520,6583
36521,6583
36522,6584
36523,6584
36524,6584
36525,6584
36526,6585
36527,6585
36528,6585
36529,6585
36530,6585
36531,6585
36532,6585
36533,6585
36534,6585
36535,6585
36536,6586
36537,6586
36538,6586
36539,6586
36540,6586
36541,6587
36542,6587
36543,6587
36544,6587
36545,6587
36546,6587
36547,6587
36548,6587
36549,6587
36550,6587
36551,6588
36552,6588
36553,6588
36554,6588
36555,6588
36556,6588
36557,6588
36558,6589
36559,6589
36560,6589
36561,6590
36562,6590
36563,6590
36564,6590
36565,6590
36566,6590
36567,6591
36568,6592
36569,6592
36570,6592
36571,6592
36572,6592
36573,6592
36574,6592
36575,6592
36576,6592
36577,6592
36578,6593
36579,6593
36580,6593
36581,6594
36582,6594
36583,6594
36584,6595
36585,6595
36586,6595
36587,6595
36588,6595
36589,6595
36590,6595
36591,6595
36592,6595
36593,6595
36594,6596
36595,6596
36596,6596
36597,6596
36598,6596
36599,6597
36600,6597
36601,6597
36602,6597
36603,6597
36604,6597
36605,6597
36606,6597
36607,6597
36608,6598
36609,6598
36610,6598
36611,6598
36612,6598
36613,6598
36614,6598
36615,6598
36616,6598
36617,6598
36618,6599
36619,6599
36620,6599
36621,6599
36622,6599
36623,6599
36624,6599
36625,6599
36626,6600
36627,6600
36628,6600
36629,6600
36630,6600
36631,6600
36632,6600
36633,6600
36634,6600
36635,6600
36636,6601
36637,6601
36638,6601
36639,6601
36640,6601
36641,6602
36642,6602
36643,6602
36644,6603
36645,6603
36646,6603
36647,6603
36648,6603
36649,6603
36650,6603
36651,6603
36652,6603
36653,6604
36654,6605
36655,6605
36656,6605
36657,6605
36658,6605
36659,6605
36660,6606
36661,6607
36662,6607
36663,6607
36664,6607
36665,6607
36666,6607
36667,6607
36668,6607
36669,6608
36670,6608
36671,6608
36672,6608
36673,6608
36674,6608
36675,6609
36676,6609
36677,6609
36678,6609
36679,6609
36680,6609
36681,6609
36682,6609
36683,6609
36684,6609
36685,6610
36686,6610
36687,6611
36688,6611
36689,6611
36690,6611
36691,6611
36692,6611
36693,6611
36694,6611
36695,6612
36696,6612
36697,6612
36698,6612
36699,6613
36700,6613
36701,6613
36702,6613
36703,6613
36704,6613
36705,6613
36706,6613
36707,6613
36708,6613
36709,6614
36710,6614
36711,6614
36712,6615
36713,6616
36714,6616
36715,6616
36716,6616
36717,6617
36718,6617
36719,6617
36720,6617
36721,6617
36722,6617
36723,6617
36724,6617
36725,6617
36726,6617
36727,6618
36728,6618
36729,6618
36730,6618
36731,6618
36732,6618
36733,6619
36734,6619
36735,6619
36736,6619
36737,6620
36738,6620
36739,6620
36740,6620
36741,6620
36742,6620
36743,6620
36744,6620
36745,6620
36746,6621
36747,6621
36748,6621
36749,6621
36750,6621
36751,6621
36752,6621
36753,6621
36754,6622
36755,6622
36756,6622
36757,6622
36758,6622
36759,6623
36760,6623
36761,6623
36762,6623
36763,6623
36764,6623
36765,6623
36766,6624
36767,6624
36768,6624
36769,6624
36770,6624
36771,6624
36772,6624
36773,6624
36774,6624
36775,6625
36776,6625
36777,6625
36778,6625
36779,6625
36780,6626
36781,6626
36782,6626
36783,6626
36784,6627
36785,6627
36786,6627
36787,6627
36788,6627
36789,6627
36790,6627
36791,6627
36792,6628
36793,6628
36794,6628
36795,6628
36796,6628
36797,6628
36798,6628
36799,6628
36800,6628
36801,6628
36802,6629
36803,6630
36804,6630
36805,6630
36806,6630
36807,6630
36808,6630
36809,6630
36810,6630
36811,6630
36812,6631
36813,6631
36814,6632
36815,6632
36816,6632
36817,6632
36818,6632
36819,6632
36820,6632
36821,6633
36822,6633
36823,6633
36824,6634
36825,6634
36826,6634
36827,6634
36828,6634
36829,6635
36830,6635
36831,6635
36832,6635
36833,6635
36834,6635
36835,6635
36836,6636
36837,6636
36838,6636
36839,6636
36840,6636
36841,6636
36842,6636
36843,6636
36844,6636
36845,6637
36846,6637
36847,6637
36848,6637
36849,6637
36850,6637
36851,6637
36852,6638
36853,6638
36854,6638
36855,6638
36856,6638
36857,6638
36858,6638
36859,6638
36860,6638
36861,6638
36862,6639
36863,6640
36864,6640
36865,6640
36866,6640
36867,6640
36868,6640
36869,6640
36870,6640
36871,6641
36872,6641
36873,6641
36874,6641
36875,6642
36876,6642
36877,6642
36878,6643
36879,6643
36880,6643
36881,6643
36882,6643
36883,6644
36884,6644
36885,6644
36886,6645
36887,6645
36888,6645
36889,6645
36890,6645
36891,6645
36892,6646
36893,6646
36894,6646
36895,6646
36896,6647
36897,6647
36898,6647
36899,6647
36900,6647
36901,6648
36902,6648
36903,6648
36904,6648
36905,6648
36906,6648
36907,6648
36908,6648
36909,6649
36910,6649
36911,6649
36912,6649
36913,6649
36914,6649
36915,6649
36916,6650
36917,6650
36918,6650
36919,6650
36920,6650
36921,6650
36922,6651
36923,6651
36924,6651
36925,6652
36926,6652
36927,6652
36928,6652
36929,6653
36930,6653
36931,6653
36932,6653
36933,6653
36934,6653
36935,6653
36936,6653
36937,6654
36938,6654
36939,6654
36940,6655
36941,6655
36942,6655
36943,6655
36944,6655
36945,6655
36946,6655
36947,6656
36948,6656
36949,6656
36950,6656
36951,6656
36952,6656
36953,6656
36954,6656
36955,6657
36956,6657
36957,6658
36958,6658
36959,6658
36960,6658
36961,6658
36962,6658
36963,6658
36964,6658
36965,6659
36966,6659
36967,6660
36968,6660
36969,6660
36970,6660
36971,6660
36972,6660
36973,6660
36974,6660
36975,6660
36976,6660
36977,6661
36978,6661
36979,6661
36980,6661
36981,6662
36982,6662
36983,6662
36984,6663
36985,6663
36986,6663
36987,6663
36988,6663
36989,6663
36990,6663
36991,6663
36992,6663
36993,6663
36994,6664
36995,6664
36996,6664
36997,6664
36998,6664
36999,6664
37000,6664
37001,6665
37002,6665
37003,6665
37004,6666
37005,6666
37006,6666
37007,6666
37008,6666
37009,6666
37010,6666
37011,6666
37012,6667
37013,6667
37014,6667
37015,6667
37016,6667
37017,6667
37018,6667
37019,6668
37020,6668
37021,6669
37022,6669
37023,6669
37024,6669
37025,6669
37026,6669
37027,6669
37028,6670
37029,6670
37030,6670
37031,6671
37032,6671
37033,6671
37034,6671
37035,6671
37036,6671
37037,6671
37038,6671
37039,6671
37040,6672
37041,6672
37042,6672
37043,6672
37044,6672
37045,6673
37046,6673
37047,6673
37048,6673
37049,6673
37050,6673
37051,6673
37052,6673
37053,6673
37054,6673
37055,6674
37056,6674
37057,6674
37058,6674
37059,6674
37060,6674
37061,6674
37062,6674
37063,6674
37064,6675
37065,6675
37066,6675
37067,6675
37068,6675
37069,6675
37070,6675
37071,6675
37072,6675
37073,6675
37074,6676
37075,6676
37076,6677
37077,6677
37078,6677
37079,6678
37080,6678
37081,6678
37082,6678
37083,6678
37084,6678
37085,6678
37086,6678
37087,6678
37088,6678
37089,6679
37090,6679
37091,6679
37092,6679
37093,6679
37094,6679
37095,6679
37096,6680
37097,6680
37098,6680
37099,6680
37100,6680
37101,6680
37102,6680
37103,6680
37104,6681
37105,6681
37106,6681
37107,6681
37108,6681
37109,6681
37110,6681
37111,6682
37112,6683
37113,6683
37114,6683
37115,6683
37116,6683
37117,6683
37118,6683
37119,6683
37120,6683
37121,6684
37122,6684
37123,6684
37124,6684
37125,6684
37126,6685
37127,6685
37128,6686
37129,6687
37130,6687
37131,6687
37132,6687
37133,6687
37134,6687
37135,6687
37136,6687
37137,6688
37138,6688
37139,6688
37140,6688
37141,6688
37142,6688
37143,6688
37144,6688
37145,6688
37146,6689
37147,6689
37148,6689
37149,6689
37150,6689
37151,6689
37152,6689
37153,6689
37154,6690
37155,6690
37156,6690
37157,6690
37158,6690
37159,6690
37160,6690
37161,6690
37162,6690
37163,6691
37164,6691
37165,6691
37166,6691
37167,6691
37168,6691
37169,6691
37170,6691
37171,6692
37172,6692
37173,6693
37174,6693
37175,6693
37176,6694
37177,6695
37178,6695
37179,6695
37180,6696
37181,6696
37182,6696
37183,6696
37184,6696
37185,6696
37186,6696
37187,6696
37188,6697
37189,6697
37190,6697
37191,6697
37192,6697
37193,6697
37194,6698
37195,6698
37196,6698
37197,6698
37198,6699
37199,6699
37200,6699
37201,6700
37202,6700
37203,6701
37204,6701
37205,6701
37206,6701
37207,6701
37208,6701
37209,6702
37210,6702
37211,6702
37212,6702
37213,6702
37214,6702
37215,6702
37216,6703
37217,6704
37218,6704
37219,6704
37220,6704
37221,6705
37222,6705
37223,6706
37224,6706
37225,6706
37226,6706
37227,6706
37228,6706
37229,6706
37230,6706
37231,6706
37232,6706
37233,6707
37234,6707
37235,6707
37236,6707
37237,6707
37238,6707
37239,6707
37240,6707
37241,6707
37242,6707
37243,6708
37244,6708
37245,6708
37246,6708
37247,6708
37248,6709
37249,6709
37250,6709
37251,6709
37252,6710
37253,6711
37254,6711
37255,6711
37256,6711
37257,6711
37258,6711
37259,6711
37260,6711
37261,6711
37262,6712
37263,6712
37264,6712
37265,6712
37266,6712
37267,6712
37268,6713
37269,6713
37270,6713
37271,6713
37272,6713
37273,6713
37274,6714
37275,6714
37276,6714
37277,6714
37278,6714
37279,6714
37280,6714
37281,6714
37282,6714
37283,6715
37284,6715
37285,6715
37286,6716
37287,6716
37288,6716
37289,6716
37290,6716
37291,6716
37292,6717
37293,6717
37294,6717
37295,6717
37296,6717
37297,6717
37298,6718
37299,6718
37300,6718
37301,6718
37302,6718
37303,6718
37304,6718
37305,6719
37306,6719
37307,6719
37308,6719
37309,6719
37310,6719
37311,6720
37312,6720
37313,6720
37314,6720
37315,6720
37316,6720
37317,6720
37318,6720
37319,6720
37320,6720
37321,6721
37322,6721
37323,6722
37324,6722
37325,6722
37326,6723
37327,6723
37328,6723
37329,6723
37330,6723
37331,6723
37332,6723
37333,6723
37334,6723
37335,6724
37336,6724
37337,6724
37338,6724
37339,6724
37340,6724
37341,6724
37342,6724
37343,6724
37344,6725
37345,6725
37346,6725
37347,6725
37348,6726
37349,6726
37350,6726
37351,6726
37352,6727
37353,6727
37354,6727
37355,6727
37356,6727
37357,6727
37358,6727
37359,6727
37360,6727
37361,6727
37362,6728
37363,6728
37364,6728
37365,6728
37366,6728
37367,6728
37368,6728
37369,6728
37370,6728
37371,6729
37372,6729
37373,6729
37374,6729
37375,6729
37376,6729
37377,6729
37378,6729
37379,6729
37380,6729
37381,6730
37382,6730
37383,6730
37384,6731
37385,6731
37386,6731
37387,6731
37388,6732
37389,6732
37390,6732
37391,6732
37392,6732
37393,6732
37394,6732
37395,6732
37396,6732
37397,6733
37398,6734
37399,6734
37400,6734
37401,6734
37402,6734
37403,6734
37404,6734
37405,6735
37406,6735
37407,6735
37408,6735
37409,6735
37410,6735
37411,6735
37412,6736
37413,6736
37414,6736
37415,6736
37416,6736
37417,6736
37418,6737
37419,6737
37420,6737
37421,6737
37422,6737
37423,6737
37424,6738
37425,6738
37426,6738
37427,6738
37428,6738
37429,6738
37430,6738
37431,6738
37432,6738
37433,6739
37434,6739
37435,6740
37436,6740
37437,6740
37438,6740
37439,6740
37440,6740
37441,6740
37442,6740
37443,6740
37444,6740
37445,6741
37446,6741
37447,6741
37448,6742
37449,6742
37450,6742
37451,6742
37452,6742
37453,6742
37454,6742
37455,6743
37456,6743
37457,6744
37458,6744
37459,6744
37460,6744
37461,6744
37462,6744
37463,6744
37464,6744
37465,6744
37466,6745
37467,6745
37468,6745
37469,6745
37470,6745
37471,6745
37472,6745
37473,6745
37474,6745
37475,6745
37476,6746
37477,6746
37478,6746
37479,6746
37480,6746
37481,6746
37482,6746
37483,6746
37484,6746
37485,6747
37486,6747
37487,6747
37488,6748
37489,6748
37490,6748
37491,6748
37492,6748
37493,6748
37494,6749
37495,6749
37496,6749
37497,6749
37498,6750
37499,6750
37500,6750
37501,6750
37502,6750
37503,6750
37504,6750
37505,6750
37506,6750
37507,6751
37508,6751
37509,6751
37510,6751
37511,6751
37512,6752
37513,6753
37514,6753
37515,6753
37516,6753
37517,6753
37518,6753
37519,6753
37520,6753
37521,6754
37522,6754
37523,6754
37524,6754
37525,6754
37526,6754
37527,6755
37528,6755
37529,6755
37530,6755
37531,6755
37532,6755
37533,6755
37534,6756
37535,6756
37536,6756
37537,6756
37538,6756
37539,6756
37540,6756
37541,6756
37542,6756
37543,6756
37544,6757
37545,6758
37546,6758
37547,6758
37548,6758
37549,6759
37550,6759
37551,6759
37552,6759
37553,6759
37554,6759
37555,6759
37556,6759
37557,6759
37558,6759
37559,6760
37560,6761
37561,6762
37562,6762
37563,6762
37564,6762
37565,6762
37566,6762
37567,6763
37568,6763
37569,6763
37570,6763
37571,6764
37572,6764
37573,6765
37574,6765
37575,6765
37576,6765
37577,6765
37578,6765
37579,6765
37580,6765
37581,6766
37582,6766
37583,6766
37584,6766
37585,6766
37586,6766
37587,6766
37588,6767
37589,6767
37590,6768
37591,6768
37592,6769
37593,6769
37594,6769
37595,6769
37596,6769
37597,6769
37598,6769
37599,6770
37600,6770
37601,6770
37602,6770
37603,6770
37604,6770
37605,6770
37606,6771
37607,6771
37608,6772
37609,6772
37610,6772
37611,6772
37612,6772
37613,6772
37614,6772
37615,6772
37616,6772
37617,6773
37618,6773
37619,6773
37620,6773
37621,6773
37622,6774
37623,6774
37624,6774
37625,6774
37626,6775
37627,6775
37628,6775
37629,6775
37630,6775
37631,6775
37632,6775
37633,6775
37634,6776
37635,6776
37636,6776
37637,6776
37638,6776
37639,6777
37640,6777
37641,6777
37642,6778
37643,6779
37644,6779
37645,6779
37646,6779
37647,6779
37648,6779
37649,6779
37650,6780
37651,6780
37652,6780
37653,6780
37654,6780
37655,6780
37656,6780
37657,6780
37658,6781
37659,6781
37660,6781
37661,6781
37662,6781
37663,6781
37664,6781
37665,6782
37666,6782
37667,6782
37668,6782
37669,6782
37670,6782
37671,6782
37672,6782
37673,6782
37674,6783
37675,6784
37676,6784
37677,6784
37678,6784
37679,6785
37680,6785
37681,6785
37682,6785
37683,6785
37684,6785
37685,6785
37686,6785
37687,6785
37688,6785
37689,6786
37690,6786
37691,6786
37692,6786
37693,6786
37694,6786
37695,6786
37696,6786
37697,6787
37698,6787
37699,6788
37700,6788
37701,6788
37702,6788
37703,6788
37704,6788
37705,6789
37706,6789
37707,6789
37708,6790
37709,6791
37710,6791
37711,6791
37712,6791
37713,6791
37714,6791
37715,6791
37716,6791
37717,6791
37718,6792
37719,6793
37720,6793
37721,6793
37722,6794
37723,6794
37724,6794
37725,6794
37726,6795
37727,6795
37728,6795
37729,6795
37730,6795
37731,6795
37732,6795
37733,6795
37734,6795
37735,6796
37736,6796
37737,6796
37738,6796
37739,6797
37740,6797
37741,6797
37742,6797
37743,6797
37744,6797
37745,6798
37746,6798
37747,6798
37748,6798
37749,6798
37750,6798
37751,6798
37752,6798
37753,6799
37754,6799
37755,6800
37756,6800
37757,6800
37758,6800
37759,6800
37760,6800
37761,6800
37762,6800
37763,6801
37764,6801
37765,6801
37766,6801
37767,6802
37768,6802
37769,6802
37770,6803
37771,6803
37772,6803
37773,6803
37774,6803
37775,6803
37776,6803
37777,6804
37778,6804
37779,6805
37780,6805
37781,6805
37782,6805
37783,6806
37784,6806
37785,6806
37786,6806
37787,6806
37788,6806
37789,6807
37790,6807
37791,6807
37792,6808
37793,6808
37794,6808
37795,6808
37796,6808
37797,6808
37798,6809
37799,6810
37800,6810
37801,6810
37802,6810
37803,6810
37804,6810
37805,6810
37806,6810
37807,6810
37808,6810
37809,6811
37810,6811
37811,6811
37812,6811
37813,6812
37814,6813
37815,6813
37816,6813
37817,6813
37818,6813
37819,6813
37820,6813
37821,6814
37822,6814
37823,6815
37824,6815
37825,6815
37826,6815
37827,6815
37828,6815
37829,6815
37830,6816
37831,6816
37832,6816
37833,6816
37834,6816
37835,6816
37836,6817
37837,6817
37838,6817
37839,6817
37840,6817
37841,6817
37842,6817
37843,6817
37844,6818
37845,6818
37846,6818
37847,6818
37848,6818
37849,6818
37850,6818
37851,6819
37852,6819
37853,6819
37854,6819
37855,6819
37856,6819
37857,6819
37858,6820
37859,6820
37860,6820
37861,6820
37862,6820
37863,6820
37864,6820
37865,6820
37866,6821
37867,6821
37868,6821
37869,6821
37870,6821
37871,6821
37872,6821
37873,6821
37874,6822
37875,6822
37876,6822
37877,6822
37878,6822
37879,6822
37880,6822
37881,6822
37882,6822
37883,6822
37884,6823
37885,6823
37886,6823
37887,6823
37888,6823
37889,6823
37890,6823
37891,6824
37892,6824
37893,6824
37894,6824
37895,6824
37896,6825
37897,6826
37898,6826
37899,6826
37900,6826
37901,6826
37902,6826
37903,6827
37904,6827
37905,6827
37906,6827
37907,6827
37908,6827
37909,6827
37910,6828
37911,6828
37912,6828
37913,6828
37914,6828
37915,6828
37916,6829
37917,6829
37918,6830
37919,6831
37920,6831
37921,6831
37922,6831
37923,6831
37924,6831
37925,6831
37926,6831
37927,6831
37928,6832
37929,6832
37930,6832
37931,6832
37932,6833
37933,6833
37934,6833
37935,6833
37936,6833
37937,6833
37938,6833
37939,6834
37940,6835
37941,6835
37942,6835
37943,6835
37944,6835
37945,6835
37946,6836
37947,6836
37948,6836
37949,6836
37950,6836
37951,6836
37952,6836
37953,6836
37954,6836
37955,6837
37956,6837
37957,6837
37958,6837
37959,6837
37960,6837
37961,6837
37962,6837
37963,6837
37964,6838
37965,6838
37966,6838
37967,6838
37968,6838
37969,6838
37970,6838
37971,6838
37972,6839
37973,6839
37974,6839
37975,6839
37976,6839
37977,6839
37978,6839
37979,6839
37980,6840
37981,6840
37982,6840
37983,6840
37984,6840
37985,6840
37986,6840
37987,6841
37988,6841
37989,6841
37990,6841
37991,6842
37992,6842
37993,6843
37994,6844
37995,6844
37996,6844
37997,6844
37998,6844
37999,6844
38000,6845
38001,6845
38002,6845
38003,6845
38004,6845
38005,6845
38006,6846
38007,6846
38008,6846
38009,6846
38010,6847
38011,6848
38012,6848
38013,6848
38014,6849
38015,6850
38016,6850
38017,6850
38018,6850
38019,6850
38020,6850
38021,6850
38022,6850
38023,6850
38024,6851
38025,6851
38026,6851
38027,6851
38028,6852
38029,6852
38030,6852
38031,6853
38032,6853
38033,6853
38034,6853
38035,6853
38036,6853
38037,6854
38038,6854
38039,6855
38040,6855
38041,6855
38042,6855
38043,6855
38044,6855
38045,6855
38046,6855
38047,6856
38048,6856
38049,6856
38050,6856
38051,6856
38052,6856
38053,6856
38054,6856
38055,6857
38056,6857
38057,6857
38058,6857
38059,6857
38060,6857
38061,6857
38062,6857
38063,6857
38064,6857
38065,6858
38066,6858
38067,6858
38068,6858
38069,6858
38070,6858
38071,6858
38072,6858
38073,6858
38074,6859
38075,6859
38076,6860
38077,6860
38078,6860
38079,6860
38080,6860
38081,6861
38082,6861
38083,6861
38084,6861
38085,6861
38086,6861
38087,6861
38088,6861
38089,6862
38090,6862
38091,6862
38092,6862
38093,6862
38094,6863
38095,6863
38096,6863
38097,6863
38098,6863
38099,6863
38100,6863
38101,6863
38102,6863
38103,6864
38104,6864
38105,6864
38106,6864
38107,6864
38108,6864
38109,6864
38110,6864
38111,6864
38112,6865
38113,6865
38114,6865
38115,6865
38116,6865
38117,6865
38118,6865
38119,6865
38120,6866
38121,6866
38122,6866
38123,6866
38124,6866
38125,6866
38126,6866
38127,6867
38128,6867
38129,6867
38130,6867
38131,6867
38132,6867
38133,6867
38134,6867
38135,6868
38136,6868
38137,6868
38138,6868
38139,6868
38140,6868
38141,6868
38142,6869
38143,6869
38144,6869
38145,6870
38146,6870
38147,6870
38148,6870
38149,6870
38150,6871
38151,6872
38152,6872
38153,6872
38154,6872
38155,6872
38156,6873
38157,6873
38158,6873
38159,6873
38160,6874
38161,6874
38162,6874
38163,6874
38164,6874
38165,6874
38166,6875
38167,6875
38168,6875
38169,6875
38170,6875
38171,6875
38172,6875
38173,6876
38174,6876
38175,6877
38176,6877
38177,6877
38178,6877
38179,6877
38180,6878
38181,6878
38182,6878
38183,6878
38184,6878
38185,6878
38186,6878
38187,6878
38188,6879
38189,6879
38190,6879
38191,6879
38192,6879
38193,6879
38194,6879
38195,6879
38196,6879
38197,6880
38198,6880
38199,6880
38200,6880
38201,6881
38202,6881
38203,6881
38204,6881
38205,6881
38206,6881
38207,6881
38208,6881
38209,6881
38210,6882
38211,6882
38212,6882
38213,6882
38214,6882
38215,6883
38216,6883
38217,6883
38218,6884
38219,6884
38220,6884
38221,6884
38222,6884
38223,6884
38224,6884
38225,6885
38226,6885
38227,6885
38228,6885
38229,6885
38230,6885
38231,6885
38232,6885
38233,6885
38234,6885
38235,6886
38236,6886
38237,6886
38238,6886
38239,6886
38240,6886
38241,6886
38242,6886
38243,6886
38244,6886
38245,6887
38246,6887
38247,6887
38248,6887
38249,6887
38250,6887
38251,6887
38252,6887
38253,6887
38254,6887
38255,6888
38256,6888
38257,6888
38258,6888
38259,6888
38260,6888
38261,6889
38262,6889
38263,6889
38264,6889
38265,6889
38266,6889
38267,6890
38268,6890
38269,6890
38270,6890
38271,6890
38272,6890
38273,6890
38274,6890
38275,6891
38276,6891
38277,6891
38278,6891
38279,6891
38280,6891
38281,6892
38282,6892
38283,6892
38284,6892
38285,6892
38286,6892
38287,6892
38288,6892
38289,6892
38290,6893
38291,6893
38292,6893
38293,6893
38294,6893
38295,6893
38296,6894
38297,6894
38298,6894
38299,6894
38300,6894
38301,6895
38302,6896
38303,6896
38304,6896
38305,6896
38306,6896
38307,6896
38308,6896
38309,6896
38310,6897
38311,6897
38312,6897
38313,6897
38314,6898
38315,6898
38316,6898
38317,6898
38318,6898
38319,6898
38320,6898
38321,6898
38322,6899
38323,6899
38324,6899
38325,6899
38326,6899
38327,6899
38328,6899
38329,6899
38330,6899
38331,6900
38332,6901
38333,6901
38334,6901
38335,6901
38336,6902
38337,6902
38338,6903
38339,6903
38340,6903
38341,6903
38342,6903
38343,6904
38344,6904
38345,6904
38346,6904
38347,6904
38348,6904
38349,6905
38350,6905
38351,6905
38352,6905
38353,6905
38354,6905
38355,6905
38356,6905
38357,6905
38358,6905
38359,6906
38360,6906
38361,6907
38362,6908
38363,6908
38364,6908
38365,6908
38366,6908
38367,6908
38368,6908
38369,6908
38370,6908
38371,6908
38372,6909
38373,6909
38374,6909
38375,6910
38376,6910
38377,6911
38378,6911
38379,6911
38380,6912
38381,6912
38382,6912
38383,6912
38384,6912
38385,6912
38386,6912
38387,6912
38388,6912
38389,6913
38390,6913
38391,6913
38392,6913
38393,6913
38394,6914
38395,6914
38396,6914
38397,6914
38398,6914
38399,6914
38400,6915
38401,6915
38402,6915
38403,6915
38404,6915
38405,6916
38406,6916
38407,6917
38408,6917
38409,6918
38410,6918
38411,6919
38412,6919
38413,6919
38414,6919
38415,6919
38416,6919
38417,6919
38418,6920
38419,6920
38420,6920
38421,6920
38422,6920
38423,6920
38424,6921
38425,6921
38426,6921
38427,6921
38428,6921
38429,6921
38430,6922
38431,6922
38432,6922
38433,6922
38434,6922
38435,6922
38436,6922
38437,6922
38438,6923
38439,6923
38440,6923
38441,6923
38442,6923
38443,6923
38444,6924
38445,6925
38446,6925
38447,6925
38448,6925
38449,6925
38450,6925
38451,6925
38452,6925
38453,6925
38454,6926
38455,6927
38456,6927
38457,6927
38458,6927
38459,6927
38460,6927
38461,6927
38462,6927
38463,6927
38464,6927
38465,6928
38466,6928
38467,6928
38468,6928
38469,6928
38470,6928
38471,6928
38472,6928
38473,6928
38474,6929
38475,6929
38476,6929
38477,6929
38478,6929
38479,6929
38480,6929
38481,6930
38482,6930
38483,6930
38484,6930
38485,6930
38486,6930
38487,6930
38488,6930
38489,6931
38490,6931
38491,6931
38492,6931
38493,6931
38494,6931
38495,6932
38496,6932
38497,6932
38498,6932
38499,6932
38500,6932
38501,6932
38502,6932
38503,6933
38504,6933
38505,6933
38506,6933
38507,6933
38508,6933
38509,6933
38510,6934
38511,6934
38512,6934
38513,6934
38514,6934
38515,6934
38516,6934
38517,6934
38518,6935
38519,6935
38520,6935
38521,6935
38522,6936
38523,6936
38524,6936
38525,6936
38526,6936
38527,6936
38528,6937
38529,6938
38530,6938
38531,6939
38532,6939
38533,6939
38534,6939
38535,6939
38536,6939
38537,6939
38538,6939
38539,6939
38540,6940
38541,6940
38542,6940
38543,6940
38544,6941
38545,6941
38546,6941
38547,6942
38548,6942
38549,6942
38550,6942
38551,6943
38552,6943
38553,6943
38554,6943
38555,6943
38556,6943
38557,6943
38558,6944
38559,6944
38560,6944
38561,6945
38562,6946
38563,6946
38564,6946
38565,6946
38566,6946
38567,6946
38568,6946
38569,6947
38570,6947
38571,6948
38572,6948
38573,6948
38574,6949
38575,6949
38576,6949
38577,6949
38578,6949
38579,6949
38580,6949
38581,6950
38582,6950
38583,6950
38584,6950
38585,6950
38586,6950
38587,6950
38588,6950
38589,6951
38590,6951
38591,6951
38592,6951
38593,6951
38594,6951
38595,6951
38596,6952
38597,6953
38598,6953
38599,6953
38600,6953
38601,6953
38602,6953
38603,6954
38604,6954
38605,6955
38606,6955
38607,6955
38608,6955
38609,6955
38610,6955
38611,6955
38612,6955
38613,6955
38614,6955
38615,6956
38616,6956
38617,6957
38618,6957
38619,6957
38620,6957
38621,6957
38622,6957
38623,6957
38624,6957
38625,6958
38626,6958
38627,6958
38628,6959
38629,6959
38630,6959
38631,6960
38632,6960
38633,6960
38634,6961
38635,6961
38636,6961
38637,6962
38638,6962
38639,6962
38640,6962
38641,6962
38642,6962
38643,6962
38644,6962
38645,6962
38646,6962
38647,6963
38648,6963
38649,6963
38650,6963
38651,6963
38652,6963
38653,6963
38654,6964
38655,6964
38656,6964
38657,6964
38658,6965
38659,6965
38660,6965
38661,6965
38662,6965
38663,6965
38664,6965
38665,6965
38666,6966
38667,6966
38668,6966
38669,6967
38670,6967
38671,6967
38672,6967
38673,6967
38674,6968
38675,6968
38676,6968
38677,6968
38678,6968
38679,6968
38680,6968
38681,6968
38682,6969
38683,6969
38684,6969
38685,6969
38686,6969
38687,6969
38688,6969
38689,6969
38690,6969
38691,6970
38692,6970
38693,6971
38694,6972
38695,6972
38696,6972
38697,6972
38698,6972
38699,6972
38700,6973
38701,6973
38702,6973
38703,6973
38704,6973
38705,6973
38706,6973
38707,6973
38708,6973
38709,6974
38710,6974
38711,6974
38712,6974
38713,6974
38714,6974
38715,6974
38716,6974
38717,6975
38718,6975
38719,6975
38720,6976
38721,6976
38722,6976
38723,6976
38724,6976
38725,6976
38726,6976
38727,6976
38728,6976
38729,6977
38730,6977
38731,6977
38732,6977
38733,6977
38734,6977
38735,6977
38736,6977
38737,6977
38738,6977
38739,6978
38740,6978
38741,6978
38742,6978
38743,6978
38744,6978
38745,6978
38746,6978
38747,6979
38748,6979
38749,6979
38750,6979
38751,6979
38752,6980
38753,6980
38754,6980
38755,6980
38756,6980
38757,6980
38758,6980
38759,6980
38760,6980
38761,6980
38762,6981
38763,6981
38764,6981
38765,6981
38766,6981
38767,6982
38768,6982
38769,6982
38770,6982
38771,6982
38772,6982
38773,6982
38774,6983
38775,6983
38776,6983
38777,6983
38778,6983
38779,6984
38780,6984
38781,6984
38782,6984
38783,6984
38784,6984
38785,6984
38786,6984
38787,6984
38788,6985
38789,6985
38790,6985
38791,6985
38792,6985
38793,6985
38794,6985
38795,6985
38796,6985
38797,6986
38798,6986
38799,6987
38800,6987
38801,6987
38802,6987
38803,6987
38804,6988
38805,6988
38806,6988
38807,6988
38808,6988
38809,6989
38810,6989
38811,6990
38812,6990
38813,6990
38814,6990
38815,6991
38816,6991
38817,6991
38818,6992
38819,6992
38820,6992
38821,6992
38822,6993
38823,6993
38824,6993
38825,6993
38826,6993
38827,6993
38828,6993
38829,6993
38830,6993
38831,6994
38832,6994
38833,6995
38834,6995
38835,6995
38836,6995
38837,6995
38838,6995
38839,6995
38840,6995
38841,6995
38842,6996
38843,6997
38844,6997
38845,6997
38846,6997
38847,6997
38848,6998
38849,6999
38850,6999
38851,6999
38852,6999
38853,7000
38854,7000
38855,7000
38856,7000
38857,7000
38858,7000
38859,7001
38860,7001
38861,7001
38862,7001
38863,7001
38864,7001
38865,7002
38866,7002
38867,7002
38868,7002
38869,7002
38870,7002
38871,7002
38872,7002
38873,7002
38874,7003
38875,7003
38876,7003
38877,7004
38878,7004
38879,7004
38880,7004
38881,7004
38882,7005
38883,7005
38884,7005
38885,7005
38886,7006
38887,7006
38888,7007
38889,7007
38890,7007
38891,7007
38892,7007
38893,7007
38894,7007
38895,7007
38896,7007
38897,7007
38898,7008
38899,7009
38900,7009
38901,7009
38902,7009
38903,7009
38904,7009
38905,7009
38906,7010
38907,7010
38908,7010
38909,7010
38910,7010
38911,7010
38912,7010
38913,7010
38914,7010
38915,7010
38916,7011
38917,7011
38918,7011
38919,7011
38920,7011
38921,7011
38922,7011
38923,7011
38924,7011
38925,7012
38926,7012
38927,7012
38928,7012
38929,7013
38930,7013
38931,7013
38932,7013
38933,7013
38934,7013
38935,7013
38936,7013
38937,7014
38938,7014
38939,7014
38940,7014
38941,7015
38942,7015
38943,7015
38944,7015
38945,7015
38946,7016
38947,7016
38948,7016
38949,7017
38950,7017
38951,7017
38952,7017
38953,7017
38954,7017
38955,7018
38956,7018
38957,7018
38958,7019
38959,7019
38960,7020
38961,7020
38962,7021
38963,7021
38964,7021
38965,7021
38966,7021
38967,7021
38968,7021
38969,7022
38970,7022
38971,7022
38972,7023
38973,7023
38974,7023
38975,7023
38976,7023
38977,7023
38978,7023
38979,7023
38980,7023
38981,7023
38982,7024
38983,7024
38984,7024
38985,7024
38986,7025
38987,7025
38988,7025
38989,7025
38990,7025
38991,7026
38992,7026
38993,7026
38994,7026
38995,7026
38996,7026
38997,7027
38998,7027
38999,7027
39000,7027
39001,7027
39002,7027
39003,7027
39004,7028
39005,7029
39006,7029
39007,7029
39008,7029
39009,7029
39010,7029
39011,7029
39012,7029
39013,7029
39014,7030
39015,7030
39016,7030
39017,7030
39018,7030
39019,7030
39020,7031
39021,7031
39022,7031
39023,7032
39024,7032
39025,7032
39026,7032
39027,7032
39028,7032
39029,7032
39030,7033
39031,7033
39032,7033
39033,7033
39034,7034
39035,7034
39036,7034
39037,7034
39038,7034
39039,7034
39040,7034
39041,7034
39042,7035
39043,7035
39044,7035
39045,7035
39046,7035
39047,7035
39048,7035
39049,7035
39050,7036
39051,7036
39052,7036
39053,7036
39054,7037
39055,7037
39056,7037
39057,7037
39058,7037
39059,7037
39060,7037
39061,7037
39062,7037
39063,7038
39064,7038
39065,7038
39066,7038
39067,7039
39068,7039
39069,7039
39070,7039
39071,7039
39072,7039
39073,7039
39074,7039
39075,7039
39076,7040
39077,7040
39078,7040
39079,7040
39080,7040
39081,7040
39082,7040
39083,7041
39084,7041
39085,7041
39086,7042
39087,7042
39088,7042
39089,7042
39090,7042
39091,7042
39092,7043
39093,7043
39094,7043
39095,7043
39096,7043
39097,7044
39098,7044
39099,7044
39100,7044
39101,7045
39102,7045
39103,7046
39104,7046
39105,7046
39106,7046
39107,7046
39108,7046
39109,7046
39110,7046
39111,7046
39112,7046
39113,7047
39114,7047
39115,7047
39116,7047
39117,7047
39118,7047
39119,7048
39120,7048
39121,7048
39122,7048
39123,7048
39124,7048
39125,7048
39126,7048
39127,7049
39128,7049
39129,7049
39130,7049
39131,7049
39132,7050
39133,7050
39134,7050
39135,7050
39136,7050
39137,7050
39138,7050
39139,7051
39140,7051
39141,7051
39142,7051
39143,7052
39144,7052
39145,7052
39146,7052
39147,7052
39148,7052
39149,7052
39150,7052
39151,7053
39152,7053
39153,7054
39154,7055
39155,7055
39156,7055
39157,7055
39158,7055
39159,7056
39160,7056
39161,7056
39162,7056
39163,7056
39164,7056
39165,7056
39166,7056
39167,7056
39168,7056
39169,7057
39170,7057
39171,7057
39172,7057
39173,7057
39174,7057
39175,7057
39176,7057
39177,7057
39178,7057
39179,7058
39180,7058
39181,7058
39182,7058
39183,7058
39184,7058
39185,7059
39186,7059
39187,7060
39188,7061
39189,7062
39190,7062
39191,7062
39192,7062
39193,7062
39194,7062
39195,7062
39196,7062
39197,7062
39198,7063
39199,7063
39200,7063
39201,7063
39202,7063
39203,7064
39204,7064
39205,7064
39206,7064
39207,7064
39208,7065
39209,7065
39210,7065
39211,7066
39212,7066
39213,7066
39214,7066
39215,7066
39216,7067
39217,7067
39218,7068
39219,7068
39220,7068
39221,7068
39222,7068
39223,7068
39224,7068
39225,7068
39226,7068
39227,7068
39228,7069
39229,7069
39230,7069
39231,7069
39232,7069
39233,7069
39234,7069
39235,7069
39236,7069
39237,7069
39238,7070
39239,7070
39240,7070
39241,7070
39242,7070
39243,7070
39244,7070
39245,7070
39246,7070
39247,7071
39248,7071
39249,7071
39250,7071
39251,7071
39252,7072
39253,7072
39254,7072
39255,7072
39256,7072
39257,7072
39258,7072
39259,7072
39260,7072
39261,7073
39262,7073
39263,7073
39264,7073
39265,7073
39266,7073
39267,7074
39268,7074
39269,7074
39270,7074
39271,7074
39272,7074
39273,7075
39274,7075
39275,7075
39276,7076
39277,7076
39278,7076
39279,7076
39280,7076
39281,7076
39282,7077
39283,7077
39284,7077
39285,7077
39286,7077
39287,7077
39288,7077
39289,7077
39290,7077
39291,7078
39292,7078
39293,7078
39294,7078
39295,7078
39296,7078
39297,7079
39298,7079
39299,7079
39300,7079
39301,7079
39302,7079
39303,7079
39304,7080
39305,7080
39306,7080
39307,7080
39308,7080
39309,7080
39310,7080
39311,7080
39312,7080
39313,7080
39314,7081
39315,7082
39316,7082
39317,7082
39318,7082
39319,7083
39320,7083
39321,7083
39322,7083
39323,7084
39324,7084
39325,7084
39326,7084
39327,7084
39328,7084
39329,7084
39330,7084
39331,7084
39332,7084
39333,7085
39334,7085
39335,7085
39336,7085
39337,7085
39338,7085
39339,7085
39340,7086
39341,7087
39342,7087
39343,7087
39344,7087
39345,7087
39346,7087
39347,7087
39348,7088
39349,7088
39350,7088
39351,7088
39352,7088
39353,7088
39354,7088
39355,7088
39356,7088
39357,7089
39358,7089
39359,7089
39360,7089
39361,7089
39362,7089
39363,7089
39364,7089
39365,7089
39366,7089
39367,7090
39368,7090
39369,7090
39370,7091
39371,7091
39372,7091
39373,7091
39374,7091
39375,7091
39376,7091
39377,7091
39378,7092
39379,7092
39380,7092
39381,7093
39382,7094
39383,7094
39384,7094
39385,7094
39386,7094
39387,7094
39388,7094
39389,7094
39390,7094
39391,7095
39392,7095
39393,7095
39394,7095
39395,7095
39396,7095
39397,7096
39398,7096
39399,7096
39400,7096
39401,7096
39402,7096
39403,7096
39404,7097
39405,7098
39406,7098
39407,7098
39408,7098
39409,7098
39410,7098
39411,7099
39412,7099
39413,7099
39414,7099
39415,7099
39416,7099
39417,7099
39418,7099
39419,7099
39420,7100
39421,7100
39422,7100
39423,7100
39424,7101
39425,7101
39426,7101
39427,7101
39428,7101
39429,7101
39430,7102
39431,7102
39432,7102
39433,7103
39434,7103
39435,7103
39436,7104
39437,7104
39438,7104
39439,7104
39440,7104
39441,7104
39442,7105
39443,7105
39444,7106
39445,7106
39446,7106
39447,7107
39448,7107
39449,7107
39450,7107
39451,7107
39452,7107
39453,7107
39454,7107
39455,7108
39456,7108
39457,7108
39458,7108
39459,7108
39460,7108
39461,7108
39462,7108
39463,7108
39464,7109
39465,7109
39466,7109
39467,7109
39468,7109
39469,7109
39470,7109
39471,7110
39472,7110
39473,7110
39474,7110
39475,7111
39476,7111
39477,7111
39478,7111
39479,7111
39480,7111
39481,7111
39482,7111
39483,7111
39484,7112
39485,7112
39486,7112
39487,7112
39488,7112
39489,7112
39490,7112
39491,7112
39492,7112
39493,7113
39494,7113
39495,7113
39496,7113
39497,7113
39498,7113
39499,7113
39500,7113
39501,7114
39502,7114
39503,7114
39504,7114
39505,7114
39506,7115
39507,7115
39508,7115
39509,7115
39510,7115
39511,7115
39512,7116
39513,7117
39514,7117
39515,7117
39516,7117
39517,7117
39518,7118
39519,7118
39520,7118
39521,7118
39522,7119
39523,7119
39524,7119
39525,7119
39526,7119
39527,7119
39528,7119
39529,7119
39530,7120
39531,7120
39532,7120
39533,7120
39534,7120
39535,7120
39536,7120
39537,7120
39538,7120
39539,7120
39540,7121
39541,7121
39542,7121
39543,7121
39544,7121
39545,7121
39546,7121
39547,7121
39548,7121
39549,7121
39550,7122
39551,7122
39552,7122
39553,7122
39554,7122
39555,7123
39556,7123
39557,7123
39558,7123
39559,7123
39560,7123
39561,7124
39562,7124
39563,7124
39564,7124
39565,7124
39566,7124
39567,7124
39568,7124
39569,7125
39570,7125
39571,7125
39572,7125
39573,7126
39574,7126
39575,7126
39576,7126
39577,7126
39578,7126
39579,7126
39580,7126
39581,7126
39582,7126
39583,7127
39584,7127
39585,7127
39586,7127
39587,7128
39588,7128
39589,7128
39590,7128
39591,7129
39592,7129
39593,7129
39594,7129
39595,7129
39596,7130
39597,7130
39598,7130
39599,7130
39600,7130
39601,7130
39602,7130
39603,7130
39604,7130
39605,7131
39606,7131
39607,7132
39608,7132
39609,7132
39610,7133
39611,7133
39612,7133
39613,7133
39614,7133
39615,7133
39616,7134
39617,7134
39618,7134
39619,7134
39620,7134
39621,7134
39622,7134
39623,7135
39624,7135
39625,7136
39626,7136
39627,7136
39628,7136
39629,7136
39630,7136
39631,7136
39632,7136
39633,7136
39634,7137
39635,7137
39636,7137
39637,7137
39638,7137
39639,7137
39640,7137
39641,7137
39642,7138
39643,7139
39644,7139
39645,7139
39646,7139
39647,7139
39648,7139
39649,7139
39650,7139
39651,7140
39652,7140
39653,7140
39654,7140
39655,7140
39656,7140
39657,7140
39658,7140
39659,7140
39660,7140
39661,7141
39662,7141
39663,7141
39664,7141
39665,7141
39666,7141
39667,7141
39668,7141
39669,7142
39670,7142
39671,7142
39672,7142
39673,7142
39674,7143
39675,7143
39676,7143
39677,7143
39678,7144
39679,7144
39680,7144
39681,7144
39682,7144
39683,7144
39684,7145
39685,7145
39686,7145
39687,7145
39688,7145
39689,7145
39690,7145
39691,7145
39692,7146
39693,7146
39694,7146
39695,7146
39696,7146
39697,7146
39698,7146
39699,7146
39700,7146
39701,7147
39702,7147
39703,7147
39704,7147
39705,7147
39706,7147
39707,7147
39708,7147
39709,7148
39710,7148
39711,7149
39712,7149
39713,7149
39714,7150
39715,7150
39716,7150
39717,7150
39718,7150
39719,7150
39720,7150
39721,7150
39722,7151
39723,7151
39724,7151
39725,7151
39726,7151
39727,7152
39728,7153
39729,7153
39730,7153
39731,7154
39732,7154
39733,7154
39734,7154
39735,7154
39736,7155
39737,7155
39738,7155
39739,7155
39740,7155
39741,7155
39742,7155
39743,7155
39744,7156
39745,7156
39746,7156
39747,7156
39748,7156
39749,7156
39750,7156
39751,7157
39752,7158
39753,7158
39754,7158
39755,7158
39756,7159
39757,7159
39758,7159
39759,7159
39760,7159
39761,7159
39762,7159
39763,7159
39764,7160
39765,7160
39766,7160
39767,7161
39768,7161
39769,7161
39770,7161
39771,7161
39772,7161
39773,7161
39774,7161
39775,7161
39776,7161
39777,7162
39778,7162
39779,7162
39780,7162
39781,7163
39782,7163
39783,7163
39784,7163
39785,7163
39786,7163
39787,7163
39788,7163
39789,7163
39790,7163
39791,7164
39792,7164
39793,7164
39794,7164
39795,7165
39796,7165
39797,7165
39798,7165
39799,7165
39800,7166
39801,7166
39802,7166
39803,7166
39804,7166
39805,7166
39806,7167
39807,7167
39808,7167
39809,7167
39810,7168
39811,7168
39812,7168
39813,7168
39814,7168
39815,7168
39816,7168
39817,7169
39818,7169
39819,7169
39820,7169
39821,7169
39822,7170
39823,7171
39824,7171
39825,7171
39826,7171
39827,7171
39828,7172
39829,7172
39830,7172
39831,7173
39832,7173
39833,7173
39834,7173
39835,7173
39836,7174
39837,7174
39838,7174
39839,7174
39840,7175
39841,7175
39842,7175
39843,7175
39844,7176
39845,7176
39846,7176
39847,7176
39848,7176
39849,7177
39850,7177
39851,7177
39852,7177
39853,7177
39854,7177
39855,7177
39856,7178
39857,7178
39858,7178
39859,7178
39860,7178
39861,7178
39862,7178
39863,7178
39864,7178
39865,7179
39866,7179
39867,7179
39868,7179
39869,7179
39870,7179
39871,7179
39872,7179
39873,7180
39874,7180
39875,7180
39876,7180
39877,7181
39878,7181
39879,7181
39880,7181
39881,7181
39882,7181
39883,7181
39884,7181
39885,7181
39886,7181
39887,7182
39888,7182
39889,7182
39890,7182
39891,7182
39892,7182
39893,7183
39894,7183
39895,7183
39896,7183
39897,7183
39898,7183
39899,7183
39900,7183
39901,7184
39902,7184
39903,7184
39904,7184
39905,7184
39906,7184
39907,7184
39908,7184
39909,7185
39910,7185
39911,7185
39912,7185
39913,7186
39914,7186
39915,7186
39916,7186
39917,7186
39918,7187
39919,7187
39920,7187
39921,7187
39922,7187
39923,7188
39924,7188
39925,7188
39926,7188
39927,7188
39928,7188
39929,7188
39930,7188
39931,7188
39932,7189
39933,7190
39934,7190
39935,7190
39936,7190
39937,7191
39938,7191
39939,7191
39940,7192
39941,7192
39942,7192
39943,7192
39944,7192
39945,7192
39946,7192
39947,7192
39948,7192
39949,7192
39950,7193
39951,7193
39952,7193
39953,7193
39954,7193
39955,7193
39956,7193
39957,7193
39958,7193
39959,7193
39960,7194
39961,7194
39962,7194
39963,7195
39964,7195
39965,7196
39966,7196
39967,7196
39968,7196
39969,7196
39970,7196
39971,7196
39972,7197
39973,7197
39974,7197
39975,7197
39976,7197
39977,7197
39978,7197
39979,7197
39980,7197
39981,7198
39982,7198
39983,7198
39984,7198
39985,7198
39986,7198
39987,7198
39988,7198
39989,7198
39990,7198
39991,7199
39992,7199
39993,7199
39994,7199
39995,7199
39996,7199
39997,7199
39998,7199
39999,7199
40000,7199
40001,7200
40002,7200
40003,7200
40004,7200
40005,7200
40006,7200
40007,7201
40008,7201
40009,7201
40010,7201
40011,7201
40012,7201
40013,7201
40014,7201
40015,7201
40016,7201
40017,7202
40018,7202
40019,7202
40020,7202
40021,7202
40022,7202
40023,7203
40024,7203
40025,7203
40026,7203
40027,7203
40028,7204
40029,7204
40030,7204
40031,7204
40032,7204
40033,7204
40034,7204
40035,7204
40036,7205
40037,7205
40038,7205
40039,7205
40040,7205
40041,7206
40042,7206
40043,7206
40044,7206
40045,7206
40046,7206
40047,7206
40048,7206
40049,7207
40050,7207
40051,7207
40052,7207
40053,7208
40054,7208
40055,7208
40056,7208
40057,7208
40058,7208
40059,7209
40060,7209
40061,7209
40062,7209
40063,7210
40064,7211
40065,7211
40066,7211
40067,7211
40068,7211
40069,7211
40070,7211
40071,7211
40072,7211
40073,7212
40074,7212
40075,7212
40076,7212
40077,7212
40078,7212
40079,7212
40080,7212
40081,7212
40082,7212
40083,7213
40084,7213
40085,7213
40086,7213
40087,7213
40088,7213
40089,7213
40090,7213
40091,7213
40092,7213
40093,7214
40094,7214
40095,7214
40096,7214
40097,7214
40098,7214
40099,7215
40100,7215
40101,7215
40102,7215
40103,7215
40104,7215
40105,7215
40106,7215
40107,7215
40108,7215
40109,7216
40110,7216
40111,7216
40112,7217
40113,7217
40114,7217
40115,7217
40116,7217
40117,7218
40118,7218
40119,7218
40120,7218
40121,7218
40122,7219
40123,7219
40124,7219
40125,7219
40126,7219
40127,7219
40128,7219
40129,7220
40130,7220
40131,7220
40132,7220
40133,7221
40134,7221
40135,7221
40136,7221
40137,7221
40138,7222
40139,7222
40140,7222
40141,7222
40142,7222
40143,7222
40144,7222
40145,7223
40146,7224
40147,7224
40148,7224
40149,7224
40150,7224
40151,7224
40152,7224
40153,7225
40154,7225
40155,7226
40156,7226
40157,7226
40158,7226
40159,7226
40160,7226
40161,7226
40162,7227
40163,7227
40164,7227
40165,7227
40166,7227
40167,7227
40168,7227
40169,7227
40170,7228
40171,7228
40172,7228
40173,7229
40174,7229
40175,7229
40176,7229
40177,7229
40178,7230
40179,7230
40180,7230
40181,7231
40182,7231
40183,7231
40184,7231
40185,7231
40186,7231
40187,7231
40188,7231
40189,7231
40190,7232
40191,7233
40192,7233
40193,7233
40194,7233
40195,7233
40196,7234
40197,7234
40198,7234
40199,7234
40200,7234
40201,7234
40202,7234
40203,7235
40204,7235
40205,7235
40206,7235
40207,7235
40208,7236
40209,7236
40210,7236
40211,7237
40212,7237
40213,7237
40214,7237
40215,7237
40216,7237
40217,7237
40218,7237
40219,7237
40220,7237
40221,7238
40222,7239
40223,7240
40224,7240
40225,7240
40226,7240
40227,7240
40228,7240
40229,7241
40230,7241
40231,7241
40232,7241
40233,7241
40234,7241
40235,7241
40236,7241
40237,7241
40238,7241
40239,7242
40240,7242
40241,7242
40242,7242
40243,7242
40244,7242
40245,7242
40246,7242
40247,7243
40248,7243
40249,7243
40250,7243
40251,7243
40252,7243
40253,7243
40254,7243
40255,7243
40256,7243
40257,7244
40258,7244
40259,7244
40260,7244
40261,7244
40262,7244
40263,7245
40264,7245
40265,7245
40266,7246
40267,7246
40268,7246
40269,7247
40270,7247
40271,7247
40272,7247
40273,7247
40274,7247
40275,7248
40276,7249
40277,7249
40278,7249
40279,7249
40280,7249
40281,7249
40282,7249
40283,7249
40284,7250
40285,7250
40286,7250
40287,7250
40288,7250
40289,7250
40290,7250
40291,7250
40292,7251
40293,7251
40294,7251
40295,7251
40296,7251
40297,7251
40298,7251
40299,7251
40300,7251
40301,7252
40302,7252
40303,7252
40304,7252
40305,7252
40306,7253
40307,7253
40308,7253
40309,7253
40310,7253
40311,7253
40312,7253
40313,7253
40314,7254
40315,7254
40316,7254
40317,7254
40318,7254
40319,7254
40320,7254
40321,7254
40322,7254
40323,7254
40324,7255
40325,7255
40326,7255
40327,7255
40328,7255
40329,7255
40330,7255
40331,7255
40332,7255
40333,7256
40334,7256
40335,7256
40336,7256
40337,7256
40338,7256
40339,7256
40340,7257
40341,7257
40342,7257
40343,7257
40344,7257
40345,7257
40346,7257
40347,7257
40348,7257
40349,7257
40350,7258
40351,7258
40352,7258
40353,7258
40354,7258
40355,7258
40356,7258
40357,7258
40358,7258
40359,7259
40360,7259
40361,7259
40362,7259
40363,7259
40364,7260
40365,7260
40366,7260
40367,7260
40368,7260
40369,7261
40370,7261
40371,7261
40372,7261
40373,7261
40374,7261
40375,7261
40376,7261
40377,7261
40378,7262
40379,7262
40380,7262
40381,7262
40382,7262
40383,7262
40384,7262
40385,7262
40386,7263
40387,7263
40388,7264
40389,7264
40390,7264
40391,7264
40392,7264
40393,7264
40394,7264
40395,7265
40396,7266
40397,7266
40398,7266
40399,7266
40400,7266
40401,7266
40402,7266
40403,7266
40404,7267
40405,7267
40406,7267
40407,7268
40408,7268
40409,7268
40410,7268
40411,7268
40412,7268
40413,7268
40414,7269
40415,7269
40416,7269
40417,7269
40418,7269
40419,7269
40420,7269
40421,7270
40422,7270
40423,7270
40424,7270
40425,7270
40426,7270
40427,7270
40428,7270
40429,7270
40430,7271
40431,7271
40432,7271
40433,7271
40434,7271
40435,7271
40436,7271
40437,7271
40438,7271
40439,7271
40440,7272
40441,7272
40442,7272
40443,7272
40444,7273
40445,7273
40446,7274
40447,7274
40448,7274
40449,7274
40450,7274
40451,7274
40452,7274
40453,7274
40454,7274
40455,7275
40456,7276
40457,7276
40458,7276
40459,7276
40460,7276
40461,7276
40462,7276
40463,7276
40464,7276
40465,7276
40466,7277
40467,7277
40468,7277
40469,7277
40470,7277
40471,7278
40472,7278
40473,7278
40474,7278
40475,7278
40476,7278
40477,7278
40478,7278
40479,7278
40480,7278
40481,7279
40482,7280
40483,7280
40484,7281
40485,7281
40486,7281
40487,7281
40488,7281
40489,7281
40490,7281
40491,7281
40492,7281
40493,7282
40494,7282
40495,7282
40496,7282
40497,7282
40498,7282
40499,7282
40500,7283
40501,7283
40502,7283
40503,7283
40504,7283
40505,7283
40506,7283
40507,7284
40508,7284
40509,7284
40510,7284
40511,7284
40512,7284
40513,7284
40514,7284
40515,7284
40516,7285
40517,7285
40518,7285
40519,7286
40520,7286
40521,7286
40522,7287
40523,7287
40524,7287
40525,7287
40526,7287
40527,7287
40528,7287
40529,7287
40530,7288
40531,7289
40532,7289
40533,7289
40534,7289
40535,7289
40536,7289
40537,7289
40538,7289
40539,7289
40540,7289
40541,7290
40542,7290
40543,7290
40544,7290
40545,7290
40546,7290
40547,7291
40548,7291
40549,7291
40550,7291
40551,7291
40552,7291
40553,7291
40554,7291
40555,7291
40556,7291
40557,7292
40558,7292
40559,7292
40560,7292
40561,7292
40562,7292
40563,7292
40564,7293
40565,7293
40566,7293
40567,7293
40568,7293
40569,7293
40570,7293
40571,7294
40572,7294
40573,7294
40574,7295
40575,7295
40576,7295
40577,7295
40578,7295
40579,7295
40580,7295
40581,7296
40582,7296
40583,7296
40584,7296
40585,7296
40586,7296
40587,7296
40588,7296
40589,7297
40590,7297
40591,7297
40592,7297
40593,7297
40594,7298
40595,7298
40596,7298
40597,7298
40598,7298
40599,7298
40600,7298
40601,7298
40602,7298
40603,7299
40604,7300
40605,7300
40606,7300
40607,7300
40608,7300
40609,7300
40610,7300
40611,7300
40612,7300
40613,7301
40614,7301
40615,7301
40616,7301
40617,7301
40618,7301
40619,7301
40620,7302
40621,7302
40622,7302
40623,7302
40624,7302
40625,7302
40626,7302
40627,7302
40628,7302
40629,7303
40630,7303
40631,7303
40632,7303
40633,7304
40634,7304
40635,7304
40636,7305
40637,7305
40638,7305
40639,7305
40640,7305
40641,7305
40642,7305
40643,7306
40644,7307
40645,7308
40646,7308
40647,7308
40648,7308
40649,7308
40650,7309
40651,7309
40652,7309
40653,7309
40654,7309
40655,7310
40656,7310
40657,7311
40658,7311
40659,7311
40660,7311
40661,7312
40662,7313
40663,7313
40664,7313
40665,7313
40666,7313
40667,7313
40668,7313
40669,7313
40670,7314
40671,7314
40672,7314
40673,7314
40674,7314
40675,7315
40676,7315
40677,7315
40678,7315
40679,7315
40680,7315
40681,7315
40682,7315
40683,7315
40684,7315
40685,7316
40686,7316
40687,7316
40688,7316
40689,7316
40690,7317
40691,7317
40692,7317
40693,7317
40694,7317
40695,7317
40696,7318
40697,7318
40698,7318
40699,7318
40700,7318
40701,7318
40702,7318
40703,7318
40704,7318
40705,7318
40706,7319
40707,7319
40708,7319
40709,7320
40710,7320
40711,7320
40712,7321
40713,7321
40714,7321
40715,7321
40716,7321
40717,7321
40718,7321
40719,7321
40720,7321
40721,7321
40722,7322
40723,7322
40724,7322
40725,7322
40726,7323
40727,7324
40728,7324
40729,7324
40730,7324
40731,7324
40732,7324
40733,7324
40734,7325
40735,7326
40736,7326
40737,7326
40738,7326
40739,7326
40740,7327
40741,7327
40742,7327
40743,7327
40744,7327
40745,7328
40746,7328
40747,7328
40748,7328
40749,7328
40750,7328
40751,7328
40752,7328
40753,7329
40754,7329
40755,7329
40756,7329
40757,7329
40758,7329
40759,7329
40760,7329
40761,7329
40762,7330
40763,7330
40764,7330
40765,7330
40766,7330
40767,7330
40768,7330
40769,7331
40770,7331
40771,7331
40772,7332
40773,7332
40774,7332
40775,7333
40776,7333
40777,7333
40778,7334
40779,7334
40780,7334
40781,7335
40782,7335
40783,7335
40784,7335
40785,7335
40786,7335
40787,7335
40788,7335
40789,7336
40790,7336
40791,7336
40792,7336
40793,7337
40794,7337
40795,7337
40796,7337
40797,7337
40798,7337
40799,7337
40800,7337
40801,7337
40802,7338
40803,7338
40804,7338
40805,7339
40806,7339
40807,7339
40808,7339
40809,7339
40810,7339
40811,7340
40812,7340
40813,7340
40814,7340
40815,7340
40816,7340
40817,7340
40818,7340
40819,7341
40820,7341
40821,7341
40822,7341
40823,7341
40824,7342
40825,7342
40826,7342
40827,7343
40828,7343
40829,7343
40830,7343
40831,7343
40832,7344
40833,7345
40834,7345
40835,7345
40836,7345
40837,7346
40838,7346
40839,7346
40840,7347
40841,7347
40842,7347
40843,7347
40844,7347
40845,7347
40846,7347
40847,7347
40848,7348
40849,7348
40850,7348
40851,7348
40852,7348
40853,7348
40854,7348
40855,7348
40856,7348
40857,7348
40858,7349
40859,7349
40860,7349
40861,7349
40862,7349
40863,7349
40864,7349
40865,7350
40866,7351
40867,7352
40868,7352
40869,7353
40870,7353
40871,7353
40872,7353
40873,7353
40874,7353
40875,7353
40876,7353
40877,7353
40878,7354
40879,7354
40880,7354
40881,7355
40882,7355
40883,7355
40884,7355
40885,7355
40886,7355
40887,7356
40888,7356
40889,7356
40890,7357
40891,7357
40892,7357
40893,7358
40894,7358
40895,7358
40896,7358
40897,7358
40898,7358
40899,7358
40900,7358
40901,7358
40902,7359
40903,7359
40904,7359
40905,7359
40906,7359
40907,7359
40908,7359
40909,7359
40910,7359
40911,7359
40912,7360
40913,7361
40914,7361
40915,7361
40916,7362
40917,7362
40918,7362
40919,7362
40920,7363
40921,7363
40922,7363
40923,7363
40924,7363
40925,7363
40926,7364
40927,7364
40928,7364
40929,7365
40930,7365
40931,7365
40932,7365
40933,7365
40934,7366
40935,7366
40936,7366
40937,7366
40938,7366
40939,7366
40940,7367
40941,7367
40942,7367
40943,7367
40944,7367
40945,7367
40946,7368
40947,7368
40948,7368
40949,7368
40950,7368
40951,7368
40952,7368
40953,7368
40954,7368
40955,7369
40956,7369
40957,7369
40958,7369
40959,7369
40960,7369
40961,7369
40962,7369
40963,7370
40964,7370
40965,7370
40966,7371
40967,7371
40968,7371
40969,7371
40970,7372
40971,7372
40972,7372
40973,7372
40974,7372
40975,7372
40976,7372
40977,7373
40978,7373
40979,7373
40980,7373
40981,7373
40982,7373
40983,7373
40984,7373
40985,7374
40986,7374
40987,7374
40988,7374
40989,7374
40990,7374
40991,7375
40992,7375
40993,7375
40994,7375
40995,7375
40996,7375
40997,7376
40998,7376
40999,7376
41000,7377
41001,7377
41002,7377
41003,7377
41004,7377
41005,7377
41006,7378
41007,7378
41008,7378
41009,7378
41010,7378
41011,7378
41012,7378
41013,7378
41014,7378
41015,7378
41016,7379
41017,7379
41018,7380
41019,7380
41020,7380
41021,7380
41022,7380
41023,7381
41024,7381
41025,7381
41026,7381
41027,7381
41028,7381
41029,7381
41030,7382
41031,7382
41032,7382
41033,7382
41034,7382
41035,7382
41036,7382
41037,7383
41038,7383
41039,7384
41040,7385
41041,7385
41042,7385
41043,7385
41044,7386
41045,7386
41046,7386
41047,7386
41048,7386
41049,7386
41050,7386
41051,7386
41052,7387
41053,7387
41054,7388
41055,7388
41056,7388
41057,7388
41058,7388
41059,7388
41060,7388
41061,7388
41062,7388
41063,7388
41064,7389
41065,7390
41066,7391
41067,7391
41068,7391
41069,7391
41070,7391
41071,7391
41072,7391
41073,7391
41074,7392
41075,7392
41076,7392
41077,7392
41078,7392
41079,7392
41080,7392
41081,7392
41082,7392
41083,7392
41084,7393
41085,7393
41086,7393
41087,7393
41088,7393
41089,7393
41090,7393
41091,7394
41092,7394
41093,7394
41094,7394
41095,7394
41096,7394
41097,7394
41098,7394
41099,7394
41100,7395
41101,7395
41102,7395
41103,7395
41104,7396
41105,7396
41106,7396
41107,7396
41108,7397
41109,7397
41110,7397
41111,7397
41112,7397
41113,7397
41114,7397
41115,7398
41116,7398
41117,7398
41118,7398
41119,7398
41120,7398
41121,7398
41122,7399
41123,7399
41124,7399
41125,7399
41126,7399
41127,7399
41128,7399
41129,7399
41130,7399
41131,7400
41132,7400
41133,7400
41134,7400
41135,7400
41136,7401
41137,7402
41138,7402
41139,7402
41140,7402
41141,7402
41142,7402
41143,7402
41144,7402
41145,7402
41146,7403
41147,7403
41148,7403
41149,7403
41150,7403
41151,7404
41152,7405
41153,7405
41154,7405
41155,7405
41156,7405
41157,7405
41158,7405
41159,7405
41160,7405
41161,7406
41162,7406
41163,7406
41164,7406
41165,7406
41166,7407
41167,7407
41168,7408
41169,7408
41170,7408
41171,7408
41172,7408
41173,7409
41174,7409
41175,7409
41176,7409
41177,7409
41178,7409
41179,7409
41180,7409
41181,7409
41182,7410
41183,7410
41184,7410
41185,7410
41186,7410
41187,7410
41188,7410
41189,7410
41190,7410
41191,7411
41192,7411
41193,7411
41194,7411
41195,7411
41196,7411
41197,7411
41198,7411
41199,7411
41200,7412
41201,7412
41202,7412
41203,7412
41204,7413
41205,7413
41206,7413
41207,7413
41208,7413
41209,7414
41210,7414
41211,7415
41212,7415
41213,7416
41214,7416
41215,7416
41216,7416
41217,7417
41218,7417
41219,7417
41220,7417
41221,7418
41222,7418
41223,7418
41224,7418
41225,7418
41226,7418
41227,7419
41228,7419
41229,7419
41230,7419
41231,7419
41232,7419
41233,7420
41234,7420
41235,7420
41236,7421
41237,7421
41238,7421
41239,7421
41240,7421
41241,7421
41242,7421
41243,7422
41244,7422
41245,7422
41246,7422
41247,7422
41248,7422
41249,7423
41250,7423
41251,7423
41252,7423
41253,7423
41254,7424
41255,7424
41256,7424
41257,7424
41258,7424
41259,7424
41260,7424
41261,7424
41262,7424
41263,7425
41264,7425
41265,7425
41266,7425
41267,7425
41268,7425
41269,7425
41270,7426
41271,7426
41272,7426
41273,7426
41274,7426
41275,7426
41276,7426
41277,7427
41278,7427
41279,7427
41280,7427
41281,7427
41282,7427
41283,7427
41284,7427
41285,7427
41286,7428
41287,7428
41288,7428
41289,7429
41290,7429
41291,7429
41292,7429
41293,7429
41294,7429
41295,7429
41296,7429
41297,7429
41298,7430
41299,7431
41300,7431
41301,7431
41302,7431
41303,7431
41304,7431
41305,7431
41306,7432
41307,7432
41308,7433
41309,7433
41310,7433
41311,7433
41312,7433
41313,7433
41314,7433
41315,7434
41316,7435
41317,7435
41318,7435
41319,7435
41320,7436
41321,7436
41322,7436
41323,7437
41324,7437
41325,7437
41326,7437
41327,7437
41328,7437
41329,7437
41330,7437
41331,7437
41332,7437
41333,7438
41334,7438
41335,7438
41336,7438
41337,7438
41338,7438
41339,7438
41340,7438
41341,7439
41342,7439
41343,7439
41344,7439
41345,7439
41346,7439
41347,7439
41348,7439
41349,7439
41350,7439
41351,7440
41352,7440
41353,7440
41354,7440
41355,7440
41356,7441
41357,7441
41358,7441
41359,7441
41360,7441
41361,7441
41362,7441
41363,7441
41364,7441
41365,7442
41366,7442
41367,7442
41368,7442
41369,7442
41370,7442
41371,7443
41372,7443
41373,7443
41374,7443
41375,7443
41376,7443
41377,7443
41378,7444
41379,7444
41380,7444
41381,7444
41382,7444
41383,7444
41384,7444
41385,7444
41386,7445
41387,7445
41388,7446
41389,7446
41390,7446
41391,7446
41392,7446
41393,7447
41394,7447
41395,7447
41396,7447
41397,7447
41398,7447
41399,7447
41400,7447
41401,7448
41402,7448
41403,7448
41404,7448
41405,7448
41406,7448
41407,7449
41408,7449
41409,7449
41410,7449
41411,7449
41412,7449
41413,7449
41414,7449
41415,7449
41416,7450
41417,7450
41418,7450
41419,7450
41420,7450
41421,7450
41422,7450
41423,7450
41424,7450
41425,7450
41426,7451
41427,7452
41428,7452
41429,7452
41430,7452
41431,7452
41432,7452
41433,7453
41434,7453
41435,7453
41436,7453
41437,7453
41438,7453
41439,7453
41440,7453
41441,7454
41442,7454
41443,7454
41444,7455
41445,7455
41446,7455
41447,7455
41448,7456
41449,7456
41450,7456
41451,7457
41452,7457
41453,7457
41454,7457
41455,7457
41456,7457
41457,7457
41458,7457
41459,7458
41460,7458
41461,7458
41462,7458
41463,7458
41464,7458
41465,7458
41466,7458
41467,7459
41468,7459
41469,7460
41470,7460
41471,7460
41472,7460
41473,7460
41474,7460
41475,7460
41476,7460
41477,7460
41478,7460
41479,7461
41480,7461
41481,7461
41482,7461
41483,7461
41484,7461
41485,7461
41486,7461
41487,7461
41488,7462
41489,7462
41490,7462
41491,7462
41492,7462
41493,7462
41494,7462
41495,7462
41496,7462
41497,7462
41498,7463
41499,7463
41500,7463
41501,7463
41502,7463
41503,7464
41504,7464
41505,7464
41506,7464
41507,7464
41508,7464
41509,7464
41510,7464
41511,7465
41512,7465
41513,7465
41514,7465
41515,7465
41516,7465
41517,7465
41518,7465
41519,7465
41520,7465
41521,7466
41522,7467
41523,7467
41524,7467
41525,7467
41526,7467
41527,7467
41528,7467
41529,7467
41530,7468
41531,7468
41532,7468
41533,7468
41534,7468
41535,7468
41536,7468
41537,7468
41538,7468
41539,7469
41540,7469
41541,7469
41542,7470
41543,7471
41544,7471
41545,7472
41546,7472
41547,7472
41548,7472
41549,7472
41550,7472
41551,7472
41552,7472
41553,7472
41554,7472
41555,7473
41556,7473
41557,7473
41558,7473
41559,7473
41560,7473
41561,7473
41562,7473
41563,7473
41564,7473
41565,7474
41566,7474
41567,7474
41568,7474
41569,7474
41570,7474
41571,7474
41572,7474
41573,7475
41574,7475
41575,7475
41576,7476
41577,7476
41578,7476
41579,7476
41580,7476
41581,7476
41582,7477
41583,7478
41584,7479
41585,7479
41586,7479
41587,7479
41588,7479
41589,7479
41590,7479
41591,7479
41592,7479
41593,7479
41594,7480
41595,7480
41596,7480
41597,7481
41598,7481
41599,7481
41600,7482
41601,7482
41602,7482
41603,7483
41604,7483
41605,7483
41606,7483
41607,7483
41608,7483
41609,7483
41610,7483
41611,7484
41612,7484
41613,7484
41614,7484
41615,7484
41616,7484
41617,7484
41618,7485
41619,7485
41620,7485
41621,7485
41622,7485
41623,7486
41624,7486
41625,7486
41626,7486
41627,7486
41628,7486
41629,7486
41630,7487
41631,7487
41632,7488
41633,7488
41634,7488
41635,7489
41636,7490
41637,7490
41638,7490
41639,7490
41640,7490
41641,7490
41642,7490
41643,7490
41644,7491
41645,7492
41646,7492
41647,7492
41648,7493
41649,7493
41650,7493
41651,7493
41652,7493
41653,7493
41654,7494
41655,7494
41656,7494
41657,7494
41658,7494
41659,7495
41660,7496
41661,7496
41662,7496
41663,7496
41664,7496
41665,7496
41666,7496
41667,7496
41668,7496
41669,7496
41670,7497
41671,7497
41672,7498
41673,7498
41674,7498
41675,7498
41676,7498
41677,7499
41678,7499
41679,7499
41680,7499
41681,7499
41682,7500
41683,7500
41684,7500
41685,7501
41686,7501
41687,7501
41688,7501
41689,7501
41690,7501
41691,7501
41692,7502
41693,7502
41694,7503
41695,7503
41696,7504
41697,7505
41698,7505
41699,7505
41700,7505
41701,7505
41702,7506
41703,7506
41704,7506
41705,7507
41706,7507
41707,7507
41708,7507
41709,7507
41710,7507
41711,7507
41712,7507
41713,7507
41714,7508
41715,7508
41716,7508
41717,7508
41718,7508
41719,7508
41720,7509
41721,7509
41722,7509
41723,7509
41724,7509
41725,7509
41726,7509
41727,7509
41728,7509
41729,7509
41730,7510
41731,7510
41732,7510
41733,7510
41734,7511
41735,7511
41736,7511
41737,7511
41738,7511
41739,7511
41740,7512
41741,7512
41742,7512
41743,7512
41744,7513
41745,7513
41746,7513
41747,7513
41748,7514
41749,7514
41750,7514
41751,7514
41752,7514
41753,7514
41754,7515
41755,7515
41756,7515
41757,7516
41758,7516
41759,7517
41760,7517
41761,7517
41762,7517
41763,7518
41764,7518
41765,7518
41766,7519
41767,7519
41768,7519
41769,7519
41770,7519
41771,7519
41772,7519
41773,7519
41774,7520
41775,7520
41776,7520
41777,7520
41778,7521
41779,7521
41780,7521
41781,7521
41782,7521
41783,7521
41784,7521
41785,7521
41786,7521
41787,7522
41788,7522
41789,7522
41790,7522
41791,7522
41792,7522
41793,7522
41794,7522
41795,7523
41796,7523
41797,7523
41798,7523
41799,7523
41800,7523
41801,7524
41802,7524
41803,7524
41804,7524
41805,7524
41806,7524
41807,7525
41808,7525
41809,7526
41810,7526
41811,7526
41812,7526
41813,7526
41814,7526
41815,7526
41816,7527
41817,7527
41818,7527
41819,7527
41820,7527
41821,7528
41822,7528
41823,7528
41824,7528
41825,7528
41826,7528
41827,7529
41828,7529
41829,7529
41830,7529
41831,7530
41832,7530
41833,7530
41834,7530
41835,7530
41836,7530
41837,7530
41838,7530
41839,7530
41840,7530
41841,7531
41842,7531
41843,7531
41844,7531
41845,7531
41846,7531
41847,7531
41848,7531
41849,7531
41850,7531
41851,7532
41852,7532
41853,7533
41854,7533
41855,7533
41856,7533
41857,7533
41858,7533
41859,7533
41860,7533
41861,7533
41862,7534
41863,7534
41864,7534
41865,7534
41866,7534
41867,7534
41868,7534
41869,7535
41870,7535
41871,7535
41872,7535
41873,7535
41874,7535
41875,7535
41876,7536
41877,7536
41878,7537
41879,7537
41880,7537
41881,7537
41882,7537
41883,7537
41884,7537
41885,7538
41886,7538
41887,7538
41888,7539
41889,7539
41890,7539
41891,7539
41892,7539
41893,7539
41894,7539
41895,7539
41896,7540
41897,7540
41898,7540
41899,7541
41900,7541
41901,7541
41902,7541
41903,7541
41904,7541
41905,7541
41906,7541
41907,7541
41908,7542
41909,7542
41910,7542
41911,7542
41912,7542
41913,7542
41914,7542
41915,7542
41916,7543
41917,7543
41918,7543
41919,7543
41920,7543
41921,7543
41922,7543
41923,7543
41924,7543
41925,7543
41926,7544
41927,7544
41928,7544
41929,7544
41930,7544
41931,7544
41932,7544
41933,7544
41934,7544
41935,7544
41936,7545
41937,7545
41938,7545
41939,7545
41940,7545
41941,7545
41942,7545
41943,7545
41944,7546
41945,7546
41946,7546
41947,7546
41948,7546
41949,7546
41950,7546
41951,7546
41952,7547
41953,7547
41954,7547
41955,7547
41956,7547
41957,7547
41958,7547
41959,7547
41960,7547
41961,7547
41962,7548
41963,7548
41964,7548
41965,7549
41966,7549
41967,7549
41968,7549
41969,7550
41970,7550
41971,7550
41972,7551
41973,7551
41974,7551
41975,7551
41976,7551
41977,7551
41978,7551
41979,7552
41980,7552
41981,7553
41982,7553
41983,7554
41984,7554
41985,7554
41986,7554
41987,7554
41988,7554
41989,7554
41990,7555
41991,7555
41992,7555
41993,7555
41994,7555
41995,7556
41996,7556
41997,7556
41998,7556
41999,7556
42000,7556
42001,7556
42002,7556
42003,7556
42004,7557
42005,7557
42006,7557
42007,7557
42008,7557
42009,7557
42010,7557
42011,7558
42012,7559
42013,7559
42014,7559
42015,7559
42016,7560
42017,7560
42018,7560
42019,7560
42020,7560
42021,7560
42022,7560
42023,7561
42024,7562
42025,7562
42026,7562
42027,7562
42028,7562
42029,7562
42030,7562
42031,7563
42032,7563
42033,7563
42034,7563
42035,7563
42036,7563
42037,7564
42038,7564
42039,7564
42040,7564
42041,7565
42042,7565
42043,7565
42044,7565
42045,7565
42046,7565
42047,7566
42048,7566
42049,7566
42050,7566
42051,7566
42052,7566
42053,7567
42054,7567
42055,7567
42056,7567
42057,7567
42058,7567
42059,7568
42060,7568
42061,7569
42062,7570
42063,7570
42064,7570
42065,7570
42066,7570
42067,7570
42068,7570
42069,7570
42070,7570
42071,7571
42072,7572
42073,7572
42074,7572
42075,7572
42076,7572
42077,7572
42078,7572
42079,7572
42080,7572
42081,7572
42082,7573
42083,7574
42084,7574
42085,7574
42086,7574
42087,7574
42088,7574
42089,7574
42090,7574
42091,7575
42092,7575
42093,7575
42094,7575
42095,7575
42096,7575
42097,7575
42098,7575
42099,7576
42100,7576
42101,7576
42102,7576
42103,7576
42104,7576
42105,7576
42106,7577
42107,7577
42108,7577
42109,7577
42110,7577
42111,7577
42112,7578
42113,7578
42114,7578
42115,7578
42116,7578
42117,7578
42118,7578
42119,7579
42120,7579
42121,7579
42122,7579
42123,7579
42124,7579
42125,7579
42126,7579
42127,7579
42128,7579
42129,7580
42130,7580
42131,7580
42132,7580
42133,7580
42134,7580
42135,7580
42136,7580
42137,7581
42138,7581
42139,7581
42140,7581
42141,7581
42142,7581
42143,7582
42144,7582
42145,7582
42146,7582
42147,7582
42148,7582
42149,7583
42150,7583
42151,7584
42152,7584
42153,7584
42154,7584
42155,7584
42156,7584
42157,7584
42158,7584
42159,7584
42160,7585
42161,7585
42162,7585
42163,7585
42164,7585
42165,7585
42166,7585
42167,7585
42168,7585
42169,7585
42170,7586
42171,7586
42172,7586
42173,7586
42174,7587
42175,7587
42176,7587
42177,7587
42178,7587
42179,7587
42180,7588
42181,7588
42182,7588
42183,7588
42184,7588
42185,7588
42186,7589
42187,7589
42188,7589
42189,7590
42190,7590
42191,7591
42192,7591
42193,7591
42194,7591
42195,7591
42196,7591
42197,7591
42198,7592
42199,7592
42200,7592
42201,7592
42202,7592
42203,7592
42204,7592
42205,7592
42206,7593
42207,7593
42208,7593
42209,7593
42210,7593
42211,7593
42212,7594
42213,7594
42214,7594
42215,7595
42216,7595
42217,7595
42218,7595
42219,7596
42220,7597
42221,7597
42222,7597
42223,7597
42224,7597
42225,7597
42226,7597
42227,7597
42228,7597
42229,7597
42230,7598
42231,7598
42232,7598
42233,7598
42234,7598
42235,7598
42236,7598
42237,7598
42238,7598
42239,7598
42240,7599
42241,7599
42242,7600
42243,7600
42244,7600
42245,7600
42246,7600
42247,7600
42248,7600
42249,7601
42250,7601
42251,7601
42252,7602
42253,7602
42254,7603
42255,7603
42256,7603
42257,7604
42258,7605
42259,7605
42260,7605
42261,7606
42262,7606
42263,7606
42264,7606
42265,7607
42266,7607
42267,7607
42268,7607
42269,7607
42270,7607
42271,7607
42272,7607
42273,7607
42274,7607
42275,7608
42276,7608
42277,7608
42278,7608
42279,7608
42280,7608
42281,7608
42282,7609
42283,7610
42284,7610
42285,7610
42286,7610
42287,7610
42288,7611
42289,7611
42290,7611
42291,7611
42292,7611
42293,7611
42294,7611
42295,7611
42296,7611
42297,7611
42298,7612
42299,7613
42300,7613
42301,7613
42302,7613
42303,7613
42304,7613
42305,7613
42306,7614
42307,7614
42308,7614
42309,7614
42310,7614
42311,7614
42312,7614
42313,7614
42314,7615
42315,7615
42316,7616
42317,7616
42318,7616
42319,7616
42320,7616
42321,7616
42322,7616
42323,7616
42324,7617
42325,7618
42326,7618
42327,7618
42328,7618
42329,7619
42330,7619
42331,7619
42332,7619
42333,7619
42334,7619
42335,7619
42336,7619
42337,7619
42338,7620
42339,7620
42340,7621
42341,7621
42342,7621
42343,7622
42344,7622
42345,7622
42346,7622
42347,7622
42348,7622
42349,7622
42350,7622
42351,7622
42352,7623
42353,7623
42354,7623
42355,7623
42356,7624
42357,7624
42358,7624
42359,7624
42360,7624
42361,7624
42362,7624
42363,7624
42364,7625
42365,7625
42366,7625
42367,7626
42368,7626
42369,7626
42370,7626
42371,7626
42372,7626
42373,7627
42374,7627
42375,7627
42376,7627
42377,7627
42378,7628
42379,7628
42380,7628
42381,7629
42382,7630
42383,7630
42384,7630
42385,7630
42386,7630
42387,7630
42388,7631
42389,7631
42390,7631
42391,7632
42392,7632
42393,7632
42394,7632
42395,7632
42396,7632
42397,7632
42398,7632
42399,7633
42400,7633
42401,7634
42402,7634
42403,7634
42404,7634
42405,7634
42406,7634
42407,7634
42408,7634
42409,7635
42410,7635
42411,7635
42412,7635
42413,7635
42414,7635
42415,7635
42416,7635
42417,7636
42418,7636
42419,7636
42420,7636
42421,7636
42422,7636
42423,7636
42424,7637
42425,7637
42426,7637
42427,7637
42428,7637
42429,7637
42430,7638
42431,7638
42432,7638
42433,7638
42434,7638
42435,7638
42436,7639
42437,7639
42438,7639
42439,7639
42440,7640
42441,7640
42442,7640
42443,7640
42444,7641
42445,7641
42446,7641
42447,7641
42448,7641
42449,7641
42450,7641
42451,7641
42452,7641
42453,7641
42454,7642
42455,7642
42456,7642
42457,7643
42458,7643
42459,7643
42460,7643
42461,7643
42462,7644
42463,7644
42464,7644
42465,7645
42466,7646
42467,7647
42468,7647
42469,7647
42470,7647
42471,7647
42472,7647
42473,7647
42474,7647
42475,7647
42476,7648
42477,7648
42478,7648
42479,7648
42480,7648
42481,7648
42482,7649
42483,7649
42484,7650
42485,7651
42486,7651
42487,7652
42488,7652
42489,7652
42490,7652
42491,7652
42492,7652
42493,7652
42494,7653
42495,7653
42496,7653
42497,7653
42498,7653
42499,7654
42500,7654
42501,7654
42502,7654
42503,7654
42504,7654
42505,7655
42506,7655
42507,7655
42508,7655
42509,7655
42510,7655
42511,7655
42512,7655
42513,7655
42514,7655
42515,7656
42516,7656
42517,7656
42518,7656
42519,7656
42520,7656
42521,7656
42522,7657
42523,7657
42524,7657
42525,7657
42526,7658
42527,7658
42528,7659
42529,7659
42530,7659
42531,7659
42532,7659
42533,7660
42534,7660
42535,7660
42536,7661
42537,7661
42538,7661
42539,7662
42540,7662
42541,7662
42542,7663
42543,7663
42544,7663
42545,7663
42546,7663
42547,7663
42548,7663
42549,7663
42550,7663
42551,7663
42552,7664
42553,7664
42554,7664
42555,7665
42556,7665
42557,7665
42558,7665
42559,7665
42560,7665
42561,7665
42562,7665
42563,7665
42564,7666
42565,7667
42566,7667
42567,7667
42568,7668
42569,7669
42570,7669
42571,7670
42572,7670
42573,7670
42574,7671
42575,7671
42576,7672
42577,7672
42578,7672
42579,7672
42580,7672
42581,7672
42582,7672
42583,7672
42584,7673
42585,7674
42586,7674
42587,7674
42588,7674
42589,7674
42590,7674
42591,7675
42592,7675
42593,7675
42594,7675
42595,7675
42596,7675
42597,7676
42598,7676
42599,7676
42600,7676
42601,7676
42602,7676
42603,7677
42604,7678
42605,7678
42606,7678
42607,7678
42608,7678
42609,7679
42610,7679
42611,7679
42612,7679
42613,7680
42614,7680
42615,7680
42616,7680
42617,7680
42618,7680
42619,7680
42620,7680
42621,7680
42622,7681
42623,7681
42624,7681
42625,7681
42626,7681
42627,7681
42628,7682
42629,7682
42630,7682
42631,7682
42632,7682
42633,7682
42634,7683
42635,7683
42636,7683
42637,7683
42638,7684
42639,7685
42640,7685
42641,7685
42642,7685
42643,7685
42644,7685
42645,7685
42646,7685
42647,7685
42648,7685
42649,7686
42650,7687
42651,7687
42652,7688
42653,7688
42654,7688
42655,7689
42656,7689
42657,7689
42658,7689
42659,7689
42660,7690
42661,7690
42662,7690
42663,7690
42664,7690
42665,7690
42666,7690
42667,7691
42668,7691
42669,7691
42670,7692
42671,7692
42672,7692
42673,7692
42674,7692
42675,7692
42676,7692
42677,7693
42678,7693
42679,7693
42680,7693
42681,7693
42682,7693
42683,7694
42684,7694
42685,7694
42686,7694
42687,7694
42688,7694
42689,7694
42690,7694
42691,7694
42692,7695
42693,7695
42694,7695
42695,7696
42696,7697
42697,7697
42698,7697
42699,7697
42700,7697
42701,7697
42702,7697
42703,7698
42704,7698
42705,7698
42706,7698
42707,7698
42708,7699
42709,7699
42710,7699
42711,7699
42712,7700
42713,7700
42714,7700
42715,7700
42716,7700
42717,7700
42718,7700
42719,7700
42720,7701
42721,7701
42722,7701
42723,7702
42724,7702
42725,7702
42726,7702
42727,7703
42728,7703
42729,7703
42730,7703
42731,7703
42732,7704
42733,7705
42734,7705
42735,7705
42736,7705
42737,7705
42738,7705
42739,7705
42740,7705
42741,7706
42742,7707
42743,7707
42744,7707
42745,7707
42746,7708
42747,7709
42748,7709
42749,7709
42750,7709
42751,7710
42752,7710
42753,7710
42754,7711
42755,7711
42756,7711
42757,7711
42758,7711
42759,7711
42760,7712
42761,7712
42762,7712
42763,7712
42764,7712
42765,7712
42766,7713
42767,7713
42768,7713
42769,7713
42770,7713
42771,7714
42772,7715
42773,7715
42774,7715
42775,7715
42776,7715
42777,7715
42778,7715
42779,7715
42780,7715
42781,7716
42782,7716
42783,7716
42784,7716
42785,7716
42786,7716
42787,7716
42788,7716
42789,7716
42790,7716
42791,7717
42792,7717
42793,7717
42794,7717
42795,7717
42796,7717
42797,7717
42798,7717
42799,7717
42800,7717
42801,7718
42802,7718
42803,7718
42804,7718
42805,7719
42806,7719
42807,7720
42808,7720
42809,7720
42810,7720
42811,7720
42812,7721
42813,7721
42814,7721
42815,7721
42816,7722
42817,7722
42818,7722
42819,7722
42820,7722
42821,7722
42822,7722
42823,7723
42824,7723
42825,7723
42826,7723
42827,7723
42828,7723
42829,7723
42830,7723
42831,7723
42832,7724
42833,7724
42834,7724
42835,7724
42836,7724
42837,7724
42838,7725
42839,7725
42840,7725
42841,7726
42842,7727
42843,7727
42844,7727
42845,7727
42846,7727
42847,7727
42848,7727
42849,7727
42850,7727
42851,7727
42852,7728
42853,7729
42854,7729
42855,7729
42856,7729
42857,7729
42858,7729
42859,7730
42860,7730
42861,7730
42862,7730
42863,7730
42864,7730
42865,7731
42866,7731
42867,7731
42868,7731
42869,7731
42870,7732
42871,7732
42872,7732
42873,7732
42874,7732
42875,7732
42876,7732
42877,7732
42878,7732
42879,7732
42880,7733
42881,7733
42882,7733
42883,7733
42884,7733
42885,7733
42886,7733
42887,7733
42888,7733
42889,7734
42890,7734
42891,7734
42892,7734
42893,7734
42894,7735
42895,7735
42896,7735
42897,7735
42898,7735
42899,7735
42900,7736
42901,7736
42902,7736
42903,7736
42904,7736
42905,7736
42906,7736
42907,7736
42908,7736
42909,7736
42910,7737
42911,7737
42912,7737
42913,7737
42914,7737
42915,7737
42916,7737
42917,7738
42918,7738
42919,7738
42920,7738
42921,7738
42922,7738
42923,7739
42924,7739
42925,7739
42926,7739
42927,7739
42928,7739
42929,7739
42930,7739
42931,7740
42932,7740
42933,7740
42934,7740
42935,7740
42936,7740
42937,7740
42938,7740
42939,7741
42940,7741
42941,7741
42942,7741
42943,7741
42944,7741
42945,7741
42946,7741
42947,7741
42948,7741
42949,7742
42950,7742
42951,7742
42952,7742
42953,7742
42954,7742
42955,7742
42956,7743
42957,7743
42958,7743
42959,7743
42960,7743
42961,7743
42962,7743
42963,7743
42964,7744
42965,7745
42966,7745
42967,7746
42968,7746
42969,7746
42970,7746
42971,7746
42972,7747
42973,7747
42974,7747
42975,7747
42976,7747
42977,7747
42978,7747
42979,7747
42980,7747
42981,7747
42982,7748
42983,7748
42984,7749
42985,7749
42986,7749
42987,7750
42988,7750
42989,7750
42990,7750
42991,7750
42992,7750
42993,7751
42994,7751
42995,7751
42996,7751
42997,7751
42998,7751
42999,7752
43000,7753
43001,7753
43002,7753
43003,7753
43004,7753
43005,7753
43006,7753
43007,7753
43008,7753
43009,7753
43010,7754
43011,7754
43012,7754
43013,7754
43014,7755
43015,7755
43016,7755
43017,7755
43018,7755
43019,7755
43020,7755
43021,7755
43022,7755
43023,7756
43024,7756
43025,7756
43026,7757
43027,7757
43028,7757
43029,7757
43030,7758
43031,7758
43032,7758
43033,7758
43034,7758
43035,7758
43036,7758
43037,7758
43038,7758
43039,7758
43040,7759
43041,7759
43042,7759
43043,7760
43044,7760
43045,7760
43046,7760
43047,7760
43048,7760
43049,7760
43050,7761
43051,7761
43052,7761
43053,7761
43054,7761
43055,7761
43056,7762
43057,7762
43058,7762
43059,7763
43060,7763
43061,7763
43062,7763
43063,7763
43064,7763
43065,7763
43066,7763
43067,7763
43068,7764
43069,7764
43070,7764
43071,7764
43072,7764
43073,7764
43074,7764
43075,7764
43076,7764
43077,7765
43078,7765
43079,7765
43080,7765
43081,7765
43082,7765
43083,7766
43084,7767
43085,7767
43086,7767
43087,7767
43088,7767
43089,7767
43090,7768
43091,7768
43092,7768
43093,7768
43094,7768
43095,7768
43096,7769
43097,7769
43098,7769
43099,7769
43100,7770
43101,7770
43102,7770
43103,7770
43104,7770
43105,7770
43106,7770
43107,7770
43108,7771
43109,7771
43110,7771
43111,7771
43112,7772
43113,7772
43114,7772
43115,7772
43116,7772
43117,7772
43118,7773
43119,7773
43120,7773
43121,7773
43122,7773
43123,7773
43124,7773
43125,7774
43126,7774
43127,7774
43128,7774
43129,7775
43130,7775
43131,7775
43132,7775
43133,7775
43134,7775
43135,7775
43136,7775
43137,7776
43138,7776
43139,7776
43140,7776
43141,7776
43142,7776
43143,7776
43144,7776
43145,7776
43146,7777
43147,7777
43148,7777
43149,7777
43150,7777
43151,7777
43152,7777
43153,7777
43154,7778
43155,7778
43156,7778
43157,7778
43158,7778
43159,7778
43160,7779
43161,7779
43162,7779
43163,7779
43164,7779
43165,7779
43166,7780
43167,7780
43168,7780
43169,7780
43170,7780
43171,7780
43172,7781
43173,7782
43174,7782
43175,7782
43176,7782
43177,7782
43178,7782
43179,7782
43180,7782
43181,7782
43182,7783
43183,7783
43184,7784
43185,7784
43186,7784
43187,7784
43188,7784
43189,7785
43190,7786
43191,7786
43192,7786
43193,7786
43194,7786
43195,7786
43196,7786
43197,7786
43198,7787
43199,7787
43200,7787
43201,7787
43202,7788
43203,7789
43204,7789
43205,7790
43206,7790
43207,7790
43208,7790
43209,7791
43210,7791
43211,7791
43212,7792
43213,7792
43214,7792
43215,7792
43216,7792
43217,7792
43218,7792
43219,7793
43220,7794
43221,7794
43222,7794
43223,7794
43224,7795
43225,7796
43226,7796
43227,7796
43228,7796
43229,7796
43230,7796
43231,7796
43232,7796
43233,7796
43234,7796
43235,7797
43236,7797
43237,7797
43238,7797
43239,7798
43240,7798
43241,7798
43242,7798
43243,7798
43244,7798
43245,7799
43246,7799
43247,7799
43248,7799
43249,7799
43250,7799
43251,7800
43252,7800
43253,7800
43254,7800
43255,7800
43256,7800
43257,7800
43258,7801
43259,7801
43260,7801
43261,7801
43262,7801
43263,7801
43264,7801
43265,7802
43266,7802
43267,7802
43268,7802
43269,7802
43270,7802
43271,7803
43272,7803
43273,7803
43274,7803
43275,7803
43276,7803
43277,7803
43278,7803
43279,7803
43280,7804
43281,7804
43282,7804
43283,7804
43284,7804
43285,7804
43286,7804
43287,7804
43288,7804
43289,7805
43290,7805
43291,7805
43292,7805
43293,7805
43294,7805
43295,7805
43296,7806
43297,7806
43298,7806
43299,7806
43300,7806
43301,7806
43302,7806
43303,7806
43304,7806
43305,7806
43306,7807
43307,7807
43308,7808
43309,7808
43310,7808
43311,7808
43312,7809
43313,7809
43314,7809
43315,7809
43316,7809
43317,7810
43318,7810
43319,7810
43320,7810
43321,7810
43322,7810
43323,7810
43324,7811
43325,7811
43326,7811
43327,7811
43328,7812
43329,7812
43330,7812
43331,7812
43332,7812
43333,7812
43334,7812
43335,7813
43336,7813
43337,7813
43338,7814
43339,7814
43340,7815
43341,7815
43342,7815
43343,7815
43344,7815
43345,7815
43346,7815
43347,7815
43348,7815
43349,7815
43350,7816
43351,7816
43352,7816
43353,7816
43354,7816
43355,7816
43356,7816
43357,7816
43358,7816
43359,7816
43360,7817
43361,7817
43362,7817
43363,7817
43364,7817
43365,7817
43366,7817
43367,7817
43368,7818
43369,7818
43370,7818
43371,7818
43372,7819
43373,7819
43374,7819
43375,7819
43376,7820
43377,7821
43378,7821
43379,7821
43380,7821
43381,7821
43382,7821
43383,7821
43384,7821
43385,7822
43386,7822
43387,7822
43388,7822
43389,7823
43390,7823
43391,7824
43392,7824
43393,7824
43394,7824
43395,7824
43396,7824
43397,7824
43398,7824
43399,7825
43400,7825
43401,7826
43402,7826
43403,7826
43404,7826
43405,7826
43406,7826
43407,7826
43408,7826
43409,7826
43410,7827
43411,7828
43412,7828
43413,7828
43414,7828
43415,7828
43416,7828
43417,7828
43418,7828
43419,7828
43420,7828
43421,7829
43422,7829
43423,7829
43424,7829
43425,7829
43426,7829
43427,7829
43428,7829
43429,7829
43430,7830
43431,7830
43432,7830
43433,7830
43434,7830
43435,7830
43436,7830
43437,7831
43438,7831
43439,7831
43440,7831
43441,7831
43442,7831
43443,7831
43444,7831
43445,7831
43446,7831
43447,7832
43448,7833
43449,7833
43450,7833
43451,7833
43452,7833
43453,7833
43454,7833
43455,7833
43456,7833
43457,7833
43458,7834
43459,7834
43460,7834
43461,7834
43462,7834
43463,7834
43464,7834
43465,7835
43466,7835
43467,7835
43468,7835
43469,7835
43470,7835
43471,7835
43472,7836
43473,7836
43474,7836
43475,7836
43476,7837
43477,7837
43478,7837
43479,7837
43480,7837
43481,7837
43482,7837
43483,7838
43484,7838
43485,7838
43486,7838
43487,7838
43488,7838
43489,7838
43490,7838
43491,7838
43492,7839
43493,7839
43494,7839
43495,7840
43496,7841
43497,7841
43498,7841
43499,7842
43500,7842
43501,7843
43502,7843
43503,7843
43504,7843
43505,7843
43506,7843
43507,7843
43508,7844
43509,7845
43510,7845
43511,7845
43512,7845
43513,7846
43514,7846
43515,7846
43516,7847
43517,7847
43518,7847
43519,7847
43520,7847
43521,7847
43522,7848
43523,7848
43524,7848
43525,7848
43526,7848
43527,7848
43528,7848
43529,7848
43530,7848
43531,7849
43532,7849
43533,7849
43534,7849
43535,7849
43536,7849
43537,7849
43538,7850
43539,7850
43540,7850
43541,7851
43542,7851
43543,7851
43544,7851
43545,7851
43546,7851
43547,7852
43548,7852
43549,7852
43550,7852
43551,7852
43552,7853
43553,7853
43554,7853
43555,7853
43556,7853
43557,7853
43558,7854
43559,7855
43560,7855
43561,7855
43562,7855
43563,7855
43564,7855
43565,7855
43566,7855
43567,7855
43568,7856
43569,7856
43570,7857
43571,7857
43572,7857
43573,7857
43574,7857
43575,7857
43576,7857
43577,7858
43578,7858
43579,7858
43580,7859
43581,7859
43582,7859
43583,7859
43584,7859
43585,7859
43586,7859
43587,7859
43588,7859
43589,7859
43590,7860
43591,7860
43592,7860
43593,7860
43594,7860
43595,7860
43596,7860
43597,7860
43598,7860
43599,7861
43600,7861
43601,7861
43602,7861
43603,7861
43604,7862
43605,7862
43606,7862
43607,7862
43608,7863
43609,7863
43610,7863
43611,7863
43612,7863
43613,7864
43614,7864
43615,7864
43616,7864
43617,7864
43618,7864
43619,7864
43620,7865
43621,7865
43622,7865
43623,7865
43624,7865
43625,7865
43626,7865
43627,7865
43628,7865
43629,7866
43630,7866
43631,7866
43632,7866
43633,7866
43634,7866
43635,7866
43636,7866
43637,7866
43638,7866
43639,7867
43640,7867
43641,7867
43642,7867
43643,7867
43644,7868
43645,7868
43646,7868
43647,7868
43648,7869
43649,7869
43650,7870
43651,7871
43652,7871
43653,7871
43654,7871
43655,7871
43656,7872
43657,7872
43658,7872
43659,7872
43660,7872
43661,7873
43662,7873
43663,7873
43664,7873
43665,7874
43666,7874
43667,7875
43668,7875
43669,7875
43670,7875
43671,7875
43672,7875
43673,7875
43674,7876
43675,7876
43676,7876
43677,7876
43678,7876
43679,7876
43680,7876
43681,7877
43682,7877
43683,7877
43684,7877
43685,7877
43686,7877
43687,7878
43688,7878
43689,7878
43690,7878
43691,7879
43692,7879
43693,7879
43694,7879
43695,7879
43696,7879
43697,7879
43698,7880
43699,7880
43700,7881
43701,7881
43702,7882
43703,7883
43704,7883
43705,7883
43706,7883
43707,7883
43708,7883
43709,7883
43710,7883
43711,7884
43712,7884
43713,7884
43714,7884
43715,7884
43716,7884
43717,7884
43718,7884
43719,7884
43720,7885
43721,7885
43722,7885
43723,7885
43724,7885
43725,7886
43726,7886
43727,7886
43728,7886
43729,7886
43730,7886
43731,7886
43732,7886
43733,7886
43734,7886
43735,7887
43736,7887
43737,7888
43738,7888
43739,7888
43740,7888
43741,7888
43742,7888
43743,7888
43744,7889
43745,7889
43746,7889
43747,7889
43748,7889
43749,7889
43750,7890
43751,7891
43752,7891
43753,7892
43754,7892
43755,7892
43756,7892
43757,7892
43758,7892
43759,7893
43760,7893
43761,7893
43762,7893
43763,7893
43764,7893
43765,7893
43766,7893
43767,7893
43768,7894
43769,7894
43770,7894
43771,7894
43772,7894
43773,7894
43774,7894
43775,7894
43776,7894
43777,7895
43778,7895
43779,7895
43780,7895
43781,7895
43782,7895
43783,7895
43784,7895
43785,7895
43786,7895
43787,7896
43788,7896
43789,7896
43790,7896
43791,7896
43792,7896
43793,7896
43794,7896
43795,7896
43796,7897
43797,7897
43798,7897
43799,7897
43800,7897
43801,7897
43802,7897
43803,7897
43804,7898
43805,7898
43806,7898
43807,7899
43808,7899
43809,7899
43810,7899
43811,7899
43812,7899
43813,7900
43814,7900
43815,7900
43816,7900
43817,7900
43818,7900
43819,7900
43820,7901
43821,7902
43822,7902
43823,7902
43824,7903
43825,7903
43826,7903
43827,7903
43828,7903
43829,7904
43830,7904
43831,7904
43832,7905
43833,7905
43834,7905
43835,7905
43836,7905
43837,7905
43838,7906
43839,7906
43840,7906
43841,7906
43842,7906
43843,7906
43844,7906
43845,7906
43846,7907
43847,7907
43848,7907
43849,7907
43850,7907
43851,7908
43852,7908
43853,7908
43854,7908
43855,7908
43856,7908
43857,7909
43858,7910
43859,7910
43860,7910
43861,7910
43862,7910
43863,7910
43864,7910
43865,7910
43866,7910
43867,7911
43868,7912
43869,7912
43870,7912
43871,7912
43872,7912
43873,7912
43874,7913
43875,7913
43876,7913
43877,7913
43878,7913
43879,7913
43880,7913
43881,7913
43882,7913
43883,7914
43884,7915
43885,7915
43886,7915
43887,7915
43888,7915
43889,7916
43890,7916
43891,7916
43892,7916
43893,7916
43894,7916
43895,7916
43896,7917
43897,7917
43898,7918
43899,7918
43900,7919
43901,7919
43902,7919
43903,7919
43904,7919
43905,7919
43906,7919
43907,7920
43908,7920
43909,7920
43910,7920
43911,7920
43912,7920
43913,7920
43914,7920
43915,7921
43916,7922
43917,7922
43918,7922
43919,7922
43920,7922
43921,7922
43922,7922
43923,7922
43924,7922
43925,7923
43926,7923
43927,7923
43928,7923
43929,7923
43930,7923
43931,7923
43932,7923
43933,7923
43934,7924
43935,7924
43936,7924
43937,7925
43938,7925
43939,7925
43940,7925
43941,7925
43942,7925
43943,7925
43944,7925
43945,7925
43946,7926
43947,7926
43948,7926
43949,7926
43950,7926
43951,7926
43952,7926
43953,7927
43954,7927
43955,7927
43956,7927
43957,7927
43958,7928
43959,7928
43960,7928
43961,7928
43962,7928
43963,7928
43964,7929
43965,7929
43966,7929
43967,7929
43968,7929
43969,7929
43970,7929
43971,7929
43972,7929
43973,7930
43974,7930
43975,7930
43976,7931
43977,7932
43978,7932
43979,7933
43980,7934
43981,7934
43982,7934
43983,7934
43984,7934
43985,7934
43986,7935
43987,7935
43988,7935
43989,7935
43990,7935
43991,7935
43992,7935
43993,7935
43994,7935
43995,7936
43996,7936
43997,7936
43998,7936
43999,7936
44000,7936
44001,7936
44002,7936
44003,7936
44004,7937
44005,7938
44006,7938
44007,7938
44008,7938
44009,7938
44010,7938
44011,7938
44012,7938
44013,7938
44014,7939
44015,7939
44016,7939
44017,7940
44018,7940
44019,7940
44020,7940
44021,7941
44022,7941
44023,7941
44024,7942
44025,7942
44026,7942
44027,7942
44028,7943
44029,7943
44030,7943
44031,7943
44032,7943
44033,7943
44034,7943
44035,7943
44036,7943
44037,7944
44038,7944
44039,7944
44040,7944
44041,7945
44042,7945
44043,7945
44044,7945
44045,7946
44046,7946
44047,7946
44048,7946
44049,7947
44050,7947
44051,7947
44052,7947
44053,7947
44054,7947
44055,7948
44056,7948
44057,7949
44058,7949
44059,7949
44060,7949
44061,7949
44062,7949
44063,7949
44064,7949
44065,7949
44066,7950
44067,7950
44068,7950
44069,7950
44070,7950
44071,7951
44072,7951
44073,7951
44074,7951
44075,7951
44076,7951
44077,7951
44078,7951
44079,7952
44080,7952
44081,7952
44082,7952
44083,7952
44084,7952
44085,7952
44086,7952
44087,7952
44088,7952
44089,7953
44090,7953
44091,7953
44092,7953
44093,7953
44094,7953
44095,7953
44096,7954
44097,7954
44098,7954
44099,7954
44100,7954
44101,7954
44102,7955
44103,7955
44104,7956
44105,7956
44106,7957
44107,7958
44108,7958
44109,7958
44110,7959
44111,7960
44112,7960
44113,7960
44114,7960
44115,7960
44116,7960
44117,7960
44118,7960
44119,7961
44120,7961
44121,7962
44122,7962
44123,7963
44124,7963
44125,7963
44126,7964
44127,7964
44128,7965
44129,7965
44130,7965
44131,7965
44132,7965
44133,7966
44134,7966
44135,7966
44136,7967
44137,7967
44138,7967
44139,7967
44140,7967
44141,7967
44142,7968
44143,7969
44144,7969
44145,7969
44146,7969
44147,7970
44148,7970
44149,7970
44150,7970
44151,7971
44152,7971
44153,7971
44154,7971
44155,7971
44156,7971
44157,7971
44158,7971
44159,7972
44160,7972
44161,7972
44162,7972
44163,7972
44164,7973
44165,7974
44166,7974
44167,7974
44168,7974
44169,7974
44170,7974
44171,7974
44172,7975
44173,7975
44174,7975
44175,7975
44176,7975
44177,7975
44178,7975
44179,7975
44180,7975
44181,7975
44182,7976
44183,7976
44184,7976
44185,7977
44186,7977
44187,7977
44188,7977
44189,7977
44190,7977
44191,7977
44192,7977
44193,7978
44194,7978
44195,7978
44196,7978
44197,7978
44198,7978
44199,7978
44200,7978
44201,7978
44202,7978
44203,7979
44204,7979
44205,7979
44206,7979
44207,7980
44208,7980
44209,7980
44210,7980
44211,7981
44212,7982
44213,7983
44214,7983
44215,7983
44216,7983
44217,7983
44218,7983
44219,7983
44220,7983
44221,7983
44222,7984
44223,7984
44224,7984
44225,7984
44226,7984
44227,7984
44228,7984
44229,7984
44230,7984
44231,7984
44232,7985
44233,7985
44234,7985
44235,7985
44236,7985
44237,7985
44238,7985
44239,7985
44240,7985
44241,7986
44242,7986
44243,7986
44244,7986
44245,7986
44246,7986
44247,7987
44248,7987
44249,7988
44250,7988
44251,7988
44252,7988
44253,7988
44254,7988
44255,7988
44256,7988
44257,7988
44258,7988
44259,7989
44260,7989
44261,7989
44262,7989
44263,7989
44264,7989
44265,7989
44266,7989
44267,7990
44268,7990
44269,7990
44270,7990
44271,7990
44272,7990
44273,7990
44274,7991
44275,7991
44276,7991
44277,7991
44278,7991
44279,7992
44280,7992
44281,7992
44282,7993
44283,7993
44284,7993
44285,7993
44286,7993
44287,7993
44288,7993
44289,7993
44290,7993
44291,7993
44292,7994
44293,7994
44294,7995
44295,7995
44296,7995
44297,7996
44298,7996
44299,7996
44300,7996
44301,7996
44302,7996
44303,7996
44304,7996
44305,7997
44306,7997
44307,7997
44308,7998
44309,7998
44310,7998
44311,7998
44312,7998
44313,7998
44314,7998
44315,7998
44316,7999
44317,7999
44318,7999
44319,7999
44320,8000
44321,8000
44322,8000
44323,8000
44324,8000
44325,8000
44326,8001
44327,8001
44328,8001
44329,8001
44330,8001
44331,8001
44332,8002
44333,8002
44334,8002
44335,8002
44336,8002
44337,8002
44338,8002
44339,8002
44340,8002
44341,8003
44342,8003
44343,8003
44344,8003
44345,8003
44346,8004
44347,8004
44348,8004
44349,8004
44350,8004
44351,8004
44352,8005
44353,8006
44354,8006
44355,8006
44356,8006
44357,8006
44358,8007
44359,8007
44360,8007
44361,8007
44362,8007
44363,8007
44364,8007
44365,8007
44366,8007
44367,8008
44368,8009
44369,8009
44370,8009
44371,8010
44372,8010
44373,8010
44374,8011
44375,8011
44376,8011
44377,8011
44378,8011
44379,8011
44380,8011
44381,8011
44382,8011
44383,8011
44384,8012
44385,8012
44386,8012
44387,8012
44388,8012
44389,8012
44390,8012
44391,8012
44392,8012
44393,8012
44394,8013
44395,8013
44396,8014
44397,8014
44398,8014
44399,8014
44400,8014
44401,8014
44402,8014
44403,8014
44404,8014
44405,8014
44406,8015
44407,8015
44408,8015
44409,8015
44410,8015
44411,8015
44412,8015
44413,8015
44414,8016
44415,8016
44416,8016
44417,8017
44418,8017
44419,8017
44420,8018
44421,8018
44422,8018
44423,8018
44424,8019
44425,8019
44426,8019
44427,8019
44428,8019
44429,8020
44430,8020
44431,8020
44432,8020
44433,8020
44434,8020
44435,8020
44436,8020
44437,8020
44438,8021
44439,8021
44440,8021
44441,8021
44442,8021
44443,8021
44444,8021
44445,8021
44446,8021
44447,8022
44448,8023
44449,8023
44450,8023
44451,8023
44452,8023
44453,8023
44454,8023
44455,8023
44456,8023
44457,8023
44458,8024
44459,8024
44460,8024
44461,8024
44462,8024
44463,8024
44464,8025
44465,8025
44466,8025
44467,8025
44468,8026
44469,8026
44470,8027
44471,8027
44472,8027
44473,8027
44474,8028
44475,8028
44476,8028
44477,8029
44478,8029
44479,8029
44480,8029
44481,8029
44482,8029
44483,8029
44484,8029
44485,8029
44486,8029
44487,8030
44488,8030
44489,8030
44490,8030
44491,8030
44492,8030
44493,8030
44494,8030
44495,8031
44496,8031
44497,8032
44498,8032
44499,8033
44500,8034
44501,8034
44502,8034
44503,8034
44504,8034
44505,8034
44506,8034
44507,8034
44508,8034
44509,8035
44510,8035
44511,8035
44512,8035
44513,8036
44514,8037
44515,8037
44516,8037
44517,8037
44518,8037
44519,8038
44520,8038
44521,8038
44522,8038
44523,8038
44524,8038
44525,8038
44526,8038
44527,8038
44528,8038
44529,8039
44530,8039
44531,8039
44532,8039
44533,8039
44534,8039
44535,8039
44536,8039
44537,8039
44538,8039
44539,8040
44540,8040
44541,8040
44542,8040
44543,8040
44544,8040
44545,8040
44546,8040
44547,8040
44548,8040
44549,8041
44550,8041
44551,8041
44552,8041
44553,8041
44554,8041
44555,8041
44556,8041
44557,8041
44558,8041
44559,8042
44560,8042
44561,8042
44562,8042
44563,8042
44564,8043
44565,8043
44566,8043
44567,8043
44568,8043
44569,8043
44570,8043
44571,8044
44572,8045
44573,8045
44574,8045
44575,8045
44576,8045
44577,8045
44578,8046
44579,8046
44580,8046
44581,8046
44582,8046
44583,8046
44584,8046
44585,8046
44586,8047
44587,8047
44588,8047
44589,8047
44590,8047
44591,8047
44592,8047
44593,8048
44594,8048
44595,8049
44596,8049
44597,8049
44598,8049
44599,8049
44600,8049
44601,8049
44602,8049
44603,8050
44604,8050
44605,8050
44606,8051
44607,8051
44608,8051
44609,8051
44610,8051
44611,8052
44612,8052
44613,8052
44614,8052
44615,8052
44616,8052
44617,8052
44618,8052
44619,8052
44620,8052
44621,8053
44622,8053
44623,8053
44624,8053
44625,8053
44626,8053
44627,8053
44628,8054
44629,8054
44630,8054
44631,8054
44632,8054
44633,8054
44634,8054
44635,8054
44636,8054
44637,8055
44638,8055
44639,8056
44640,8056
44641,8057
44642,8057
44643,8057
44644,8058
44645,8058
44646,8058
44647,8059
44648,8059
44649,8059
44650,8060
44651,8060
44652,8060
44653,8060
44654,8060
44655,8060
44656,8061
44657,8062
44658,8062
44659,8062
44660,8062
44661,8063
44662,8063
44663,8063
44664,8063
44665,8063
44666,8063
44667,8063
44668,8064
44669,8064
44670,8064
44671,8064
44672,8064
44673,8064
44674,8065
44675,8065
44676,8065
44677,8065
44678,8065
44679,8066
44680,8066
44681,8066
44682,8067
44683,8067
44684,8068
44685,8068
44686,8069
44687,8069
44688,8069
44689,8069
44690,8069
44691,8069
44692,8069
44693,8069
44694,8070
44695,8070
44696,8070
44697,8070
44698,8070
44699,8070
44700,8070
44701,8071
44702,8071
44703,8071
44704,8071
44705,8071
44706,8071
44707,8071
44708,8071
44709,8071
44710,8072
44711,8073
44712,8073
44713,8073
44714,8073
44715,8074
44716,8074
44717,8074
44718,8074
44719,8075
44720,8075
44721,8075
44722,8075
44723,8075
44724,8075
44725,8075
44726,8075
44727,8075
44728,8076
44729,8076
44730,8076
44731,8076
44732,8076
44733,8076
44734,8077
44735,8077
44736,8077
44737,8077
44738,8077
44739,8077
44740,8078
44741,8078
44742,8078
44743,8078
44744,8078
44745,8078
44746,8078
44747,8078
44748,8078
44749,8078
44750,8079
44751,8079
44752,8079
44753,8079
44754,8079
44755,8080
44756,8080
44757,8080
44758,8080
44759,8080
44760,8080
44761,8081
44762,8081
44763,8081
44764,8081
44765,8082
44766,8082
44767,8082
44768,8082
44769,8082
44770,8082
44771,8082
44772,8082
44773,8082
44774,8082
44775,8083
44776,8083
44777,8083
44778,8083
44779,8083
44780,8083
44781,8083
44782,8083
44783,8083
44784,8083
44785,8084
44786,8084
44787,8084
44788,8084
44789,8084
44790,8084
44791,8084
44792,8084
44793,8084
44794,8084
44795,8085
44796,8085
44797,8085
44798,8085
44799,8086
44800,8086
44801,8086
44802,8086
44803,8087
44804,8087
44805,8087
44806,8087
44807,8087
44808,8087
44809,8087
44810,8088
44811,8088
44812,8088
44813,8088
44814,8088
44815,8088
44816,8088
44817,8088
44818,8089
44819,8089
44820,8089
44821,8089
44822,8089
44823,8089
44824,8089
44825,8090
44826,8090
44827,8091
44828,8091
44829,8091
44830,8091
44831,8091
44832,8092
44833,8092
44834,8092
44835,8092
44836,8092
44837,8092
44838,8092
44839,8092
44840,8092
44841,8093
44842,8093
44843,8093
44844,8093
44845,8094
44846,8094
44847,8094
44848,8094
44849,8094
44850,8094
44851,8094
44852,8095
44853,8095
44854,8095
44855,8095
44856,8095
44857,8095
44858,8095
44859,8095
44860,8096
44861,8096
44862,8096
44863,8096
44864,8096
44865,8096
44866,8096
44867,8096
44868,8096
44869,8096
44870,8097
44871,8097
44872,8097
44873,8097
44874,8097
44875,8097
44876,8097
44877,8097
44878,8098
44879,8098
44880,8098
44881,8098
44882,8098
44883,8098
44884,8098
44885,8098
44886,8099
44887,8100
44888,8101
44889,8101
44890,8101
44891,8101
44892,8101
44893,8101
44894,8101
44895,8101
44896,8101
44897,8101
44898,8102
44899,8102
44900,8102
44901,8102
44902,8102
44903,8102
44904,8102
44905,8103
44906,8103
44907,8103
44908,8103
44909,8103
44910,8103
44911,8104
44912,8104
44913,8104
44914,8104
44915,8104
44916,8104
44917,8105
44918,8105
44919,8105
44920,8105
44921,8105
44922,8106
44923,8106
44924,8106
44925,8106
44926,8106
44927,8106
44928,8107
44929,8107
44930,8107
44931,8107
44932,8107
44933,8107
44934,8107
44935,8107
44936,8107
44937,8108
44938,8108
44939,8108
44940,8108
44941,8108
44942,8108
44943,8109
44944,8109
44945,8110
44946,8110
44947,8110
44948,8110
44949,8110
44950,8110
44951,8110
44952,8110
44953,8110
44954,8110
44955,8111
44956,8111
44957,8111
44958,8111
44959,8111
44960,8111
44961,8111
44962,8111
44963,8111
44964,8111
44965,8112
44966,8112
44967,8113
44968,8114
44969,8114
44970,8114
44971,8114
44972,8114
44973,8115
44974,8115
44975,8115
44976,8116
44977,8116
44978,8116
44979,8116
44980,8116
44981,8117
44982,8117
44983,8117
44984,8117
44985,8117
44986,8117
44987,8118
44988,8118
44989,8118
44990,8118
44991,8118
44992,8118
44993,8118
44994,8118
44995,8119
44996,8119
44997,8119
44998,8119
44999,8119
45000,8119
45001,8119
45002,8119
45003,8120
45004,8120
45005,8120
45006,8120
45007,8120
45008,8120
45009,8121
45010,8122
45011,8122
45012,8122
45013,8122
45014,8122
45015,8122
45016,8122
45017,8122
45018,8123
45019,8123
45020,8123
45021,8123
45022,8123
45023,8123
45024,8124
45025,8124
45026,8124
45027,8124
45028,8124
45029,8124
45030,8124
45031,8124
45032,8124
45033,8125
45034,8125
45035,8125
45036,8125
45037,8125
45038,8125
45039,8125
45040,8126
45041,8127
45042,8128
45043,8128
45044,8128
45045,8128
45046,8128
45047,8128
45048,8128
45049,8128
45050,8128
45051,8129
45052,8129
45053,8129
45054,8129
45055,8129
45056,8129
45057,8129
45058,8130
45059,8131
45060,8131
45061,8131
45062,8131
45063,8131
45064,8131
45065,8132
45066,8132
45067,8132
45068,8132
45069,8132
45070,8132
45071,8133
45072,8133
45073,8133
45074,8133
45075,8133
45076,8133
45077,8133
45078,8133
45079,8133
45080,8134
45081,8134
45082,8134
45083,8134
45084,8134
45085,8134
45086,8134
45087,8134
45088,8134
45089,8134
45090,8135
45091,8135
45092,8136
45093,8136
45094,8136
45095,8136
45096,8136
45097,8136
45098,8136
45099,8137
45100,8137
45101,8137
45102,8137
45103,8137
45104,8137
45105,8137
45106,8138
45107,8138
45108,8138
45109,8138
45110,8138
45111,8138
45112,8138
45113,8138
45114,8138
45115,8139
45116,8139
45117,8139
45118,8139
45119,8139
45120,8139
45121,8140
45122,8140
45123,8140
45124,8140
45125,8140
45126,8140
45127,8140
45128,8140
45129,8140
45130,8141
45131,8141
45132,8141
45133,8141
45134,8141
45135,8142
45136,8142
45137,8142
45138,8142
45139,8142
45140,8143
45141,8143
45142,8143
45143,8144
45144,8144
45145,8144
45146,8144
45147,8144
45148,8144
45149,8144
45150,8144
45151,8145
45152,8145
45153,8145
45154,8145
45155,8146
45156,8146
45157,8147
45158,8147
45159,8147
45160,8148
45161,8148
45162,8148
45163,8148
45164,8148
45165,8148
45166,8148
45167,8149
45168,8150
45169,8151
45170,8151
45171,8151
45172,8151
45173,8152
45174,8153
45175,8153
45176,8153
45177,8153
45178,8153
45179,8153
45180,8153
45181,8153
45182,8153
45183,8153
45184,8154
45185,8154
45186,8154
45187,8155
45188,8155
45189,8155
45190,8155
45191,8156
45192,8156
45193,8156
45194,8156
45195,8156
45196,8156
45197,8156
45198,8156
45199,8156
45200,8157
45201,8158
45202,8159
45203,8159
45204,8159
45205,8159
45206,8159
45207,8159
45208,8159
45209,8160
45210,8160
45211,8160
45212,8160
45213,8160
45214,8160
45215,8160
45216,8160
45217,8161
45218,8161
45219,8161
45220,8162
45221,8163
45222,8163
45223,8163
45224,8163
45225,8163
45226,8163
45227,8163
45228,8164
45229,8164
45230,8164
45231,8164
45232,8164
45233,8164
45234,8164
45235,8165
45236,8165
45237,8165
45238,8165
45239,8165
45240,8165
45241,8166
45242,8166
45243,8167
45244,8167
45245,8167
45246,8167
45247,8167
45248,8167
45249,8167
45250,8167
45251,8167
45252,8167
45253,8168
45254,8168
45255,8168
45256,8168
45257,8169
45258,8169
45259,8169
45260,8169
45261,8169
45262,8169
45263,8169
45264,8169
45265,8170
45266,8170
45267,8170
45268,8170
45269,8170
45270,8171
45271,8171
45272,8171
45273,8171
45274,8171
45275,8172
45276,8172
45277,8172
45278,8172
45279,8172
45280,8172
45281,8173
45282,8173
45283,8173
45284,8173
45285,8173
45286,8174
45287,8174
45288,8175
45289,8175
45290,8175
45291,8175
45292,8175
45293,8175
45294,8175
45295,8175
45296,8175
45297,8176
45298,8176
45299,8176
45300,8176
45301,8177
45302,8177
45303,8177
45304,8177
45305,8177
45306,8178
45307,8178
45308,8178
45309,8178
45310,8178
45311,8178
45312,8179
45313,8179
45314,8179
45315,8179
45316,8179
45317,8180
45318,8180
45319,8180
45320,8180
45321,8180
45322,8180
45323,8180
45324,8180
45325,8180
45326,8181
45327,8181
45328,8181
45329,8181
45330,8181
45331,8181
45332,8181
45333,8182
45334,8182
45335,8182
45336,8182
45337,8182
45338,8182
45339,8182
45340,8182
45341,8182
45342,8182
45343,8183
45344,8183
45345,8183
45346,8183
45347,8183
45348,8183
45349,8183
45350,8184
45351,8184
45352,8184
45353,8184
45354,8184
45355,8184
45356,8184
45357,8184
45358,8184
45359,8184
45360,8185
45361,8185
45362,8185
45363,8185
45364,8186
45365,8186
45366,8186
45367,8186
45368,8186
45369,8186
45370,8187
45371,8187
45372,8187
45373,8187
45374,8187
45375,8187
45376,8188
45377,8188
45378,8188
45379,8189
45380,8189
45381,8189
45382,8189
45383,8189
45384,8189
45385,8189
45386,8189
45387,8189
45388,8190
45389,8191
45390,8191
45391,8191
45392,8191
45393,8192
45394,8192
45395,8193
45396,8193
45397,8193
45398,8193
45399,8194
45400,8194
45401,8194
45402,8194
45403,8195
45404,8195
45405,8195
45406,8195
45407,8195
45408,8195
45409,8195
45410,8195
45411,8195
45412,8195
45413,8196
45414,8197
45415,8197
45416,8197
45417,8197
45418,8197
45419,8197
45420,8197
45421,8197
45422,8197
45423,8198
45424,8198
45425,8198
45426,8198
45427,8198
45428,8198
45429,8198
45430,8198
45431,8198
45432,8198
45433,8199
45434,8199
45435,8199
45436,8199
45437,8199
45438,8199
45439,8200
45440,8200
45441,8200
45442,8200
45443,8200
45444,8200
45445,8201
45446,8201
45447,8201
45448,8201
45449,8202
45450,8202
45451,8202
45452,8202
45453,8202
45454,8202
45455,8202
45456,8202
45457,8202
45458,8203
45459,8203
45460,8203
45461,8204
45462,8204
45463,8204
45464,8204
45465,8204
45466,8204
45467,8205
45468,8205
45469,8205
45470,8205
45471,8205
45472,8205
45473,8205
45474,8205
45475,8205
45476,8205
45477,8206
45478,8206
45479,8206
45480,8207
45481,8207
45482,8207
45483,8207
45484,8207
45485,8207
45486,8207
45487,8207
45488,8208
45489,8208
45490,8208
45491,8208
45492,8208
45493,8209
45494,8209
45495,8209
45496,8209
45497,8209
45498,8210
45499,8210
45500,8210
45501,8210
45502,8211
45503,8211
45504,8211
45505,8211
45506,8211
45507,8212
45508,8212
45509,8212
45510,8212
45511,8213
45512,8213
45513,8213
45514,8213
45515,8214
45516,8215
45517,8215
45518,8215
45519,8215
45520,8215
45521,8215
45522,8215
45523,8215
45524,8215
45525,8215
45526,8216
45527,8217
45528,8217
45529,8217
45530,8217
45531,8218
45532,8219
45533,8219
45534,8219
45535,8220
45536,8220
45537,8221
45538,8221
45539,8221
45540,8222
45541,8222
45542,8222
45543,8223
45544,8223
45545,8223
45546,8224
45547,8224
45548,8224
45549,8224
45550,8224
45551,8224
45552,8224
45553,8224
45554,8224
45555,8225
45556,8225
45557,8225
45558,8225
45559,8225
45560,8225
45561,8225
45562,8225
45563,8226
45564,8226
45565,8226
45566,8226
45567,8226
45568,8226
45569,8226
45570,8227
45571,8228
45572,8228
45573,8229
45574,8229
45575,8229
45576,8229
45577,8229
45578,8229
45579,8229
45580,8229
45581,8229
45582,8230
45583,8231
45584,8231
45585,8231
45586,8231
45587,8231
45588,8231
45589,8231
45590,8231
45591,8231
45592,8232
45593,8232
45594,8232
45595,8232
45596,8232
45597,8233
45598,8233
45599,8234
45600,8234
45601,8235
45602,8235
45603,8235
45604,8235
45605,8235
45606,8235
45607,8235
45608,8235
45609,8236
45610,8236
45611,8236
45612,8236
45613,8236
45614,8236
45615,8236
45616,8237
45617,8237
45618,8237
45619,8238
45620,8238
45621,8238
45622,8238
45623,8238
45624,8238
45625,8238
45626,8238
45627,8238
45628,8239
45629,8239
45630,8239
45631,8239
45632,8239
45633,8239
45634,8239
45635,8240
45636,8240
45637,8240
45638,8240
45639,8240
45640,8240
45641,8240
45642,8241
45643,8241
45644,8241
45645,8241
45646,8241
45647,8241
45648,8241
45649,8241
45650,8241
45651,8242
45652,8242
45653,8242
45654,8242
45655,8242
45656,8242
45657,8243
45658,8244
45659,8244
45660,8244
45661,8244
45662,8244
45663,8244
45664,8245
45665,8245
45666,8245
45667,8245
45668,8245
45669,8245
45670,8245
45671,8245
45672,8246
45673,8246
45674,8246
45675,8246
45676,8246
45677,8246
45678,8246
45679,8246
45680,8246
45681,8247
45682,8247
45683,8248
45684,8248
45685,8248
45686,8248
45687,8248
45688,8248
45689,8248
45690,8248
45691,8248
45692,8249
45693,8249
45694,8249
45695,8249
45696,8250
45697,8250
45698,8250
45699,8250
45700,8250
45701,8250
45702,8251
45703,8251
45704,8251
45705,8251
45706,8251
45707,8251
45708,8251
45709,8252
45710,8252
45711,8252
45712,8253
45713,8253
45714,8253
45715,8253
45716,8254
45717,8254
45718,8254
45719,8254
45720,8254
45721,8254
45722,8254
45723,8254
45724,8255
45725,8255
45726,8255
45727,8255
45728,8255
45729,8255
45730,8256
45731,8256
45732,8256
45733,8256
45734,8257
45735,8257
45736,8257
45737,8257
45738,8257
45739,8257
45740,8257
45741,8258
45742,8258
45743,8258
45744,8258
45745,8259
45746,8259
45747,8259
45748,8259
45749,8259
45750,8259
45751,8259
45752,8259
45753,8260
45754,8260
45755,8260
45756,8261
45757,8261
45758,8261
45759,8261
45760,8261
45761,8261
45762,8261
45763,8261
45764,8262
45765,8262
45766,8262
45767,8262
45768,8262
45769,8262
45770,8263
45771,8264
45772,8264
45773,8264
45774,8264
45775,8264
45776,8264
45777,8265
45778,8265
45779,8265
45780,8265
45781,8265
45782,8265
45783,8265
45784,8266
45785,8266
45786,8266
45787,8266
45788,8266
45789,8266
45790,8267
45791,8267
45792,8267
45793,8267
45794,8267
45795,8267
45796,8267
45797,8267
45798,8268
45799,8268
45800,8268
45801,8268
45802,8268
45803,8268
45804,8268
45805,8268
45806,8268
45807,8268
45808,8269
45809,8269
45810,8269
45811,8269
45812,8269
45813,8269
45814,8269
45815,8269
45816,8269
45817,8269
45818,8270
45819,8270
45820,8270
45821,8270
45822,8270
45823,8271
45824,8271
45825,8271
45826,8271
45827,8271
45828,8271
45829,8271
45830,8272
45831,8272
45832,8272
45833,8272
45834,8272
45835,8272
45836,8272
45837,8273
45838,8273
45839,8273
45840,8273
45841,8273
45842,8274
45843,8274
45844,8275
45845,8275
45846,8275
45847,8275
45848,8275
45849,8275
45850,8275
45851,8275
45852,8275
45853,8275
45854,8276
45855,8276
45856,8276
45857,8276
45858,8276
45859,8276
45860,8277
45861,8277
45862,8277
45863,8277
45864,8278
45865,8278
45866,8279
45867,8279
45868,8279
45869,8279
45870,8279
45871,8279
45872,8279
45873,8279
45874,8279
45875,8279
45876,8280
45877,8280
45878,8280
45879,8280
45880,8280
45881,8280
45882,8280
45883,8280
45884,8280
45885,8280
45886,8281
45887,8281
45888,8281
45889,8281
45890,8281
45891,8281
45892,8281
45893,8281
45894,8281
45895,8281
45896,8282
45897,8282
45898,8282
45899,8282
45900,8282
45901,8282
45902,8282
45903,8282
45904,8283
45905,8283
45906,8283
45907,8283
45908,8283
45909,8283
45910,8283
45911,8283
45912,8284
45913,8284
45914,8284
45915,8284
45916,8285
45917,8286
45918,8286
45919,8286
45920,8286
45921,8286
45922,8286
45923,8286
45924,8287
45925,8287
45926,8287
45927,8288
45928,8288
45929,8288
45930,8288
45931,8289
45932,8289
45933,8289
45934,8289
45935,8290
45936,8290
45937,8290
45938,8290
45939,8291
45940,8291
45941,8291
45942,8292
45943,8292
45944,8292
45945,8292
45946,8293
45947,8293
45948,8293
45949,8293
45950,8293
45951,8293
45952,8293
45953,8294
45954,8294
45955,8294
45956,8294
45957,8295
45958,8295
45959,8295
45960,8295
45961,8295
45962,8295
45963,8295
45964,8295
45965,8295
45966,8295
45967,8296
45968,8296
45969,8296
45970,8296
45971,8297
45972,8297
45973,8297
45974,8298
45975,8298
45976,8298
45977,8298
45978,8298
45979,8298
45980,8299
45981,8299
45982,8299
45983,8299
45984,8299
45985,8299
45986,8300
45987,8300
45988,8300
45989,8301
45990,8301
45991,8301
45992,8301
45993,8301
45994,8302
45995,8302
45996,8302
45997,8302
45998,8302
45999,8302
46000,8302
46001,8303
46002,8303
46003,8303
46004,8303
46005,8303
46006,8303
46007,8303
46008,8303
46009,8303
46010,8304
46011,8304
46012,8304
46013,8304
46014,8305
46015,8305
46016,8305
46017,8306
46018,8306
46019,8306
46020,8307
46021,8307
46022,8307
46023,8307
46024,8307
46025,8307
46026,8307
46027,8307
46028,8307
46029,8308
46030,8308
46031,8309
46032,8309
46033,8310
46034,8310
46035,8310
46036,8310
46037,8311
46038,8311
46039,8311
46040,8311
46041,8311
46042,8312
46043,8313
46044,8314
46045,8314
46046,8315
46047,8315
46048,8315
46049,8315
46050,8316
46051,8317
46052,8318
46053,8318
46054,8318
46055,8318
46056,8318
46057,8318
46058,8318
46059,8318
46060,8318
46061,8318
46062,8319
46063,8319
46064,8319
46065,8319
46066,8319
46067,8319
46068,8320
46069,8320
46070,8321
46071,8321
46072,8322
46073,8322
46074,8322
46075,8322
46076,8323
46077,8323
46078,8323
46079,8323
46080,8323
46081,8324
46082,8324
46083,8324
46084,8324
46085,8324
46086,8324
46087,8324
46088,8325
46089,8325
46090,8325
46091,8326
46092,8327
46093,8327
46094,8327
46095,8327
46096,8327
46097,8328
46098,8328
46099,8328
46100,8328
46101,8328
46102,8329
46103,8329
46104,8329
46105,8329
46106,8329
46107,8329
46108,8329
46109,8329
46110,8329
46111,8329
46112,8330
46113,8330
46114,8330
46115,8330
46116,8330
46117,8330
46118,8330
46119,8331
46120,8332
46121,8332
46122,8332
46123,8333
46124,8333
46125,8333
46126,8334
46127,8334
46128,8335
46129,8335
46130,8335
46131,8336
46132,8336
46133,8337
46134,8337
46135,8337
46136,8337
46137,8337
46138,8337
46139,8337
46140,8337
46141,8337
46142,8338
46143,8338
46144,8338
46145,8338
46146,8338
46147,8338
46148,8338
46149,8338
46150,8338
46151,8339
46152,8339
46153,8339
46154,8339
46155,8339
46156,8339
46157,8340
46158,8340
46159,8340
46160,8340
46161,8341
46162,8341
46163,8341
46164,8341
46165,8341
46166,8341
46167,8341
46168,8341
46169,8341
46170,8341
46171,8342
46172,8342
46173,8342
46174,8342
46175,8342
46176,8342
46177,8342
46178,8342
46179,8343
46180,8343
46181,8343
46182,8344
46183,8344
46184,8344
46185,8344
46186,8344
46187,8344
46188,8344
46189,8344
46190,8345
46191,8345
46192,8345
46193,8345
46194,8345
46195,8345
46196,8346
46197,8346
46198,8346
46199,8346
46200,8346
46201,8346
46202,8347
46203,8347
46204,8348
46205,8348
46206,8348
46207,8348
46208,8348
46209,8349
46210,8349
46211,8349
46212,8349
46213,8349
46214,8349
46215,8350
46216,8350
46217,8350
46218,8350
46219,8350
46220,8350
46221,8350
46222,8350
46223,8350
46224,8350
46225,8351
46226,8351
46227,8351
46228,8351
46229,8351
46230,8352
46231,8352
46232,8352
46233,8352
46234,8352
46235,8352
46236,8352
46237,8352
46238,8352
46239,8353
46240,8353
46241,8353
46242,8353
46243,8354
46244,8354
46245,8354
46246,8354
46247,8354
46248,8354
46249,8354
46250,8354
46251,8355
46252,8355
46253,8355
46254,8355
46255,8355
46256,8355
46257,8355
46258,8356
46259,8356
46260,8356
46261,8357
46262,8357
46263,8357
46264,8357
46265,8357
46266,8358
46267,8358
46268,8358
46269,8358
46270,8358
46271,8358
46272,8359
46273,8359
46274,8359
46275,8359
46276,8359
46277,8359
46278,8359
46279,8359
46280,8359
46281,8360
46282,8360
46283,8360
46284,8361
46285,8361
46286,8361
46287,8361
46288,8361
46289,8361
46290,8361
46291,8361
46292,8362
46293,8362
46294,8362
46295,8362
46296,8362
46297,8362
46298,8363
46299,8363
46300,8364
46301,8364
46302,8364
46303,8364
46304,8365
46305,8365
46306,8365
46307,8365
46308,8365
46309,8366
46310,8367
46311,8367
46312,8367
46313,8367
46314,8367
46315,8367
46316,8367
46317,8367
46318,8368
46319,8368
46320,8368
46321,8368
46322,8368
46323,8368
46324,8368
46325,8368
46326,8369
46327,8369
46328,8369
46329,8369
46330,8369
46331,8369
46332,8369
46333,8369
46334,8369
46335,8370
46336,8370
46337,8371
46338,8371
46339,8371
46340,8371
46341,8371
46342,8371
46343,8371
46344,8371
46345,8371
46346,8372
46347,8372
46348,8372
46349,8372
46350,8372
46351,8372
46352,8372
46353,8373
46354,8373
46355,8373
46356,8373
46357,8373
46358,8373
46359,8373
46360,8373
46361,8373
46362,8374
46363,8374
46364,8374
46365,8374
46366,8375
46367,8376
46368,8376
46369,8376
46370,8376
46371,8377
46372,8377
46373,8377
46374,8377
46375,8377
46376,8377
46377,8377
46378,8377
46379,8377
46380,8377
46381,8378
46382,8378
46383,8378
46384,8378
46385,8379
46386,8379
46387,8379
46388,8379
46389,8379
46390,8379
46391,8379
46392,8379
46393,8379
46394,8380
46395,8380
46396,8381
46397,8381
46398,8381
46399,8381
46400,8382
46401,8382
46402,8382
46403,8383
46404,8383
46405,8383
46406,8384
46407,8384
46408,8385
46409,8385
46410,8385
46411,8385
46412,8385
46413,8385
46414,8385
46415,8386
46416,8386
46417,8386
46418,8386
46419,8386
46420,8386
46421,8386
46422,8386
46423,8387
46424,8387
46425,8387
46426,8387
46427,8388
46428,8388
46429,8389
46430,8389
46431,8389
46432,8389
46433,8389
46434,8389
46435,8390
46436,8390
46437,8391
46438,8392
46439,8392
46440,8393
46441,8393
46442,8393
46443,8393
46444,8394
46445,8394
46446,8394
46447,8394
46448,8394
46449,8394
46450,8394
46451,8395
46452,8395
46453,8396
46454,8396
46455,8396
46456,8397
46457,8397
46458,8397
46459,8397
46460,8397
46461,8397
46462,8397
46463,8397
46464,8397
46465,8398
46466,8398
46467,8398
46468,8398
46469,8398
46470,8398
46471,8398
46472,8398
46473,8398
46474,8399
46475,8399
46476,8399
46477,8399
46478,8399
46479,8399
46480,8399
46481,8399
46482,8399
46483,8399
46484,8400
46485,8400
46486,8400
46487,8400
46488,8400
46489,8401
46490,8401
46491,8401
46492,8401
46493,8401
46494,8401
46495,8401
46496,8401
46497,8401
46498,8401
46499,8402
46500,8402
46501,8402
46502,8403
46503,8403
46504,8403
46505,8403
46506,8403
46507,8403
46508,8404
46509,8404
46510,8404
46511,8404
46512,8404
46513,8404
46514,8404
46515,8404
46516,8405
46517,8406
46518,8406
46519,8406
46520,8406
46521,8406
46522,8406
46523,8406
46524,8406
46525,8407
46526,8407
46527,8407
46528,8407
46529,8407
46530,8408
46531,8408
46532,8408
46533,8408
46534,8408
46535,8408
46536,8408
46537,8409
46538,8409
46539,8409
46540,8409
46541,8409
46542,8409
46543,8409
46544,8409
46545,8410
46546,8410
46547,8410
46548,8410
46549,8410
46550,8411
46551,8411
46552,8411
46553,8411
46554,8411
46555,8412
46556,8413
46557,8413
46558,8413
46559,8413
46560,8414
46561,8414
46562,8414
46563,8414
46564,8414
46565,8415
46566,8415
46567,8415
46568,8415
46569,8415
46570,8415
46571,8415
46572,8416
46573,8416
46574,8417
46575,8417
46576,8417
46577,8417
46578,8417
46579,8418
46580,8418
46581,8418
46582,8418
46583,8418
46584,8418
46585,8419
46586,8419
46587,8419
46588,8419
46589,8419
46590,8419
46591,8419
46592,8419
46593,8419
46594,8419
46595,8420
46596,8420
46597,8421
46598,8421
46599,8421
46600,8421
46601,8421
46602,8421
46603,8421
46604,8422
46605,8422
46606,8422
46607,8422
46608,8422
46609,8422
46610,8422
46611,8422
46612,8423
46613,8423
46614,8423
46615,8424
46616,8424
46617,8424
46618,8424
46619,8425
46620,8425
46621,8425
46622,8425
46623,8425
46624,8425
46625,8425
46626,8425
46627,8425
46628,8426
46629,8427
46630,8427
46631,8427
46632,8427
46633,8427
46634,8428
46635,8428
46636,8428
46637,8428
46638,8428
46639,8428
46640,8428
46641,8428
46642,8429
46643,8429
46644,8429
46645,8429
46646,8429
46647,8429
46648,8429
46649,8429
46650,8429
46651,8429
46652,8430
46653,8430
46654,8430
46655,8430
46656,8430
46657,8430
46658,8430
46659,8430
46660,8430
46661,8430
46662,8431
46663,8431
46664,8431
46665,8432
46666,8432
46667,8432
46668,8432
46669,8433
46670,8433
46671,8433
46672,8433
46673,8433
46674,8433
46675,8434
46676,8434
46677,8434
46678,8434
46679,8434
46680,8434
46681,8435
46682,8435
46683,8435
46684,8435
46685,8435
46686,8435
46687,8435
46688,8435
46689,8436
46690,8436
46691,8436
46692,8436
46693,8436
46694,8436
46695,8436
46696,8436
46697,8437
46698,8437
46699,8437
46700,8437
46701,8438
46702,8438
46703,8438
46704,8438
46705,8438
46706,8438
46707,8438
46708,8438
46709,8439
46710,8439
46711,8439
46712,8439
46713,8439
46714,8439
46715,8439
46716,8439
46717,8439
46718,8440
46719,8440
46720,8440
46721,8440
46722,8440
46723,8440
46724,8440
46725,8440
46726,8440
46727,8440
46728,8441
46729,8441
46730,8442
46731,8442
46732,8442
46733,8442
46734,8442
46735,8443
46736,8443
46737,8443
46738,8443
46739,8443
46740,8443
46741,8443
46742,8443
46743,8443
46744,8444
46745,8444
46746,8444
46747,8444
46748,8444
46749,8444
46750,8444
46751,8444
46752,8444
46753,8444
46754,8445
46755,8445
46756,8445
46757,8445
46758,8445
46759,8445
46760,8445
46761,8445
46762,8445
46763,8445
46764,8446
46765,8446
46766,8446
46767,8447
46768,8447
46769,8447
46770,8447
46771,8447
46772,8447
46773,8447
46774,8448
46775,8448
46776,8448
46777,8448
46778,8449
46779,8449
46780,8449
46781,8449
46782,8450
46783,8451
46784,8451
46785,8451
46786,8451
46787,8452
46788,8453
46789,8453
46790,8453
46791,8453
46792,8453
46793,8453
46794,8453
46795,8454
46796,8454
46797,8454
46798,8454
46799,8454
46800,8454
46801,8454
46802,8454
46803,8455
46804,8455
46805,8455
46806,8455
46807,8455
46808,8455
46809,8455
46810,8455
46811,8455
46812,8456
46813,8457
46814,8457
46815,8457
46816,8457
46817,8457
46818,8457
46819,8457
46820,8457
46821,8457
46822,8458
46823,8459
46824,8459
46825,8459
46826,8459
46827,8460
46828,8460
46829,8460
46830,8461
46831,8461
46832,8461
46833,8461
46834,8461
46835,8461
46836,8461
46837,8461
46838,8461
46839,8461
46840,8462
46841,8462
46842,8462
46843,8462
46844,8462
46845,8462
46846,8462
46847,8463
46848,8463
46849,8463
46850,8463
46851,8463
46852,8463
46853,8464
46854,8464
46855,8464
46856,8464
46857,8464
46858,8464
46859,8464
46860,8464
46861,8464
46862,8465
46863,8465
46864,8465
46865,8465
46866,8466
46867,8466
46868,8466
46869,8467
46870,8467
46871,8467
46872,8467
46873,8467
46874,8467
46875,8467
46876,8468
46877,8468
46878,8468
46879,8468
46880,8468
46881,8469
46882,8469
46883,8469
46884,8470
46885,8470
46886,8470
46887,8470
46888,8471
46889,8471
46890,8471
46891,8471
46892,8471
46893,8472
46894,8472
46895,8472
46896,8472
46897,8472
46898,8473
46899,8473
46900,8473
46901,8473
46902,8473
46903,8473
46904,8473
46905,8473
46906,8473
46907,8473
46908,8474
46909,8474
46910,8474
46911,8474
46912,8474
46913,8474
46914,8474
46915,8474
46916,8474
46917,8474
46918,8475
46919,8475
46920,8475
46921,8475
46922,8475
46923,8475
46924,8475
46925,8475
46926,8475
46927,8476
46928,8476
46929,8476
46930,8476
46931,8476
46932,8476
46933,8476
46934,8476
46935,8477
46936,8477
46937,8477
46938,8478
46939,8478
46940,8478
46941,8478
46942,8478
46943,8478
46944,8478
46945,8479
46946,8479
46947,8479
46948,8479
46949,8479
46950,8479
46951,8479
46952,8479
46953,8479
46954,8480
46955,8480
46956,8480
46957,8481
46958,8482
46959,8482
46960,8482
46961,8482
46962,8482
46963,8482
46964,8482
46965,8482
46966,8483
46967,8483
46968,8483
46969,8483
46970,8484
46971,8484
46972,8484
46973,8484
46974,8484
46975,8484
46976,8484
46977,8484
46978,8484
46979,8484
46980,8485
46981,8485
46982,8485
46983,8485
46984,8486
46985,8486
46986,8486
46987,8486
46988,8486
46989,8486
46990,8487
46991,8487
46992,8487
46993,8487
46994,8487
46995,8487
46996,8487
46997,8487
46998,8487
46999,8488
47000,8488
47001,8488
47002,8488
47003,8488
47004,8488
47005,8488
47006,8488
47007,8489
47008,8489
47009,8489
47010,8490
47011,8490
47012,8490
47013,8490
47014,8490
47015,8490
47016,8490
47017,8490
47018,8491
47019,8492
47020,8493
47021,8494
47022,8494
47023,8494
47024,8494
47025,8494
47026,8495
47027,8495
47028,8495
47029,8495
47030,8495
47031,8495
47032,8495
47033,8495
47034,8495
47035,8496
47036,8496
47037,8496
47038,8496
47039,8496
47040,8496
47041,8496
47042,8496
47043,8496
47044,8497
47045,8497
47046,8497
47047,8497
47048,8497
47049,8497
47050,8497
47051,8497
47052,8498
47053,8498
47054,8498
47055,8498
47056,8498
47057,8498
47058,8498
47059,8498
47060,8498
47061,8498
47062,8499
47063,8499
47064,8499
47065,8499
47066,8499
47067,8500
47068,8500
47069,8500
47070,8500
47071,8500
47072,8500
47073,8500
47074,8500
47075,8501
47076,8501
47077,8501
47078,8501
47079,8501
47080,8502
47081,8502
47082,8502
47083,8502
47084,8502
47085,8502
47086,8502
47087,8502
47088,8502
47089,8502
47090,8503
47091,8503
47092,8503
47093,8504
47094,8504
47095,8504
47096,8504
47097,8504
47098,8504
47099,8504
47100,8504
47101,8505
47102,8505
47103,8505
47104,8505
47105,8505
47106,8505
47107,8506
47108,8506
47109,8506
47110,8507
47111,8507
47112,8507
47113,8507
47114,8507
47115,8507
47116,8507
47117,8507
47118,8507
47119,8507
47120,8508
47121,8509
47122,8509
47123,8509
47124,8509
47125,8510
47126,8510
47127,8510
47128,8510
47129,8510
47130,8510
47131,8510
47132,8511
47133,8511
47134,8511
47135,8511
47136,8511
47137,8511
47138,8511
47139,8511
47140,8512
47141,8512
47142,8512
47143,8512
47144,8512
47145,8513
47146,8513
47147,8513
47148,8513
47149,8513
47150,8513
47151,8513
47152,8514
47153,8514
47154,8514
47155,8514
47156,8514
47157,8514
47158,8515
47159,8515
47160,8515
47161,8515
47162,8515
47163,8515
47164,8515
47165,8515
47166,8515
47167,8515
47168,8516
47169,8516
47170,8516
47171,8516
47172,8516
47173,8517
47174,8517
47175,8517
47176,8517
47177,8517
47178,8517
47179,8517
47180,8517
47181,8518
47182,8518
47183,8518
47184,8519
47185,8519
47186,8519
47187,8520
47188,8520
47189,8521
47190,8521
47191,8521
47192,8521
47193,8521
47194,8522
47195,8522
47196,8522
47197,8522
47198,8522
47199,8522
47200,8522
47201,8522
47202,8522
47203,8523
47204,8523
47205,8523
47206,8523
47207,8523
47208,8524
47209,8524
47210,8524
47211,8524
47212,8524
47213,8524
47214,8524
47215,8525
47216,8526
47217,8526
47218,8526
47219,8526
47220,8526
47221,8526
47222,8526
47223,8526
47224,8526
47225,8526
47226,8527
47227,8527
47228,8527
47229,8527
47230,8527
47231,8527
47232,8527
47233,8527
47234,8527
47235,8528
47236,8528
47237,8528
47238,8528
47239,8528
47240,8528
47241,8528
47242,8529
47243,8529
47244,8529
47245,8529
47246,8529
47247,8529
47248,8529
47249,8530
47250,8530
47251,8530
47252,8530
47253,8530
47254,8530
47255,8531
47256,8532
47257,8533
47258,8533
47259,8533
47260,8533
47261,8533
47262,8533
47263,8533
47264,8533
47265,8533
47266,8534
47267,8534
47268,8534
47269,8534
47270,8535
47271,8535
47272,8536
47273,8536
47274,8536
47275,8536
47276,8536
47277,8536
47278,8537
47279,8537
47280,8537
47281,8537
47282,8537
47283,8537
47284,8537
47285,8537
47286,8537
47287,8537
47288,8538
47289,8538
47290,8538
47291,8538
47292,8538
47293,8538
47294,8538
47295,8538
47296,8539
47297,8539
47298,8539
47299,8539
47300,8539
47301,8539
47302,8539
47303,8539
47304,8540
47305,8540
47306,8541
47307,8542
47308,8542
47309,8543
47310,8543
47311,8543
47312,8543
47313,8543
47314,8543
47315,8543
47316,8543
47317,8543
47318,8543
47319,8544
47320,8545
47321,8545
47322,8545
47323,8545
47324,8545
47325,8545
47326,8545
47327,8545
47328,8545
47329,8546
47330,8546
47331,8546
47332,8546
47333,8546
47334,8546
47335,8547
47336,8547
47337,8547
47338,8547
47339,8547
47340,8548
47341,8548
47342,8549
47343,8549
47344,8549
47345,8549
47346,8550
47347,8550
47348,8550
47349,8550
47350,8550
47351,8550
47352,8550
47353,8550
47354,8550
47355,8551
47356,8552
47357,8552
47358,8552
47359,8552
47360,8552
47361,8552
47362,8552
47363,8553
47364,8553
47365,8553
47366,8553
47367,8553
47368,8553
47369,8553
47370,8553
47371,8554
47372,8554
47373,8554
47374,8554
47375,8554
47376,8554
47377,8554
47378,8554
47379,8555
47380,8555
47381,8555
47382,8556
47383,8556
47384,8556
47385,8556
47386,8556
47387,8556
47388,8556
47389,8556
47390,8556
47391,8556
47392,8557
47393,8557
47394,8557
47395,8557
47396,8557
47397,8557
47398,8557
47399,8558
47400,8558
47401,8558
47402,8558
47403,8558
47404,8558
47405,8558
47406,8558
47407,8558
47408,8559
47409,8559
47410,8559
47411,8560
47412,8560
47413,8560
47414,8560
47415,8560
47416,8560
47417,8560
47418,8560
47419,8560
47420,8560
47421,8561
47422,8561
47423,8562
47424,8562
47425,8562
47426,8562
47427,8562
47428,8563
47429,8563
47430,8563
47431,8563
47432,8563
47433,8563
47434,8564
47435,8564
47436,8564
47437,8565
47438,8565
47439,8565
47440,8565
47441,8565
47442,8566
47443,8566
47444,8566
47445,8566
47446,8566
47447,8566
47448,8567
47449,8567
47450,8567
47451,8567
47452,8568
47453,8568
47454,8568
47455,8568
47456,8568
47457,8568
47458,8569
47459,8569
47460,8569
47461,8569
47462,8569
47463,8569
47464,8569
47465,8569
47466,8570
47467,8570
47468,8570
47469,8570
47470,8570
47471,8570
47472,8570
47473,8570
47474,8570
47475,8570
47476,8571
47477,8571
47478,8571
47479,8571
47480,8571
47481,8571
47482,8571
47483,8572
47484,8572
47485,8572
47486,8572
47487,8572
47488,8573
47489,8573
47490,8573
47491,8574
47492,8574
47493,8574
47494,8574
47495,8574
47496,8574
47497,8575
47498,8575
47499,8575
47500,8575
47501,8575
47502,8576
47503,8576
47504,8576
47505,8576
47506,8576
47507,8576
47508,8577
47509,8578
47510,8578
47511,8578
47512,8578
47513,8578
47514,8578
47515,8578
47516,8578
47517,8579
47518,8579
47519,8579
47520,8579
47521,8579
47522,8579
47523,8579
47524,8579
47525,8579
47526,8579
47527,8580
47528,8580
47529,8580
47530,8580
47531,8580
47532,8580
47533,8580
47534,8581
47535,8581
47536,8581
47537,8581
47538,8581
47539,8581
47540,8581
47541,8581
47542,8581
47543,8581
47544,8582
47545,8582
47546,8582
47547,8582
47548,8582
47549,8582
47550,8582
47551,8583
47552,8583
47553,8583
47554,8583
47555,8583
47556,8583
47557,8583
47558,8583
47559,8583
47560,8583
47561,8584
47562,8584
47563,8584
47564,8584
47565,8584
47566,8584
47567,8584
47568,8584
47569,8584
47570,8585
47571,8585
47572,8585
47573,8585
47574,8585
47575,8586
47576,8586
47577,8587
47578,8587
47579,8587
47580,8587
47581,8587
47582,8587
47583,8587
47584,8587
47585,8587
47586,8587
47587,8588
47588,8588
47589,8588
47590,8588
47591,8588
47592,8588
47593,8588
47594,8589
47595,8589
47596,8589
47597,8589
47598,8589
47599,8589
47600,8589
47601,8589
47602,8590
47603,8591
47604,8591
47605,8591
47606,8592
47607,8592
47608,8592
47609,8592
47610,8592
47611,8592
47612,8592
47613,8593
47614,8593
47615,8593
47616,8593
47617,8593
47618,8593
47619,8593
47620,8593
47621,8594
47622,8594
47623,8594
47624,8595
47625,8595
47626,8595
47627,8596
47628,8596
47629,8596
47630,8597
47631,8597
47632,8597
47633,8598
47634,8598
47635,8599
47636,8599
47637,8599
47638,8599
47639,8599
47640,8599
47641,8599
47642,8599
47643,8600
47644,8600
47645,8601
47646,8601
47647,8601
47648,8601
47649,8601
47650,8601
47651,8601
47652,8601
47653,8601
47654,8601
47655,8602
47656,8602
47657,8602
47658,8602
47659,8602
47660,8602
47661,8603
47662,8603
47663,8603
47664,8603
47665,8604
47666,8604
47667,8604
47668,8605
47669,8605
47670,8605
47671,8605
47672,8605
47673,8605
47674,8606
47675,8606
47676,8606
47677,8606
47678,8606
47679,8606
47680,8606
47681,8607
47682,8607
47683,8607
47684,8607
47685,8608
47686,8608
47687,8608
47688,8608
47689,8609
47690,8609
47691,8609
47692,8609
47693,8609
47694,8609
47695,8609
47696,8609
47697,8609
47698,8609
47699,8610
47700,8610
47701,8610
47702,8610
47703,8610
47704,8610
47705,8610
47706,8610
47707,8610
47708,8610
47709,8611
47710,8611
47711,8611
47712,8611
47713,8611
47714,8611
47715,8611
47716,8611
47717,8611
47718,8611
47719,8612
47720,8612
47721,8612
47722,8612
47723,8612
47724,8612
47725,8612
47726,8612
47727,8612
47728,8613
47729,8613
47730,8613
47731,8613
47732,8613
47733,8613
47734,8613
47735,8613
47736,8613
47737,8613
47738,8614
47739,8614
47740,8614
47741,8614
47742,8614
47743,8614
47744,8614
47745,8614
47746,8614
47747,8615
47748,8615
47749,8616
47750,8616
47751,8616
47752,8616
47753,8616
47754,8616
47755,8616
47756,8616
47757,8616
47758,8616
47759,8617
47760,8617
47761,8617
47762,8617
47763,8617
47764,8617
47765,8617
47766,8618
47767,8618
47768,8618
47769,8618
47770,8618
47771,8619
47772,8620
47773,8621
47774,8621
47775,8621
47776,8621
47777,8621
47778,8621
47779,8621
47780,8622
47781,8622
47782,8622
47783,8622
47784,8622
47785,8622
47786,8622
47787,8622
47788,8622
47789,8623
47790,8623
47791,8623
47792,8623
47793,8623
47794,8623
47795,8624
47796,8624
47797,8624
47798,8624
47799,8624
47800,8624
47801,8625
47802,8626
47803,8626
47804,8626
47805,8627
47806,8627
47807,8627
47808,8627
47809,8627
47810,8627
47811,8627
47812,8627
47813,8627
47814,8628
47815,8628
47816,8629
47817,8629
47818,8629
47819,8629
47820,8629
47821,8629
47822,8630
47823,8630
47824,8630
47825,8630
47826,8631
47827,8631
47828,8631
47829,8631
47830,8632
47831,8632
47832,8632
47833,8633
47834,8633
47835,8633
47836,8633
47837,8634
47838,8634
47839,8634
47840,8634
47841,8634
47842,8634
47843,8635
47844,8635
47845,8635
47846,8635
47847,8635
47848,8635
47849,8635
47850,8635
47851,8636
47852,8636
47853,8636
47854,8636
47855,8637
47856,8637
47857,8637
47858,8637
47859,8637
47860,8637
47861,8637
47862,8637
47863,8637
47864,8638
47865,8638
47866,8638
47867,8638
47868,8638
47869,8638
47870,8638
47871,8638
47872,8638
47873,8639
47874,8639
47875,8639
47876,8640
47877,8640
47878,8640
47879,8640
47880,8640
47881,8640
47882,8640
47883,8641
47884,8641
47885,8641
47886,8641
47887,8641
47888,8641
47889,8641
47890,8641
47891,8641
47892,8641
47893,8642
47894,8643
47895,8643
47896,8644
47897,8644
47898,8644
47899,8644
47900,8644
47901,8644
47902,8644
47903,8644
47904,8644
47905,8645
47906,8645
47907,8645
47908,8645
47909,8646
47910,8646
47911,8646
47912,8647
47913,8647
47914,8647
47915,8648
47916,8648
47917,8648
47918,8648
47919,8648
47920,8648
47921,8648
47922,8648
47923,8648
47924,8649
47925,8650
47926,8650
47927,8650
47928,8650
47929,8650
47930,8650
47931,8650
47932,8650
47933,8650
47934,8651
47935,8651
47936,8651
47937,8651
47938,8652
47939,8652
47940,8652
47941,8653
47942,8653
47943,8653
47944,8653
47945,8653
47946,8653
47947,8653
47948,8653
47949,8654
47950,8654
47951,8654
47952,8655
47953,8655
47954,8655
47955,8655
47956,8655
47957,8655
47958,8655
47959,8655
47960,8655
47961,8656
47962,8656
47963,8657
47964,8657
47965,8658
47966,8658
47967,8658
47968,8658
47969,8658
47970,8658
47971,8658
47972,8658
47973,8658
47974,8659
47975,8659
47976,8659
47977,8659
47978,8660
47979,8660
47980,8660
47981,8660
47982,8660
47983,8660
47984,8660
47985,8660
47986,8660
47987,8660
47988,8661
47989,8661
47990,8661
47991,8661
47992,8662
47993,8662
47994,8662
47995,8662
47996,8662
47997,8662
47998,8662
47999,8662
48000,8662
48001,8663
48002,8663
48003,8663
48004,8663
48005,8663
48006,8663
48007,8663
48008,8664
48009,8665
48010,8665
48011,8665
48012,8665
48013,8665
48014,8666
48015,8667
48016,8667
48017,8667
48018,8667
48019,8667
48020,8667
48021,8667
48022,8667
48023,8667
48024,8667
48025,8668
48026,8668
48027,8668
48028,8668
48029,8668
48030,8668
48031,8668
48032,8668
48033,8668
48034,8669
48035,8669
48036,8669
48037,8669
48038,8669
48039,8670
48040,8670
48041,8670
48042,8670
48043,8671
48044,8671
48045,8671
48046,8671
48047,8671
48048,8672
48049,8672
48050,8672
48051,8672
48052,8673
48053,8673
48054,8673
48055,8673
48056,8673
48057,8673
48058,8673
48059,8673
48060,8673
48061,8674
48062,8674
48063,8674
48064,8674
48065,8674
48066,8675
48067,8675
48068,8675
48069,8675
48070,8675
48071,8675
48072,8675
48073,8676
48074,8676
48075,8676
48076,8676
48077,8676
48078,8676
48079,8677
48080,8677
48081,8677
48082,8678
48083,8678
48084,8678
48085,8678
48086,8678
48087,8678
48088,8678
48089,8678
48090,8678
48091,8679
48092,8680
48093,8680
48094,8680
48095,8680
48096,8680
48097,8680
48098,8680
48099,8681
48100,8681
48101,8681
48102,8681
48103,8682
48104,8682
48105,8682
48106,8682
48107,8682
48108,8682
48109,8682
48110,8682
48111,8682
48112,8682
48113,8683
48114,8683
48115,8683
48116,8683
48117,8683
48118,8683
48119,8684
48120,8685
48121,8685
48122,8686
48123,8687
48124,8687
48125,8687
48126,8687
48127,8687
48128,8688
48129,8688
48130,8688
48131,8689
48132,8690
48133,8690
48134,8691
48135,8691
48136,8691
48137,8691
48138,8691
48139,8691
48140,8691
48141,8692
48142,8692
48143,8692
48144,8692
48145,8692
48146,8692
48147,8693
48148,8693
48149,8693
48150,8693
48151,8693
48152,8693
48153,8693
48154,8693
48155,8694
48156,8694
48157,8694
48158,8695
48159,8696
48160,8696
48161,8696
48162,8696
48163,8696
48164,8697
48165,8697
48166,8698
48167,8698
48168,8699
48169,8699
48170,8699
48171,8699
48172,8699
48173,8699
48174,8700
48175,8700
48176,8700
48177,8700
48178,8701
48179,8701
48180,8701
48181,8701
48182,8701
48183,8701
48184,8701
48185,8701
48186,8701
48187,8702
48188,8702
48189,8702
48190,8702
48191,8702
48192,8702
48193,8702
48194,8702
48195,8702
48196,8703
48197,8703
48198,8703
48199,8704
48200,8704
48201,8704
48202,8704
48203,8704
48204,8704
48205,8704
48206,8704
48207,8704
48208,8705
48209,8705
48210,8706
48211,8706
48212,8706
48213,8706
48214,8706
48215,8706
48216,8706
48217,8706
48218,8706
48219,8706
48220,8707
48221,8707
48222,8707
48223,8708
48224,8708
48225,8708
48226,8708
48227,8708
48228,8708
48229,8708
48230,8708
48231,8708
48232,8709
48233,8709
48234,8710
48235,8711
48236,8711
48237,8711
48238,8711
48239,8711
48240,8711
48241,8711
48242,8711
48243,8712
48244,8712
48245,8712
48246,8712
48247,8712
48248,8712
48249,8712
48250,8713
48251,8713
48252,8713
48253,8713
48254,8713
48255,8714
48256,8714
48257,8714
48258,8714
48259,8714
48260,8714
48261,8714
48262,8715
48263,8715
48264,8715
48265,8715
48266,8715
48267,8715
48268,8715
48269,8716
48270,8716
48271,8716
48272,8716
48273,8716
48274,8716
48275,8716
48276,8716
48277,8716
48278,8717
48279,8717
48280,8717
48281,8717
48282,8717
48283,8717
48284,8718
48285,8718
48286,8718
48287,8718
48288,8719
48289,8719
48290,8719
48291,8719
48292,8720
48293,8720
48294,8720
48295,8721
48296,8721
48297,8721
48298,8721
48299,8721
48300,8721
48301,8721
48302,8721
48303,8722
48304,8722
48305,8722
48306,8722
48307,8722
48308,8722
48309,8723
48310,8723
48311,8723
48312,8723
48313,8723
48314,8723
48315,8723
48316,8723
48317,8724
48318,8724
48319,8724
48320,8724
48321,8724
48322,8724
48323,8724
48324,8725
48325,8725
48326,8725
48327,8725
48328,8725
48329,8726
48330,8726
48331,8726
48332,8726
48333,8726
48334,8726
48335,8726
48336,8726
48337,8727
48338,8727
48339,8727
48340,8727
48341,8727
48342,8727
48343,8727
48344,8727
48345,8727
48346,8728
48347,8728
48348,8728
48349,8729
48350,8729
48351,8729
48352,8729
48353,8729
48354,8729
48355,8730
48356,8730
48357,8730
48358,8730
48359,8730
48360,8730
48361,8730
48362,8730
48363,8731
48364,8731
48365,8731
48366,8731
48367,8732
48368,8732
48369,8732
48370,8732
48371,8732
48372,8733
48373,8733
48374,8734
48375,8734
48376,8734
48377,8734
48378,8734
48379,8734
48380,8735
48381,8735
48382,8735
48383,8735
48384,8735
48385,8735
48386,8736
48387,8736
48388,8736
48389,8736
48390,8736
48391,8736
48392,8736
48393,8736
48394,8737
48395,8737
48396,8737
48397,8738
48398,8738
48399,8738
48400,8738
48401,8739
48402,8739
48403,8739
48404,8739
48405,8739
48406,8739
48407,8739
48408,8739
48409,8739
48410,8740
48411,8740
48412,8740
48413,8740
48414,8740
48415,8741
48416,8741
48417,8741
48418,8741
48419,8741
48420,8741
48421,8741
48422,8741
48423,8742
48424,8742
48425,8742
48426,8742
48427,8742
48428,8742
48429,8742
48430,8742
48431,8742
48432,8743
48433,8743
48434,8743
48435,8743
48436,8743
48437,8743
48438,8743
48439,8744
48440,8744
48441,8744
48442,8744
48443,8744
48444,8744
48445,8744
48446,8745
48447,8746
48448,8746
48449,8746
48450,8746
48451,8747
48452,8747
48453,8748
48454,8748
48455,8748
48456,8748
48457,8748
48458,8748
48459,8748
48460,8748
48461,8748
48462,8749
48463,8749
48464,8749
48465,8749
48466,8749
48467,8749
48468,8749
48469,8749
48470,8749
48471,8750
48472,8750
48473,8750
48474,8751
48475,8751
48476,8751
48477,8751
48478,8751
48479,8752
48480,8752
48481,8752
48482,8752
48483,8753
48484,8753
48485,8754
48486,8754
48487,8755
48488,8755
48489,8755
48490,8756
48491,8756
48492,8756
48493,8756
48494,8756
48495,8756
48496,8756
48497,8756
48498,8756
48499,8756
48500,8757
48501,8757
48502,8757
48503,8757
48504,8757
48505,8757
48506,8757
48507,8757
48508,8757
48509,8758
48510,8759
48511,8759
48512,8759
48513,8759
48514,8759
48515,8759
48516,8759
48517,8760
48518,8761
48519,8761
48520,8761
48521,8761
48522,8761
48523,8761
48524,8762
48525,8762
48526,8762
48527,8762
48528,8762
48529,8762
48530,8762
48531,8762
48532,8762
48533,8763
48534,8763
48535,8763
48536,8763
48537,8763
48538,8763
48539,8763
48540,8763
48541,8763
48542,8763
48543,8764
48544,8765
48545,8765
48546,8765
48547,8765
48548,8766
48549,8766
48550,8766
48551,8766
48552,8766
48553,8766
48554,8766
48555,8766
48556,8766
48557,8767
48558,8767
48559,8767
48560,8768
48561,8768
48562,8768
48563,8769
48564,8769
48565,8769
48566,8769
48567,8769
48568,8769
48569,8769
48570,8769
48571,8769
48572,8769
48573,8770
48574,8770
48575,8770
48576,8770
48577,8770
48578,8770
48579,8770
48580,8770
48581,8771
48582,8771
48583,8771
48584,8771
48585,8772
48586,8772
48587,8772
48588,8772
48589,8773
48590,8773
48591,8773
48592,8773
48593,8773
48594,8773
48595,8773
48596,8774
48597,8774
48598,8774
48599,8774
48600,8775
48601,8775
48602,8776
48603,8776
48604,8776
48605,8776
48606,8777
48607,8777
48608,8777
48609,8777
48610,8777
48611,8777
48612,8778
48613,8778
48614,8778
48615,8779
48616,8779
48617,8779
48618,8779
48619,8779
48620,8779
48621,8779
48622,8779
48623,8780
48624,8780
48625,8780
48626,8780
48627,8780
48628,8780
48629,8780
48630,8780
48631,8781
48632,8781
48633,8781
48634,8781
48635,8781
48636,8782
48637,8782
48638,8782
48639,8782
48640,8782
48641,8782
48642,8782
48643,8782
48644,8782
48645,8782
48646,8783
48647,8784
48648,8784
48649,8785
48650,8785
48651,8785
48652,8785
48653,8785
48654,8785
48655,8785
48656,8785
48657,8785
48658,8786
48659,8786
48660,8786
48661,8786
48662,8786
48663,8786
48664,8786
48665,8787
48666,8787
48667,8787
48668,8787
48669,8787
48670,8787
48671,8787
48672,8787
48673,8787
48674,8787
48675,8788
48676,8788
48677,8788
48678,8788
48679,8788
48680,8788
48681,8788
48682,8788
48683,8788
48684,8788
48685,8789
48686,8789
48687,8789
48688,8790
48689,8790
48690,8791
48691,8791
48692,8791
48693,8791
48694,8791
48695,8792
48696,8792
48697,8792
48698,8792
48699,8792
48700,8792
48701,8792
48702,8792
48703,8792
48704,8793
48705,8793
48706,8793
48707,8793
48708,8794
48709,8794
48710,8794
48711,8794
48712,8794
48713,8794
48714,8795
48715,8795
48716,8795
48717,8795
48718,8795
48719,8796
48720,8797
48721,8797
48722,8797
48723,8797
48724,8797
48725,8797
48726,8797
48727,8798
48728,8798
48729,8798
48730,8798
48731,8798
48732,8799
48733,8799
48734,8799
48735,8799
48736,8799
48737,8799
48738,8799
48739,8800
48740,8801
48741,8802
48742,8802
48743,8802
48744,8803
48745,8803
48746,8803
48747,8803
48748,8804
48749,8804
48750,8804
48751,8804
48752,8805
48753,8805
48754,8805
48755,8805
48756,8805
48757,8805
48758,8805
48759,8806
48760,8806
48761,8806
48762,8806
48763,8806
48764,8806
48765,8806
48766,8806
48767,8806
48768,8806
48769,8807
48770,8807
48771,8807
48772,8807
48773,8807
48774,8807
48775,8807
48776,8807
48777,8807
48778,8808
48779,8808
48780,8808
48781,8808
48782,8808
48783,8808
48784,8808
48785,8808
48786,8808
48787,8809
48788,8809
48789,8809
48790,8809
48791,8809
48792,8810
48793,8810
48794,8810
48795,8810
48796,8810
48797,8810
48798,8811
48799,8811
48800,8811
48801,8811
48802,8811
48803,8811
48804,8811
48805,8811
48806,8811
48807,8812
48808,8812
48809,8813
48810,8813
48811,8813
48812,8813
48813,8813
48814,8813
48815,8813
48816,8813
48817,8813
48818,8814
48819,8814
48820,8814
48821,8814
48822,8814
48823,8814
48824,8814
48825,8814
48826,8814
48827,8815
48828,8815
48829,8816
48830,8816
48831,8816
48832,8816
48833,8816
48834,8816
48835,8816
48836,8816
48837,8816
48838,8816
48839,8817
48840,8817
48841,8817
48842,8817
48843,8817
48844,8817
48845,8818
48846,8818
48847,8818
48848,8818
48849,8818
48850,8819
48851,8819
48852,8819
48853,8819
48854,8819
48855,8819
48856,8819
48857,8819
48858,8820
48859,8820
48860,8820
48861,8820
48862,8820
48863,8821
48864,8821
48865,8822
48866,8822
48867,8823
48868,8823
48869,8824
48870,8824
48871,8824
48872,8825
48873,8825
48874,8825
48875,8825
48876,8826
48877,8826
48878,8826
48879,8826
48880,8827
48881,8827
48882,8827
48883,8827
48884,8827
48885,8827
48886,8828
48887,8828
48888,8828
48889,8828
48890,8828
48891,8828
48892,8828
48893,8829
48894,8829
48895,8829
48896,8829
48897,8829
48898,8829
48899,8829
48900,8829
48901,8829
48902,8830
48903,8830
48904,8830
48905,8830
48906,8830
48907,8831
48908,8831
48909,8831
48910,8831
48911,8831
48912,8832
48913,8832
48914,8832
48915,8832
48916,8832
48917,8832
48918,8832
48919,8832
48920,8832
48921,8832
48922,8833
48923,8833
48924,8833
48925,8833
48926,8833
48927,8833
48928,8833
48929,8833
48930,8833
48931,8833
48932,8834
48933,8834
48934,8834
48935,8834
48936,8835
48937,8835
48938,8835
48939,8835
48940,8835
48941,8835
48942,8835
48943,8836
48944,8836
48945,8836
48946,8836
48947,8836
48948,8837
48949,8837
48950,8837
48951,8837
48952,8837
48953,8837
48954,8837
48955,8837
48956,8838
48957,8838
48958,8838
48959,8838
48960,8838
48961,8838
48962,8838
48963,8838
48964,8838
48965,8839
48966,8839
48967,8840
48968,8840
48969,8840
48970,8840
48971,8841
48972,8841
48973,8841
48974,8841
48975,8841
48976,8841
48977,8841
48978,8842
48979,8842
48980,8842
48981,8842
48982,8842
48983,8843
48984,8844
48985,8844
48986,8845
48987,8845
48988,8845
48989,8845
48990,8845
48991,8845
48992,8845
48993,8845
48994,8846
48995,8846
48996,8847
48997,8847
48998,8848
48999,8848
49000,8848
49001,8848
49002,8848
49003,8848
49004,8848
49005,8848
49006,8848
49007,8848
49008,8849
49009,8849
49010,8849
49011,8849
49012,8849
49013,8850
49014,8850
49015,8850
49016,8850
49017,8850
49018,8850
49019,8850
49020,8851
49021,8851
49022,8851
49023,8851
49024,8852
49025,8852
49026,8852
49027,8852
49028,8852
49029,8853
49030,8853
49031,8853
49032,8854
49033,8855
49034,8855
49035,8855
49036,8856
49037,8856
49038,8857
49039,8857
49040,8857
49041,8857
49042,8858
49043,8858
49044,8858
49045,8858
49046,8858
49047,8858
49048,8858
49049,8858
49050,8859
49051,8859
49052,8859
49053,8859
49054,8859
49055,8860
49056,8860
49057,8860
49058,8860
49059,8860
49060,8860
49061,8860
49062,8860
49063,8860
49064,8861
49065,8862
49066,8862
49067,8862
49068,8862
49069,8862
49070,8862
49071,8862
49072,8862
49073,8862
49074,8863
49075,8863
49076,8863
49077,8863
49078,8863
49079,8863
49080,8863
49081,8864
49082,8864
49083,8864
49084,8865
49085,8865
49086,8865
49087,8865
49088,8866
49089,8866
49090,8866
49091,8866
49092,8866
49093,8867
49094,8867
49095,8867
49096,8867
49097,8867
49098,8867
49099,8867
49100,8867
49101,8867
49102,8868
49103,8868
49104,8868
49105,8868
49106,8868
49107,8868
49108,8868
49109,8868
49110,8869
49111,8869
49112,8869
49113,8869
49114,8870
49115,8870
49116,8870
49117,8870
49118,8870
49119,8870
49120,8870
49121,8870
49122,8871
49123,8871
49124,8872
49125,8872
49126,8872
49127,8872
49128,8872
49129,8872
49130,8872
49131,8872
49132,8872
49133,8873
49134,8873
49135,8873
49136,8873
49137,8873
49138,8874
49139,8874
49140,8875
49141,8875
49142,8875
49143,8876
49144,8876
49145,8876
49146,8876
49147,8876
49148,8876
49149,8876
49150,8876
49151,8877
49152,8877
49153,8878
49154,8879
49155,8879
49156,8879
49157,8879
49158,8879
49159,8879
49160,8879
49161,8879
49162,8880
49163,8880
49164,8880
49165,8880
49166,8880
49167,8880
49168,8880
49169,8881
49170,8881
49171,8881
49172,8881
49173,8881
49174,8881
49175,8882
49176,8882
49177,8882
49178,8882
49179,8882
49180,8882
49181,8882
49182,8883
49183,8883
49184,8883
49185,8883
49186,8883
49187,8884
49188,8884
49189,8885
49190,8885
49191,8885
49192,8885
49193,8885
49194,8886
49195,8886
49196,8886
49197,8887
49198,8887
49199,8887
49200,8887
49201,8887
49202,8888
49203,8888
49204,8889
49205,8889
49206,8889
49207,8889
49208,8889
49209,8889
49210,8889
49211,8889
49212,8890
49213,8890
49214,8890
49215,8890
49216,8890
49217,8890
49218,8890
49219,8891
49220,8892
49221,8892
49222,8892
49223,8892
49224,8892
49225,8893
49226,8893
49227,8893
49228,8893
49229,8894
49230,8894
49231,8894
49232,8894
49233,8894
49234,8894
49235,8895
49236,8895
49237,8896
49238,8896
49239,8896
49240,8896
49241,8896
49242,8897
49243,8897
49244,8897
49245,8897
49246,8898
49247,8898
49248,8898
49249,8899
49250,8899
49251,8899
49252,8899
49253,8899
49254,8899
49255,8899
49256,8900
49257,8901
49258,8901
49259,8901
49260,8901
49261,8901
49262,8901
49263,8902
49264,8903
49265,8903
49266,8903
49267,8903
49268,8903
49269,8903
49270,8903
49271,8903
49272,8903
49273,8904
49274,8904
49275,8905
49276,8905
49277,8905
49278,8905
49279,8905
49280,8905
49281,8905
49282,8905
49283,8906
49284,8907
49285,8907
49286,8907
49287,8907
49288,8907
49289,8908
49290,8908
49291,8908
49292,8908
49293,8908
49294,8908
49295,8909
49296,8909
49297,8910
49298,8910
49299,8910
49300,8910
49301,8911
49302,8911
49303,8911
49304,8911
49305,8911
49306,8912
49307,8912
49308,8912
49309,8912
49310,8912
49311,8912
49312,8912
49313,8912
49314,8913
49315,8913
49316,8913
49317,8913
49318,8913
49319,8913
49320,8913
49321,8914
49322,8914
49323,8915
49324,8916
49325,8916
49326,8916
49327,8916
49328,8917
49329,8917
49330,8917
49331,8917
49332,8917
49333,8917
49334,8917
49335,8917
49336,8918
49337,8918
49338,8918
49339,8918
49340,8918
49341,8918
49342,8919
49343,8919
49344,8919
49345,8919
49346,8919
49347,8920
49348,8920
49349,8920
49350,8920
49351,8920
49352,8920
49353,8920
49354,8920
49355,8920
49356,8921
49357,8921
49358,8921
49359,8921
49360,8921
49361,8921
49362,8921
49363,8921
49364,8921
49365,8922
49366,8922
49367,8922
49368,8922
49369,8922
49370,8922
49371,8922
49372,8923
49373,8923
49374,8923
49375,8923
49376,8924
49377,8925
49378,8925
49379,8925
49380,8925
49381,8925
49382,8925
49383,8926
49384,8926
49385,8926
49386,8926
49387,8926
49388,8926
49389,8926
49390,8926
49391,8926
49392,8927
49393,8928
49394,8928
49395,8929
49396,8929
49397,8929
49398,8929
49399,8929
49400,8929
49401,8930
49402,8930
49403,8931
49404,8931
49405,8931
49406,8931
49407,8931
49408,8931
49409,8931
49410,8931
49411,8931
49412,8932
49413,8932
49414,8932
49415,8932
49416,8932
49417,8932
49418,8932
49419,8933
49420,8933
49421,8933
49422,8933
49423,8933
49424,8933
49425,8933
49426,8933
49427,8933
49428,8933
49429,8934
49430,8934
49431,8934
49432,8934
49433,8934
49434,8934
49435,8934
49436,8934
49437,8934
49438,8935
49439,8935
49440,8935
49441,8935
49442,8935
49443,8935
49444,8935
49445,8935
49446,8936
49447,8936
49448,8936
49449,8936
49450,8936
49451,8937
49452,8938
49453,8938
49454,8938
49455,8938
49456,8938
49457,8938
49458,8938
49459,8938
49460,8938
49461,8939
49462,8939
49463,8939
49464,8939
49465,8939
49466,8939
49467,8939
49468,8939
49469,8939
49470,8939
49471,8940
49472,8941
49473,8942
49474,8942
49475,8942
49476,8942
49477,8943
49478,8943
49479,8944
49480,8944
49481,8944
49482,8945
49483,8945
49484,8945
49485,8946
49486,8946
49487,8946
49488,8947
49489,8947
49490,8947
49491,8948
49492,8948
49493,8948
49494,8949
49495,8949
49496,8949
49497,8949
49498,8949
49499,8949
49500,8949
49501,8949
49502,8949
49503,8949
49504,8950
49505,8950
49506,8950
49507,8950
49508,8950
49509,8950
49510,8950
49511,8951
49512,8952
49513,8952
49514,8952
49515,8952
49516,8952
49517,8952
49518,8952
49519,8953
49520,8953
49521,8953
49522,8953
49523,8953
49524,8953
49525,8953
49526,8954
49527,8954
49528,8954
49529,8954
49530,8955
49531,8955
49532,8955
49533,8955
49534,8956
49535,8956
49536,8956
49537,8956
49538,8956
49539,8956
49540,8956
49541,8956
49542,8957
49543,8957
49544,8957
49545,8958
49546,8958
49547,8958
49548,8959
49549,8959
49550,8959
49551,8959
49552,8959
49553,8960
49554,8960
49555,8961
49556,8961
49557,8961
49558,8961
49559,8961
49560,8961
49561,8962
49562,8962
49563,8963
49564,8964
49565,8964
49566,8964
49567,8964
49568,8964
49569,8964
49570,8964
49571,8964
49572,8964
49573,8965
49574,8965
49575,8965
49576,8965
49577,8966
49578,8966
49579,8966
49580,8966
49581,8966
49582,8966
49583,8966
49584,8966
49585,8966
49586,8966
49587,8967
49588,8967
49589,8967
49590,8967
49591,8967
49592,8967
49593,8967
49594,8968
49595,8968
49596,8968
49597,8969
49598,8970
49599,8970
49600,8970
49601,8970
49602,8971
49603,8971
49604,8971
49605,8971
49606,8971
49607,8971
49608,8971
49609,8971
49610,8971
49611,8971
49612,8972
49613,8972
49614,8972
49615,8972
49616,8972
49617,8972
49618,8973
49619,8973
49620,8973
49621,8973
49622,8973
49623,8973
49624,8973
49625,8973
49626,8973
49627,8974
49628,8974
49629,8974
49630,8974
49631,8974
49632,8974
49633,8974
49634,8975
49635,8975
49636,8975
49637,8975
49638,8975
49639,8975
49640,8976
49641,8976
49642,8976
49643,8976
49644,8976
49645,8976
49646,8976
49647,8977
49648,8977
49649,8978
49650,8978
49651,8978
49652,8978
49653,8978
49654,8978
49655,8978
49656,8978
49657,8978
49658,8978
49659,8979
49660,8979
49661,8979
49662,8980
49663,8981
49664,8981
49665,8981
49666,8981
49667,8981
49668,8981
49669,8981
49670,8982
49671,8982
49672,8982
49673,8982
49674,8982
49675,8983
49676,8983
49677,8984
49678,8984
49679,8984
49680,8984
49681,8984
49682,8984
49683,8984
49684,8984
49685,8985
49686,8985
49687,8985
49688,8986
49689,8986
49690,8986
49691,8986
49692,8986
49693,8986
49694,8986
49695,8986
49696,8986
49697,8986
49698,8987
49699,8987
49700,8987
49701,8987
49702,8987
49703,8987
49704,8987
49705,8987
49706,8988
49707,8988
49708,8988
49709,8988
49710,8989
49711,8989
49712,8989
49713,8989
49714,8990
49715,8990
49716,8991
49717,8991
49718,8991
49719,8991
49720,8991
49721,8991
49722,8992
49723,8992
49724,8992
49725,8992
49726,8992
49727,8992
49728,8992
49729,8992
49730,8993
49731,8993
49732,8993
49733,8993
49734,8993
49735,8993
49736,8993
49737,8993
49738,8994
49739,8994
49740,8994
49741,8994
49742,8994
49743,8995
49744,8995
49745,8995
49746,8996
49747,8996
49748,8996
49749,8996
49750,8996
49751,8996
49752,8997
49753,8997
49754,8997
49755,8997
49756,8998
49757,8998
49758,8998
49759,8999
49760,8999
49761,8999
49762,8999
49763,8999
49764,8999
49765,8999
49766,8999
49767,9000
49768,9000
49769,9000
49770,9000
49771,9000
49772,9000
49773,9000
49774,9000
49775,9000
49776,9000
49777,9001
49778,9001
49779,9002
49780,9002
49781,9002
49782,9002
49783,9002
49784,9003
49785,9003
49786,9003
49787,9003
49788,9003
49789,9003
49790,9004
49791,9004
49792,9004
49793,9004
49794,9004
49795,9005
49796,9005
49797,9005
49798,9005
49799,9005
49800,9005
49801,9006
49802,9006
49803,9006
49804,9007
49805,9007
49806,9007
49807,9008
49808,9008
49809,9008
49810,9008
49811,9008
49812,9008
49813,9008
49814,9008
49815,9009
49816,9009
49817,9009
49818,9009
49819,9009
49820,9009
49821,9009
49822,9009
49823,9009
49824,9009
49825,9010
49826,9010
49827,9010
49828,9010
49829,9010
49830,9010
49831,9010
49832,9011
49833,9011
49834,9012
49835,9012
49836,9012
49837,9013
49838,9013
49839,9013
49840,9013
49841,9013
49842,9014
49843,9014
49844,9015
49845,9015
49846,9015
49847,9015
49848,9015
49849,9016
49850,9016
49851,9016
49852,9016
49853,9016
49854,9016
49855,9016
49856,9016
49857,9016
49858,9017
49859,9017
49860,9017
49861,9017
49862,9017
49863,9017
49864,9018
49865,9018
49866,9018
49867,9018
49868,9018
49869,9018
49870,9018
49871,9019
49872,9019
49873,9019
49874,9019
49875,9019
49876,9019
49877,9019
49878,9019
49879,9019
49880,9019
49881,9020
49882,9020
49883,9021
49884,9021
49885,9021
49886,9022
49887,9022
49888,9022
49889,9022
49890,9022
49891,9023
49892,9023
49893,9023
49894,9023
49895,9024
49896,9024
49897,9024
49898,9024
49899,9024
49900,9024
49901,9025
49902,9025
49903,9025
49904,9025
49905,9025
49906,9026
49907,9026
49908,9026
49909,9026
49910,9027
49911,9027
49912,9027
49913,9027
49914,9027
49915,9027
49916,9028
49917,9028
49918,9028
49919,9028
49920,9028
49921,9029
49922,9029
49923,9029
49924,9029
49925,9029
49926,9029
49927,9029
49928,9029
49929,9030
49930,9030
49931,9030
49932,9030
49933,9030
49934,9030
49935,9030
49936,9030
49937,9030
49938,9030
49939,9031
49940,9031
49941,9031
49942,9031
49943,9031
49944,9032
49945,9032
49946,9032
49947,9032
49948,9032
49949,9032
49950,9032
49951,9032
49952,9032
49953,9033
49954,9033
49955,9033
49956,9034
49957,9034
49958,9034
49959,9034
49960,9034
49961,9034
49962,9034
49963,9034
49964,9035
49965,9035
49966,9035
49967,9035
49968,9035
49969,9035
49970,9036
49971,9036
49972,9036
49973,9037
49974,9037
49975,9037
49976,9037
49977,9037
49978,9037
49979,9038
49980,9038
49981,9038
49982,9038
49983,9038
49984,9038
49985,9038
49986,9038
49987,9039
49988,9039
49989,9040
49990,9040
49991,9040
49992,9040
49993,9041
49994,9041
49995,9041
49996,9041
49997,9041
49998,9041
49999,9041
50000,9041
50001,9041
50002,9041
50003,9042
50004,9042
50005,9042
50006,9043
50007,9043
50008,9043
50009,9043
50010,9043
50011,9043
50012,9043
50013,9043
50014,9044
50015,9045
50016,9045
50017,9045
50018,9045
50019,9045
50020,9045
50021,9045
50022,9045
50023,9046
50024,9046
50025,9046
50026,9046
50027,9046
50028,9046
50029,9046
50030,9046
50031,9046
50032,9046
50033,9047
50034,9048
50035,9048
50036,9048
50037,9048
50038,9048
50039,9048
50040,9048
50041,9048
50042,9049
50043,9049
50044,9049
50045,9049
50046,9049
50047,9049
50048,9049
50049,9050
50050,9050
50051,9050
50052,9051
50053,9051
50054,9051
50055,9051
50056,9051
50057,9051
50058,9052
50059,9052
50060,9052
50061,9052
50062,9052
50063,9052
50064,9052
50065,9052
50066,9052
50067,9053
50068,9053
50069,9053
50070,9053
50071,9053
50072,9053
50073,9054
50074,9054
50075,9054
50076,9054
50077,9054
50078,9054
50079,9054
50080,9054
50081,9055
50082,9055
50083,9055
50084,9056
50085,9056
50086,9056
50087,9056
50088,9056
50089,9056
50090,9056
50091,9056
50092,9057
50093,9057
50094,9057
50095,9057
50096,9057
50097,9057
50098,9057
50099,9057
50100,9058
50101,9058
50102,9058
50103,9058
50104,9058
50105,9059
50106,9059
50107,9059
50108,9059
50109,9059
50110,9060
50111,9060
50112,9060
50113,9061
50114,9061
50115,9061
50116,9062
50117,9062
50118,9062
50119,9062
50120,9062
50121,9062
50122,9062
50123,9062
50124,9063
50125,9064
50126,9065
50127,9065
50128,9065
50129,9065
50130,9066
50131,9066
50132,9066
50133,9066
50134,9066
50135,9066
50136,9067
50137,9068
50138,9068
50139,9068
50140,9068
50141,9068
50142,9068
50143,9068
50144,9069
50145,9069
50146,9069
50147,9069
50148,9069
50149,9069
50150,9069
50151,9069
50152,9070
50153,9070
50154,9070
50155,9070
50156,9070
50157,9070
50158,9070
50159,9070
50160,9070
50161,9071
50162,9071
50163,9071
50164,9071
50165,9071
50166,9071
50167,9071
50168,9071
50169,9072
50170,9072
50171,9072
50172,9072
50173,9072
50174,9072
50175,9072
50176,9072
50177,9073
50178,9073
50179,9073
50180,9073
50181,9073
50182,9073
50183,9073
50184,9074
50185,9074
50186,9074
50187,9074
50188,9074
50189,9074
50190,9074
50191,9075
50192,9075
50193,9075
50194,9075
50195,9075
50196,9076
50197,9076
50198,9076
50199,9077
50200,9077
50201,9077
50202,9077
50203,9077
50204,9077
50205,9077
50206,9078
50207,9078
50208,9078
50209,9078
50210,9078
50211,9078
50212,9078
50213,9078
50214,9078
50215,9078
50216,9079
50217,9079
50218,9079
50219,9079
50220,9079
50221,9079
50222,9079
50223,9079
50224,9079
50225,9079
50226,9080
50227,9080
50228,9080
50229,9080
50230,9080
50231,9080
50232,9080
50233,9080
50234,9080
50235,9080
50236,9081
50237,9081
50238,9081
50239,9081
50240,9081
50241,9081
50242,9082
50243,9082
50244,9082
50245,9082
50246,9082
50247,9082
50248,9082
50249,9082
50250,9082
50251,9083
50252,9084
50253,9084
50254,9084
50255,9084
50256,9084
50257,9084
50258,9084
50259,9085
50260,9085
50261,9086
50262,9086
50263,9086
50264,9086
50265,9086
50266,9086
50267,9086
50268,9086
50269,9086
50270,9086
50271,9087
50272,9087
50273,9087
50274,9087
50275,9087
50276,9087
50277,9087
50278,9087
50279,9088
50280,9088
50281,9088
50282,9088
50283,9088
50284,9089
50285,9089
50286,9089
50287,9089
50288,9089
50289,9089
50290,9090
50291,9090
50292,9090
50293,9090
50294,9090
50295,9090
50296,9091
50297,9091
50298,9091
50299,9091
50300,9091
50301,9091
50302,9091
50303,9091
50304,9091
50305,9092
50306,9092
50307,9092
50308,9093
50309,9093
50310,9093
50311,9094
50312,9094
50313,9094
50314,9094
50315,9095
50316,9096
50317,9096
50318,9096
50319,9096
50320,9097
50321,9097
50322,9097
50323,9098
50324,9099
50325,9099
50326,9099
50327,9099
50328,9099
50329,9099
50330,9099
50331,9099
50332,9099
50333,9100
50334,9101
50335,9101
50336,9101
50337,9101
50338,9102
50339,9102
50340,9102
50341,9102
50342,9102
50343,9102
50344,9102
50345,9102
50346,9103
50347,9103
50348,9104
50349,9105
50350,9106
50351,9106
50352,9106
50353,9107
50354,9107
50355,9107
50356,9107
50357,9108
50358,9108
50359,9108
50360,9108
50361,9108
50362,9108
50363,9109
50364,9109
50365,9109
50366,9109
50367,9109
50368,9109
50369,9109
50370,9109
50371,9110
50372,9110
50373,9110
50374,9111
50375,9111
50376,9111
50377,9111
50378,9111
50379,9111
50380,9111
50381,9111
50382,9112
50383,9112
50384,9113
50385,9113
50386,9113
50387,9113
50388,9113
50389,9113
50390,9114
50391,9114
50392,9114
50393,9114
50394,9114
50395,9115
50396,9115
50397,9116
50398,9116
50399,9116
50400,9116
50401,9116
50402,9116
50403,9116
50404,9116
50405,9116
50406,9116
50407,9117
50408,9117
50409,9117
50410,9117
50411,9117
50412,9118
50413,9118
50414,9118
50415,9118
50416,9118
50417,9118
50418,9118
50419,9118
50420,9118
50421,9119
50422,9119
50423,9119
50424,9119
50425,9119
50426,9119
50427,9119
50428,9119
50429,9119
50430,9120
50431,9120
50432,9120
50433,9120
50434,9121
50435,9121
50436,9121
50437,9122
50438,9122
50439,9122
50440,9122
50441,9122
50442,9122
50443,9122
50444,9122
50445,9122
50446,9122
50447,9123
50448,9123
50449,9124
50450,9124
50451,9124
50452,9124
50453,9125
50454,9125
50455,9126
50456,9126
50457,9126
50458,9126
50459,9126
50460,9126
50461,9126
50462,9126
50463,9126
50464,9127
50465,9127
50466,9127
50467,9128
50468,9129
50469,9129
50470,9129
50471,9129
50472,9129
50473,9130
50474,9130
50475,9130
50476,9130
50477,9130
50478,9130
50479,9130
50480,9130
50481,9130
50482,9130
50483,9131
50484,9131
50485,9131
50486,9131
50487,9132
50488,9132
50489,9132
50490,9132
50491,9132
50492,9132
50493,9132
50494,9132
50495,9132
50496,9132
50497,9133
50498,9133
50499,9133
50500,9133
50501,9133
50502,9133
50503,9134
50504,9135
50505,9135
50506,9135
50507,9135
50508,9135
50509,9135
50510,9136
50511,9136
50512,9136
50513,9136
50514,9136
50515,9136
50516,9136
50517,9136
50518,9136
50519,9136
50520,9137
50521,9137
50522,9137
50523,9137
50524,9137
50525,9137
50526,9138
50527,9138
50528,9139
50529,9139
50530,9139
50531,9139
50532,9139
50533,9139
50534,9139
50535,9139
50536,9139
50537,9140
50538,9140
50539,9140
50540,9140
50541,9141
50542,9141
50543,9141
50544,9141
50545,9141
50546,9141
50547,9141
50548,9142
50549,9142
50550,9142
50551,9142
50552,9143
50553,9143
50554,9143
50555,9143
50556,9144
50557,9144
50558,9144
50559,9144
50560,9145
50561,9145
50562,9145
50563,9145
50564,9145
50565,9146
50566,9146
50567,9146
50568,9146
50569,9146
50570,9146
50571,9146
50572,9146
50573,9147
50574,9147
50575,9147
50576,9147
50577,9147
50578,9148
50579,9148
50580,9148
50581,9148
50582,9148
50583,9148
50584,9148
50585,9149
50586,9149
50587,9149
50588,9149
50589,9149
50590,9149
50591,9149
50592,9149
50593,9149
50594,9150
50595,9150
50596,9150
50597,9150
50598,9150
50599,9150
50600,9150
50601,9150
50602,9150
50603,9150
50604,9151
50605,9151
50606,9151
50607,9151
50608,9151
50609,9151
50610,9151
50611,9151
50612,9151
50613,9151
50614,9152
50615,9152
50616,9152
50617,9152
50618,9152
50619,9152
50620,9152
50621,9152
50622,9153
50623,9153
50624,9153
50625,9153
50626,9153
50627,9153
50628,9153
50629,9153
50630,9154
50631,9154
50632,9155
50633,9155
50634,9156
50635,9156
50636,9157
50637,9157
50638,9157
50639,9157
50640,9157
50641,9157
50642,9157
50643,9157
50644,9157
50645,9158
50646,9158
50647,9158
50648,9159
50649,9159
50650,9159
50651,9159
50652,9160
50653,9160
50654,9160
50655,9160
50656,9160
50657,9160
50658,9160
50659,9160
50660,9160
50661,9160
50662,9161
50663,9161
50664,9161
50665,9161
50666,9161
50667,9162
50668,9162
50669,9162
50670,9162
50671,9162
50672,9163
50673,9163
50674,9163
50675,9163
50676,9163
50677,9163
50678,9163
50679,9163
50680,9164
50681,9164
50682,9165
50683,9166
50684,9166
50685,9167
50686,9167
50687,9167
50688,9167
50689,9167
50690,9167
50691,9167
50692,9168
50693,9169
50694,9169
50695,9169
50696,9169
50697,9169
50698,9169
50699,9170
50700,9171
50701,9171
50702,9171
50703,9171
50704,9171
50705,9172
50706,9172
50707,9172
50708,9172
50709,9172
50710,9172
50711,9172
50712,9172
50713,9172
50714,9173
50715,9173
50716,9174
50717,9174
50718,9174
50719,9175
50720,9175
50721,9175
50722,9175
50723,9175
50724,9176
50725,9176
50726,9176
50727,9176
50728,9176
50729,9176
50730,9176
50731,9176
50732,9177
50733,9177
50734,9177
50735,9177
50736,9177
50737,9177
50738,9178
50739,9178
50740,9178
50741,9179
50742,9179
50743,9180
50744,9180
50745,9180
50746,9180
50747,9180
50748,9180
50749,9180
50750,9181
50751,9181
50752,9181
50753,9182
50754,9182
50755,9182
50756,9182
50757,9182
50758,9182
50759,9183
50760,9183
50761,9183
50762,9183
50763,9183
50764,9183
50765,9183
50766,9183
50767,9183
50768,9184
50769,9184
50770,9184
50771,9184
50772,9184
50773,9185
50774,9185
50775,9185
50776,9185
50777,9185
50778,9185
50779,9185
50780,9185
50781,9186
50782,9186
50783,9186
50784,9186
50785,9187
50786,9188
50787,9188
50788,9188
50789,9188
50790,9188
50791,9188
50792,9188
50793,9189
50794,9190
50795,9190
50796,9190
50797,9190
50798,9190
50799,9190
50800,9190
50801,9190
50802,9190
50803,9191
50804,9191
50805,9191
50806,9191
50807,9192
50808,9192
50809,9192
50810,9192
50811,9192
50812,9192
50813,9192
50814,9193
50815,9193
50816,9193
50817,9193
50818,9193
50819,9193
50820,9194
50821,9194
50822,9194
50823,9194
50824,9194
50825,9195
50826,9195
50827,9196
50828,9196
50829,9196
50830,9196
50831,9196
50832,9196
50833,9196
50834,9196
50835,9197
50836,9197
50837,9197
50838,9197
50839,9197
50840,9197
50841,9197
50842,9197
50843,9197
50844,9197
50845,9198
50846,9199
50847,9199
50848,9199
50849,9199
50850,9199
50851,9200
50852,9200
50853,9200
50854,9200
50855,9200
50856,9200
50857,9201
50858,9201
50859,9201
50860,9201
50861,9201
50862,9201
50863,9201
50864,9201
50865,9202
50866,9203
50867,9204
50868,9205
50869,9206
50870,9206
50871,9206
50872,9207
50873,9207
50874,9207
50875,9207
50876,9207
50877,9207
50878,9207
50879,9208
50880,9208
50881,9208
50882,9208
50883,9208
50884,9208
50885,9208
50886,9208
50887,9208
50888,9209
50889,9209
50890,9209
50891,9209
50892,9209
50893,9209
50894,9209
50895,9209
50896,9209
50897,9209
50898,9210
50899,9211
50900,9211
50901,9211
50902,9211
50903,9212
50904,9212
50905,9212
50906,9212
50907,9213
50908,9213
50909,9213
50910,9213
50911,9213
50912,9213
50913,9213
50914,9213
50915,9214
50916,9214
50917,9214
50918,9214
50919,9214
50920,9214
50921,9214
50922,9215
50923,9215
50924,9215
50925,9215
50926,9215
50927,9216
50928,9216
50929,9216
50930,9216
50931,9217
50932,9217
50933,9218
50934,9218
50935,9218
50936,9218
50937,9218
50938,9218
50939,9218
50940,9219
50941,9219
50942,9219
50943,9219
50944,9219
50945,9219
50946,9219
50947,9219
50948,9219
50949,9220
50950,9220
50951,9220
50952,9221
50953,9221
50954,9221
50955,9221
50956,9221
50957,9222
50958,9222
50959,9223
50960,9223
50961,9223
50962,9223
50963,9223
50964,9223
50965,9224
50966,9225
50967,9225
50968,9225
50969,9225
50970,9225
50971,9225
50972,9226
50973,9226
50974,9226
50975,9226
50976,9226
50977,9226
50978,9226
50979,9226
50980,9226
50981,9227
50982,9227
50983,9227
50984,9227
50985,9227
50986,9227
50987,9227
50988,9227
50989,9227
50990,9228
50991,9228
50992,9228
50993,9228
50994,9228
50995,9228
50996,9228
50997,9229
50998,9229
50999,9229
51000,9229
51001,9229
51002,9229
51003,9230
51004,9230
51005,9230
51006,9231
51007,9231
51008,9231
51009,9231
51010,9231
51011,9231
51012,9231
51013,9232
51014,9232
51015,9232
51016,9232
51017,9232
51018,9232
51019,9232
51020,9232
51021,9232
51022,9233
51023,9233
51024,9233
51025,9233
51026,9233
51027,9234
51028,9234
51029,9235
51030,9235
51031,9235
51032,9236
51033,9236
51034,9236
51035,9236
51036,9236
51037,9236
51038,9236
51039,9236
51040,9237
51041,9237
51042,9237
51043,9237
51044,9237
51045,9237
51046,9237
51047,9238
51048,9238
51049,9238
51050,9238
51051,9238
51052,9238
51053,9238
51054,9238
51055,9238
51056,9238
51057,9239
51058,9239
51059,9239
51060,9239
51061,9239
51062,9239
51063,9239
51064,9240
51065,9240
51066,9240
51067,9241
51068,9241
51069,9241
51070,9241
51071,9241
51072,9241
51073,9241
51074,9241
51075,9241
51076,9241
51077,9242
51078,9242
51079,9242
51080,9242
51081,9242
51082,9242
51083,9243
51084,9244
51085,9244
51086,9245
51087,9245
51088,9245
51089,9245
51090,9245
51091,9245
51092,9245
51093,9245
51094,9246
51095,9246
51096,9246
51097,9246
51098,9246
51099,9246
51100,9246
51101,9246
51102,9246
51103,9247
51104,9247
51105,9248
51106,9248
51107,9248
51108,9248
51109,9248
51110,9248
51111,9249
51112,9249
51113,9249
51114,9249
51115,9249
51116,9249
51117,9249
51118,9249
51119,9250
51120,9250
51121,9250
51122,9250
51123,9250
51124,9250
51125,9251
51126,9251
51127,9251
51128,9251
51129,9251
51130,9251
51131,9251
51132,9252
51133,9252
51134,9252
51135,9252
51136,9252
51137,9252
51138,9252
51139,9252
51140,9252
51141,9252
51142,9253
51143,9253
51144,9253
51145,9253
51146,9253
51147,9254
51148,9254
51149,9254
51150,9254
51151,9254
51152,9254
51153,9254
51154,9254
51155,9255
51156,9255
51157,9255
51158,9255
51159,9255
51160,9256
51161,9256
51162,9256
51163,9256
51164,9256
51165,9256
51166,9256
51167,9256
51168,9256
51169,9256
51170,9257
51171,9257
51172,9258
51173,9258
51174,9258
51175,9258
51176,9258
51177,9258
51178,9259
51179,9259
51180,9259
51181,9259
51182,9259
51183,9259
51184,9259
51185,9259
51186,9259
51187,9260
51188,9260
51189,9260
51190,9260
51191,9260
51192,9260
51193,9260
51194,9260
51195,9260
51196,9261
51197,9261
51198,9261
51199,9261
51200,9261
51201,9261
51202,9261
51203,9261
51204,9262
51205,9262
51206,9262
51207,9263
51208,9263
51209,9263
51210,9263
51211,9263
51212,9263
51213,9264
51214,9264
51215,9264
51216,9264
51217,9264
51218,9264
51226,9266
51227,9266
51228,9266
51229,9266
51230,9267
51231,9267
51232,9267
51233,9267
51234,9267
51235,9268
51236,9268
51237,9268
51238,9268
51239,9268
51240,9268
51241,9268
51242,9268
51243,9268
51244,9269
51245,9269
51246,9269
51247,9269
51248,9269
51249,9270
51250,9271
51251,9272
51252,9273
51253,9273
51254,9273
51255,9273
51256,9273
51257,9273
51258,9273
51259,9273
51260,9273
51261,9273
51262,9274
51263,9274
51264,9275
51265,9275
51266,9275
51267,9275
51268,9276
51269,9276
51270,9276
51271,9276
51272,9276
51273,9276
51274,9277
51275,9277
51276,9277
51277,9277
51278,9277
51279,9277
51280,9277
51281,9277
51282,9278
51283,9279
51284,9279
51285,9279
51286,9279
51287,9279
51288,9279
51289,9279
51290,9280
51291,9280
51292,9280
51293,9280
51294,9280
51295,9280
51296,9280
51297,9280
51298,9281
51299,9281
51300,9281
51301,9281
51302,9281
51303,9281
51304,9281
51305,9282
51306,9282
51307,9283
51308,9283
51309,9283
51310,9283
51311,9283
51312,9283
51313,9284
51314,9285
51315,9286
51316,9287
51317,9287
51318,9287
51319,9287
51320,9287
51321,9287
51322,9287
51323,9287
51324,9287
51325,9287
51326,9288
51327,9288
51328,9288
51329,9288
51330,9288
51331,9288
51332,9288
51333,9288
51334,9289
51335,9289
51336,9289
51337,9290
51338,9291
51339,9291
51340,9291
51341,9291
51342,9291
51343,9291
51344,9291
51345,9292
51346,9292
51347,9292
51348,9292
51349,9292
51350,9292
51351,9292
51352,9292
51353,9292
51354,9293
51355,9293
51356,9293
51357,9293
51358,9293
51359,9294
51360,9295
51361,9295
51362,9296
51363,9296
51364,9296
51365,9296
51366,9296
51367,9297
51368,9297
51369,9297
51370,9297
51371,9297
51372,9297
51373,9297
51374,9297
51375,9297
51376,9297
51377,9298
51378,9298
51379,9298
51380,9298
51381,9298
51382,9298
51383,9298
51384,9298
51385,9298
51386,9299
51387,9299
51388,9299
51389,9299
51390,9299
51391,9299
51392,9299
51393,9300
51394,9300
51395,9300
51396,9300
51397,9300
51398,9300
51399,9300
51400,9300
51401,9301
51402,9302
51403,9302
51404,9302
51405,9302
51406,9302
51407,9302
51408,9302
51409,9302
51410,9303
51411,9303
51412,9303
51413,9304
51414,9304
51415,9304
51416,9304
51417,9305
51418,9305
51419,9306
51420,9306
51421,9306
51422,9306
51423,9306
51424,9306
51425,9306
51426,9307
51427,9307
51428,9307
51429,9308
51430,9308
51431,9308
51432,9308
51433,9308
51434,9308
51435,9308
51436,9308
51437,9308
51438,9309
51439,9309
51440,9309
51441,9309
51442,9309
51443,9309
51444,9309
51445,9309
51446,9310
51447,9310
51448,9310
51449,9310
51450,9310
51451,9311
51452,9311
51453,9311
51454,9311
51455,9311
51456,9311
51457,9311
51458,9311
51459,9311
51460,9311
51461,9312
51462,9312
51463,9312
51464,9312
51465,9312
51466,9312
51467,9312
51468,9313
51469,9313
51470,9313
51471,9313
51472,9313
51473,9313
51474,9313
51475,9313
51476,9313
51477,9313
51478,9314
51479,9315
51480,9315
51481,9316
51482,9316
51483,9316
51484,9316
51485,9317
51486,9317
51487,9317
51488,9317
51489,9317
51490,9317
51491,9317
51492,9317
51493,9318
51494,9318
51495,9318
51496,9318
51497,9318
51498,9319
51499,9319
51500,9319
51501,9319
51502,9319
51503,9319
51504,9319
51505,9320
51506,9320
51507,9320
51508,9320
51509,9320
51510,9321
51511,9321
51512,9321
51513,9321
51514,9321
51515,9322
51516,9322
51517,9323
51518,9323
51519,9323
51520,9323
51521,9323
51522,9323
51523,9323
51524,9323
51525,9324
51526,9325
51527,9325
51528,9325
51529,9326
51530,9326
51531,9327
51532,9327
51533,9327
51534,9328
51535,9328
51536,9328
51537,9328
51538,9328
51539,9329
51540,9330
51541,9330
51542,9330
51543,9330
51544,9330
51545,9330
51546,9330
51547,9330
51548,9330
51549,9330
51550,9331
51551,9331
51552,9331
51553,9331
51554,9331
51555,9331
51556,9331
51557,9331
51558,9331
51559,9332
51560,9332
51561,9332
51562,9333
51563,9333
51564,9333
51565,9333
51566,9333
51567,9333
51568,9333
51569,9333
51570,9334
51571,9334
51572,9334
51573,9334
51574,9334
51575,9334
51576,9334
51577,9334
51578,9334
51579,9334
51580,9335
51581,9335
51582,9335
51583,9335
51584,9335
51585,9335
51586,9335
51587,9336
51588,9336
51589,9337
51590,9337
51591,9338
51592,9338
51593,9339
51594,9339
51595,9339
51596,9339
51597,9339
51598,9339
51599,9339
51600,9340
51601,9340
51602,9340
51603,9340
51604,9340
51605,9340
51606,9340
51607,9340
51608,9341
51609,9341
51610,9342
51611,9342
51612,9342
51613,9342
51614,9342
51615,9342
51616,9342
51617,9343
51618,9343
51619,9343
51620,9343
51621,9344
51622,9345
51623,9345
51624,9345
51625,9345
51626,9345
51627,9345
51628,9346
51629,9346
51630,9347
51631,9347
51632,9347
51633,9347
51634,9347
51635,9347
51636,9347
51637,9348
51638,9348
51639,9348
51640,9348
51641,9349
51642,9349
51643,9349
51644,9349
51645,9349
51646,9349
51647,9349
51648,9349
51649,9349
51650,9350
51651,9351
51652,9351
51653,9351
51654,9351
51655,9351
51656,9351
51657,9351
51658,9351
51659,9351
51660,9351
51661,9352
51662,9353
51663,9354
51664,9355
51665,9355
51666,9355
51667,9355
51668,9355
51669,9355
51670,9355
51671,9355
51672,9356
51673,9356
51674,9356
51675,9356
51676,9356
51677,9356
51678,9356
51679,9356
51680,9356
51681,9356
51682,9357
51683,9357
51684,9357
51685,9357
51686,9357
51687,9357
51688,9357
51689,9357
51690,9357
51691,9357
51692,9358
51693,9358
51694,9358
51695,9358
51696,9358
51697,9358
51698,9358
51699,9358
51700,9359
51701,9359
51702,9359
51703,9359
51704,9359
51705,9359
51706,9359
51707,9360
51708,9360
51709,9361
51710,9361
51711,9361
51712,9361
51713,9361
51714,9361
51715,9361
51716,9361
51717,9361
51718,9362
51719,9362
51720,9362
51721,9362
51722,9362
51723,9362
51724,9362
51725,9362
51726,9363
51727,9363
51728,9363
51729,9363
51730,9363
51731,9363
51732,9363
51733,9363
51734,9363
51735,9363
51736,9364
51737,9364
51738,9364
51739,9364
51740,9364
51741,9364
51742,9364
51743,9364
51744,9365
51745,9365
51746,9365
51747,9365
51748,9365
51749,9365
51750,9365
51751,9365
51752,9366
51753,9366
51754,9366
51755,9366
51756,9366
51757,9366
51758,9367
51759,9367
51760,9367
51761,9367
51762,9367
51763,9368
51764,9368
51765,9368
51766,9368
51767,9368
51768,9368
51769,9368
51770,9369
51771,9369
51772,9369
51773,9369
51774,9369
51775,9369
51776,9369
51777,9369
51778,9369
51779,9370
51780,9370
51781,9370
51782,9370
51783,9370
51784,9370
51785,9370
51786,9370
51787,9370
51788,9370
51789,9371
51790,9371
51791,9372
51792,9372
51793,9372
51794,9372
51795,9372
51796,9372
51797,9372
51798,9373
51799,9374
51800,9374
51801,9374
51802,9374
51803,9374
51804,9374
51805,9374
51806,9374
51807,9374
51808,9375
51809,9375
51810,9375
51811,9375
51812,9375
51813,9376
51814,9376
51815,9376
51816,9376
51817,9376
51818,9377
51819,9377
51820,9377
51821,9377
51822,9377
51823,9377
51824,9377
51825,9378
51826,9378
51827,9378
51828,9378
51829,9378
51830,9379
51831,9380
51832,9380
51833,9380
51834,9380
51835,9381
51836,9381
51837,9381
51838,9381
51839,9381
51840,9382
51841,9382
51842,9382
51843,9382
51844,9383
51845,9383
51846,9383
51847,9383
51848,9383
51849,9383
51850,9384
51851,9384
51852,9384
51853,9384
51854,9384
51855,9384
51856,9384
51857,9384
51858,9384
51859,9384
51860,9385
51861,9385
51862,9385
51863,9386
51864,9386
51865,9386
51866,9386
51867,9386
51868,9386
51869,9387
51870,9388
51871,9388
51872,9389
51873,9389
51874,9389
51875,9389
51876,9389
51877,9390
51878,9390
51879,9390
51880,9390
51881,9390
51882,9390
51883,9390
51884,9390
51885,9390
51886,9390
51887,9391
51888,9391
51889,9391
51890,9392
51891,9392
51892,9392
51893,9392
51894,9392
51895,9393
51896,9393
51897,9393
51898,9393
51899,9394
51900,9394
51901,9394
51902,9394
51903,9394
51904,9394
51905,9394
51906,9395
51907,9395
51908,9395
51909,9395
51910,9395
51911,9395
51912,9396
51913,9396
51914,9397
51915,9397
51916,9397
51917,9397
51918,9397
51919,9397
51920,9397
51921,9397
51922,9398
51923,9398
51924,9398
51925,9398
51926,9398
51927,9399
51928,9399
51929,9399
51930,9399
51931,9399
51932,9399
51933,9399
51934,9400
51935,9400
51936,9400
51937,9401
51938,9401
51939,9401
51940,9401
51941,9401
51942,9401
51943,9402
51944,9402
51945,9402
51946,9402
51947,9402
51948,9402
51949,9403
51950,9403
51951,9403
51952,9403
51953,9404
51954,9404
51955,9404
51956,9404
51957,9404
51958,9404
51959,9404
51960,9404
51961,9404
51962,9405
51963,9405
51964,9406
51965,9406
51966,9406
51967,9406
51968,9406
51969,9407
51970,9407
51971,9407
51972,9407
51973,9407
51974,9407
51975,9407
51976,9407
51977,9407
51978,9408
51979,9408
51980,9408
51981,9409
51982,9409
51983,9410
51984,9411
51985,9411
51986,9411
51987,9411
51988,9411
51989,9411
51990,9412
51991,9412
51992,9412
51993,9412
51994,9412
51995,9413
51996,9413
51997,9413
51998,9413
51999,9413
52000,9413
52001,9413
52002,9414
52003,9414
52004,9414
52005,9414
52006,9414
52007,9414
52008,9414
52009,9414
52010,9415
52011,9415
52012,9415
52013,9415
52014,9415
52015,9416
52016,9416
52017,9417
52018,9418
52019,9418
52020,9418
52021,9418
52022,9418
52023,9419
52024,9419
52025,9419
52026,9419
52027,9419
52028,9420
52029,9421
52030,9421
52031,9421
52032,9421
52033,9421
52034,9421
52035,9421
52036,9422
52037,9422
52038,9422
52039,9422
52040,9422
52041,9422
52042,9422
52043,9422
52044,9423
52045,9424
52046,9424
52047,9424
52048,9424
52049,9424
52050,9424
52051,9424
52052,9424
52053,9424
52054,9424
52055,9425
52056,9426
52057,9426
52058,9426
52059,9426
52060,9426
52061,9426
52062,9427
52063,9427
52064,9427
52065,9427
52066,9427
52067,9427
52068,9427
52069,9427
52070,9427
52071,9427
52072,9428
52073,9428
52074,9428
52075,9428
52076,9428
52077,9428
52078,9428
52079,9428
52080,9429
52081,9429
52082,9429
52083,9429
52084,9429
52085,9429
52086,9430
52087,9430
52088,9430
52089,9430
52090,9430
52091,9430
52092,9430
52093,9430
52094,9430
52095,9430
52096,9431
52097,9431
52098,9432
52099,9432
52100,9432
52101,9432
52102,9432
52103,9432
52104,9433
52105,9433
52106,9433
52107,9433
52108,9433
52109,9433
52110,9433
52111,9433
52112,9434
52113,9434
52114,9434
52115,9434
52116,9434
52117,9434
52118,9434
52119,9434
52120,9434
52121,9434
52122,9435
52123,9435
52124,9435
52125,9435
52126,9435
52127,9435
52128,9435
52129,9436
52130,9436
52131,9436
52132,9436
52133,9436
52134,9436
52135,9436
52136,9436
52137,9436
52138,9436
52139,9437
52140,9437
52141,9437
52142,9437
52143,9437
52144,9437
52145,9437
52146,9437
52147,9437
52148,9437
52149,9438
52150,9438
52151,9438
52152,9438
52153,9438
52154,9438
52155,9438
52156,9439
52157,9439
52158,9439
52159,9439
52160,9439
52161,9439
52162,9440
52163,9441
52164,9441
52165,9441
52166,9441
52167,9441
52168,9441
52169,9441
52170,9441
52171,9442
52172,9442
52173,9442
52174,9442
52175,9442
52176,9443
52177,9443
52178,9443
52179,9443
52180,9443
52181,9443
52182,9443
52183,9443
52184,9443
52185,9443
52186,9444
52187,9444
52188,9444
52189,9444
52190,9444
52191,9444
52192,9444
52193,9444
52194,9444
52195,9444
52196,9445
52197,9445
52198,9445
52199,9445
52200,9445
52201,9445
52202,9445
52203,9445
52204,9445
52205,9445
52206,9446
52207,9446
52208,9447
52209,9447
52210,9448
52211,9448
52212,9448
52213,9448
52214,9448
52215,9448
52216,9449
52217,9449
52218,9449
52219,9449
52220,9449
52221,9449
52222,9449
52223,9450
52224,9450
52225,9451
52226,9451
52227,9451
52228,9451
52229,9451
52230,9451
52231,9451
52232,9451
52233,9451
52234,9451
52235,9452
52236,9453
52237,9453
52238,9453
52239,9453
52240,9453
52241,9453
52242,9453
52243,9453
52244,9453
52245,9454
52246,9454
52247,9454
52248,9454
52249,9454
52250,9454
52251,9454
52252,9454
52253,9454
52254,9455
52255,9455
52256,9455
52257,9456
52258,9456
52259,9456
52260,9456
52261,9456
52262,9457
52263,9457
52264,9457
52265,9458
52266,9458
52267,9458
52268,9458
52269,9458
52270,9458
52271,9458
52272,9458
52273,9459
52274,9459
52275,9459
52276,9459
52277,9459
52278,9459
52279,9460
52280,9460
52281,9460
52282,9461
52283,9461
52284,9461
52285,9461
52286,9461
52287,9461
52288,9461
52289,9461
52290,9462
52291,9462
52292,9462
52293,9463
52294,9463
52295,9463
52296,9464
52297,9464
52298,9464
52299,9464
52300,9465
52301,9465
52302,9465
52303,9465
52304,9465
52305,9466
52306,9466
52307,9466
52308,9466
52309,9466
52310,9466
52311,9466
52312,9466
52313,9466
52314,9467
52315,9467
52316,9467
52317,9467
52318,9467
52319,9467
52320,9467
52321,9468
52322,9469
52323,9469
52324,9469
52325,9469
52326,9469
52327,9470
52328,9470
52329,9470
52330,9470
52331,9470
52332,9470
52333,9470
52334,9471
52335,9471
52336,9471
52337,9471
52338,9471
52339,9471
52340,9472
52341,9472
52342,9472
52343,9472
52344,9473
52345,9473
52346,9473
52347,9473
52348,9473
52349,9473
52350,9473
52351,9473
52352,9474
52353,9474
52354,9475
52355,9475
52356,9475
52357,9475
52358,9476
52359,9476
52360,9476
52361,9476
52362,9476
52363,9476
52364,9476
52365,9476
52366,9477
52367,9477
52368,9477
52369,9477
52370,9478
52371,9478
52372,9478
52373,9478
52374,9478
52375,9479
52376,9479
52377,9479
52378,9479
52379,9479
52380,9479
52381,9479
52382,9479
52383,9479
52384,9480
52385,9480
52386,9480
52387,9480
52388,9480
52389,9481
52390,9481
52391,9481
52392,9481
52393,9481
52394,9481
52395,9481
52396,9481
52397,9482
52398,9482
52399,9482
52400,9482
52401,9482
52402,9482
52403,9482
52404,9482
52405,9483
52406,9483
52407,9483
52408,9483
52409,9483
52410,9483
52411,9484
52412,9484
52413,9484
52414,9484
52415,9485
52416,9485
52417,9485
52418,9485
52419,9485
52420,9485
52421,9485
52422,9485
52423,9486
52424,9486
52425,9486
52426,9486
52427,9486
52428,9486
52429,9486
52430,9486
52431,9486
52432,9486
52433,9487
52434,9487
52435,9488
52436,9488
52437,9488
52438,9488
52439,9488
52440,9489
52441,9489
52442,9489
52443,9489
52444,9489
52445,9490
52446,9490
52447,9490
52448,9490
52449,9491
52450,9491
52451,9491
52452,9491
52453,9491
52454,9491
52455,9492
52456,9492
52457,9492
52458,9493
52459,9494
52460,9495
52461,9495
52462,9495
52463,9495
52464,9495
52465,9495
52466,9495
52467,9496
52468,9497
52469,9497
52470,9497
52471,9497
52472,9497
52473,9497
52474,9497
52475,9497
52476,9497
52477,9497
52478,9498
52479,9498
52480,9498
52481,9498
52482,9498
52483,9499
52484,9499
52485,9500
52486,9500
52487,9500
52488,9500
52489,9500
52490,9500
52491,9501
52492,9501
52493,9501
52494,9501
52495,9501
52496,9501
52497,9501
52498,9501
52499,9502
52500,9502
52501,9502
52502,9502
52503,9502
52504,9503
52505,9503
52506,9503
52507,9503
52508,9503
52509,9503
52510,9503
52511,9503
52512,9503
52513,9504
52514,9504
52515,9504
52516,9504
52517,9504
52518,9504
52519,9504
52520,9505
52521,9506
52522,9506
52523,9506
52524,9506
52525,9506
52526,9506
52527,9506
52528,9506
52529,9506
52530,9507
52531,9507
52532,9507
52533,9507
52534,9507
52535,9507
52536,9507
52537,9508
52538,9508
52539,9508
52540,9508
52541,9508
52542,9508
52543,9508
52544,9508
52545,9509
52546,9509
52547,9510
52548,9510
52549,9510
52550,9510
52551,9511
52552,9511
52553,9512
52554,9512
52555,9512
52556,9512
52557,9513
52558,9513
52559,9513
52560,9513
52561,9513
52562,9513
52563,9513
52564,9514
52565,9515
52566,9515
52567,9515
52568,9515
52569,9515
52570,9515
52571,9515
52572,9515
52573,9516
52574,9516
52575,9516
52576,9516
52577,9516
52578,9517
52579,9517
52580,9517
52581,9517
52582,9517
52583,9517
52584,9517
52585,9518
52586,9518
52587,9518
52588,9518
52589,9518
52590,9518
52591,9518
52592,9518
52593,9518
52594,9519
52595,9519
52596,9519
52597,9520
52598,9520
52599,9520
52600,9520
52601,9520
52602,9520
52603,9520
52604,9520
52605,9520
52606,9520
52607,9521
52608,9522
52609,9522
52610,9522
52611,9522
52612,9523
52613,9523
52614,9523
52615,9523
52616,9523
52617,9524
52618,9524
52619,9524
52620,9524
52621,9525
52622,9525
52623,9525
52624,9525
52625,9525
52626,9525
52627,9525
52628,9525
52629,9525
52630,9525
52631,9526
52632,9526
52633,9526
52634,9526
52635,9526
52636,9526
52637,9526
52638,9526
52639,9526
52640,9527
52641,9527
52642,9527
52643,9527
52644,9527
52645,9527
52646,9527
52647,9527
52648,9527
52649,9527
52650,9528
52651,9528
52652,9528
52653,9528
52654,9528
52655,9528
52656,9528
52657,9528
52658,9529
52659,9530
52660,9530
52661,9530
52662,9530
52663,9530
52664,9531
52665,9531
52666,9531
52667,9532
52668,9532
52669,9532
52670,9532
52671,9532
52672,9532
52673,9532
52674,9532
52675,9533
52676,9533
52677,9533
52678,9533
52679,9533
52680,9534
52681,9534
52682,9534
52683,9534
52684,9535
52685,9535
52686,9535
52687,9535
52688,9535
52689,9535
52690,9536
52691,9536
52692,9536
52693,9536
52694,9536
52695,9537
52696,9538
52697,9538
52698,9538
52699,9538
52700,9538
52701,9538
52702,9538
52703,9538
52704,9538
52705,9539
52706,9540
52707,9540
52708,9540
52709,9540
52710,9540
52711,9540
52712,9541
52713,9541
52714,9541
52715,9542
52716,9542
52717,9542
52718,9542
52719,9542
52720,9542
52721,9542
52722,9542
52723,9542
52724,9542
52725,9543
52726,9543
52727,9543
52728,9544
52729,9544
52730,9544
52731,9544
52732,9544
52733,9545
52734,9546
52735,9546
52736,9546
52737,9546
52738,9546
52739,9546
52740,9546
52741,9546
52742,9546
52743,9546
52744,9547
52745,9547
52746,9547
52747,9547
52748,9547
52749,9548
52750,9548
52751,9548
52752,9548
52753,9549
52754,9549
52755,9549
52756,9549
52757,9550
52758,9550
52759,9550
52760,9550
52761,9550
52762,9550
52763,9550
52764,9550
52765,9550
52766,9550
52767,9551
52768,9552
52769,9552
52770,9553
52771,9553
52772,9553
52773,9554
52774,9554
52775,9554
52776,9554
52777,9554
52778,9554
52779,9554
52780,9554
52781,9554
52782,9555
52783,9555
52784,9555
52785,9555
52786,9556
52787,9556
52788,9556
52789,9557
52790,9557
52791,9557
52792,9557
52793,9557
52794,9557
52795,9558
52796,9558
52797,9558
52798,9558
52799,9558
52800,9558
52801,9558
52802,9559
52803,9559
52804,9559
52805,9560
52806,9560
52807,9560
52808,9560
52809,9561
52810,9561
52811,9561
52812,9561
52813,9562
52814,9562
52815,9562
52816,9562
52817,9562
52818,9562
52819,9562
52820,9562
52821,9562
52822,9562
52823,9563
52824,9563
52825,9563
52826,9564
52827,9564
52828,9564
52829,9564
52830,9564
52831,9564
52832,9564
52833,9564
52834,9565
52835,9565
52836,9566
52837,9566
52838,9566
52839,9566
52840,9566
52841,9566
52842,9566
52843,9566
52844,9566
52845,9567
52846,9568
52847,9568
52848,9568
52849,9568
52850,9568
52851,9568
52852,9568
52853,9569
52854,9569
52855,9569
52856,9569
52857,9569
52858,9569
52859,9569
52860,9569
52861,9569
52862,9569
52863,9570
52864,9570
52865,9570
52866,9570
52867,9570
52868,9570
52869,9570
52870,9571
52871,9571
52872,9571
52873,9571
52874,9571
52875,9571
52876,9572
52877,9572
52878,9572
52879,9572
52880,9572
52881,9572
52882,9573
52883,9574
52884,9574
52885,9575
52886,9576
52887,9576
52888,9576
52889,9577
52890,9577
52891,9577
52892,9578
52893,9578
52894,9578
52895,9578
52896,9578
52897,9578
52898,9578
52899,9578
52900,9578
52901,9579
52902,9579
52903,9579
52904,9579
52905,9579
52906,9579
52907,9579
52908,9579
52909,9579
52910,9579
52911,9580
52912,9580
52913,9580
52914,9580
52915,9581
52916,9581
52917,9581
52918,9581
52919,9581
52920,9581
52921,9581
52922,9582
52923,9582
52924,9582
52925,9582
52926,9582
52927,9582
52928,9583
52929,9583
52930,9583
52931,9584
52932,9584
52933,9584
52934,9584
52935,9584
52936,9584
52937,9584
52938,9584
52939,9584
52940,9585
52941,9585
52942,9585
52943,9585
52944,9585
52945,9585
52946,9585
52947,9585
52948,9585
52949,9586
52950,9586
52951,9586
52952,9586
52953,9586
52954,9586
52955,9586
52956,9586
52957,9586
52958,9587
52959,9587
52960,9587
52961,9587
52962,9587
52963,9587
52964,9588
52965,9588
52966,9588
52967,9588
52968,9588
52969,9588
52970,9588
52971,9588
52972,9588
52973,9588
52974,9589
52975,9589
52976,9589
52977,9589
52978,9589
52979,9589
52980,9589
52981,9589
52982,9589
52983,9590
52984,9590
52985,9590
52986,9590
52987,9590
52988,9590
52989,9590
52990,9591
52991,9591
52992,9591
52993,9591
52994,9592
52995,9593
52996,9593
52997,9593
52998,9593
52999,9593
53000,9593
53001,9594
53002,9594
53003,9594
53004,9594
53005,9594
53006,9594
53007,9594
53008,9594
53009,9595
53010,9595
53011,9595
53012,9595
53013,9595
53014,9596
53015,9596
53016,9597
53017,9597
53018,9597
53019,9597
53020,9597
53021,9597
53022,9598
53023,9598
53024,9598
53025,9598
53026,9598
53027,9598
53028,9598
53029,9598
53030,9598
53031,9599
53032,9599
53033,9599
53034,9599
53035,9599
53036,9599
53037,9599
53038,9600
53039,9600
53040,9600
53041,9600
53042,9600
53043,9600
53044,9600
53045,9600
53046,9600
53047,9601
53048,9601
53049,9601
53050,9601
53051,9601
53052,9601
53053,9601
53054,9601
53055,9601
53056,9601
53057,9602
53058,9602
53059,9602
53060,9602
53061,9602
53062,9602
53063,9602
53064,9602
53065,9602
53066,9603
53067,9603
53068,9603
53069,9603
53070,9603
53071,9603
53072,9604
53073,9604
53074,9604
53075,9605
53076,9605
53077,9605
53078,9605
53079,9605
53080,9606
53081,9606
53082,9606
53083,9606
53084,9606
53085,9606
53086,9606
53087,9606
53088,9606
53089,9607
53090,9607
53091,9607
53092,9607
53093,9608
53094,9608
53095,9608
53096,9608
53097,9608
53098,9608
53099,9608
53100,9608
53101,9609
53102,9609
53103,9609
53104,9609
53105,9609
53106,9609
53107,9609
53108,9609
53109,9609
53110,9609
53111,9610
53112,9610
53113,9610
53114,9610
53115,9610
53116,9610
53117,9610
53118,9610
53119,9610
53120,9611
53121,9611
53122,9611
53123,9611
53124,9611
53125,9611
53126,9611
53127,9611
53128,9612
53129,9612
53130,9612
53131,9612
53132,9612
53133,9612
53134,9613
53135,9613
53136,9614
53137,9614
53138,9614
53139,9614
53140,9614
53141,9615
53142,9615
53143,9615
53144,9615
53145,9616
53146,9616
53147,9616
53148,9616
53149,9616
53150,9616
53151,9617
53152,9617
53153,9618
53154,9618
53155,9619
53156,9619
53157,9620
53158,9620
53159,9620
53160,9620
53161,9620
53162,9620
53163,9620
53164,9620
53165,9620
53166,9620
53167,9621
53168,9621
53169,9621
53170,9621
53171,9622
53172,9622
53173,9622
53174,9622
53175,9622
53176,9622
53177,9622
53178,9622
53179,9622
53180,9622
53181,9623
53182,9624
53183,9624
53184,9624
53185,9624
53186,9624
53187,9625
53188,9626
53189,9626
53190,9626
53191,9626
53192,9626
53193,9626
53194,9626
53195,9626
53196,9626
53197,9626
53198,9627
53199,9627
53200,9627
53201,9627
53202,9627
53203,9627
53204,9627
53205,9627
53206,9627
53207,9627
53208,9628
53209,9628
53210,9628
53211,9628
53212,9628
53213,9628
53214,9628
53215,9629
53216,9629
53217,9629
53218,9630
53219,9630
53220,9630
53221,9630
53222,9630
53223,9630
53224,9631
53225,9631
53226,9631
53227,9631
53228,9631
53229,9631
53230,9631
53231,9631
53232,9631
53233,9631
53234,9632
53235,9632
53236,9633
53237,9633
53238,9633
53239,9633
53240,9633
53241,9633
53242,9634
53243,9634
53244,9635
53245,9635
53246,9635
53247,9635
53248,9635
53249,9635
53250,9636
53251,9636
53252,9636
53253,9636
53254,9636
53255,9636
53256,9636
53257,9637
53258,9637
53259,9637
53260,9637
53261,9638
53262,9638
53263,9638
53264,9638
53265,9638
53266,9638
53267,9638
53268,9638
53269,9638
53270,9639
53271,9639
53272,9639
53273,9639
53274,9639
53275,9639
53276,9639
53277,9639
53278,9640
53279,9640
53280,9640
53281,9640
53282,9640
53283,9640
53284,9640
53285,9640
53286,9640
53287,9641
53288,9641
53289,9641
53290,9641
53291,9641
53292,9642
53293,9643
53294,9643
53295,9643
53296,9643
53297,9643
53298,9643
53299,9643
53300,9643
53301,9643
53302,9644
53303,9644
53304,9644
53305,9644
53306,9644
53307,9644
53308,9645
53309,9645
53310,9645
53311,9645
53312,9645
53313,9645
53314,9645
53315,9645
53316,9645
53317,9646
53318,9646
53319,9646
53320,9646
53321,9646
53322,9646
53323,9646
53324,9646
53325,9646
53326,9647
53327,9647
53328,9647
53329,9647
53330,9647
53331,9647
53332,9647
53333,9647
53334,9648
53335,9648
53336,9648
53337,9648
53338,9648
53339,9649
53340,9649
53341,9649
53342,9649
53343,9650
53344,9650
53345,9650
53346,9650
53347,9650
53348,9651
53349,9651
53350,9652
53351,9652
53352,9652
53353,9652
53354,9653
53355,9653
53356,9653
53357,9653
53358,9654
53359,9654
53360,9654
53361,9655
53362,9655
53363,9655
53364,9655
53365,9656
53366,9656
53367,9656
53368,9656
53369,9656
53370,9657
53371,9657
53372,9657
53373,9657
53374,9657
53375,9657
53376,9658
53377,9659
53378,9659
53379,9659
53380,9659
53381,9659
53382,9659
53383,9660
53384,9660
53385,9660
53386,9660
53387,9660
53388,9660
53389,9660
53390,9660
53391,9661
53392,9661
53393,9661
53394,9661
53395,9661
53396,9661
53397,9661
53398,9661
53399,9661
53400,9661
53401,9662
53402,9662
53403,9662
53404,9662
53405,9662
53406,9663
53407,9663
53408,9663
53409,9663
53410,9664
53411,9664
53412,9664
53413,9664
53414,9664
53415,9664
53416,9664
53417,9664
53418,9664
53419,9664
53420,9665
53421,9665
53422,9665
53423,9665
53424,9666
53425,9666
53426,9666
53427,9666
53428,9666
53429,9666
53430,9667
53431,9667
53432,9667
53433,9667
53434,9667
53435,9667
53436,9667
53437,9667
53438,9667
53439,9667
53440,9668
53441,9668
53442,9668
53443,9668
53444,9668
53445,9668
53446,9668
53447,9668
53448,9669
53449,9669
53450,9670
53451,9671
53452,9671
53453,9671
53454,9671
53455,9672
53456,9673
53457,9673
53458,9673
53459,9673
53460,9673
53461,9673
53462,9673
53463,9674
53464,9674
53465,9674
53466,9674
53467,9675
53468,9675
53469,9675
53470,9675
53471,9675
53472,9675
53473,9675
53474,9675
53475,9675
53476,9675
53477,9676
53478,9676
53479,9676
53480,9676
53481,9676
53482,9676
53483,9676
53484,9677
53485,9677
53486,9678
53487,9678
53488,9678
53489,9678
53490,9678
53491,9678
53492,9678
53493,9678
53494,9679
53495,9679
53496,9679
53497,9679
53498,9679
53499,9679
53500,9679
53501,9679
53502,9679
53503,9679
53504,9680
53505,9680
53506,9680
53507,9680
53508,9681
53509,9681
53510,9681
53511,9682
53512,9682
53513,9683
53514,9683
53515,9683
53516,9683
53517,9683
53518,9683
53519,9683
53520,9683
53521,9684
53522,9684
53523,9684
53524,9684
53525,9685
53526,9685
53527,9685
53528,9685
53529,9685
53530,9685
53531,9685
53532,9685
53533,9685
53534,9685
53535,9686
53536,9687
53537,9687
53538,9687
53539,9688
53540,9689
53541,9690
53542,9690
53543,9690
53544,9690
53545,9690
53546,9690
53547,9690
53548,9690
53549,9690
53550,9690
53551,9691
53552,9691
53553,9691
53554,9691
53555,9691
53556,9692
53557,9692
53558,9692
53559,9693
53560,9693
53561,9693
53562,9693
53563,9693
53564,9693
53565,9693
53566,9694
53567,9694
53568,9694
53569,9694
53570,9694
53571,9694
53572,9694
53573,9694
53574,9695
53575,9696
53576,9696
53577,9696
53578,9697
53579,9697
53580,9697
53581,9698
53582,9698
53583,9698
53584,9698
53585,9698
53586,9698
53587,9698
53588,9698
53589,9699
53590,9699
53591,9700
53592,9700
53593,9700
53594,9700
53595,9700
53596,9701
53597,9702
53598,9702
53599,9702
53600,9702
53601,9702
53602,9703
53603,9703
53604,9703
53605,9703
53606,9703
53607,9703
53608,9703
53609,9703
53610,9703
53611,9704
53612,9704
53613,9704
53614,9704
53615,9705
53616,9705
53617,9705
53618,9705
53619,9705
53620,9705
53621,9705
53622,9706
53623,9706
53624,9706
53625,9706
53626,9706
53627,9706
53628,9706
53629,9707
53630,9708
53631,9708
53632,9708
53633,9708
53634,9709
53635,9709
53636,9709
53637,9710
53638,9710
53639,9710
53640,9710
53641,9710
53642,9710
53643,9710
53644,9710
53645,9710
53646,9711
53647,9711
53648,9711
53649,9711
53650,9711
53651,9712
53652,9712
53653,9712
53654,9712
53655,9712
53656,9712
53657,9712
53658,9712
53659,9713
53660,9713
53661,9713
53662,9713
53663,9713
53664,9713
53665,9713
53666,9713
53667,9714
53668,9714
53669,9714
53670,9714
53671,9714
53672,9715
53673,9715
53674,9715
53675,9716
53676,9716
53677,9716
53678,9716
53679,9716
53680,9716
53681,9717
53682,9717
53683,9717
53684,9718
53685,9718
53686,9718
53687,9718
53688,9718
53689,9718
53690,9718
53691,9718
53692,9718
53693,9719
53694,9719
53695,9719
53696,9719
53697,9719
53698,9719
53699,9719
53700,9719
53701,9720
53702,9720
53703,9720
53704,9720
53705,9720
53706,9720
53707,9720
53708,9720
53709,9721
53710,9721
53711,9721
53712,9722
53713,9722
53714,9722
53715,9722
53716,9722
53717,9722
53718,9722
53719,9722
53720,9722
53721,9722
53722,9723
53723,9723
53724,9723
53725,9723
53726,9724
53727,9724
53728,9724
53729,9724
53730,9724
53731,9725
53732,9725
53733,9725
53734,9726
53735,9726
53736,9727
53737,9727
53738,9728
53739,9728
53740,9728
53741,9729
53742,9729
53743,9729
53744,9729
53745,9729
53746,9729
53747,9729
53748,9730
53749,9730
53750,9730
53751,9730
53752,9730
53753,9730
53754,9730
53755,9731
53756,9731
53757,9731
53758,9731
53759,9731
53760,9731
53761,9731
53762,9731
53763,9732
53764,9732
53765,9732
53766,9732
53767,9732
53768,9732
53769,9732
53770,9732
53771,9732
53772,9732
53773,9733
53774,9733
53775,9733
53776,9733
53777,9733
53778,9733
53779,9733
53780,9733
53781,9733
53782,9734
53783,9734
53784,9734
53785,9734
53786,9734
53787,9734
53788,9734
53789,9734
53790,9734
53791,9734
53792,9735
53793,9735
53794,9735
53795,9735
53796,9735
53797,9735
53798,9736
53799,9736
53800,9737
53801,9737
53802,9737
53803,9737
53804,9737
53805,9737
53806,9737
53807,9737
53808,9738
53809,9738
53810,9738
53811,9738
53812,9738
53813,9738
53814,9738
53815,9738
53816,9738
53817,9738
53818,9739
53819,9739
53820,9739
53821,9739
53822,9739
53823,9740
53824,9740
53825,9740
53826,9740
53827,9740
53828,9740
53829,9740
53830,9740
53831,9741
53832,9742
53833,9742
53834,9742
53835,9743
53836,9743
53837,9743
53838,9744
53839,9744
53840,9744
53841,9744
53842,9744
53843,9745
53844,9745
53845,9746
53846,9746
53847,9746
53848,9746
53849,9746
53850,9747
53851,9747
53852,9747
53853,9747
53854,9747
53855,9747
53856,9748
53857,9748
53858,9749
53859,9749
53860,9750
53861,9750
53862,9750
53863,9750
53864,9751
53865,9751
53866,9751
53867,9751
53868,9751
53869,9751
53870,9751
53871,9751
53872,9751
53873,9752
53874,9752
53875,9752
53876,9752
53877,9752
53878,9752
53879,9752
53880,9752
53881,9753
53882,9753
53883,9753
53884,9753
53885,9753
53886,9753
53887,9754
53888,9754
53889,9754
53890,9754
53891,9754
53892,9754
53893,9754
53894,9754
53895,9754
53896,9754
53897,9755
53898,9755
53899,9755
53900,9756
53901,9757
53902,9757
53903,9757
53904,9758
53905,9758
53906,9758
53907,9758
53908,9759
53909,9759
53910,9759
53911,9760
53912,9760
53913,9760
53914,9760
53915,9761
53916,9761
53917,9761
53918,9762
53919,9762
53920,9762
53921,9762
53922,9762
53923,9762
53924,9762
53925,9762
53926,9763
53927,9763
53928,9763
53929,9764
53930,9764
53931,9764
53932,9764
53933,9765
53934,9765
53935,9766
53936,9766
53937,9767
53938,9768
53939,9768
53940,9768
53941,9768
53942,9768
53943,9768
53944,9768
53945,9768
53946,9768
53947,9768
53948,9769
53949,9769
53950,9769
53951,9769
53952,9769
53953,9769
53954,9769
53955,9770
53956,9771
53957,9771
53958,9771
53959,9771
53960,9772
53961,9772
53962,9772
53963,9772
53964,9772
53965,9772
53966,9773
53967,9773
53968,9773
53969,9773
53970,9774
53971,9774
53972,9774
53973,9774
53974,9774
53975,9775
53976,9776
53977,9776
53978,9776
53979,9776
53980,9776
53981,9776
53982,9776
53983,9776
53984,9776
53985,9776
53986,9777
53987,9777
53988,9777
53989,9777
53990,9777
53991,9777
53992,9777
53993,9777
53994,9777
53995,9778
53996,9778
53997,9779
53998,9779
53999,9779
54000,9779
54001,9779
54002,9779
54003,9779
54004,9779
54005,9780
54006,9780
54007,9780
54008,9780
54009,9781
54010,9781
54011,9781
54012,9781
54013,9781
54014,9781
54015,9781
54016,9781
54017,9781
54018,9782
54019,9782
54020,9782
54021,9782
54022,9782
54023,9782
54024,9783
54025,9783
54026,9783
54027,9783
54028,9784
54029,9784
54030,9784
54031,9785
54032,9785
54033,9785
54034,9785
54035,9785
54036,9785
54037,9786
54038,9786
54039,9786
54040,9787
54041,9788
54042,9789
54043,9789
54044,9789
54045,9789
54046,9789
54047,9789
54048,9789
54049,9790
54050,9790
54051,9790
54052,9790
54053,9790
54054,9790
54055,9790
54056,9790
54057,9790
54058,9790
54059,9791
54060,9791
54061,9791
54062,9792
54063,9792
54064,9792
54065,9792
54066,9792
54067,9792
54068,9793
54069,9793
54070,9793
54071,9793
54072,9793
54073,9793
54074,9793
54075,9793
54076,9793
54077,9793
54078,9794
54079,9794
54080,9794
54081,9794
54082,9794
54083,9794
54084,9794
54085,9794
54086,9795
54087,9795
54088,9795
54089,9795
54090,9795
54091,9795
54092,9795
54093,9795
54094,9796
54095,9796
54096,9796
54097,9796
54098,9796
54099,9796
54100,9796
54101,9796
54102,9796
54103,9796
54104,9797
54105,9797
54106,9797
54107,9797
54108,9797
54109,9797
54110,9797
54111,9797
54112,9798
54113,9798
54114,9798
54115,9798
54116,9798
54117,9798
54118,9799
54119,9799
54120,9799
54121,9799
54122,9799
54123,9799
54124,9799
54125,9799
54126,9800
54127,9800
54128,9800
54129,9800
54130,9800
54131,9801
54132,9801
54133,9801
54134,9801
54135,9801
54136,9801
54137,9802
54138,9802
54139,9802
54140,9802
54141,9802
54142,9803
54143,9803
54144,9803
54145,9803
54146,9803
54147,9804
54148,9804
54149,9804
54150,9804
54151,9804
54152,9804
54153,9804
54154,9805
54155,9805
54156,9805
54157,9805
54158,9805
54159,9805
54160,9805
54161,9805
54162,9806
54163,9806
54164,9806
54165,9806
54166,9806
54167,9806
54168,9806
54169,9806
54170,9806
54171,9806
54172,9807
54173,9808
54174,9808
54175,9808
54176,9808
54177,9809
54178,9809
54179,9809
54180,9809
54181,9809
54182,9809
54183,9809
54184,9809
54185,9809
54186,9809
54187,9810
54188,9810
54189,9810
54190,9811
54191,9811
54192,9811
54193,9811
54194,9811
54195,9811
54196,9811
54197,9812
54198,9813
54199,9813
54200,9813
54201,9813
54202,9813
54203,9814
54204,9814
54205,9814
54206,9814
54207,9814
54208,9815
54209,9815
54210,9815
54211,9815
54212,9815
54213,9815
54214,9815
54215,9815
54216,9815
54217,9816
54218,9816
54219,9817
54220,9817
54221,9817
54222,9818
54223,9818
54224,9818
54225,9818
54226,9818
54227,9818
54228,9818
54229,9818
54230,9818
54231,9819
54232,9819
54233,9820
54234,9820
54235,9820
54236,9821
54237,9821
54238,9821
54239,9821
54240,9821
54241,9821
54242,9822
54243,9822
54244,9822
54245,9822
54246,9822
54247,9822
54248,9822
54249,9822
54250,9822
54251,9823
54252,9823
54253,9823
54254,9823
54255,9823
54256,9823
54257,9824
54258,9824
54259,9824
54260,9824
54261,9824
54262,9824
54263,9824
54264,9824
54265,9824
54266,9824
54267,9825
54268,9825
54269,9825
54270,9825
54271,9825
54272,9825
54273,9825
54274,9825
54275,9825
54276,9826
54277,9827
54278,9827
54279,9827
54280,9828
54281,9828
54282,9828
54283,9828
54284,9828
54285,9828
54286,9828
54287,9829
54288,9829
54289,9829
54290,9829
54291,9829
54292,9830
54293,9830
54294,9830
54295,9830
54296,9830
54297,9830
54298,9830
54299,9831
54300,9831
54301,9831
54302,9831
54303,9831
54304,9831
54305,9831
54306,9831
54307,9832
54308,9832
54309,9832
54310,9832
54311,9832
54312,9833
54313,9833
54314,9833
54315,9833
54316,9833
54317,9833
54318,9833
54319,9833
54320,9833
54321,9834
54322,9834
54323,9834
54324,9834
54325,9834
54326,9834
54327,9834
54328,9834
54329,9834
54330,9835
54331,9835
54332,9835
54333,9835
54334,9836
54335,9836
54336,9836
54337,9836
54338,9836
54339,9836
54340,9836
54341,9836
54342,9836
54343,9837
54344,9837
54345,9837
54346,9838
54347,9838
54348,9838
54349,9838
54350,9838
54351,9838
54352,9838
54353,9838
54354,9838
54355,9839
54356,9839
54357,9839
54358,9840
54359,9840
54360,9840
54361,9840
54362,9840
54363,9840
54364,9840
54365,9841
54366,9841
54367,9841
54368,9841
54369,9842
54370,9842
54371,9842
54372,9842
54373,9842
54374,9843
54375,9843
54376,9843
54377,9843
54378,9843
54379,9844
54380,9844
54381,9844
54382,9844
54383,9844
54384,9844
54385,9844
54386,9845
54387,9845
54388,9845
54389,9845
54390,9845
54391,9845
54392,9845
54393,9845
54394,9845
54395,9845
54396,9846
54397,9846
54398,9846
54399,9846
54400,9846
54401,9847
54402,9847
54403,9847
54404,9847
54405,9847
54406,9848
54407,9848
54408,9848
54409,9849
54410,9850
54411,9850
54412,9851
54413,9851
54414,9851
54415,9851
54416,9851
54417,9851
54418,9851
54419,9851
54420,9852
54421,9852
54422,9852
54423,9852
54424,9852
54425,9852
54426,9852
54427,9852
54428,9852
54429,9853
54430,9853
54431,9853
54432,9853
54433,9853
54434,9853
54435,9854
54436,9854
54437,9854
54438,9854
54439,9854
54440,9854
54441,9855
54442,9855
54443,9855
54444,9855
54445,9855
54446,9855
54447,9855
54448,9856
54449,9856
54450,9856
54451,9856
54452,9856
54453,9856
54454,9856
54455,9856
54456,9857
54457,9857
54458,9857
54459,9857
54460,9858
54461,9858
54462,9858
54463,9858
54464,9858
54465,9859
54466,9859
54467,9859
54468,9859
54469,9859
54470,9859
54471,9859
54472,9859
54473,9860
54474,9860
54475,9860
54476,9860
54477,9860
54478,9861
54479,9861
54480,9861
54481,9861
54482,9861
54483,9862
54484,9862
54485,9862
54486,9862
54487,9862
54488,9862
54489,9862
54490,9862
54491,9863
54492,9863
54493,9863
54494,9863
54495,9864
54496,9864
54497,9864
54498,9864
54499,9864
54500,9864
54501,9864
54502,9864
54503,9865
54504,9865
54505,9865
54506,9866
54507,9866
54508,9866
54509,9866
54510,9866
54511,9866
54512,9866
54513,9866
54514,9866
54515,9867
54516,9867
54517,9868
54518,9868
54519,9868
54520,9868
54521,9868
54522,9869
54523,9869
54524,9869
54525,9869
54526,9869
54527,9870
54528,9870
54529,9870
54530,9870
54531,9870
54532,9870
54533,9870
54534,9871
54535,9871
54536,9871
54537,9871
54538,9872
54539,9872
54540,9872
54541,9872
54542,9872
54543,9872
54544,9873
54545,9873
54546,9873
54547,9873
54548,9873
54549,9873
54550,9873
54551,9874
54552,9874
54553,9874
54554,9874
54555,9874
54556,9874
54557,9875
54558,9875
54559,9876
54560,9876
54561,9876
54562,9876
54563,9876
54564,9876
54565,9877
54566,9877
54567,9877
54568,9878
54569,9878
54570,9878
54571,9878
54572,9878
54573,9879
54574,9879
54575,9879
54576,9879
54577,9879
54578,9880
54579,9880
54580,9880
54581,9880
54582,9880
54583,9880
54584,9880
54585,9880
54586,9880
54587,9881
54588,9881
54589,9881
54590,9881
54591,9881
54592,9881
54593,9881
54594,9881
54595,9881
54596,9882
54597,9882
54598,9882
54599,9882
54600,9882
54601,9882
54602,9882
54603,9882
54604,9883
54605,9883
54606,9883
54607,9883
54608,9883
54609,9883
54610,9884
54611,9884
54612,9884
54613,9884
54614,9884
54615,9884
54616,9884
54617,9884
54618,9885
54619,9885
54620,9885
54621,9885
54622,9885
54623,9885
54624,9885
54625,9885
54626,9885
54627,9886
54628,9886
54629,9886
54630,9886
54631,9886
54632,9886
54633,9886
54634,9886
54635,9886
54636,9886
54637,9887
54638,9887
54639,9888
54640,9888
54641,9888
54642,9888
54643,9888
54644,9889
54645,9889
54646,9889
54647,9889
54648,9890
54649,9890
54650,9890
54651,9890
54652,9890
54653,9890
54654,9890
54655,9890
54656,9890
54657,9891
54658,9891
54659,9891
54660,9892
54661,9892
54662,9892
54663,9892
54664,9892
54665,9893
54666,9893
54667,9893
54668,9893
54669,9894
54670,9894
54671,9894
54672,9894
54673,9894
54674,9895
54675,9895
54676,9895
54677,9895
54678,9895
54679,9895
54680,9895
54681,9895
54682,9895
54683,9895
54684,9896
54685,9897
54686,9897
54687,9898
54688,9898
54689,9898
54690,9899
54691,9899
54692,9899
54693,9900
54694,9900
54695,9900
54696,9900
54697,9900
54698,9900
54699,9900
54700,9900
54701,9900
54702,9901
54703,9901
54704,9901
54705,9901
54706,9901
54707,9902
54708,9902
54709,9902
54710,9902
54711,9902
54712,9902
54713,9902
54714,9902
54715,9903
54716,9903
54717,9903
54718,9903
54719,9903
54720,9904
54721,9904
54722,9904
54723,9904
54724,9904
54725,9905
54726,9905
54727,9905
54728,9905
54729,9905
54730,9905
54731,9906
54732,9906
54733,9906
54734,9906
54735,9906
54736,9906
54737,9906
54738,9906
54739,9907
54740,9907
54741,9908
54742,9909
54743,9909
54744,9909
54745,9909
54746,9909
54747,9910
54748,9910
54749,9910
54750,9910
54751,9910
54752,9910
54753,9911
54754,9911
54755,9911
54756,9911
54757,9912
54758,9912
54759,9912
54760,9912
54761,9913
54762,9913
54763,9914
54764,9914
54765,9914
54766,9915
54767,9915
54768,9915
54769,9915
54770,9915
54771,9916
54772,9916
54773,9916
54774,9916
54775,9916
54776,9916
54777,9917
54778,9917
54779,9917
54780,9917
54781,9917
54782,9917
54783,9917
54784,9918
54785,9918
54786,9918
54787,9918
54788,9918
54789,9918
54790,9918
54791,9919
54792,9919
54793,9919
54794,9919
54795,9919
54796,9919
54797,9919
54798,9919
54799,9920
54800,9920
54801,9920
54802,9920
54803,9920
54804,9920
54805,9921
54806,9921
54807,9921
54808,9921
54809,9921
54810,9921
54811,9921
54812,9921
54813,9921
54814,9921
54815,9922
54816,9922
54817,9922
54818,9922
54819,9923
54820,9923
54821,9923
54822,9923
54823,9923
54824,9923
54825,9924
54826,9924
54827,9924
54828,9924
54829,9924
54830,9924
54831,9924
54832,9924
54833,9925
54834,9925
54835,9925
54836,9925
54837,9925
54838,9925
54839,9926
54840,9926
54841,9926
54842,9926
54843,9926
54844,9926
54845,9926
54846,9926
54847,9926
54848,9926
54849,9927
54850,9927
54851,9927
54852,9927
54853,9927
54854,9927
54855,9927
54856,9927
54857,9927
54858,9928
54859,9928
54860,9928
54861,9928
54862,9928
54863,9928
54864,9929
54865,9929
54866,9929
54867,9929
54868,9929
54869,9929
54870,9930
54871,9930
54872,9930
54873,9930
54874,9930
54875,9931
54876,9931
54877,9931
54878,9931
54879,9931
54880,9931
54881,9931
54882,9932
54883,9932
54884,9932
54885,9932
54886,9932
54887,9932
54888,9932
54889,9932
54890,9932
54891,9933
54892,9933
54893,9933
54894,9933
54895,9933
54896,9934
54897,9934
54898,9934
54899,9934
54900,9934
54901,9934
54902,9934
54903,9934
54904,9934
54905,9934
54906,9935
54907,9935
54908,9935
54909,9935
54910,9935
54911,9935
54912,9936
54913,9936
54914,9936
54915,9936
54916,9936
54917,9937
54918,9937
54919,9937
54920,9937
54921,9937
54922,9938
54923,9938
54924,9938
54925,9938
54926,9938
54927,9938
54928,9938
54929,9938
54930,9938
54931,9938
54932,9939
54933,9939
54934,9939
54935,9939
54936,9939
54937,9939
54938,9940
54939,9941
54940,9942
54941,9942
54942,9942
54943,9942
54944,9942
54945,9942
54946,9942
54947,9942
54948,9942
54949,9943
54950,9943
54951,9943
54952,9943
54953,9943
54954,9943
54955,9943
54956,9943
54957,9943
54958,9944
54959,9944
54960,9944
54961,9944
54962,9944
54963,9944
54964,9944
54965,9944
54966,9945
54967,9945
54968,9945
54969,9945
54970,9945
54971,9945
54972,9945
54973,9946
54974,9946
54975,9946
54976,9946
54977,9946
54978,9946
54979,9946
54980,9946
54981,9946
54982,9946
54983,9947
54984,9948
54985,9948
54986,9948
54987,9948
54988,9948
54989,9948
54990,9948
54991,9948
54992,9948
54993,9948
54994,9949
54995,9949
54996,9949
54997,9949
54998,9949
54999,9949
55000,9950
55001,9950
55002,9950
55003,9950
55004,9950
55005,9950
55006,9950
55007,9950
55008,9950
55009,9951
55010,9951
55011,9951
55012,9951
55013,9951
55014,9951
55015,9951
55016,9951
55017,9952
55018,9953
55019,9953
55020,9953
55021,9953
55022,9953
55023,9953
55024,9953
55025,9954
55026,9954
55027,9954
55028,9954
55029,9954
55030,9954
55031,9954
55032,9954
55033,9954
55034,9955
55035,9955
55036,9955
55037,9955
55038,9955
55039,9956
55040,9956
55041,9956
55042,9956
55043,9956
55044,9956
55045,9956
55046,9956
55047,9956
55048,9956
55049,9957
55050,9957
55051,9957
55052,9957
55053,9957
55054,9957
55055,9957
55056,9957
55057,9957
55058,9957
55059,9958
55060,9958
55061,9958
55062,9959
55063,9959
55064,9960
55065,9960
55066,9960
55067,9961
55068,9961
55069,9961
55070,9961
55071,9961
55072,9961
55073,9961
55074,9962
55075,9962
55076,9962
55077,9962
55078,9962
55079,9962
55080,9962
55081,9962
55082,9962
55083,9962
55084,9963
55085,9963
55086,9963
55087,9963
55088,9963
55089,9963
55090,9963
55091,9963
55092,9964
55093,9964
55094,9964
55095,9964
55096,9964
55097,9964
55098,9964
55099,9964
55100,9964
55101,9965
55102,9965
55103,9965
55104,9966
55105,9966
55106,9966
55107,9966
55108,9966
55109,9966
55110,9966
55111,9966
55112,9966
55113,9966
55114,9967
55115,9967
55116,9968
55117,9968
55118,9968
55119,9968
55120,9968
55121,9968
55122,9968
55123,9968
55124,9968
55125,9968
55126,9969
55127,9969
55128,9969
55129,9970
55130,9970
55131,9970
55132,9970
55133,9971
55134,9971
55135,9971
55136,9972
55137,9972
55138,9972
55139,9972
55140,9972
55141,9972
55142,9973
55143,9973
55144,9973
55145,9973
55146,9973
55147,9974
55148,9974
55149,9974
55150,9974
55151,9974
55152,9974
55153,9974
55154,9975
55155,9975
55156,9975
55157,9975
55158,9975
55159,9975
55160,9975
55161,9975
55162,9975
55163,9975
55164,9976
55165,9977
55166,9977
55167,9977
55168,9977
55169,9978
55170,9978
55171,9978
55172,9978
55173,9978
55174,9978
55175,9978
55176,9978
55177,9978
55178,9978
55179,9979
55180,9979
55181,9979
55182,9979
55183,9979
55184,9979
55185,9979
55186,9979
55187,9979
55188,9979
55189,9980
55190,9980
55191,9980
55192,9980
55193,9980
55194,9980
55195,9980
55196,9980
55197,9980
55198,9981
55199,9981
55200,9981
55201,9981
55202,9981
55203,9981
55204,9981
55205,9981
55206,9982
55207,9982
55208,9982
55209,9982
55210,9982
55211,9982
55212,9982
55213,9982
55214,9983
55215,9983
55216,9983
55217,9983
55218,9984
55219,9984
55220,9984
55221,9984
55222,9985
55223,9985
55224,9986
55225,9986
55226,9986
55227,9986
55228,9986
55229,9987
55230,9987
55231,9987
55232,9987
55233,9987
55234,9987
55235,9987
55236,9987
55237,9987
55238,9988
55239,9988
55240,9988
55241,9988
55242,9989
55243,9989
55244,9989
55245,9989
55246,9989
55247,9989
55248,9989
55249,9989
55250,9989
55251,9989
55252,9990
55253,9990
55254,9990
55255,9990
55256,9990
55257,9990
55258,9990
55259,9990
55260,9991
55261,9991
55262,9991
55263,9991
55264,9991
55265,9991
55266,9991
55267,9991
55268,9992
55269,9992
55270,9992
55271,9992
55272,9992
55273,9992
55274,9992
55275,9992
55276,9993
55277,9993
55278,9993
55279,9993
55280,9993
55281,9993
55282,9993
55283,9993
55284,9994
55285,9995
55286,9995
55287,9995
55288,9995
55289,9995
55290,9995
55291,9995
55292,9995
55293,9995
55294,9995
55295,9996
55296,9996
55297,9996
55298,9996
55299,9996
55300,9997
55301,9997
55302,9997
55303,9997
55304,9997
55305,9997
55306,9997
55307,9997
55308,9997
55309,9997
55310,9998
55311,9998
55312,9998
55313,9998
55314,9998
55315,9998
55316,9998
55317,9998
55318,9998
55319,9999
55320,9999
55321,9999
55322,9999
55323,10000
55324,10000
55325,10000
55326,10000
55327,10000
36508,6582
36509,6582
36510,6582
36511,6582
36512,6582
51219,9265
51220,9265
51221,9265
51222,9265
51223,9265
51224,9265
51225,9265
